2025-08-11 17:50:55,549 - INFO - 
=== Training/Retraining Models for Karachi ===
2025-08-11 17:50:55,550 - INFO - Processing Karachi with data from data/Karachi_historical_aq.csv
2025-08-11 17:50:55,569 - INFO - Training random_forest for Karachi...
2025-08-11 17:50:56,307 - INFO - random_forest Fold 1 RMSE: 11.77, MAE: 7.75, R2: 0.49
2025-08-11 17:50:57,853 - INFO - random_forest Fold 2 RMSE: 4.58, MAE: 3.10, R2: 0.88
2025-08-11 17:50:59,860 - INFO - random_forest Fold 3 RMSE: 2.71, MAE: 2.03, R2: 0.93
2025-08-11 17:51:02,292 - INFO - random_forest Fold 4 RMSE: 1.88, MAE: 1.35, R2: 0.75
2025-08-11 17:51:05,736 - INFO - random_forest Fold 5 RMSE: 1.51, MAE: 1.19, R2: 0.92
2025-08-11 17:51:05,737 - INFO - random_forest Average RMSE: 4.49, MAE: 3.08, R2: 0.79
2025-08-11 17:51:10,571 - INFO - Training ridge for Karachi...
2025-08-11 17:51:10,636 - INFO - ridge Fold 1 RMSE: 2.85, MAE: 1.58, R2: 0.97
2025-08-11 17:51:10,659 - INFO - ridge Fold 2 RMSE: 2.13, MAE: 1.53, R2: 0.97
2025-08-11 17:51:10,731 - INFO - ridge Fold 3 RMSE: 1.56, MAE: 0.99, R2: 0.98
2025-08-11 17:51:10,789 - INFO - ridge Fold 4 RMSE: 0.53, MAE: 0.43, R2: 0.98
2025-08-11 17:51:10,818 - INFO - ridge Fold 5 RMSE: 0.81, MAE: 0.63, R2: 0.98
2025-08-11 17:51:10,828 - INFO - ridge Average RMSE: 1.58, MAE: 1.03, R2: 0.98
2025-08-11 17:51:10,883 - INFO - Training svr for Karachi...
2025-08-11 17:51:10,969 - INFO - svr Fold 1 RMSE: 16.52, MAE: 10.79, R2: -0.01
2025-08-11 17:51:11,203 - INFO - svr Fold 2 RMSE: 7.57, MAE: 4.66, R2: 0.68
2025-08-11 17:51:11,908 - INFO - svr Fold 3 RMSE: 5.83, MAE: 4.50, R2: 0.70
2025-08-11 17:51:13,117 - INFO - svr Fold 4 RMSE: 0.85, MAE: 0.63, R2: 0.95
2025-08-11 17:51:14,418 - INFO - svr Fold 5 RMSE: 7.01, MAE: 5.72, R2: -0.73
2025-08-11 17:51:14,418 - INFO - svr Average RMSE: 7.56, MAE: 5.26, R2: 0.32
2025-08-11 17:51:16,367 - INFO - Metrics for Karachi:
2025-08-11 17:51:16,368 - INFO - random_forest: avg_rmse=4.49, avg_mae=3.08, avg_r2=0.79
2025-08-11 17:51:16,369 - INFO - ridge: avg_rmse=1.58, avg_mae=1.03, avg_r2=0.98
2025-08-11 17:51:16,371 - INFO - svr: avg_rmse=7.56, avg_mae=5.26, avg_r2=0.32
2025-08-11 17:51:16,373 - INFO - 
=== Training/Retraining Models for Lahore ===
2025-08-11 17:51:16,377 - INFO - Processing Lahore with data from data/Lahore_historical_aq.csv
2025-08-11 17:51:16,434 - INFO - Training random_forest for Lahore...
2025-08-11 17:51:17,358 - INFO - random_forest Fold 1 RMSE: 25.48, MAE: 12.02, R2: 0.36
2025-08-11 17:51:19,158 - INFO - random_forest Fold 2 RMSE: 33.84, MAE: 15.28, R2: 0.56
2025-08-11 17:51:21,667 - INFO - random_forest Fold 3 RMSE: 6.51, MAE: 4.48, R2: 0.93
2025-08-11 17:51:24,662 - INFO - random_forest Fold 4 RMSE: 11.26, MAE: 5.53, R2: 0.86
2025-08-11 17:51:28,781 - INFO - random_forest Fold 5 RMSE: 3.47, MAE: 2.35, R2: 0.96
2025-08-11 17:51:28,781 - INFO - random_forest Average RMSE: 16.11, MAE: 7.93, R2: 0.73
2025-08-11 17:51:33,482 - INFO - Training ridge for Lahore...
2025-08-11 17:51:33,499 - INFO - ridge Fold 1 RMSE: 17.27, MAE: 13.78, R2: 0.70
2025-08-11 17:51:33,510 - INFO - ridge Fold 2 RMSE: 20.39, MAE: 14.67, R2: 0.84
2025-08-11 17:51:33,529 - INFO - ridge Fold 3 RMSE: 14.80, MAE: 11.39, R2: 0.65
2025-08-11 17:51:33,547 - INFO - ridge Fold 4 RMSE: 14.67, MAE: 12.15, R2: 0.76
2025-08-11 17:51:33,562 - INFO - ridge Fold 5 RMSE: 9.82, MAE: 7.92, R2: 0.68
2025-08-11 17:51:33,563 - INFO - ridge Average RMSE: 15.39, MAE: 11.98, R2: 0.73
2025-08-11 17:51:33,578 - INFO - Training svr for Lahore...
2025-08-11 17:51:33,675 - INFO - svr Fold 1 RMSE: 28.13, MAE: 22.31, R2: 0.22
2025-08-11 17:51:33,987 - INFO - svr Fold 2 RMSE: 31.24, MAE: 16.92, R2: 0.63
2025-08-11 17:51:34,665 - INFO - svr Fold 3 RMSE: 30.27, MAE: 26.35, R2: -0.47
2025-08-11 17:51:36,452 - INFO - svr Fold 4 RMSE: 14.94, MAE: 9.32, R2: 0.75
2025-08-11 17:51:39,315 - INFO - svr Fold 5 RMSE: 7.61, MAE: 5.73, R2: 0.81
2025-08-11 17:51:39,316 - INFO - svr Average RMSE: 22.44, MAE: 16.13, R2: 0.38
2025-08-11 17:51:44,106 - INFO - Metrics for Lahore:
2025-08-11 17:51:44,107 - INFO - random_forest: avg_rmse=16.11, avg_mae=7.93, avg_r2=0.73
2025-08-11 17:51:44,108 - INFO - ridge: avg_rmse=15.39, avg_mae=11.98, avg_r2=0.73
2025-08-11 17:51:44,109 - INFO - svr: avg_rmse=22.44, avg_mae=16.13, avg_r2=0.38
2025-08-11 17:51:44,109 - INFO - 
=== Training/Retraining Models for Islamabad ===
2025-08-11 17:51:44,111 - INFO - Processing Islamabad with data from data/Islamabad_historical_aq.csv
2025-08-11 17:51:44,141 - INFO - Training random_forest for Islamabad...
2025-08-11 17:51:44,826 - INFO - random_forest Fold 1 RMSE: 6.56, MAE: 5.16, R2: 0.96
2025-08-11 17:51:46,390 - INFO - random_forest Fold 2 RMSE: 9.94, MAE: 6.24, R2: 0.92
2025-08-11 17:51:48,571 - INFO - random_forest Fold 3 RMSE: 10.56, MAE: 5.96, R2: 0.83
2025-08-11 17:51:51,617 - INFO - random_forest Fold 4 RMSE: 7.48, MAE: 4.31, R2: 0.94
2025-08-11 17:51:55,207 - INFO - random_forest Fold 5 RMSE: 2.85, MAE: 2.16, R2: 0.99
2025-08-11 17:51:55,208 - INFO - random_forest Average RMSE: 7.48, MAE: 4.76, R2: 0.93
2025-08-11 17:51:59,380 - INFO - Training ridge for Islamabad...
2025-08-11 17:51:59,396 - INFO - ridge Fold 1 RMSE: 4.93, MAE: 3.72, R2: 0.98
2025-08-11 17:51:59,411 - INFO - ridge Fold 2 RMSE: 8.13, MAE: 6.11, R2: 0.94
2025-08-11 17:51:59,423 - INFO - ridge Fold 3 RMSE: 7.10, MAE: 4.94, R2: 0.93
2025-08-11 17:51:59,439 - INFO - ridge Fold 4 RMSE: 12.00, MAE: 6.83, R2: 0.85
2025-08-11 17:51:59,453 - INFO - ridge Fold 5 RMSE: 7.54, MAE: 5.83, R2: 0.93
2025-08-11 17:51:59,453 - INFO - ridge Average RMSE: 7.94, MAE: 5.49, R2: 0.93
2025-08-11 17:51:59,463 - INFO - Training svr for Islamabad...
2025-08-11 17:51:59,578 - INFO - svr Fold 1 RMSE: 8.67, MAE: 6.70, R2: 0.93
2025-08-11 17:52:00,131 - INFO - svr Fold 2 RMSE: 16.15, MAE: 12.36, R2: 0.78
2025-08-11 17:52:01,432 - INFO - svr Fold 3 RMSE: 15.72, MAE: 12.72, R2: 0.63
2025-08-11 17:52:03,543 - INFO - svr Fold 4 RMSE: 10.91, MAE: 7.66, R2: 0.88
2025-08-11 17:52:06,817 - INFO - svr Fold 5 RMSE: 7.71, MAE: 6.21, R2: 0.93
2025-08-11 17:52:06,818 - INFO - svr Average RMSE: 11.83, MAE: 9.13, R2: 0.83
2025-08-11 17:52:11,230 - INFO - Metrics for Islamabad:
2025-08-11 17:52:11,231 - INFO - random_forest: avg_rmse=7.48, avg_mae=4.76, avg_r2=0.93
2025-08-11 17:52:11,232 - INFO - ridge: avg_rmse=7.94, avg_mae=5.49, avg_r2=0.93
2025-08-11 17:52:11,233 - INFO - svr: avg_rmse=11.83, avg_mae=9.13, avg_r2=0.83
2025-08-12 02:40:11,067 - INFO - 
=== Training/Retraining Models for Karachi ===
2025-08-12 02:40:11,068 - INFO - Processing Karachi with data from data/Karachi_historical_aq.csv
2025-08-12 02:40:11,146 - INFO - Training random_forest for Karachi...
2025-08-12 02:40:11,647 - INFO - random_forest Fold 1 RMSE: 11.77, MAE: 7.75, R2: 0.49
2025-08-12 02:40:12,644 - INFO - random_forest Fold 2 RMSE: 4.58, MAE: 3.10, R2: 0.88
2025-08-12 02:40:14,182 - INFO - random_forest Fold 3 RMSE: 2.71, MAE: 2.03, R2: 0.93
2025-08-12 02:40:16,179 - INFO - random_forest Fold 4 RMSE: 1.88, MAE: 1.35, R2: 0.75
2025-08-12 02:40:18,594 - INFO - random_forest Fold 5 RMSE: 1.51, MAE: 1.19, R2: 0.92
2025-08-12 02:40:18,594 - INFO - random_forest Average RMSE: 4.49, MAE: 3.08, R2: 0.79
2025-08-12 02:40:22,023 - INFO - Training ridge for Karachi...
2025-08-12 02:40:22,044 - INFO - ridge Fold 1 RMSE: 2.85, MAE: 1.58, R2: 0.97
2025-08-12 02:40:22,069 - INFO - ridge Fold 2 RMSE: 2.13, MAE: 1.53, R2: 0.97
2025-08-12 02:40:22,091 - INFO - ridge Fold 3 RMSE: 1.56, MAE: 0.99, R2: 0.98
2025-08-12 02:40:22,102 - INFO - ridge Fold 4 RMSE: 0.53, MAE: 0.43, R2: 0.98
2025-08-12 02:40:22,117 - INFO - ridge Fold 5 RMSE: 0.81, MAE: 0.63, R2: 0.98
2025-08-12 02:40:22,117 - INFO - ridge Average RMSE: 1.58, MAE: 1.03, R2: 0.98
2025-08-12 02:40:22,131 - INFO - Training svr for Karachi...
2025-08-12 02:40:22,202 - INFO - svr Fold 1 RMSE: 16.52, MAE: 10.79, R2: -0.01
2025-08-12 02:40:22,436 - INFO - svr Fold 2 RMSE: 7.57, MAE: 4.66, R2: 0.68
2025-08-12 02:40:22,790 - INFO - svr Fold 3 RMSE: 5.83, MAE: 4.50, R2: 0.70
2025-08-12 02:40:23,860 - INFO - svr Fold 4 RMSE: 0.85, MAE: 0.63, R2: 0.95
2025-08-12 02:40:24,949 - INFO - svr Fold 5 RMSE: 7.01, MAE: 5.72, R2: -0.73
2025-08-12 02:40:24,950 - INFO - svr Average RMSE: 7.56, MAE: 5.26, R2: 0.32
2025-08-12 02:40:26,543 - INFO - Metrics for Karachi:
2025-08-12 02:40:26,544 - INFO - random_forest: avg_rmse=4.49, avg_mae=3.08, avg_r2=0.79
2025-08-12 02:40:26,545 - INFO - ridge: avg_rmse=1.58, avg_mae=1.03, avg_r2=0.98
2025-08-12 02:40:26,546 - INFO - svr: avg_rmse=7.56, avg_mae=5.26, avg_r2=0.32
2025-08-12 02:40:26,547 - INFO - 
=== Training/Retraining Models for Lahore ===
2025-08-12 02:40:26,548 - INFO - Processing Lahore with data from data/Lahore_historical_aq.csv
2025-08-12 02:40:26,619 - INFO - Training random_forest for Lahore...
2025-08-12 02:40:27,300 - INFO - random_forest Fold 1 RMSE: 25.48, MAE: 12.02, R2: 0.36
2025-08-12 02:40:28,624 - INFO - random_forest Fold 2 RMSE: 33.84, MAE: 15.28, R2: 0.56
2025-08-12 02:40:30,688 - INFO - random_forest Fold 3 RMSE: 6.51, MAE: 4.48, R2: 0.93
2025-08-12 02:40:32,984 - INFO - random_forest Fold 4 RMSE: 11.26, MAE: 5.53, R2: 0.86
2025-08-12 02:40:36,322 - INFO - random_forest Fold 5 RMSE: 3.47, MAE: 2.35, R2: 0.96
2025-08-12 02:40:36,322 - INFO - random_forest Average RMSE: 16.11, MAE: 7.93, R2: 0.73
2025-08-12 02:40:41,681 - INFO - Training ridge for Lahore...
2025-08-12 02:40:41,705 - INFO - ridge Fold 1 RMSE: 17.27, MAE: 13.78, R2: 0.70
2025-08-12 02:40:41,732 - INFO - ridge Fold 2 RMSE: 20.39, MAE: 14.67, R2: 0.84
2025-08-12 02:40:41,758 - INFO - ridge Fold 3 RMSE: 14.80, MAE: 11.39, R2: 0.65
2025-08-12 02:40:41,781 - INFO - ridge Fold 4 RMSE: 14.67, MAE: 12.15, R2: 0.76
2025-08-12 02:40:41,800 - INFO - ridge Fold 5 RMSE: 9.82, MAE: 7.92, R2: 0.68
2025-08-12 02:40:41,813 - INFO - ridge Average RMSE: 15.39, MAE: 11.98, R2: 0.73
2025-08-12 02:40:41,832 - INFO - Training svr for Lahore...
2025-08-12 02:40:42,014 - INFO - svr Fold 1 RMSE: 28.13, MAE: 22.31, R2: 0.22
2025-08-12 02:40:42,472 - INFO - svr Fold 2 RMSE: 31.24, MAE: 16.92, R2: 0.63
2025-08-12 02:40:43,710 - INFO - svr Fold 3 RMSE: 30.27, MAE: 26.35, R2: -0.47
2025-08-12 02:40:46,036 - INFO - svr Fold 4 RMSE: 14.94, MAE: 9.32, R2: 0.75
2025-08-12 02:40:49,808 - INFO - svr Fold 5 RMSE: 7.61, MAE: 5.73, R2: 0.81
2025-08-12 02:40:49,808 - INFO - svr Average RMSE: 22.44, MAE: 16.13, R2: 0.38
2025-08-12 02:40:53,642 - INFO - Metrics for Lahore:
2025-08-12 02:40:53,642 - INFO - random_forest: avg_rmse=16.11, avg_mae=7.93, avg_r2=0.73
2025-08-12 02:40:53,643 - INFO - ridge: avg_rmse=15.39, avg_mae=11.98, avg_r2=0.73
2025-08-12 02:40:53,644 - INFO - svr: avg_rmse=22.44, avg_mae=16.13, avg_r2=0.38
2025-08-12 02:40:53,644 - INFO - 
=== Training/Retraining Models for Islamabad ===
2025-08-12 02:40:53,645 - INFO - Processing Islamabad with data from data/Islamabad_historical_aq.csv
2025-08-12 02:40:53,685 - INFO - Training random_forest for Islamabad...
2025-08-12 02:40:54,254 - INFO - random_forest Fold 1 RMSE: 6.56, MAE: 5.16, R2: 0.96
2025-08-12 02:40:55,446 - INFO - random_forest Fold 2 RMSE: 9.94, MAE: 6.24, R2: 0.92
2025-08-12 02:40:57,121 - INFO - random_forest Fold 3 RMSE: 10.56, MAE: 5.96, R2: 0.83
2025-08-12 02:40:59,670 - INFO - random_forest Fold 4 RMSE: 7.48, MAE: 4.31, R2: 0.94
2025-08-12 02:41:02,497 - INFO - random_forest Fold 5 RMSE: 2.85, MAE: 2.16, R2: 0.99
2025-08-12 02:41:02,497 - INFO - random_forest Average RMSE: 7.48, MAE: 4.76, R2: 0.93
2025-08-12 02:41:05,672 - INFO - Training ridge for Islamabad...
2025-08-12 02:41:05,693 - INFO - ridge Fold 1 RMSE: 4.93, MAE: 3.72, R2: 0.98
2025-08-12 02:41:05,708 - INFO - ridge Fold 2 RMSE: 8.13, MAE: 6.11, R2: 0.94
2025-08-12 02:41:05,721 - INFO - ridge Fold 3 RMSE: 7.10, MAE: 4.94, R2: 0.93
2025-08-12 02:41:05,732 - INFO - ridge Fold 4 RMSE: 12.00, MAE: 6.83, R2: 0.85
2025-08-12 02:41:05,746 - INFO - ridge Fold 5 RMSE: 7.54, MAE: 5.83, R2: 0.93
2025-08-12 02:41:05,746 - INFO - ridge Average RMSE: 7.94, MAE: 5.49, R2: 0.93
2025-08-12 02:41:05,759 - INFO - Training svr for Islamabad...
2025-08-12 02:41:05,885 - INFO - svr Fold 1 RMSE: 8.67, MAE: 6.70, R2: 0.93
2025-08-12 02:41:06,267 - INFO - svr Fold 2 RMSE: 16.15, MAE: 12.36, R2: 0.78
2025-08-12 02:41:07,418 - INFO - svr Fold 3 RMSE: 15.72, MAE: 12.72, R2: 0.63
2025-08-12 02:41:09,218 - INFO - svr Fold 4 RMSE: 10.91, MAE: 7.66, R2: 0.88
2025-08-12 02:41:12,741 - INFO - svr Fold 5 RMSE: 7.71, MAE: 6.21, R2: 0.93
2025-08-12 02:41:12,741 - INFO - svr Average RMSE: 11.83, MAE: 9.13, R2: 0.83
2025-08-12 02:41:18,498 - INFO - Metrics for Islamabad:
2025-08-12 02:41:18,501 - INFO - random_forest: avg_rmse=7.48, avg_mae=4.76, avg_r2=0.93
2025-08-12 02:41:18,503 - INFO - ridge: avg_rmse=7.94, avg_mae=5.49, avg_r2=0.93
2025-08-12 02:41:18,506 - INFO - svr: avg_rmse=11.83, avg_mae=9.13, avg_r2=0.83
2025-08-12 02:44:05,141 - INFO - 
=== Training/Retraining Models for Karachi ===
2025-08-12 02:44:05,142 - INFO - Processing Karachi with data from data/Karachi_historical_aq.csv
2025-08-12 02:44:05,174 - INFO - Training random_forest for Karachi...
2025-08-12 02:44:05,755 - INFO - random_forest Fold 1 RMSE: 12.37, MAE: 8.26, R2: 0.42
2025-08-12 02:44:06,839 - INFO - random_forest Fold 2 RMSE: 4.15, MAE: 2.83, R2: 0.91
2025-08-12 02:44:08,515 - INFO - random_forest Fold 3 RMSE: 2.89, MAE: 2.19, R2: 0.93
2025-08-12 02:44:10,758 - INFO - random_forest Fold 4 RMSE: 1.98, MAE: 1.49, R2: 0.72
2025-08-12 02:44:13,539 - INFO - random_forest Fold 5 RMSE: 1.33, MAE: 1.05, R2: 0.95
2025-08-12 02:44:13,540 - INFO - random_forest Average RMSE: 4.55, MAE: 3.17, R2: 0.79
2025-08-12 02:44:16,647 - INFO - Training ridge for Karachi...
2025-08-12 02:44:16,664 - INFO - ridge Fold 1 RMSE: 2.80, MAE: 1.64, R2: 0.97
2025-08-12 02:44:16,677 - INFO - ridge Fold 2 RMSE: 2.15, MAE: 1.55, R2: 0.98
2025-08-12 02:44:16,695 - INFO - ridge Fold 3 RMSE: 1.62, MAE: 1.07, R2: 0.98
2025-08-12 02:44:16,712 - INFO - ridge Fold 4 RMSE: 0.53, MAE: 0.43, R2: 0.98
2025-08-12 02:44:16,731 - INFO - ridge Fold 5 RMSE: 0.81, MAE: 0.61, R2: 0.98
2025-08-12 02:44:16,732 - INFO - ridge Average RMSE: 1.58, MAE: 1.06, R2: 0.98
2025-08-12 02:44:16,760 - INFO - Training svr for Karachi...
2025-08-12 02:44:16,845 - INFO - svr Fold 1 RMSE: 17.29, MAE: 11.56, R2: -0.13
2025-08-12 02:44:17,066 - INFO - svr Fold 2 RMSE: 7.54, MAE: 4.58, R2: 0.70
2025-08-12 02:44:17,506 - INFO - svr Fold 3 RMSE: 5.77, MAE: 4.36, R2: 0.71
2025-08-12 02:44:18,811 - INFO - svr Fold 4 RMSE: 1.15, MAE: 0.88, R2: 0.91
2025-08-12 02:44:20,361 - INFO - svr Fold 5 RMSE: 6.66, MAE: 5.22, R2: -0.32
2025-08-12 02:44:20,362 - INFO - svr Average RMSE: 7.68, MAE: 5.32, R2: 0.37
2025-08-12 02:44:22,887 - INFO - Metrics for Karachi:
2025-08-12 02:44:22,888 - INFO - random_forest: avg_rmse=4.55, avg_mae=3.17, avg_r2=0.79
2025-08-12 02:44:22,889 - INFO - ridge: avg_rmse=1.58, avg_mae=1.06, avg_r2=0.98
2025-08-12 02:44:22,895 - INFO - svr: avg_rmse=7.68, avg_mae=5.32, avg_r2=0.37
2025-08-12 02:44:22,896 - INFO - 
=== Training/Retraining Models for Lahore ===
2025-08-12 02:44:22,898 - INFO - Processing Lahore with data from data/Lahore_historical_aq.csv
2025-08-12 02:44:22,936 - INFO - Training random_forest for Lahore...
2025-08-12 02:44:24,004 - INFO - random_forest Fold 1 RMSE: 19.21, MAE: 10.74, R2: 0.62
2025-08-12 02:44:26,048 - INFO - random_forest Fold 2 RMSE: 42.75, MAE: 18.92, R2: 0.30
2025-08-12 02:44:28,588 - INFO - random_forest Fold 3 RMSE: 6.48, MAE: 4.50, R2: 0.93
2025-08-12 02:44:32,067 - INFO - random_forest Fold 4 RMSE: 11.40, MAE: 5.74, R2: 0.85
2025-08-12 02:44:37,007 - INFO - random_forest Fold 5 RMSE: 3.55, MAE: 2.36, R2: 0.96
2025-08-12 02:44:37,008 - INFO - random_forest Average RMSE: 16.68, MAE: 8.45, R2: 0.73
2025-08-12 02:44:43,173 - INFO - Training ridge for Lahore...
2025-08-12 02:44:43,199 - INFO - ridge Fold 1 RMSE: 16.95, MAE: 13.64, R2: 0.70
2025-08-12 02:44:43,218 - INFO - ridge Fold 2 RMSE: 20.81, MAE: 14.71, R2: 0.83
2025-08-12 02:44:43,242 - INFO - ridge Fold 3 RMSE: 14.54, MAE: 11.21, R2: 0.65
2025-08-12 02:44:43,264 - INFO - ridge Fold 4 RMSE: 15.35, MAE: 12.65, R2: 0.73
2025-08-12 02:44:43,281 - INFO - ridge Fold 5 RMSE: 10.18, MAE: 8.24, R2: 0.69
2025-08-12 02:44:43,283 - INFO - ridge Average RMSE: 15.56, MAE: 12.09, R2: 0.72
2025-08-12 02:44:43,302 - INFO - Training svr for Lahore...
2025-08-12 02:44:43,412 - INFO - svr Fold 1 RMSE: 27.68, MAE: 21.83, R2: 0.21
2025-08-12 02:44:43,750 - INFO - svr Fold 2 RMSE: 31.56, MAE: 17.22, R2: 0.62
2025-08-12 02:44:44,460 - INFO - svr Fold 3 RMSE: 30.33, MAE: 26.12, R2: -0.52
2025-08-12 02:44:47,202 - INFO - svr Fold 4 RMSE: 14.93, MAE: 9.23, R2: 0.74
2025-08-12 02:44:50,139 - INFO - svr Fold 5 RMSE: 7.57, MAE: 5.62, R2: 0.83
2025-08-12 02:44:50,140 - INFO - svr Average RMSE: 22.42, MAE: 16.00, R2: 0.37
2025-08-12 02:44:56,223 - INFO - Metrics for Lahore:
2025-08-12 02:44:56,223 - INFO - random_forest: avg_rmse=16.68, avg_mae=8.45, avg_r2=0.73
2025-08-12 02:44:56,224 - INFO - ridge: avg_rmse=15.56, avg_mae=12.09, avg_r2=0.72
2025-08-12 02:44:56,225 - INFO - svr: avg_rmse=22.42, avg_mae=16.00, avg_r2=0.37
2025-08-12 02:44:56,225 - INFO - 
=== Training/Retraining Models for Islamabad ===
2025-08-12 02:44:56,226 - INFO - Processing Islamabad with data from data/Islamabad_historical_aq.csv
2025-08-12 02:44:56,247 - INFO - Training random_forest for Islamabad...
2025-08-12 02:44:56,974 - INFO - random_forest Fold 1 RMSE: 6.62, MAE: 5.15, R2: 0.96
2025-08-12 02:44:58,492 - INFO - random_forest Fold 2 RMSE: 9.89, MAE: 6.29, R2: 0.91
2025-08-12 02:45:00,779 - INFO - random_forest Fold 3 RMSE: 10.66, MAE: 6.03, R2: 0.84
2025-08-12 02:45:04,050 - INFO - random_forest Fold 4 RMSE: 7.40, MAE: 4.34, R2: 0.94
2025-08-12 02:45:08,073 - INFO - random_forest Fold 5 RMSE: 2.84, MAE: 2.12, R2: 0.99
2025-08-12 02:45:08,074 - INFO - random_forest Average RMSE: 7.48, MAE: 4.79, R2: 0.93
2025-08-12 02:45:14,347 - INFO - Training ridge for Islamabad...
2025-08-12 02:45:14,380 - INFO - ridge Fold 1 RMSE: 4.94, MAE: 3.72, R2: 0.98
2025-08-12 02:45:14,416 - INFO - ridge Fold 2 RMSE: 8.14, MAE: 6.09, R2: 0.94
2025-08-12 02:45:14,431 - INFO - ridge Fold 3 RMSE: 6.86, MAE: 4.77, R2: 0.93
2025-08-12 02:45:14,452 - INFO - ridge Fold 4 RMSE: 11.96, MAE: 6.77, R2: 0.83
2025-08-12 02:45:14,478 - INFO - ridge Fold 5 RMSE: 7.74, MAE: 6.08, R2: 0.93
2025-08-12 02:45:14,478 - INFO - ridge Average RMSE: 7.93, MAE: 5.48, R2: 0.92
2025-08-12 02:45:14,506 - INFO - Training svr for Islamabad...
2025-08-12 02:45:14,722 - INFO - svr Fold 1 RMSE: 8.71, MAE: 6.79, R2: 0.93
2025-08-12 02:45:15,440 - INFO - svr Fold 2 RMSE: 15.89, MAE: 11.98, R2: 0.78
2025-08-12 02:45:17,089 - INFO - svr Fold 3 RMSE: 15.49, MAE: 12.55, R2: 0.65
2025-08-12 02:45:20,360 - INFO - svr Fold 4 RMSE: 10.12, MAE: 7.41, R2: 0.88
2025-08-12 02:45:26,074 - INFO - svr Fold 5 RMSE: 8.99, MAE: 6.72, R2: 0.91
2025-08-12 02:45:26,075 - INFO - svr Average RMSE: 11.84, MAE: 9.09, R2: 0.83
2025-08-12 02:45:33,400 - INFO - Metrics for Islamabad:
2025-08-12 02:45:33,406 - INFO - random_forest: avg_rmse=7.48, avg_mae=4.79, avg_r2=0.93
2025-08-12 02:45:33,407 - INFO - ridge: avg_rmse=7.93, avg_mae=5.48, avg_r2=0.92
2025-08-12 02:45:33,409 - INFO - svr: avg_rmse=11.84, avg_mae=9.09, avg_r2=0.83
2025-08-16 01:50:59,397 - INFO - 
=== Training/Retraining Models for Karachi ===
2025-08-16 01:50:59,398 - INFO - Processing Karachi with data from data/Karachi_historical_aq.csv
2025-08-16 01:50:59,405 - INFO - Training random_forest for Karachi...
2025-08-16 01:50:59,669 - INFO - random_forest Fold 1 RMSE: 5.28, MAE: 3.73, R2: 0.85
2025-08-16 01:51:00,141 - INFO - random_forest Fold 2 RMSE: 4.50, MAE: 3.41, R2: 0.80
2025-08-16 01:51:00,848 - INFO - random_forest Fold 3 RMSE: 2.07, MAE: 1.61, R2: 0.91
2025-08-16 01:51:01,836 - INFO - random_forest Fold 4 RMSE: 1.27, MAE: 0.95, R2: 0.91
2025-08-16 01:51:03,075 - INFO - random_forest Fold 5 RMSE: 2.02, MAE: 1.65, R2: 0.81
2025-08-16 01:51:03,075 - INFO - random_forest Average RMSE: 3.03, MAE: 2.27, R2: 0.86
2025-08-16 01:51:04,601 - INFO - Training ridge for Karachi...
2025-08-16 01:51:04,609 - INFO - ridge Fold 1 RMSE: 2.87, MAE: 2.35, R2: 0.96
2025-08-16 01:51:04,615 - INFO - ridge Fold 2 RMSE: 1.80, MAE: 1.26, R2: 0.97
2025-08-16 01:51:04,620 - INFO - ridge Fold 3 RMSE: 0.87, MAE: 0.67, R2: 0.98
2025-08-16 01:51:04,626 - INFO - ridge Fold 4 RMSE: 0.49, MAE: 0.40, R2: 0.99
2025-08-16 01:51:04,632 - INFO - ridge Fold 5 RMSE: 0.85, MAE: 0.68, R2: 0.97
2025-08-16 01:51:04,632 - INFO - ridge Average RMSE: 1.37, MAE: 1.07, R2: 0.97
2025-08-16 01:51:04,636 - INFO - Training svr for Karachi...
2025-08-16 01:51:04,673 - INFO - svr Fold 1 RMSE: 10.77, MAE: 9.66, R2: 0.40
2025-08-16 01:51:04,781 - INFO - svr Fold 2 RMSE: 6.75, MAE: 4.67, R2: 0.55
2025-08-16 01:51:04,969 - INFO - svr Fold 3 RMSE: 3.45, MAE: 3.04, R2: 0.75
2025-08-16 01:51:05,285 - INFO - svr Fold 4 RMSE: 0.69, MAE: 0.53, R2: 0.98
2025-08-16 01:51:05,714 - INFO - svr Fold 5 RMSE: 7.28, MAE: 6.68, R2: -1.44
2025-08-16 01:51:05,715 - INFO - svr Average RMSE: 5.79, MAE: 4.92, R2: 0.25
2025-08-16 01:51:06,347 - INFO - Metrics for Karachi:
2025-08-16 01:51:06,348 - INFO - random_forest: avg_rmse=3.03, avg_mae=2.27, avg_r2=0.86
2025-08-16 01:51:06,348 - INFO - ridge: avg_rmse=1.37, avg_mae=1.07, avg_r2=0.97
2025-08-16 01:51:06,348 - INFO - svr: avg_rmse=5.79, avg_mae=4.92, avg_r2=0.25
2025-08-16 01:51:06,348 - INFO - 
=== Training/Retraining Models for Lahore ===
2025-08-16 01:51:06,348 - INFO - Processing Lahore with data from data/Lahore_historical_aq.csv
2025-08-16 01:51:06,354 - INFO - Training random_forest for Lahore...
2025-08-16 01:51:06,684 - INFO - random_forest Fold 1 RMSE: 47.50, MAE: 23.53, R2: 0.37
2025-08-16 01:51:07,259 - INFO - random_forest Fold 2 RMSE: 5.32, MAE: 3.77, R2: 0.96
2025-08-16 01:51:08,244 - INFO - random_forest Fold 3 RMSE: 6.81, MAE: 5.28, R2: 0.93
2025-08-16 01:51:09,439 - INFO - random_forest Fold 4 RMSE: 11.22, MAE: 5.77, R2: 0.82
2025-08-16 01:51:10,905 - INFO - random_forest Fold 5 RMSE: 4.19, MAE: 2.65, R2: 0.91
2025-08-16 01:51:10,905 - INFO - random_forest Average RMSE: 15.01, MAE: 8.20, R2: 0.80
2025-08-16 01:51:12,774 - INFO - Training ridge for Lahore...
2025-08-16 01:51:12,780 - INFO - ridge Fold 1 RMSE: 23.51, MAE: 16.55, R2: 0.84
2025-08-16 01:51:12,786 - INFO - ridge Fold 2 RMSE: 14.03, MAE: 11.12, R2: 0.73
2025-08-16 01:51:12,792 - INFO - ridge Fold 3 RMSE: 15.13, MAE: 11.52, R2: 0.66
2025-08-16 01:51:12,797 - INFO - ridge Fold 4 RMSE: 13.36, MAE: 10.88, R2: 0.75
2025-08-16 01:51:12,803 - INFO - ridge Fold 5 RMSE: 8.39, MAE: 6.90, R2: 0.66
2025-08-16 01:51:12,803 - INFO - ridge Average RMSE: 14.88, MAE: 11.39, R2: 0.73
2025-08-16 01:51:12,808 - INFO - Training svr for Lahore...
2025-08-16 01:51:12,836 - INFO - svr Fold 1 RMSE: 33.05, MAE: 23.81, R2: 0.69
2025-08-16 01:51:12,967 - INFO - svr Fold 2 RMSE: 20.27, MAE: 13.12, R2: 0.44
2025-08-16 01:51:13,276 - INFO - svr Fold 3 RMSE: 14.36, MAE: 9.91, R2: 0.69
2025-08-16 01:51:13,922 - INFO - svr Fold 4 RMSE: 12.20, MAE: 7.86, R2: 0.79
2025-08-16 01:51:14,981 - INFO - svr Fold 5 RMSE: 6.97, MAE: 4.76, R2: 0.76
2025-08-16 01:51:14,981 - INFO - svr Average RMSE: 17.37, MAE: 11.89, R2: 0.68
2025-08-16 01:51:16,644 - INFO - Metrics for Lahore:
2025-08-16 01:51:16,645 - INFO - random_forest: avg_rmse=15.01, avg_mae=8.20, avg_r2=0.80
2025-08-16 01:51:16,645 - INFO - ridge: avg_rmse=14.88, avg_mae=11.39, avg_r2=0.73
2025-08-16 01:51:16,645 - INFO - svr: avg_rmse=17.37, avg_mae=11.89, avg_r2=0.68
2025-08-16 01:51:16,645 - INFO - 
=== Training/Retraining Models for Islamabad ===
2025-08-16 01:51:16,645 - INFO - Processing Islamabad with data from data/Islamabad_historical_aq.csv
2025-08-16 01:51:16,650 - INFO - Training random_forest for Islamabad...
2025-08-16 01:51:16,931 - INFO - random_forest Fold 1 RMSE: 8.57, MAE: 6.35, R2: 0.94
2025-08-16 01:51:17,430 - INFO - random_forest Fold 2 RMSE: 10.51, MAE: 6.83, R2: 0.89
2025-08-16 01:51:18,179 - INFO - random_forest Fold 3 RMSE: 8.08, MAE: 4.65, R2: 0.93
2025-08-16 01:51:19,203 - INFO - random_forest Fold 4 RMSE: 6.27, MAE: 3.88, R2: 0.96
2025-08-16 01:51:20,533 - INFO - random_forest Fold 5 RMSE: 3.42, MAE: 2.71, R2: 0.98
2025-08-16 01:51:20,533 - INFO - random_forest Average RMSE: 7.37, MAE: 4.88, R2: 0.94
2025-08-16 01:51:22,183 - INFO - Training ridge for Islamabad...
2025-08-16 01:51:22,189 - INFO - ridge Fold 1 RMSE: 4.38, MAE: 3.37, R2: 0.98
2025-08-16 01:51:22,195 - INFO - ridge Fold 2 RMSE: 10.08, MAE: 8.23, R2: 0.90
2025-08-16 01:51:22,200 - INFO - ridge Fold 3 RMSE: 7.47, MAE: 5.19, R2: 0.94
2025-08-16 01:51:22,206 - INFO - ridge Fold 4 RMSE: 12.63, MAE: 7.62, R2: 0.84
2025-08-16 01:51:22,212 - INFO - ridge Fold 5 RMSE: 6.56, MAE: 5.40, R2: 0.92
2025-08-16 01:51:22,212 - INFO - ridge Average RMSE: 8.23, MAE: 5.96, R2: 0.92
2025-08-16 01:51:22,216 - INFO - Training svr for Islamabad...
2025-08-16 01:51:22,274 - INFO - svr Fold 1 RMSE: 11.89, MAE: 8.21, R2: 0.88
2025-08-16 01:51:22,495 - INFO - svr Fold 2 RMSE: 15.64, MAE: 12.00, R2: 0.77
2025-08-16 01:51:22,972 - INFO - svr Fold 3 RMSE: 15.80, MAE: 12.30, R2: 0.74
2025-08-16 01:51:23,760 - INFO - svr Fold 4 RMSE: 9.77, MAE: 6.86, R2: 0.90
2025-08-16 01:51:25,046 - INFO - svr Fold 5 RMSE: 7.19, MAE: 5.63, R2: 0.91
2025-08-16 01:51:25,046 - INFO - svr Average RMSE: 12.06, MAE: 9.00, R2: 0.84
2025-08-16 01:51:26,758 - INFO - Metrics for Islamabad:
2025-08-16 01:51:26,758 - INFO - random_forest: avg_rmse=7.37, avg_mae=4.88, avg_r2=0.94
2025-08-16 01:51:26,758 - INFO - ridge: avg_rmse=8.23, avg_mae=5.96, avg_r2=0.92
2025-08-16 01:51:26,759 - INFO - svr: avg_rmse=12.06, avg_mae=9.00, avg_r2=0.84
2025-08-17 02:02:20,974 - INFO - 
=== Training/Retraining Models for Karachi ===
2025-08-17 02:02:20,974 - INFO - Processing Karachi with data from data/Karachi_historical_aq.csv
2025-08-17 02:02:20,982 - INFO - Training random_forest for Karachi...
2025-08-17 02:02:21,244 - INFO - random_forest Fold 1 RMSE: 5.23, MAE: 3.82, R2: 0.85
2025-08-17 02:02:21,717 - INFO - random_forest Fold 2 RMSE: 3.77, MAE: 2.81, R2: 0.86
2025-08-17 02:02:22,427 - INFO - random_forest Fold 3 RMSE: 2.22, MAE: 1.72, R2: 0.89
2025-08-17 02:02:23,399 - INFO - random_forest Fold 4 RMSE: 1.16, MAE: 0.83, R2: 0.93
2025-08-17 02:02:24,651 - INFO - random_forest Fold 5 RMSE: 1.95, MAE: 1.58, R2: 0.89
2025-08-17 02:02:24,652 - INFO - random_forest Average RMSE: 2.87, MAE: 2.15, R2: 0.89
2025-08-17 02:02:26,193 - INFO - Training ridge for Karachi...
2025-08-17 02:02:26,201 - INFO - ridge Fold 1 RMSE: 2.90, MAE: 2.15, R2: 0.96
2025-08-17 02:02:26,206 - INFO - ridge Fold 2 RMSE: 1.81, MAE: 1.22, R2: 0.97
2025-08-17 02:02:26,212 - INFO - ridge Fold 3 RMSE: 0.91, MAE: 0.70, R2: 0.98
2025-08-17 02:02:26,218 - INFO - ridge Fold 4 RMSE: 0.57, MAE: 0.46, R2: 0.98
2025-08-17 02:02:26,224 - INFO - ridge Fold 5 RMSE: 0.84, MAE: 0.67, R2: 0.98
2025-08-17 02:02:26,224 - INFO - ridge Average RMSE: 1.41, MAE: 1.04, R2: 0.97
2025-08-17 02:02:26,228 - INFO - Training svr for Karachi...
2025-08-17 02:02:26,264 - INFO - svr Fold 1 RMSE: 10.24, MAE: 9.15, R2: 0.45
2025-08-17 02:02:26,377 - INFO - svr Fold 2 RMSE: 6.68, MAE: 4.67, R2: 0.56
2025-08-17 02:02:26,577 - INFO - svr Fold 3 RMSE: 2.69, MAE: 2.34, R2: 0.84
2025-08-17 02:02:26,879 - INFO - svr Fold 4 RMSE: 0.91, MAE: 0.66, R2: 0.96
2025-08-17 02:02:27,311 - INFO - svr Fold 5 RMSE: 6.84, MAE: 6.16, R2: -0.33
2025-08-17 02:02:27,311 - INFO - svr Average RMSE: 5.47, MAE: 4.60, R2: 0.49
2025-08-17 02:02:27,947 - INFO - Metrics for Karachi:
2025-08-17 02:02:27,947 - INFO - random_forest: avg_rmse=2.87, avg_mae=2.15, avg_r2=0.89
2025-08-17 02:02:27,947 - INFO - ridge: avg_rmse=1.41, avg_mae=1.04, avg_r2=0.97
2025-08-17 02:02:27,947 - INFO - svr: avg_rmse=5.47, avg_mae=4.60, avg_r2=0.49
2025-08-17 02:02:27,947 - INFO - 
=== Training/Retraining Models for Lahore ===
2025-08-17 02:02:27,947 - INFO - Processing Lahore with data from data/Lahore_historical_aq.csv
2025-08-17 02:02:27,953 - INFO - Training random_forest for Lahore...
2025-08-17 02:02:28,254 - INFO - random_forest Fold 1 RMSE: 45.96, MAE: 19.44, R2: 0.39
2025-08-17 02:02:28,804 - INFO - random_forest Fold 2 RMSE: 6.34, MAE: 4.54, R2: 0.94
2025-08-17 02:02:29,640 - INFO - random_forest Fold 3 RMSE: 7.45, MAE: 5.72, R2: 0.92
2025-08-17 02:02:30,808 - INFO - random_forest Fold 4 RMSE: 12.07, MAE: 6.10, R2: 0.80
2025-08-17 02:02:32,269 - INFO - random_forest Fold 5 RMSE: 4.43, MAE: 2.86, R2: 0.89
2025-08-17 02:02:32,269 - INFO - random_forest Average RMSE: 15.25, MAE: 7.73, R2: 0.79
2025-08-17 02:02:34,145 - INFO - Training ridge for Lahore...
2025-08-17 02:02:34,151 - INFO - ridge Fold 1 RMSE: 22.65, MAE: 15.53, R2: 0.85
2025-08-17 02:02:34,157 - INFO - ridge Fold 2 RMSE: 14.09, MAE: 11.11, R2: 0.71
2025-08-17 02:02:34,162 - INFO - ridge Fold 3 RMSE: 15.23, MAE: 11.96, R2: 0.66
2025-08-17 02:02:34,168 - INFO - ridge Fold 4 RMSE: 13.36, MAE: 10.73, R2: 0.76
2025-08-17 02:02:34,174 - INFO - ridge Fold 5 RMSE: 8.82, MAE: 7.41, R2: 0.55
2025-08-17 02:02:34,174 - INFO - ridge Average RMSE: 14.83, MAE: 11.35, R2: 0.71
2025-08-17 02:02:34,178 - INFO - Training svr for Lahore...
2025-08-17 02:02:34,210 - INFO - svr Fold 1 RMSE: 31.21, MAE: 21.58, R2: 0.72
2025-08-17 02:02:34,328 - INFO - svr Fold 2 RMSE: 22.75, MAE: 15.55, R2: 0.25
2025-08-17 02:02:34,641 - INFO - svr Fold 3 RMSE: 14.85, MAE: 10.43, R2: 0.67
2025-08-17 02:02:35,291 - INFO - svr Fold 4 RMSE: 12.44, MAE: 8.58, R2: 0.79
2025-08-17 02:02:36,398 - INFO - svr Fold 5 RMSE: 5.98, MAE: 4.18, R2: 0.79
2025-08-17 02:02:36,398 - INFO - svr Average RMSE: 17.45, MAE: 12.06, R2: 0.64
2025-08-17 02:02:38,067 - INFO - Metrics for Lahore:
2025-08-17 02:02:38,067 - INFO - random_forest: avg_rmse=15.25, avg_mae=7.73, avg_r2=0.79
2025-08-17 02:02:38,067 - INFO - ridge: avg_rmse=14.83, avg_mae=11.35, avg_r2=0.71
2025-08-17 02:02:38,067 - INFO - svr: avg_rmse=17.45, avg_mae=12.06, avg_r2=0.64
2025-08-17 02:02:38,067 - INFO - 
=== Training/Retraining Models for Islamabad ===
2025-08-17 02:02:38,067 - INFO - Processing Islamabad with data from data/Islamabad_historical_aq.csv
2025-08-17 02:02:38,072 - INFO - Training random_forest for Islamabad...
2025-08-17 02:02:38,349 - INFO - random_forest Fold 1 RMSE: 8.86, MAE: 6.46, R2: 0.93
2025-08-17 02:02:38,851 - INFO - random_forest Fold 2 RMSE: 11.23, MAE: 7.26, R2: 0.87
2025-08-17 02:02:39,596 - INFO - random_forest Fold 3 RMSE: 8.42, MAE: 4.92, R2: 0.93
2025-08-17 02:02:40,630 - INFO - random_forest Fold 4 RMSE: 5.28, MAE: 3.29, R2: 0.97
2025-08-17 02:02:41,973 - INFO - random_forest Fold 5 RMSE: 3.61, MAE: 2.84, R2: 0.97
2025-08-17 02:02:41,973 - INFO - random_forest Average RMSE: 7.48, MAE: 4.95, R2: 0.94
2025-08-17 02:02:43,633 - INFO - Training ridge for Islamabad...
2025-08-17 02:02:43,640 - INFO - ridge Fold 1 RMSE: 4.52, MAE: 3.49, R2: 0.98
2025-08-17 02:02:43,645 - INFO - ridge Fold 2 RMSE: 10.12, MAE: 8.39, R2: 0.89
2025-08-17 02:02:43,651 - INFO - ridge Fold 3 RMSE: 13.47, MAE: 7.53, R2: 0.81
2025-08-17 02:02:43,656 - INFO - ridge Fold 4 RMSE: 7.88, MAE: 6.15, R2: 0.94
2025-08-17 02:02:43,662 - INFO - ridge Fold 5 RMSE: 6.58, MAE: 5.40, R2: 0.91
2025-08-17 02:02:43,662 - INFO - ridge Average RMSE: 8.51, MAE: 6.19, R2: 0.91
2025-08-17 02:02:43,666 - INFO - Training svr for Islamabad...
2025-08-17 02:02:43,727 - INFO - svr Fold 1 RMSE: 12.08, MAE: 7.91, R2: 0.88
2025-08-17 02:02:43,945 - INFO - svr Fold 2 RMSE: 16.05, MAE: 12.08, R2: 0.73
2025-08-17 02:02:44,418 - INFO - svr Fold 3 RMSE: 15.71, MAE: 12.68, R2: 0.75
2025-08-17 02:02:45,263 - INFO - svr Fold 4 RMSE: 8.95, MAE: 6.32, R2: 0.92
2025-08-17 02:02:46,614 - INFO - svr Fold 5 RMSE: 6.84, MAE: 5.25, R2: 0.91
2025-08-17 02:02:46,614 - INFO - svr Average RMSE: 11.93, MAE: 8.85, R2: 0.84
2025-08-17 02:02:48,368 - INFO - Metrics for Islamabad:
2025-08-17 02:02:48,368 - INFO - random_forest: avg_rmse=7.48, avg_mae=4.95, avg_r2=0.94
2025-08-17 02:02:48,368 - INFO - ridge: avg_rmse=8.51, avg_mae=6.19, avg_r2=0.91
2025-08-17 02:02:48,369 - INFO - svr: avg_rmse=11.93, avg_mae=8.85, avg_r2=0.84
2025-08-18 02:03:15,509 - INFO - 
=== Training/Retraining Models for Karachi ===
2025-08-18 02:03:15,509 - INFO - Processing Karachi with data from data/Karachi_historical_aq.csv
2025-08-18 02:03:15,517 - INFO - Training random_forest for Karachi...
2025-08-18 02:03:15,791 - INFO - random_forest Fold 1 RMSE: 4.79, MAE: 3.67, R2: 0.88
2025-08-18 02:03:16,299 - INFO - random_forest Fold 2 RMSE: 3.60, MAE: 2.70, R2: 0.87
2025-08-18 02:03:17,056 - INFO - random_forest Fold 3 RMSE: 2.06, MAE: 1.60, R2: 0.92
2025-08-18 02:03:18,085 - INFO - random_forest Fold 4 RMSE: 1.21, MAE: 0.89, R2: 0.93
2025-08-18 02:03:19,361 - INFO - random_forest Fold 5 RMSE: 1.95, MAE: 1.53, R2: 0.90
2025-08-18 02:03:19,362 - INFO - random_forest Average RMSE: 2.72, MAE: 2.08, R2: 0.90
2025-08-18 02:03:20,951 - INFO - Training ridge for Karachi...
2025-08-18 02:03:20,959 - INFO - ridge Fold 1 RMSE: 2.75, MAE: 2.01, R2: 0.96
2025-08-18 02:03:20,965 - INFO - ridge Fold 2 RMSE: 1.85, MAE: 1.25, R2: 0.96
2025-08-18 02:03:20,971 - INFO - ridge Fold 3 RMSE: 0.94, MAE: 0.74, R2: 0.98
2025-08-18 02:03:20,978 - INFO - ridge Fold 4 RMSE: 0.61, MAE: 0.49, R2: 0.98
2025-08-18 02:03:20,984 - INFO - ridge Fold 5 RMSE: 0.83, MAE: 0.65, R2: 0.98
2025-08-18 02:03:20,984 - INFO - ridge Average RMSE: 1.40, MAE: 1.03, R2: 0.97
2025-08-18 02:03:20,989 - INFO - Training svr for Karachi...
2025-08-18 02:03:21,027 - INFO - svr Fold 1 RMSE: 9.04, MAE: 7.62, R2: 0.58
2025-08-18 02:03:21,145 - INFO - svr Fold 2 RMSE: 6.81, MAE: 4.94, R2: 0.52
2025-08-18 02:03:21,354 - INFO - svr Fold 3 RMSE: 2.76, MAE: 2.38, R2: 0.85
2025-08-18 02:03:21,708 - INFO - svr Fold 4 RMSE: 1.69, MAE: 1.01, R2: 0.87
2025-08-18 02:03:22,199 - INFO - svr Fold 5 RMSE: 5.56, MAE: 4.93, R2: 0.21
2025-08-18 02:03:22,200 - INFO - svr Average RMSE: 5.17, MAE: 4.18, R2: 0.61
2025-08-18 02:03:22,878 - INFO - Metrics for Karachi:
2025-08-18 02:03:22,878 - INFO - random_forest: avg_rmse=2.72, avg_mae=2.08, avg_r2=0.90
2025-08-18 02:03:22,878 - INFO - ridge: avg_rmse=1.40, avg_mae=1.03, avg_r2=0.97
2025-08-18 02:03:22,878 - INFO - svr: avg_rmse=5.17, avg_mae=4.18, avg_r2=0.61
2025-08-18 02:03:22,878 - INFO - 
=== Training/Retraining Models for Lahore ===
2025-08-18 02:03:22,878 - INFO - Processing Lahore with data from data/Lahore_historical_aq.csv
2025-08-18 02:03:22,885 - INFO - Training random_forest for Lahore...
2025-08-18 02:03:23,195 - INFO - random_forest Fold 1 RMSE: 48.42, MAE: 20.63, R2: 0.31
2025-08-18 02:03:23,764 - INFO - random_forest Fold 2 RMSE: 6.50, MAE: 4.61, R2: 0.94
2025-08-18 02:03:24,632 - INFO - random_forest Fold 3 RMSE: 7.60, MAE: 5.82, R2: 0.91
2025-08-18 02:03:25,827 - INFO - random_forest Fold 4 RMSE: 11.61, MAE: 5.98, R2: 0.82
2025-08-18 02:03:27,339 - INFO - random_forest Fold 5 RMSE: 4.24, MAE: 2.75, R2: 0.91
2025-08-18 02:03:27,339 - INFO - random_forest Average RMSE: 15.67, MAE: 7.96, R2: 0.78
2025-08-18 02:03:29,250 - INFO - Training ridge for Lahore...
2025-08-18 02:03:29,257 - INFO - ridge Fold 1 RMSE: 22.19, MAE: 15.39, R2: 0.86
2025-08-18 02:03:29,263 - INFO - ridge Fold 2 RMSE: 13.73, MAE: 10.87, R2: 0.72
2025-08-18 02:03:29,269 - INFO - ridge Fold 3 RMSE: 15.53, MAE: 12.16, R2: 0.65
2025-08-18 02:03:29,275 - INFO - ridge Fold 4 RMSE: 12.79, MAE: 10.16, R2: 0.78
2025-08-18 02:03:29,281 - INFO - ridge Fold 5 RMSE: 7.97, MAE: 6.75, R2: 0.66
2025-08-18 02:03:29,281 - INFO - ridge Average RMSE: 14.44, MAE: 11.07, R2: 0.73
2025-08-18 02:03:29,286 - INFO - Training svr for Lahore...
2025-08-18 02:03:29,315 - INFO - svr Fold 1 RMSE: 31.57, MAE: 22.64, R2: 0.71
2025-08-18 02:03:29,428 - INFO - svr Fold 2 RMSE: 24.66, MAE: 16.89, R2: 0.09
2025-08-18 02:03:29,759 - INFO - svr Fold 3 RMSE: 15.98, MAE: 10.24, R2: 0.62
2025-08-18 02:03:30,443 - INFO - svr Fold 4 RMSE: 12.52, MAE: 8.73, R2: 0.79
2025-08-18 02:03:31,597 - INFO - svr Fold 5 RMSE: 6.10, MAE: 4.60, R2: 0.80
2025-08-18 02:03:31,597 - INFO - svr Average RMSE: 18.16, MAE: 12.62, R2: 0.60
2025-08-18 02:03:33,253 - INFO - Metrics for Lahore:
2025-08-18 02:03:33,253 - INFO - random_forest: avg_rmse=15.67, avg_mae=7.96, avg_r2=0.78
2025-08-18 02:03:33,253 - INFO - ridge: avg_rmse=14.44, avg_mae=11.07, avg_r2=0.73
2025-08-18 02:03:33,253 - INFO - svr: avg_rmse=18.16, avg_mae=12.62, avg_r2=0.60
2025-08-18 02:03:33,254 - INFO - 
=== Training/Retraining Models for Islamabad ===
2025-08-18 02:03:33,254 - INFO - Processing Islamabad with data from data/Islamabad_historical_aq.csv
2025-08-18 02:03:33,259 - INFO - Training random_forest for Islamabad...
2025-08-18 02:03:33,542 - INFO - random_forest Fold 1 RMSE: 9.88, MAE: 7.45, R2: 0.92
2025-08-18 02:03:34,044 - INFO - random_forest Fold 2 RMSE: 11.57, MAE: 7.02, R2: 0.84
2025-08-18 02:03:34,807 - INFO - random_forest Fold 3 RMSE: 8.58, MAE: 5.41, R2: 0.92
2025-08-18 02:03:35,848 - INFO - random_forest Fold 4 RMSE: 5.45, MAE: 3.35, R2: 0.97
2025-08-18 02:03:37,207 - INFO - random_forest Fold 5 RMSE: 3.83, MAE: 2.98, R2: 0.97
2025-08-18 02:03:37,207 - INFO - random_forest Average RMSE: 7.86, MAE: 5.24, R2: 0.92
2025-08-18 02:03:38,900 - INFO - Training ridge for Islamabad...
2025-08-18 02:03:38,907 - INFO - ridge Fold 1 RMSE: 4.65, MAE: 3.53, R2: 0.98
2025-08-18 02:03:38,913 - INFO - ridge Fold 2 RMSE: 10.58, MAE: 8.72, R2: 0.87
2025-08-18 02:03:38,918 - INFO - ridge Fold 3 RMSE: 13.74, MAE: 7.64, R2: 0.80
2025-08-18 02:03:38,924 - INFO - ridge Fold 4 RMSE: 7.77, MAE: 5.97, R2: 0.94
2025-08-18 02:03:38,930 - INFO - ridge Fold 5 RMSE: 6.39, MAE: 5.23, R2: 0.92
2025-08-18 02:03:38,930 - INFO - ridge Average RMSE: 8.63, MAE: 6.22, R2: 0.90
2025-08-18 02:03:38,934 - INFO - Training svr for Islamabad...
2025-08-18 02:03:38,987 - INFO - svr Fold 1 RMSE: 10.80, MAE: 7.39, R2: 0.90
2025-08-18 02:03:39,193 - INFO - svr Fold 2 RMSE: 16.66, MAE: 12.73, R2: 0.67
2025-08-18 02:03:39,669 - INFO - svr Fold 3 RMSE: 13.59, MAE: 10.33, R2: 0.80
2025-08-18 02:03:40,515 - INFO - svr Fold 4 RMSE: 9.22, MAE: 6.62, R2: 0.91
2025-08-18 02:03:41,985 - INFO - svr Fold 5 RMSE: 6.66, MAE: 5.06, R2: 0.91
2025-08-18 02:03:41,985 - INFO - svr Average RMSE: 11.39, MAE: 8.43, R2: 0.84
2025-08-18 02:03:43,802 - INFO - Metrics for Islamabad:
2025-08-18 02:03:43,802 - INFO - random_forest: avg_rmse=7.86, avg_mae=5.24, avg_r2=0.92
2025-08-18 02:03:43,802 - INFO - ridge: avg_rmse=8.63, avg_mae=6.22, avg_r2=0.90
2025-08-18 02:03:43,802 - INFO - svr: avg_rmse=11.39, avg_mae=8.43, avg_r2=0.84
2025-08-19 01:50:14,932 - INFO - 
=== Training/Retraining Models for Karachi ===
2025-08-19 01:50:14,932 - INFO - Processing Karachi with data from data/Karachi_historical_aq.csv
2025-08-19 01:50:14,940 - INFO - Training random_forest for Karachi...
2025-08-19 01:50:15,204 - INFO - random_forest Fold 1 RMSE: 5.07, MAE: 3.65, R2: 0.87
2025-08-19 01:50:15,685 - INFO - random_forest Fold 2 RMSE: 3.67, MAE: 2.79, R2: 0.87
2025-08-19 01:50:16,401 - INFO - random_forest Fold 3 RMSE: 2.03, MAE: 1.58, R2: 0.92
2025-08-19 01:50:17,388 - INFO - random_forest Fold 4 RMSE: 1.24, MAE: 0.92, R2: 0.94
2025-08-19 01:50:18,630 - INFO - random_forest Fold 5 RMSE: 2.86, MAE: 1.93, R2: 0.86
2025-08-19 01:50:18,631 - INFO - random_forest Average RMSE: 2.97, MAE: 2.17, R2: 0.89
2025-08-19 01:50:20,194 - INFO - Training ridge for Karachi...
2025-08-19 01:50:20,201 - INFO - ridge Fold 1 RMSE: 2.74, MAE: 2.10, R2: 0.96
2025-08-19 01:50:20,207 - INFO - ridge Fold 2 RMSE: 1.93, MAE: 1.34, R2: 0.96
2025-08-19 01:50:20,213 - INFO - ridge Fold 3 RMSE: 0.69, MAE: 0.55, R2: 0.99
2025-08-19 01:50:20,219 - INFO - ridge Fold 4 RMSE: 0.66, MAE: 0.54, R2: 0.98
2025-08-19 01:50:20,225 - INFO - ridge Fold 5 RMSE: 1.05, MAE: 0.76, R2: 0.98
2025-08-19 01:50:20,225 - INFO - ridge Average RMSE: 1.41, MAE: 1.06, R2: 0.98
2025-08-19 01:50:20,230 - INFO - Training svr for Karachi...
2025-08-19 01:50:20,267 - INFO - svr Fold 1 RMSE: 9.11, MAE: 7.88, R2: 0.59
2025-08-19 01:50:20,384 - INFO - svr Fold 2 RMSE: 6.77, MAE: 4.90, R2: 0.55
2025-08-19 01:50:20,605 - INFO - svr Fold 3 RMSE: 2.90, MAE: 2.50, R2: 0.83
2025-08-19 01:50:20,927 - INFO - svr Fold 4 RMSE: 2.81, MAE: 1.56, R2: 0.72
2025-08-19 01:50:21,378 - INFO - svr Fold 5 RMSE: 4.77, MAE: 3.55, R2: 0.61
2025-08-19 01:50:21,378 - INFO - svr Average RMSE: 5.27, MAE: 4.08, R2: 0.66
2025-08-19 01:50:22,031 - INFO - Metrics for Karachi:
2025-08-19 01:50:22,031 - INFO - random_forest: avg_rmse=2.97, avg_mae=2.17, avg_r2=0.89
2025-08-19 01:50:22,031 - INFO - ridge: avg_rmse=1.41, avg_mae=1.06, avg_r2=0.98
2025-08-19 01:50:22,031 - INFO - svr: avg_rmse=5.27, avg_mae=4.08, avg_r2=0.66
2025-08-19 01:50:22,031 - INFO - 
=== Training/Retraining Models for Lahore ===
2025-08-19 01:50:22,032 - INFO - Processing Lahore with data from data/Lahore_historical_aq.csv
2025-08-19 01:50:22,038 - INFO - Training random_forest for Lahore...
2025-08-19 01:50:22,333 - INFO - random_forest Fold 1 RMSE: 25.42, MAE: 13.83, R2: 0.81
2025-08-19 01:50:22,881 - INFO - random_forest Fold 2 RMSE: 7.22, MAE: 4.88, R2: 0.91
2025-08-19 01:50:23,701 - INFO - random_forest Fold 3 RMSE: 9.62, MAE: 6.77, R2: 0.90
2025-08-19 01:50:24,852 - INFO - random_forest Fold 4 RMSE: 9.94, MAE: 5.05, R2: 0.81
2025-08-19 01:50:26,337 - INFO - random_forest Fold 5 RMSE: 3.89, MAE: 2.55, R2: 0.94
2025-08-19 01:50:26,337 - INFO - random_forest Average RMSE: 11.22, MAE: 6.62, R2: 0.87
2025-08-19 01:50:28,193 - INFO - Training ridge for Lahore...
2025-08-19 01:50:28,200 - INFO - ridge Fold 1 RMSE: 23.04, MAE: 15.63, R2: 0.84
2025-08-19 01:50:28,206 - INFO - ridge Fold 2 RMSE: 13.47, MAE: 10.32, R2: 0.70
2025-08-19 01:50:28,212 - INFO - ridge Fold 3 RMSE: 16.30, MAE: 12.45, R2: 0.70
2025-08-19 01:50:28,218 - INFO - ridge Fold 4 RMSE: 12.14, MAE: 9.71, R2: 0.72
2025-08-19 01:50:28,224 - INFO - ridge Fold 5 RMSE: 8.28, MAE: 6.92, R2: 0.73
2025-08-19 01:50:28,224 - INFO - ridge Average RMSE: 14.65, MAE: 11.01, R2: 0.74
2025-08-19 01:50:28,228 - INFO - Training svr for Lahore...
2025-08-19 01:50:28,257 - INFO - svr Fold 1 RMSE: 31.83, MAE: 20.71, R2: 0.70
2025-08-19 01:50:28,395 - INFO - svr Fold 2 RMSE: 22.79, MAE: 16.38, R2: 0.15
2025-08-19 01:50:28,704 - INFO - svr Fold 3 RMSE: 14.97, MAE: 10.46, R2: 0.75
2025-08-19 01:50:29,344 - INFO - svr Fold 4 RMSE: 10.44, MAE: 7.13, R2: 0.80
2025-08-19 01:50:30,452 - INFO - svr Fold 5 RMSE: 6.53, MAE: 4.79, R2: 0.83
2025-08-19 01:50:30,452 - INFO - svr Average RMSE: 17.31, MAE: 11.90, R2: 0.64
2025-08-19 01:50:32,236 - INFO - Metrics for Lahore:
2025-08-19 01:50:32,236 - INFO - random_forest: avg_rmse=11.22, avg_mae=6.62, avg_r2=0.87
2025-08-19 01:50:32,236 - INFO - ridge: avg_rmse=14.65, avg_mae=11.01, avg_r2=0.74
2025-08-19 01:50:32,236 - INFO - svr: avg_rmse=17.31, avg_mae=11.90, avg_r2=0.64
2025-08-19 01:50:32,236 - INFO - 
=== Training/Retraining Models for Islamabad ===
2025-08-19 01:50:32,236 - INFO - Processing Islamabad with data from data/Islamabad_historical_aq.csv
2025-08-19 01:50:32,241 - INFO - Training random_forest for Islamabad...
2025-08-19 01:50:32,514 - INFO - random_forest Fold 1 RMSE: 9.06, MAE: 6.92, R2: 0.93
2025-08-19 01:50:33,016 - INFO - random_forest Fold 2 RMSE: 11.77, MAE: 7.01, R2: 0.83
2025-08-19 01:50:33,779 - INFO - random_forest Fold 3 RMSE: 8.72, MAE: 5.40, R2: 0.92
2025-08-19 01:50:34,818 - INFO - random_forest Fold 4 RMSE: 5.35, MAE: 3.27, R2: 0.97
2025-08-19 01:50:36,165 - INFO - random_forest Fold 5 RMSE: 4.45, MAE: 3.52, R2: 0.96
2025-08-19 01:50:36,165 - INFO - random_forest Average RMSE: 7.87, MAE: 5.23, R2: 0.92
2025-08-19 01:50:37,851 - INFO - Training ridge for Islamabad...
2025-08-19 01:50:37,858 - INFO - ridge Fold 1 RMSE: 4.91, MAE: 3.69, R2: 0.98
2025-08-19 01:50:37,863 - INFO - ridge Fold 2 RMSE: 10.02, MAE: 8.20, R2: 0.87
2025-08-19 01:50:37,869 - INFO - ridge Fold 3 RMSE: 14.17, MAE: 7.74, R2: 0.78
2025-08-19 01:50:37,874 - INFO - ridge Fold 4 RMSE: 7.70, MAE: 5.96, R2: 0.94
2025-08-19 01:50:37,880 - INFO - ridge Fold 5 RMSE: 6.35, MAE: 5.17, R2: 0.93
2025-08-19 01:50:37,880 - INFO - ridge Average RMSE: 8.63, MAE: 6.15, R2: 0.90
2025-08-19 01:50:37,884 - INFO - Training svr for Islamabad...
2025-08-19 01:50:37,934 - INFO - svr Fold 1 RMSE: 8.71, MAE: 6.21, R2: 0.94
2025-08-19 01:50:38,132 - INFO - svr Fold 2 RMSE: 17.27, MAE: 13.66, R2: 0.62
2025-08-19 01:50:38,592 - INFO - svr Fold 3 RMSE: 13.36, MAE: 10.13, R2: 0.80
2025-08-19 01:50:39,336 - INFO - svr Fold 4 RMSE: 8.97, MAE: 6.37, R2: 0.92
2025-08-19 01:50:40,708 - INFO - svr Fold 5 RMSE: 7.23, MAE: 5.40, R2: 0.91
2025-08-19 01:50:40,708 - INFO - svr Average RMSE: 11.11, MAE: 8.35, R2: 0.84
2025-08-19 01:50:42,615 - INFO - Metrics for Islamabad:
2025-08-19 01:50:42,616 - INFO - random_forest: avg_rmse=7.87, avg_mae=5.23, avg_r2=0.92
2025-08-19 01:50:42,616 - INFO - ridge: avg_rmse=8.63, avg_mae=6.15, avg_r2=0.90
2025-08-19 01:50:42,616 - INFO - svr: avg_rmse=11.11, avg_mae=8.35, avg_r2=0.84
2025-08-20 01:48:35,003 - INFO - 
=== Training/Retraining Models for Karachi ===
2025-08-20 01:48:35,003 - INFO - Processing Karachi with data from data/Karachi_historical_aq.csv
2025-08-20 01:48:35,010 - INFO - Training random_forest for Karachi...
2025-08-20 01:48:35,289 - INFO - random_forest Fold 1 RMSE: 7.92, MAE: 6.86, R2: 0.70
2025-08-20 01:48:35,776 - INFO - random_forest Fold 2 RMSE: 4.15, MAE: 3.30, R2: 0.82
2025-08-20 01:48:36,492 - INFO - random_forest Fold 3 RMSE: 2.01, MAE: 1.53, R2: 0.92
2025-08-20 01:48:37,489 - INFO - random_forest Fold 4 RMSE: 1.32, MAE: 0.99, R2: 0.95
2025-08-20 01:48:38,758 - INFO - random_forest Fold 5 RMSE: 3.13, MAE: 1.88, R2: 0.84
2025-08-20 01:48:38,758 - INFO - random_forest Average RMSE: 3.71, MAE: 2.91, R2: 0.85
2025-08-20 01:48:40,326 - INFO - Training ridge for Karachi...
2025-08-20 01:48:40,333 - INFO - ridge Fold 1 RMSE: 2.45, MAE: 1.84, R2: 0.97
2025-08-20 01:48:40,339 - INFO - ridge Fold 2 RMSE: 1.92, MAE: 1.31, R2: 0.96
2025-08-20 01:48:40,345 - INFO - ridge Fold 3 RMSE: 0.67, MAE: 0.53, R2: 0.99
2025-08-20 01:48:40,351 - INFO - ridge Fold 4 RMSE: 0.72, MAE: 0.59, R2: 0.99
2025-08-20 01:48:40,357 - INFO - ridge Fold 5 RMSE: 1.16, MAE: 0.86, R2: 0.98
2025-08-20 01:48:40,357 - INFO - ridge Average RMSE: 1.38, MAE: 1.02, R2: 0.98
2025-08-20 01:48:40,361 - INFO - Training svr for Karachi...
2025-08-20 01:48:40,396 - INFO - svr Fold 1 RMSE: 8.83, MAE: 7.67, R2: 0.63
2025-08-20 01:48:40,527 - INFO - svr Fold 2 RMSE: 7.01, MAE: 5.24, R2: 0.48
2025-08-20 01:48:40,732 - INFO - svr Fold 3 RMSE: 2.51, MAE: 2.19, R2: 0.88
2025-08-20 01:48:41,054 - INFO - svr Fold 4 RMSE: 4.09, MAE: 2.31, R2: 0.56
2025-08-20 01:48:41,489 - INFO - svr Fold 5 RMSE: 4.56, MAE: 2.84, R2: 0.67
2025-08-20 01:48:41,489 - INFO - svr Average RMSE: 5.40, MAE: 4.05, R2: 0.64
2025-08-20 01:48:42,113 - INFO - Metrics for Karachi:
2025-08-20 01:48:42,113 - INFO - random_forest: avg_rmse=3.71, avg_mae=2.91, avg_r2=0.85
2025-08-20 01:48:42,113 - INFO - ridge: avg_rmse=1.38, avg_mae=1.02, avg_r2=0.98
2025-08-20 01:48:42,113 - INFO - svr: avg_rmse=5.40, avg_mae=4.05, avg_r2=0.64
2025-08-20 01:48:42,113 - INFO - 
=== Training/Retraining Models for Lahore ===
2025-08-20 01:48:42,113 - INFO - Processing Lahore with data from data/Lahore_historical_aq.csv
2025-08-20 01:48:42,119 - INFO - Training random_forest for Lahore...
2025-08-20 01:48:42,396 - INFO - random_forest Fold 1 RMSE: 41.56, MAE: 18.68, R2: 0.49
2025-08-20 01:48:42,931 - INFO - random_forest Fold 2 RMSE: 7.15, MAE: 4.94, R2: 0.91
2025-08-20 01:48:43,735 - INFO - random_forest Fold 3 RMSE: 13.45, MAE: 8.72, R2: 0.82
2025-08-20 01:48:44,858 - INFO - random_forest Fold 4 RMSE: 5.11, MAE: 3.55, R2: 0.93
2025-08-20 01:48:46,289 - INFO - random_forest Fold 5 RMSE: 3.75, MAE: 2.48, R2: 0.94
2025-08-20 01:48:46,289 - INFO - random_forest Average RMSE: 14.20, MAE: 7.68, R2: 0.82
2025-08-20 01:48:48,094 - INFO - Training ridge for Lahore...
2025-08-20 01:48:48,100 - INFO - ridge Fold 1 RMSE: 26.80, MAE: 15.55, R2: 0.79
2025-08-20 01:48:48,106 - INFO - ridge Fold 2 RMSE: 14.34, MAE: 10.66, R2: 0.65
2025-08-20 01:48:48,111 - INFO - ridge Fold 3 RMSE: 14.96, MAE: 11.24, R2: 0.78
2025-08-20 01:48:48,117 - INFO - ridge Fold 4 RMSE: 10.64, MAE: 8.43, R2: 0.71
2025-08-20 01:48:48,123 - INFO - ridge Fold 5 RMSE: 8.06, MAE: 6.55, R2: 0.73
2025-08-20 01:48:48,123 - INFO - ridge Average RMSE: 14.96, MAE: 10.49, R2: 0.73
2025-08-20 01:48:48,127 - INFO - Training svr for Lahore...
2025-08-20 01:48:48,165 - INFO - svr Fold 1 RMSE: 48.49, MAE: 22.33, R2: 0.30
2025-08-20 01:48:48,310 - INFO - svr Fold 2 RMSE: 16.13, MAE: 11.95, R2: 0.55
2025-08-20 01:48:48,677 - INFO - svr Fold 3 RMSE: 12.63, MAE: 8.68, R2: 0.84
2025-08-20 01:48:49,409 - INFO - svr Fold 4 RMSE: 6.67, MAE: 4.78, R2: 0.89
2025-08-20 01:48:50,699 - INFO - svr Fold 5 RMSE: 5.27, MAE: 4.06, R2: 0.89
2025-08-20 01:48:50,699 - INFO - svr Average RMSE: 17.84, MAE: 10.36, R2: 0.69
2025-08-20 01:48:52,467 - INFO - Metrics for Lahore:
2025-08-20 01:48:52,467 - INFO - random_forest: avg_rmse=14.20, avg_mae=7.68, avg_r2=0.82
2025-08-20 01:48:52,467 - INFO - ridge: avg_rmse=14.96, avg_mae=10.49, avg_r2=0.73
2025-08-20 01:48:52,467 - INFO - svr: avg_rmse=17.84, avg_mae=10.36, avg_r2=0.69
2025-08-20 01:48:52,467 - INFO - 
=== Training/Retraining Models for Islamabad ===
2025-08-20 01:48:52,467 - INFO - Processing Islamabad with data from data/Islamabad_historical_aq.csv
2025-08-20 01:48:52,473 - INFO - Training random_forest for Islamabad...
2025-08-20 01:48:52,747 - INFO - random_forest Fold 1 RMSE: 8.12, MAE: 6.11, R2: 0.94
2025-08-20 01:48:53,260 - INFO - random_forest Fold 2 RMSE: 12.04, MAE: 7.02, R2: 0.81
2025-08-20 01:48:54,033 - INFO - random_forest Fold 3 RMSE: 10.86, MAE: 6.50, R2: 0.86
2025-08-20 01:48:55,064 - INFO - random_forest Fold 4 RMSE: 4.91, MAE: 2.98, R2: 0.98
2025-08-20 01:48:56,398 - INFO - random_forest Fold 5 RMSE: 3.85, MAE: 2.97, R2: 0.97
2025-08-20 01:48:56,398 - INFO - random_forest Average RMSE: 7.96, MAE: 5.11, R2: 0.91
2025-08-20 01:48:58,089 - INFO - Training ridge for Islamabad...
2025-08-20 01:48:58,096 - INFO - ridge Fold 1 RMSE: 5.10, MAE: 3.64, R2: 0.98
2025-08-20 01:48:58,102 - INFO - ridge Fold 2 RMSE: 8.24, MAE: 6.27, R2: 0.91
2025-08-20 01:48:58,108 - INFO - ridge Fold 3 RMSE: 14.86, MAE: 8.02, R2: 0.74
2025-08-20 01:48:58,114 - INFO - ridge Fold 4 RMSE: 7.41, MAE: 5.64, R2: 0.95
2025-08-20 01:48:58,119 - INFO - ridge Fold 5 RMSE: 6.29, MAE: 5.10, R2: 0.93
2025-08-20 01:48:58,120 - INFO - ridge Average RMSE: 8.38, MAE: 5.73, R2: 0.90
2025-08-20 01:48:58,124 - INFO - Training svr for Islamabad...
2025-08-20 01:48:58,177 - INFO - svr Fold 1 RMSE: 11.89, MAE: 8.34, R2: 0.88
2025-08-20 01:48:58,373 - INFO - svr Fold 2 RMSE: 18.04, MAE: 14.66, R2: 0.58
2025-08-20 01:48:58,840 - INFO - svr Fold 3 RMSE: 13.66, MAE: 10.27, R2: 0.78
2025-08-20 01:48:59,669 - INFO - svr Fold 4 RMSE: 9.33, MAE: 6.59, R2: 0.92
2025-08-20 01:49:00,967 - INFO - svr Fold 5 RMSE: 7.72, MAE: 5.86, R2: 0.90
2025-08-20 01:49:00,967 - INFO - svr Average RMSE: 12.13, MAE: 9.14, R2: 0.81
2025-08-20 01:49:02,870 - INFO - Metrics for Islamabad:
2025-08-20 01:49:02,870 - INFO - random_forest: avg_rmse=7.96, avg_mae=5.11, avg_r2=0.91
2025-08-20 01:49:02,870 - INFO - ridge: avg_rmse=8.38, avg_mae=5.73, avg_r2=0.90
2025-08-20 01:49:02,870 - INFO - svr: avg_rmse=12.13, avg_mae=9.14, avg_r2=0.81
2025-08-21 01:47:22,239 - INFO - 
=== Training/Retraining Models for Karachi ===
2025-08-21 01:47:22,239 - INFO - Processing Karachi with data from data/Karachi_historical_aq.csv
2025-08-21 01:47:22,247 - INFO - Training random_forest for Karachi...
2025-08-21 01:47:22,520 - INFO - random_forest Fold 1 RMSE: 7.90, MAE: 6.86, R2: 0.70
2025-08-21 01:47:23,003 - INFO - random_forest Fold 2 RMSE: 4.22, MAE: 3.35, R2: 0.82
2025-08-21 01:47:23,723 - INFO - random_forest Fold 3 RMSE: 2.01, MAE: 1.58, R2: 0.91
2025-08-21 01:47:24,715 - INFO - random_forest Fold 4 RMSE: 1.60, MAE: 1.14, R2: 0.93
2025-08-21 01:47:26,002 - INFO - random_forest Fold 5 RMSE: 3.24, MAE: 1.74, R2: 0.88
2025-08-21 01:47:26,002 - INFO - random_forest Average RMSE: 3.80, MAE: 2.93, R2: 0.85
2025-08-21 01:47:27,579 - INFO - Training ridge for Karachi...
2025-08-21 01:47:27,586 - INFO - ridge Fold 1 RMSE: 2.54, MAE: 1.92, R2: 0.97
2025-08-21 01:47:27,592 - INFO - ridge Fold 2 RMSE: 1.89, MAE: 1.26, R2: 0.96
2025-08-21 01:47:27,598 - INFO - ridge Fold 3 RMSE: 0.64, MAE: 0.50, R2: 0.99
2025-08-21 01:47:27,604 - INFO - ridge Fold 4 RMSE: 0.70, MAE: 0.57, R2: 0.99
2025-08-21 01:47:27,610 - INFO - ridge Fold 5 RMSE: 1.45, MAE: 0.97, R2: 0.98
2025-08-21 01:47:27,610 - INFO - ridge Average RMSE: 1.44, MAE: 1.05, R2: 0.98
2025-08-21 01:47:27,614 - INFO - Training svr for Karachi...
2025-08-21 01:47:27,648 - INFO - svr Fold 1 RMSE: 9.41, MAE: 8.37, R2: 0.57
2025-08-21 01:47:27,765 - INFO - svr Fold 2 RMSE: 6.87, MAE: 5.19, R2: 0.52
2025-08-21 01:47:27,978 - INFO - svr Fold 3 RMSE: 2.18, MAE: 1.89, R2: 0.90
2025-08-21 01:47:28,279 - INFO - svr Fold 4 RMSE: 5.16, MAE: 3.18, R2: 0.23
2025-08-21 01:47:28,696 - INFO - svr Fold 5 RMSE: 5.06, MAE: 2.97, R2: 0.71
2025-08-21 01:47:28,696 - INFO - svr Average RMSE: 5.74, MAE: 4.32, R2: 0.59
2025-08-21 01:47:29,294 - INFO - Metrics for Karachi:
2025-08-21 01:47:29,294 - INFO - random_forest: avg_rmse=3.80, avg_mae=2.93, avg_r2=0.85
2025-08-21 01:47:29,294 - INFO - ridge: avg_rmse=1.44, avg_mae=1.05, avg_r2=0.98
2025-08-21 01:47:29,294 - INFO - svr: avg_rmse=5.74, avg_mae=4.32, avg_r2=0.59
2025-08-21 01:47:29,294 - INFO - 
=== Training/Retraining Models for Lahore ===
2025-08-21 01:47:29,294 - INFO - Processing Lahore with data from data/Lahore_historical_aq.csv
2025-08-21 01:47:29,300 - INFO - Training random_forest for Lahore...
2025-08-21 01:47:29,577 - INFO - random_forest Fold 1 RMSE: 41.72, MAE: 18.82, R2: 0.47
2025-08-21 01:47:30,111 - INFO - random_forest Fold 2 RMSE: 7.69, MAE: 5.46, R2: 0.90
2025-08-21 01:47:30,937 - INFO - random_forest Fold 3 RMSE: 12.76, MAE: 7.93, R2: 0.85
2025-08-21 01:47:32,052 - INFO - random_forest Fold 4 RMSE: 4.56, MAE: 3.24, R2: 0.94
2025-08-21 01:47:33,484 - INFO - random_forest Fold 5 RMSE: 4.15, MAE: 2.80, R2: 0.94
2025-08-21 01:47:33,484 - INFO - random_forest Average RMSE: 14.18, MAE: 7.65, R2: 0.82
2025-08-21 01:47:35,276 - INFO - Training ridge for Lahore...
2025-08-21 01:47:35,283 - INFO - ridge Fold 1 RMSE: 24.11, MAE: 13.64, R2: 0.82
2025-08-21 01:47:35,288 - INFO - ridge Fold 2 RMSE: 10.10, MAE: 7.73, R2: 0.82
2025-08-21 01:47:35,294 - INFO - ridge Fold 3 RMSE: 12.88, MAE: 9.92, R2: 0.84
2025-08-21 01:47:35,300 - INFO - ridge Fold 4 RMSE: 7.49, MAE: 5.88, R2: 0.83
2025-08-21 01:47:35,305 - INFO - ridge Fold 5 RMSE: 6.53, MAE: 5.36, R2: 0.86
2025-08-21 01:47:35,305 - INFO - ridge Average RMSE: 12.22, MAE: 8.51, R2: 0.84
2025-08-21 01:47:35,310 - INFO - Training svr for Lahore...
2025-08-21 01:47:35,359 - INFO - svr Fold 1 RMSE: 54.68, MAE: 28.26, R2: 0.10
2025-08-21 01:47:35,527 - INFO - svr Fold 2 RMSE: 15.83, MAE: 11.81, R2: 0.56
2025-08-21 01:47:35,960 - INFO - svr Fold 3 RMSE: 13.83, MAE: 9.24, R2: 0.82
2025-08-21 01:47:36,686 - INFO - svr Fold 4 RMSE: 5.88, MAE: 4.13, R2: 0.89
2025-08-21 01:47:37,853 - INFO - svr Fold 5 RMSE: 4.92, MAE: 3.64, R2: 0.92
2025-08-21 01:47:37,853 - INFO - svr Average RMSE: 19.03, MAE: 11.42, R2: 0.66
2025-08-21 01:47:39,540 - INFO - Metrics for Lahore:
2025-08-21 01:47:39,541 - INFO - random_forest: avg_rmse=14.18, avg_mae=7.65, avg_r2=0.82
2025-08-21 01:47:39,541 - INFO - ridge: avg_rmse=12.22, avg_mae=8.51, avg_r2=0.84
2025-08-21 01:47:39,541 - INFO - svr: avg_rmse=19.03, avg_mae=11.42, avg_r2=0.66
2025-08-21 01:47:39,541 - INFO - 
=== Training/Retraining Models for Islamabad ===
2025-08-21 01:47:39,541 - INFO - Processing Islamabad with data from data/Islamabad_historical_aq.csv
2025-08-21 01:47:39,546 - INFO - Training random_forest for Islamabad...
2025-08-21 01:47:39,817 - INFO - random_forest Fold 1 RMSE: 7.68, MAE: 5.26, R2: 0.95
2025-08-21 01:47:40,325 - INFO - random_forest Fold 2 RMSE: 11.92, MAE: 7.13, R2: 0.82
2025-08-21 01:47:41,111 - INFO - random_forest Fold 3 RMSE: 11.00, MAE: 6.75, R2: 0.85
2025-08-21 01:47:42,136 - INFO - random_forest Fold 4 RMSE: 5.18, MAE: 3.00, R2: 0.97
2025-08-21 01:47:43,481 - INFO - random_forest Fold 5 RMSE: 4.05, MAE: 3.16, R2: 0.97
2025-08-21 01:47:43,481 - INFO - random_forest Average RMSE: 7.96, MAE: 5.06, R2: 0.91
2025-08-21 01:47:45,159 - INFO - Training ridge for Islamabad...
2025-08-21 01:47:45,165 - INFO - ridge Fold 1 RMSE: 5.86, MAE: 4.30, R2: 0.97
2025-08-21 01:47:45,171 - INFO - ridge Fold 2 RMSE: 7.99, MAE: 5.77, R2: 0.92
2025-08-21 01:47:45,176 - INFO - ridge Fold 3 RMSE: 14.87, MAE: 7.97, R2: 0.73
2025-08-21 01:47:45,182 - INFO - ridge Fold 4 RMSE: 7.59, MAE: 5.87, R2: 0.94
2025-08-21 01:47:45,188 - INFO - ridge Fold 5 RMSE: 6.27, MAE: 5.08, R2: 0.93
2025-08-21 01:47:45,188 - INFO - ridge Average RMSE: 8.52, MAE: 5.80, R2: 0.90
2025-08-21 01:47:45,192 - INFO - Training svr for Islamabad...
2025-08-21 01:47:45,241 - INFO - svr Fold 1 RMSE: 18.93, MAE: 12.58, R2: 0.67
2025-08-21 01:47:45,449 - INFO - svr Fold 2 RMSE: 18.76, MAE: 15.78, R2: 0.56
2025-08-21 01:47:45,877 - INFO - svr Fold 3 RMSE: 12.95, MAE: 9.36, R2: 0.80
2025-08-21 01:47:46,685 - INFO - svr Fold 4 RMSE: 9.71, MAE: 7.06, R2: 0.91
2025-08-21 01:47:48,014 - INFO - svr Fold 5 RMSE: 7.58, MAE: 5.64, R2: 0.89
2025-08-21 01:47:48,014 - INFO - svr Average RMSE: 13.59, MAE: 10.08, R2: 0.77
2025-08-21 01:47:49,728 - INFO - Metrics for Islamabad:
2025-08-21 01:47:49,728 - INFO - random_forest: avg_rmse=7.96, avg_mae=5.06, avg_r2=0.91
2025-08-21 01:47:49,728 - INFO - ridge: avg_rmse=8.52, avg_mae=5.80, avg_r2=0.90
2025-08-21 01:47:49,728 - INFO - svr: avg_rmse=13.59, avg_mae=10.08, avg_r2=0.77
2025-08-22 01:48:08,687 - INFO - 
=== Training/Retraining Models for Karachi ===
2025-08-22 01:48:08,687 - INFO - Processing Karachi with data from data/Karachi_historical_aq.csv
2025-08-22 01:48:08,695 - INFO - Training random_forest for Karachi...
2025-08-22 01:48:08,963 - INFO - random_forest Fold 1 RMSE: 8.66, MAE: 7.54, R2: 0.64
2025-08-22 01:48:09,445 - INFO - random_forest Fold 2 RMSE: 4.01, MAE: 3.25, R2: 0.85
2025-08-22 01:48:10,173 - INFO - random_forest Fold 3 RMSE: 2.16, MAE: 1.66, R2: 0.87
2025-08-22 01:48:11,167 - INFO - random_forest Fold 4 RMSE: 1.69, MAE: 1.28, R2: 0.91
2025-08-22 01:48:12,413 - INFO - random_forest Fold 5 RMSE: 3.35, MAE: 2.03, R2: 0.89
2025-08-22 01:48:12,413 - INFO - random_forest Average RMSE: 3.97, MAE: 3.15, R2: 0.83
2025-08-22 01:48:13,977 - INFO - Training ridge for Karachi...
2025-08-22 01:48:13,984 - INFO - ridge Fold 1 RMSE: 2.47, MAE: 1.81, R2: 0.97
2025-08-22 01:48:13,989 - INFO - ridge Fold 2 RMSE: 1.92, MAE: 1.29, R2: 0.97
2025-08-22 01:48:13,995 - INFO - ridge Fold 3 RMSE: 0.60, MAE: 0.48, R2: 0.99
2025-08-22 01:48:14,000 - INFO - ridge Fold 4 RMSE: 0.75, MAE: 0.61, R2: 0.98
2025-08-22 01:48:14,006 - INFO - ridge Fold 5 RMSE: 1.63, MAE: 1.08, R2: 0.97
2025-08-22 01:48:14,006 - INFO - ridge Average RMSE: 1.47, MAE: 1.05, R2: 0.98
2025-08-22 01:48:14,010 - INFO - Training svr for Karachi...
2025-08-22 01:48:14,044 - INFO - svr Fold 1 RMSE: 7.65, MAE: 6.15, R2: 0.72
2025-08-22 01:48:14,165 - INFO - svr Fold 2 RMSE: 7.05, MAE: 5.30, R2: 0.54
2025-08-22 01:48:14,373 - INFO - svr Fold 3 RMSE: 1.84, MAE: 1.52, R2: 0.91
2025-08-22 01:48:14,679 - INFO - svr Fold 4 RMSE: 5.79, MAE: 3.89, R2: -0.01
2025-08-22 01:48:15,109 - INFO - svr Fold 5 RMSE: 5.26, MAE: 3.24, R2: 0.72
2025-08-22 01:48:15,109 - INFO - svr Average RMSE: 5.52, MAE: 4.02, R2: 0.57
2025-08-22 01:48:15,719 - INFO - Metrics for Karachi:
2025-08-22 01:48:15,719 - INFO - random_forest: avg_rmse=3.97, avg_mae=3.15, avg_r2=0.83
2025-08-22 01:48:15,719 - INFO - ridge: avg_rmse=1.47, avg_mae=1.05, avg_r2=0.98
2025-08-22 01:48:15,719 - INFO - svr: avg_rmse=5.52, avg_mae=4.02, avg_r2=0.57
2025-08-22 01:48:15,719 - INFO - 
=== Training/Retraining Models for Lahore ===
2025-08-22 01:48:15,719 - INFO - Processing Lahore with data from data/Lahore_historical_aq.csv
2025-08-22 01:48:15,725 - INFO - Training random_forest for Lahore...
2025-08-22 01:48:16,003 - INFO - random_forest Fold 1 RMSE: 41.18, MAE: 19.15, R2: 0.46
2025-08-22 01:48:16,536 - INFO - random_forest Fold 2 RMSE: 7.41, MAE: 5.26, R2: 0.89
2025-08-22 01:48:17,369 - INFO - random_forest Fold 3 RMSE: 12.46, MAE: 8.16, R2: 0.85
2025-08-22 01:48:18,481 - INFO - random_forest Fold 4 RMSE: 4.86, MAE: 3.55, R2: 0.93
2025-08-22 01:48:19,921 - INFO - random_forest Fold 5 RMSE: 6.68, MAE: 3.50, R2: 0.88
2025-08-22 01:48:19,921 - INFO - random_forest Average RMSE: 14.52, MAE: 7.93, R2: 0.80
2025-08-22 01:48:21,720 - INFO - Training ridge for Lahore...
2025-08-22 01:48:21,727 - INFO - ridge Fold 1 RMSE: 25.68, MAE: 13.76, R2: 0.79
2025-08-22 01:48:21,732 - INFO - ridge Fold 2 RMSE: 9.54, MAE: 7.21, R2: 0.82
2025-08-22 01:48:21,738 - INFO - ridge Fold 3 RMSE: 13.31, MAE: 10.50, R2: 0.83
2025-08-22 01:48:21,743 - INFO - ridge Fold 4 RMSE: 7.35, MAE: 5.78, R2: 0.84
2025-08-22 01:48:21,749 - INFO - ridge Fold 5 RMSE: 6.34, MAE: 5.21, R2: 0.89
2025-08-22 01:48:21,749 - INFO - ridge Average RMSE: 12.44, MAE: 8.49, R2: 0.83
2025-08-22 01:48:21,754 - INFO - Training svr for Lahore...
2025-08-22 01:48:21,802 - INFO - svr Fold 1 RMSE: 55.72, MAE: 29.49, R2: 0.00
2025-08-22 01:48:21,957 - INFO - svr Fold 2 RMSE: 17.66, MAE: 13.71, R2: 0.40
2025-08-22 01:48:22,330 - INFO - svr Fold 3 RMSE: 14.40, MAE: 9.70, R2: 0.81
2025-08-22 01:48:23,054 - INFO - svr Fold 4 RMSE: 6.16, MAE: 4.44, R2: 0.88
2025-08-22 01:48:24,176 - INFO - svr Fold 5 RMSE: 5.75, MAE: 3.94, R2: 0.91
2025-08-22 01:48:24,176 - INFO - svr Average RMSE: 19.94, MAE: 12.26, R2: 0.60
2025-08-22 01:48:25,895 - INFO - Metrics for Lahore:
2025-08-22 01:48:25,895 - INFO - random_forest: avg_rmse=14.52, avg_mae=7.93, avg_r2=0.80
2025-08-22 01:48:25,895 - INFO - ridge: avg_rmse=12.44, avg_mae=8.49, avg_r2=0.83
2025-08-22 01:48:25,895 - INFO - svr: avg_rmse=19.94, avg_mae=12.26, avg_r2=0.60
2025-08-22 01:48:25,895 - INFO - 
=== Training/Retraining Models for Islamabad ===
2025-08-22 01:48:25,895 - INFO - Processing Islamabad with data from data/Islamabad_historical_aq.csv
2025-08-22 01:48:25,900 - INFO - Training random_forest for Islamabad...
2025-08-22 01:48:26,171 - INFO - random_forest Fold 1 RMSE: 8.78, MAE: 6.13, R2: 0.93
2025-08-22 01:48:26,672 - INFO - random_forest Fold 2 RMSE: 12.06, MAE: 6.78, R2: 0.81
2025-08-22 01:48:27,452 - INFO - random_forest Fold 3 RMSE: 10.99, MAE: 6.66, R2: 0.87
2025-08-22 01:48:28,473 - INFO - random_forest Fold 4 RMSE: 5.35, MAE: 3.15, R2: 0.97
2025-08-22 01:48:29,811 - INFO - random_forest Fold 5 RMSE: 3.92, MAE: 3.03, R2: 0.97
2025-08-22 01:48:29,811 - INFO - random_forest Average RMSE: 8.22, MAE: 5.15, R2: 0.91
2025-08-22 01:48:31,490 - INFO - Training ridge for Islamabad...
2025-08-22 01:48:31,496 - INFO - ridge Fold 1 RMSE: 7.05, MAE: 5.27, R2: 0.95
2025-08-22 01:48:31,502 - INFO - ridge Fold 2 RMSE: 8.99, MAE: 6.65, R2: 0.89
2025-08-22 01:48:31,508 - INFO - ridge Fold 3 RMSE: 14.86, MAE: 8.09, R2: 0.75
2025-08-22 01:48:31,513 - INFO - ridge Fold 4 RMSE: 7.63, MAE: 5.89, R2: 0.94
2025-08-22 01:48:31,519 - INFO - ridge Fold 5 RMSE: 6.16, MAE: 4.93, R2: 0.93
2025-08-22 01:48:31,520 - INFO - ridge Average RMSE: 8.94, MAE: 6.17, R2: 0.89
2025-08-22 01:48:31,524 - INFO - Training svr for Islamabad...
2025-08-22 01:48:31,576 - INFO - svr Fold 1 RMSE: 27.56, MAE: 20.02, R2: 0.28
2025-08-22 01:48:31,788 - INFO - svr Fold 2 RMSE: 18.85, MAE: 16.05, R2: 0.53
2025-08-22 01:48:32,249 - INFO - svr Fold 3 RMSE: 13.14, MAE: 9.65, R2: 0.81
2025-08-22 01:48:33,030 - INFO - svr Fold 4 RMSE: 9.66, MAE: 7.08, R2: 0.90
2025-08-22 01:48:34,422 - INFO - svr Fold 5 RMSE: 7.51, MAE: 5.50, R2: 0.90
2025-08-22 01:48:34,422 - INFO - svr Average RMSE: 15.34, MAE: 11.66, R2: 0.68
2025-08-22 01:48:36,294 - INFO - Metrics for Islamabad:
2025-08-22 01:48:36,294 - INFO - random_forest: avg_rmse=8.22, avg_mae=5.15, avg_r2=0.91
2025-08-22 01:48:36,294 - INFO - ridge: avg_rmse=8.94, avg_mae=6.17, avg_r2=0.89
2025-08-22 01:48:36,294 - INFO - svr: avg_rmse=15.34, avg_mae=11.66, avg_r2=0.68
2025-08-23 01:44:10,565 - INFO - 
=== Training/Retraining Models for Karachi ===
2025-08-23 01:44:10,566 - INFO - Processing Karachi with data from data/Karachi_historical_aq.csv
2025-08-23 01:44:10,574 - INFO - Training random_forest for Karachi...
2025-08-23 01:44:10,848 - INFO - random_forest Fold 1 RMSE: 4.93, MAE: 3.77, R2: 0.89
2025-08-23 01:44:11,332 - INFO - random_forest Fold 2 RMSE: 3.83, MAE: 3.10, R2: 0.87
2025-08-23 01:44:12,059 - INFO - random_forest Fold 3 RMSE: 2.07, MAE: 1.59, R2: 0.84
2025-08-23 01:44:13,053 - INFO - random_forest Fold 4 RMSE: 1.69, MAE: 1.29, R2: 0.91
2025-08-23 01:44:14,305 - INFO - random_forest Fold 5 RMSE: 3.51, MAE: 2.28, R2: 0.88
2025-08-23 01:44:14,306 - INFO - random_forest Average RMSE: 3.20, MAE: 2.41, R2: 0.88
2025-08-23 01:44:15,892 - INFO - Training ridge for Karachi...
2025-08-23 01:44:15,899 - INFO - ridge Fold 1 RMSE: 2.58, MAE: 1.94, R2: 0.97
2025-08-23 01:44:15,904 - INFO - ridge Fold 2 RMSE: 1.99, MAE: 1.40, R2: 0.97
2025-08-23 01:44:15,910 - INFO - ridge Fold 3 RMSE: 0.59, MAE: 0.48, R2: 0.99
2025-08-23 01:44:15,916 - INFO - ridge Fold 4 RMSE: 0.73, MAE: 0.58, R2: 0.98
2025-08-23 01:44:15,921 - INFO - ridge Fold 5 RMSE: 1.66, MAE: 1.11, R2: 0.97
2025-08-23 01:44:15,921 - INFO - ridge Average RMSE: 1.51, MAE: 1.10, R2: 0.98
2025-08-23 01:44:15,925 - INFO - Training svr for Karachi...
2025-08-23 01:44:15,960 - INFO - svr Fold 1 RMSE: 7.32, MAE: 5.63, R2: 0.75
2025-08-23 01:44:16,092 - INFO - svr Fold 2 RMSE: 7.17, MAE: 5.32, R2: 0.56
2025-08-23 01:44:16,297 - INFO - svr Fold 3 RMSE: 1.69, MAE: 1.41, R2: 0.90
2025-08-23 01:44:16,590 - INFO - svr Fold 4 RMSE: 6.32, MAE: 4.53, R2: -0.19
2025-08-23 01:44:17,018 - INFO - svr Fold 5 RMSE: 5.29, MAE: 3.28, R2: 0.72
2025-08-23 01:44:17,018 - INFO - svr Average RMSE: 5.56, MAE: 4.03, R2: 0.54
2025-08-23 01:44:17,598 - INFO - Metrics for Karachi:
2025-08-23 01:44:17,598 - INFO - random_forest: avg_rmse=3.20, avg_mae=2.41, avg_r2=0.88
2025-08-23 01:44:17,598 - INFO - ridge: avg_rmse=1.51, avg_mae=1.10, avg_r2=0.98
2025-08-23 01:44:17,598 - INFO - svr: avg_rmse=5.56, avg_mae=4.03, avg_r2=0.54
2025-08-23 01:44:17,598 - INFO - 
=== Training/Retraining Models for Lahore ===
2025-08-23 01:44:17,598 - INFO - Processing Lahore with data from data/Lahore_historical_aq.csv
2025-08-23 01:44:17,605 - INFO - Training random_forest for Lahore...
2025-08-23 01:44:17,879 - INFO - random_forest Fold 1 RMSE: 42.00, MAE: 19.29, R2: 0.39
2025-08-23 01:44:18,409 - INFO - random_forest Fold 2 RMSE: 7.89, MAE: 5.59, R2: 0.87
2025-08-23 01:44:19,214 - INFO - random_forest Fold 3 RMSE: 12.11, MAE: 7.72, R2: 0.86
2025-08-23 01:44:20,324 - INFO - random_forest Fold 4 RMSE: 4.59, MAE: 3.39, R2: 0.94
2025-08-23 01:44:21,751 - INFO - random_forest Fold 5 RMSE: 6.84, MAE: 3.87, R2: 0.87
2025-08-23 01:44:21,752 - INFO - random_forest Average RMSE: 14.69, MAE: 7.97, R2: 0.78
2025-08-23 01:44:23,536 - INFO - Training ridge for Lahore...
2025-08-23 01:44:23,542 - INFO - ridge Fold 1 RMSE: 26.72, MAE: 15.26, R2: 0.75
2025-08-23 01:44:23,548 - INFO - ridge Fold 2 RMSE: 9.51, MAE: 7.29, R2: 0.81
2025-08-23 01:44:23,553 - INFO - ridge Fold 3 RMSE: 13.46, MAE: 10.46, R2: 0.83
2025-08-23 01:44:23,559 - INFO - ridge Fold 4 RMSE: 7.33, MAE: 5.79, R2: 0.84
2025-08-23 01:44:23,565 - INFO - ridge Fold 5 RMSE: 6.51, MAE: 5.29, R2: 0.88
2025-08-23 01:44:23,565 - INFO - ridge Average RMSE: 12.71, MAE: 8.82, R2: 0.82
2025-08-23 01:44:23,569 - INFO - Training svr for Lahore...
2025-08-23 01:44:23,616 - INFO - svr Fold 1 RMSE: 56.11, MAE: 29.64, R2: -0.09
2025-08-23 01:44:23,776 - INFO - svr Fold 2 RMSE: 19.25, MAE: 15.47, R2: 0.21
2025-08-23 01:44:24,173 - INFO - svr Fold 3 RMSE: 14.45, MAE: 9.74, R2: 0.80
2025-08-23 01:44:24,902 - INFO - svr Fold 4 RMSE: 6.50, MAE: 4.60, R2: 0.88
2025-08-23 01:44:26,118 - INFO - svr Fold 5 RMSE: 5.87, MAE: 4.09, R2: 0.90
2025-08-23 01:44:26,118 - INFO - svr Average RMSE: 20.44, MAE: 12.71, R2: 0.54
2025-08-23 01:44:27,864 - INFO - Metrics for Lahore:
2025-08-23 01:44:27,864 - INFO - random_forest: avg_rmse=14.69, avg_mae=7.97, avg_r2=0.78
2025-08-23 01:44:27,864 - INFO - ridge: avg_rmse=12.71, avg_mae=8.82, avg_r2=0.82
2025-08-23 01:44:27,864 - INFO - svr: avg_rmse=20.44, avg_mae=12.71, avg_r2=0.54
2025-08-23 01:44:27,864 - INFO - 
=== Training/Retraining Models for Islamabad ===
2025-08-23 01:44:27,864 - INFO - Processing Islamabad with data from data/Islamabad_historical_aq.csv
2025-08-23 01:44:27,870 - INFO - Training random_forest for Islamabad...
2025-08-23 01:44:28,142 - INFO - random_forest Fold 1 RMSE: 8.03, MAE: 5.53, R2: 0.93
2025-08-23 01:44:28,649 - INFO - random_forest Fold 2 RMSE: 14.24, MAE: 8.25, R2: 0.72
2025-08-23 01:44:29,424 - INFO - random_forest Fold 3 RMSE: 11.10, MAE: 6.91, R2: 0.87
2025-08-23 01:44:30,442 - INFO - random_forest Fold 4 RMSE: 5.18, MAE: 3.25, R2: 0.97
2025-08-23 01:44:31,784 - INFO - random_forest Fold 5 RMSE: 3.91, MAE: 3.01, R2: 0.98
2025-08-23 01:44:31,785 - INFO - random_forest Average RMSE: 8.49, MAE: 5.39, R2: 0.89
2025-08-23 01:44:33,460 - INFO - Training ridge for Islamabad...
2025-08-23 01:44:33,466 - INFO - ridge Fold 1 RMSE: 5.70, MAE: 4.53, R2: 0.97
2025-08-23 01:44:33,472 - INFO - ridge Fold 2 RMSE: 9.32, MAE: 7.14, R2: 0.88
2025-08-23 01:44:33,477 - INFO - ridge Fold 3 RMSE: 14.50, MAE: 7.86, R2: 0.77
2025-08-23 01:44:33,483 - INFO - ridge Fold 4 RMSE: 7.79, MAE: 6.01, R2: 0.93
2025-08-23 01:44:33,488 - INFO - ridge Fold 5 RMSE: 5.99, MAE: 4.77, R2: 0.94
2025-08-23 01:44:33,489 - INFO - ridge Average RMSE: 8.66, MAE: 6.06, R2: 0.90
2025-08-23 01:44:33,493 - INFO - Training svr for Islamabad...
2025-08-23 01:44:33,539 - INFO - svr Fold 1 RMSE: 29.06, MAE: 22.09, R2: 0.11
2025-08-23 01:44:33,740 - INFO - svr Fold 2 RMSE: 19.33, MAE: 16.55, R2: 0.48
2025-08-23 01:44:34,173 - INFO - svr Fold 3 RMSE: 13.25, MAE: 10.02, R2: 0.81
2025-08-23 01:44:34,940 - INFO - svr Fold 4 RMSE: 9.99, MAE: 7.46, R2: 0.89
2025-08-23 01:44:36,228 - INFO - svr Fold 5 RMSE: 7.56, MAE: 5.60, R2: 0.91
2025-08-23 01:44:36,229 - INFO - svr Average RMSE: 15.84, MAE: 12.34, R2: 0.64
2025-08-23 01:44:38,041 - INFO - Metrics for Islamabad:
2025-08-23 01:44:38,041 - INFO - random_forest: avg_rmse=8.49, avg_mae=5.39, avg_r2=0.89
2025-08-23 01:44:38,041 - INFO - ridge: avg_rmse=8.66, avg_mae=6.06, avg_r2=0.90
2025-08-23 01:44:38,041 - INFO - svr: avg_rmse=15.84, avg_mae=12.34, avg_r2=0.64
2025-08-25 01:52:55,275 - INFO - 
=== Training/Retraining Models for Karachi ===
2025-08-25 01:52:55,276 - INFO - Processing Karachi with data from data/Karachi_historical_aq.csv
2025-08-25 01:52:55,283 - INFO - Training random_forest for Karachi...
2025-08-25 01:52:55,545 - INFO - random_forest Fold 1 RMSE: 5.33, MAE: 4.06, R2: 0.86
2025-08-25 01:52:56,025 - INFO - random_forest Fold 2 RMSE: 2.77, MAE: 2.26, R2: 0.93
2025-08-25 01:52:56,761 - INFO - random_forest Fold 3 RMSE: 2.13, MAE: 1.52, R2: 0.67
2025-08-25 01:52:57,756 - INFO - random_forest Fold 4 RMSE: 2.07, MAE: 1.53, R2: 0.89
2025-08-25 01:52:58,998 - INFO - random_forest Fold 5 RMSE: 3.66, MAE: 2.29, R2: 0.83
2025-08-25 01:52:58,998 - INFO - random_forest Average RMSE: 3.19, MAE: 2.33, R2: 0.84
2025-08-25 01:53:00,561 - INFO - Training ridge for Karachi...
2025-08-25 01:53:00,568 - INFO - ridge Fold 1 RMSE: 2.75, MAE: 1.98, R2: 0.96
2025-08-25 01:53:00,574 - INFO - ridge Fold 2 RMSE: 2.00, MAE: 1.44, R2: 0.97
2025-08-25 01:53:00,579 - INFO - ridge Fold 3 RMSE: 0.62, MAE: 0.52, R2: 0.97
2025-08-25 01:53:00,585 - INFO - ridge Fold 4 RMSE: 0.96, MAE: 0.73, R2: 0.98
2025-08-25 01:53:00,591 - INFO - ridge Fold 5 RMSE: 1.53, MAE: 1.05, R2: 0.97
2025-08-25 01:53:00,591 - INFO - ridge Average RMSE: 1.57, MAE: 1.15, R2: 0.97
2025-08-25 01:53:00,595 - INFO - Training svr for Karachi...
2025-08-25 01:53:00,637 - INFO - svr Fold 1 RMSE: 6.90, MAE: 4.95, R2: 0.77
2025-08-25 01:53:00,765 - INFO - svr Fold 2 RMSE: 7.51, MAE: 5.65, R2: 0.52
2025-08-25 01:53:00,967 - INFO - svr Fold 3 RMSE: 1.42, MAE: 1.09, R2: 0.85
2025-08-25 01:53:01,254 - INFO - svr Fold 4 RMSE: 9.11, MAE: 7.16, R2: -1.11
2025-08-25 01:53:01,696 - INFO - svr Fold 5 RMSE: 5.09, MAE: 2.99, R2: 0.67
2025-08-25 01:53:01,696 - INFO - svr Average RMSE: 6.01, MAE: 4.37, R2: 0.34
2025-08-25 01:53:02,285 - INFO - Metrics for Karachi:
2025-08-25 01:53:02,285 - INFO - random_forest: avg_rmse=3.19, avg_mae=2.33, avg_r2=0.84
2025-08-25 01:53:02,285 - INFO - ridge: avg_rmse=1.57, avg_mae=1.15, avg_r2=0.97
2025-08-25 01:53:02,285 - INFO - svr: avg_rmse=6.01, avg_mae=4.37, avg_r2=0.34
2025-08-25 01:53:02,285 - INFO - 
=== Training/Retraining Models for Lahore ===
2025-08-25 01:53:02,285 - INFO - Processing Lahore with data from data/Lahore_historical_aq.csv
2025-08-25 01:53:02,291 - INFO - Training random_forest for Lahore...
2025-08-25 01:53:02,568 - INFO - random_forest Fold 1 RMSE: 46.57, MAE: 24.79, R2: 0.20
2025-08-25 01:53:03,103 - INFO - random_forest Fold 2 RMSE: 6.57, MAE: 4.98, R2: 0.92
2025-08-25 01:53:03,927 - INFO - random_forest Fold 3 RMSE: 12.17, MAE: 7.40, R2: 0.84
2025-08-25 01:53:05,038 - INFO - random_forest Fold 4 RMSE: 4.32, MAE: 3.30, R2: 0.94
2025-08-25 01:53:06,469 - INFO - random_forest Fold 5 RMSE: 7.37, MAE: 4.35, R2: 0.90
2025-08-25 01:53:06,470 - INFO - random_forest Average RMSE: 15.40, MAE: 8.97, R2: 0.76
2025-08-25 01:53:08,237 - INFO - Training ridge for Lahore...
2025-08-25 01:53:08,244 - INFO - ridge Fold 1 RMSE: 27.21, MAE: 15.44, R2: 0.73
2025-08-25 01:53:08,249 - INFO - ridge Fold 2 RMSE: 11.29, MAE: 8.26, R2: 0.76
2025-08-25 01:53:08,255 - INFO - ridge Fold 3 RMSE: 12.76, MAE: 9.95, R2: 0.82
2025-08-25 01:53:08,261 - INFO - ridge Fold 4 RMSE: 7.22, MAE: 5.85, R2: 0.85
2025-08-25 01:53:08,267 - INFO - ridge Fold 5 RMSE: 6.34, MAE: 5.12, R2: 0.93
2025-08-25 01:53:08,267 - INFO - ridge Average RMSE: 12.96, MAE: 8.92, R2: 0.82
2025-08-25 01:53:08,271 - INFO - Training svr for Lahore...
2025-08-25 01:53:08,325 - INFO - svr Fold 1 RMSE: 58.31, MAE: 32.20, R2: -0.25
2025-08-25 01:53:08,484 - INFO - svr Fold 2 RMSE: 25.85, MAE: 20.52, R2: -0.28
2025-08-25 01:53:08,865 - INFO - svr Fold 3 RMSE: 13.43, MAE: 8.20, R2: 0.81
2025-08-25 01:53:09,603 - INFO - svr Fold 4 RMSE: 7.35, MAE: 5.26, R2: 0.84
2025-08-25 01:53:10,734 - INFO - svr Fold 5 RMSE: 9.02, MAE: 5.89, R2: 0.85
2025-08-25 01:53:10,734 - INFO - svr Average RMSE: 22.79, MAE: 14.42, R2: 0.39
2025-08-25 01:53:12,393 - INFO - Metrics for Lahore:
2025-08-25 01:53:12,393 - INFO - random_forest: avg_rmse=15.40, avg_mae=8.97, avg_r2=0.76
2025-08-25 01:53:12,393 - INFO - ridge: avg_rmse=12.96, avg_mae=8.92, avg_r2=0.82
2025-08-25 01:53:12,393 - INFO - svr: avg_rmse=22.79, avg_mae=14.42, avg_r2=0.39
2025-08-25 01:53:12,393 - INFO - 
=== Training/Retraining Models for Islamabad ===
2025-08-25 01:53:12,393 - INFO - Processing Islamabad with data from data/Islamabad_historical_aq.csv
2025-08-25 01:53:12,398 - INFO - Training random_forest for Islamabad...
2025-08-25 01:53:12,672 - INFO - random_forest Fold 1 RMSE: 14.04, MAE: 8.03, R2: 0.83
2025-08-25 01:53:13,190 - INFO - random_forest Fold 2 RMSE: 12.58, MAE: 7.33, R2: 0.76
2025-08-25 01:53:13,967 - INFO - random_forest Fold 3 RMSE: 8.50, MAE: 5.60, R2: 0.92
2025-08-25 01:53:15,005 - INFO - random_forest Fold 4 RMSE: 4.29, MAE: 3.42, R2: 0.98
2025-08-25 01:53:16,351 - INFO - random_forest Fold 5 RMSE: 4.58, MAE: 3.53, R2: 0.97
2025-08-25 01:53:16,351 - INFO - random_forest Average RMSE: 8.80, MAE: 5.58, R2: 0.89
2025-08-25 01:53:18,030 - INFO - Training ridge for Islamabad...
2025-08-25 01:53:18,037 - INFO - ridge Fold 1 RMSE: 9.14, MAE: 6.78, R2: 0.93
2025-08-25 01:53:18,042 - INFO - ridge Fold 2 RMSE: 7.96, MAE: 5.28, R2: 0.90
2025-08-25 01:53:18,048 - INFO - ridge Fold 3 RMSE: 11.92, MAE: 6.75, R2: 0.85
2025-08-25 01:53:18,054 - INFO - ridge Fold 4 RMSE: 7.60, MAE: 5.83, R2: 0.93
2025-08-25 01:53:18,060 - INFO - ridge Fold 5 RMSE: 5.76, MAE: 4.50, R2: 0.95
2025-08-25 01:53:18,060 - INFO - ridge Average RMSE: 8.48, MAE: 5.83, R2: 0.91
2025-08-25 01:53:18,064 - INFO - Training svr for Islamabad...
2025-08-25 01:53:18,115 - INFO - svr Fold 1 RMSE: 30.74, MAE: 24.93, R2: 0.17
2025-08-25 01:53:18,318 - INFO - svr Fold 2 RMSE: 19.33, MAE: 16.24, R2: 0.44
2025-08-25 01:53:18,756 - INFO - svr Fold 3 RMSE: 11.99, MAE: 8.80, R2: 0.84
2025-08-25 01:53:19,625 - INFO - svr Fold 4 RMSE: 10.12, MAE: 8.05, R2: 0.88
2025-08-25 01:53:20,838 - INFO - svr Fold 5 RMSE: 6.83, MAE: 4.67, R2: 0.93
2025-08-25 01:53:20,839 - INFO - svr Average RMSE: 15.80, MAE: 12.54, R2: 0.65
2025-08-25 01:53:22,585 - INFO - Metrics for Islamabad:
2025-08-25 01:53:22,585 - INFO - random_forest: avg_rmse=8.80, avg_mae=5.58, avg_r2=0.89
2025-08-25 01:53:22,585 - INFO - ridge: avg_rmse=8.48, avg_mae=5.83, avg_r2=0.91
2025-08-25 01:53:22,585 - INFO - svr: avg_rmse=15.80, avg_mae=12.54, avg_r2=0.65
2025-08-26 01:48:56,662 - INFO - 
=== Training/Retraining Models for Karachi ===
2025-08-26 01:48:56,662 - INFO - Processing Karachi with data from data/Karachi_historical_aq.csv
2025-08-26 01:48:56,670 - INFO - Training random_forest for Karachi...
2025-08-26 01:48:56,932 - INFO - random_forest Fold 1 RMSE: 9.45, MAE: 7.30, R2: 0.51
2025-08-26 01:48:57,411 - INFO - random_forest Fold 2 RMSE: 2.64, MAE: 2.15, R2: 0.94
2025-08-26 01:48:58,142 - INFO - random_forest Fold 3 RMSE: 3.33, MAE: 2.65, R2: 0.21
2025-08-26 01:48:59,133 - INFO - random_forest Fold 4 RMSE: 2.36, MAE: 1.76, R2: 0.82
2025-08-26 01:49:00,367 - INFO - random_forest Fold 5 RMSE: 4.07, MAE: 2.37, R2: 0.77
2025-08-26 01:49:00,367 - INFO - random_forest Average RMSE: 4.37, MAE: 3.24, R2: 0.65
2025-08-26 01:49:01,932 - INFO - Training ridge for Karachi...
2025-08-26 01:49:01,939 - INFO - ridge Fold 1 RMSE: 2.99, MAE: 2.13, R2: 0.95
2025-08-26 01:49:01,945 - INFO - ridge Fold 2 RMSE: 1.88, MAE: 1.36, R2: 0.97
2025-08-26 01:49:01,951 - INFO - ridge Fold 3 RMSE: 0.61, MAE: 0.50, R2: 0.97
2025-08-26 01:49:01,956 - INFO - ridge Fold 4 RMSE: 0.95, MAE: 0.72, R2: 0.97
2025-08-26 01:49:01,962 - INFO - ridge Fold 5 RMSE: 1.68, MAE: 1.09, R2: 0.96
2025-08-26 01:49:01,962 - INFO - ridge Average RMSE: 1.62, MAE: 1.16, R2: 0.96
2025-08-26 01:49:01,967 - INFO - Training svr for Karachi...
2025-08-26 01:49:02,004 - INFO - svr Fold 1 RMSE: 6.71, MAE: 4.44, R2: 0.75
2025-08-26 01:49:02,131 - INFO - svr Fold 2 RMSE: 8.70, MAE: 6.82, R2: 0.32
2025-08-26 01:49:02,329 - INFO - svr Fold 3 RMSE: 1.31, MAE: 0.98, R2: 0.88
2025-08-26 01:49:02,610 - INFO - svr Fold 4 RMSE: 10.57, MAE: 8.74, R2: -2.65
2025-08-26 01:49:03,073 - INFO - svr Fold 5 RMSE: 5.15, MAE: 3.05, R2: 0.63
2025-08-26 01:49:03,074 - INFO - svr Average RMSE: 6.49, MAE: 4.81, R2: -0.01
2025-08-26 01:49:03,660 - INFO - Metrics for Karachi:
2025-08-26 01:49:03,660 - INFO - random_forest: avg_rmse=4.37, avg_mae=3.24, avg_r2=0.65
2025-08-26 01:49:03,660 - INFO - ridge: avg_rmse=1.62, avg_mae=1.16, avg_r2=0.96
2025-08-26 01:49:03,660 - INFO - svr: avg_rmse=6.49, avg_mae=4.81, avg_r2=-0.01
2025-08-26 01:49:03,660 - INFO - 
=== Training/Retraining Models for Lahore ===
2025-08-26 01:49:03,660 - INFO - Processing Lahore with data from data/Lahore_historical_aq.csv
2025-08-26 01:49:03,666 - INFO - Training random_forest for Lahore...
2025-08-26 01:49:03,941 - INFO - random_forest Fold 1 RMSE: 41.73, MAE: 18.27, R2: 0.34
2025-08-26 01:49:04,485 - INFO - random_forest Fold 2 RMSE: 7.75, MAE: 5.85, R2: 0.90
2025-08-26 01:49:05,309 - INFO - random_forest Fold 3 RMSE: 11.51, MAE: 6.95, R2: 0.85
2025-08-26 01:49:06,430 - INFO - random_forest Fold 4 RMSE: 4.08, MAE: 3.13, R2: 0.95
2025-08-26 01:49:07,871 - INFO - random_forest Fold 5 RMSE: 8.94, MAE: 5.48, R2: 0.89
2025-08-26 01:49:07,871 - INFO - random_forest Average RMSE: 14.80, MAE: 7.94, R2: 0.79
2025-08-26 01:49:09,631 - INFO - Training ridge for Lahore...
2025-08-26 01:49:09,638 - INFO - ridge Fold 1 RMSE: 26.72, MAE: 13.94, R2: 0.73
2025-08-26 01:49:09,644 - INFO - ridge Fold 2 RMSE: 10.45, MAE: 7.63, R2: 0.82
2025-08-26 01:49:09,649 - INFO - ridge Fold 3 RMSE: 12.43, MAE: 9.76, R2: 0.83
2025-08-26 01:49:09,655 - INFO - ridge Fold 4 RMSE: 6.95, MAE: 5.60, R2: 0.84
2025-08-26 01:49:09,661 - INFO - ridge Fold 5 RMSE: 6.40, MAE: 5.19, R2: 0.94
2025-08-26 01:49:09,661 - INFO - ridge Average RMSE: 12.59, MAE: 8.42, R2: 0.83
2025-08-26 01:49:09,666 - INFO - Training svr for Lahore...
2025-08-26 01:49:09,713 - INFO - svr Fold 1 RMSE: 58.72, MAE: 31.38, R2: -0.31
2025-08-26 01:49:09,881 - INFO - svr Fold 2 RMSE: 29.06, MAE: 22.95, R2: -0.36
2025-08-26 01:49:10,250 - INFO - svr Fold 3 RMSE: 13.14, MAE: 8.20, R2: 0.81
2025-08-26 01:49:10,960 - INFO - svr Fold 4 RMSE: 7.91, MAE: 5.65, R2: 0.79
2025-08-26 01:49:12,111 - INFO - svr Fold 5 RMSE: 13.51, MAE: 8.28, R2: 0.74
2025-08-26 01:49:12,111 - INFO - svr Average RMSE: 24.47, MAE: 15.29, R2: 0.34
2025-08-26 01:49:14,026 - INFO - Metrics for Lahore:
2025-08-26 01:49:14,026 - INFO - random_forest: avg_rmse=14.80, avg_mae=7.94, avg_r2=0.79
2025-08-26 01:49:14,026 - INFO - ridge: avg_rmse=12.59, avg_mae=8.42, avg_r2=0.83
2025-08-26 01:49:14,026 - INFO - svr: avg_rmse=24.47, avg_mae=15.29, avg_r2=0.34
2025-08-26 01:49:14,026 - INFO - 
=== Training/Retraining Models for Islamabad ===
2025-08-26 01:49:14,026 - INFO - Processing Islamabad with data from data/Islamabad_historical_aq.csv
2025-08-26 01:49:14,032 - INFO - Training random_forest for Islamabad...
2025-08-26 01:49:14,312 - INFO - random_forest Fold 1 RMSE: 14.69, MAE: 8.76, R2: 0.81
2025-08-26 01:49:14,836 - INFO - random_forest Fold 2 RMSE: 12.56, MAE: 7.37, R2: 0.77
2025-08-26 01:49:15,614 - INFO - random_forest Fold 3 RMSE: 8.69, MAE: 5.67, R2: 0.92
2025-08-26 01:49:16,661 - INFO - random_forest Fold 4 RMSE: 4.26, MAE: 3.39, R2: 0.98
2025-08-26 01:49:18,025 - INFO - random_forest Fold 5 RMSE: 5.61, MAE: 3.88, R2: 0.95
2025-08-26 01:49:18,025 - INFO - random_forest Average RMSE: 9.16, MAE: 5.82, R2: 0.89
2025-08-26 01:49:19,720 - INFO - Training ridge for Islamabad...
2025-08-26 01:49:19,728 - INFO - ridge Fold 1 RMSE: 9.81, MAE: 7.48, R2: 0.92
2025-08-26 01:49:19,734 - INFO - ridge Fold 2 RMSE: 7.24, MAE: 4.99, R2: 0.92
2025-08-26 01:49:19,740 - INFO - ridge Fold 3 RMSE: 12.12, MAE: 6.78, R2: 0.85
2025-08-26 01:49:19,746 - INFO - ridge Fold 4 RMSE: 7.35, MAE: 5.57, R2: 0.94
2025-08-26 01:49:19,752 - INFO - ridge Fold 5 RMSE: 5.63, MAE: 4.30, R2: 0.95
2025-08-26 01:49:19,753 - INFO - ridge Average RMSE: 8.43, MAE: 5.82, R2: 0.91
2025-08-26 01:49:19,757 - INFO - Training svr for Islamabad...
2025-08-26 01:49:19,810 - INFO - svr Fold 1 RMSE: 31.18, MAE: 25.81, R2: 0.17
2025-08-26 01:49:19,994 - INFO - svr Fold 2 RMSE: 22.75, MAE: 18.96, R2: 0.24
2025-08-26 01:49:20,445 - INFO - svr Fold 3 RMSE: 12.18, MAE: 8.82, R2: 0.84
2025-08-26 01:49:21,286 - INFO - svr Fold 4 RMSE: 10.27, MAE: 8.35, R2: 0.88
2025-08-26 01:49:22,650 - INFO - svr Fold 5 RMSE: 6.90, MAE: 4.13, R2: 0.92
2025-08-26 01:49:22,651 - INFO - svr Average RMSE: 16.66, MAE: 13.21, R2: 0.61
2025-08-26 01:49:24,475 - INFO - Metrics for Islamabad:
2025-08-26 01:49:24,476 - INFO - random_forest: avg_rmse=9.16, avg_mae=5.82, avg_r2=0.89
2025-08-26 01:49:24,476 - INFO - ridge: avg_rmse=8.43, avg_mae=5.82, avg_r2=0.91
2025-08-26 01:49:24,476 - INFO - svr: avg_rmse=16.66, avg_mae=13.21, avg_r2=0.61
2025-08-27 01:45:46,135 - INFO - 
=== Training/Retraining Models for Karachi ===
2025-08-27 01:45:46,136 - INFO - Processing Karachi with data from data/Karachi_historical_aq.csv
2025-08-27 01:45:46,143 - INFO - Training random_forest for Karachi...
2025-08-27 01:45:46,415 - INFO - random_forest Fold 1 RMSE: 7.37, MAE: 5.42, R2: 0.70
2025-08-27 01:45:46,896 - INFO - random_forest Fold 2 RMSE: 2.69, MAE: 2.08, R2: 0.93
2025-08-27 01:45:47,627 - INFO - random_forest Fold 3 RMSE: 3.15, MAE: 2.45, R2: 0.31
2025-08-27 01:45:48,616 - INFO - random_forest Fold 4 RMSE: 2.37, MAE: 1.77, R2: 0.80
2025-08-27 01:45:49,861 - INFO - random_forest Fold 5 RMSE: 4.02, MAE: 2.36, R2: 0.74
2025-08-27 01:45:49,861 - INFO - random_forest Average RMSE: 3.92, MAE: 2.82, R2: 0.70
2025-08-27 01:45:51,445 - INFO - Training ridge for Karachi...
2025-08-27 01:45:51,453 - INFO - ridge Fold 1 RMSE: 2.17, MAE: 1.51, R2: 0.97
2025-08-27 01:45:51,459 - INFO - ridge Fold 2 RMSE: 1.72, MAE: 1.19, R2: 0.97
2025-08-27 01:45:51,466 - INFO - ridge Fold 3 RMSE: 0.60, MAE: 0.50, R2: 0.97
2025-08-27 01:45:51,472 - INFO - ridge Fold 4 RMSE: 0.82, MAE: 0.63, R2: 0.98
2025-08-27 01:45:51,479 - INFO - ridge Fold 5 RMSE: 1.84, MAE: 1.19, R2: 0.95
2025-08-27 01:45:51,479 - INFO - ridge Average RMSE: 1.43, MAE: 1.00, R2: 0.97
2025-08-27 01:45:51,483 - INFO - Training svr for Karachi...
2025-08-27 01:45:51,520 - INFO - svr Fold 1 RMSE: 7.63, MAE: 5.30, R2: 0.68
2025-08-27 01:45:51,639 - INFO - svr Fold 2 RMSE: 9.70, MAE: 7.86, R2: 0.14
2025-08-27 01:45:51,841 - INFO - svr Fold 3 RMSE: 0.97, MAE: 0.75, R2: 0.93
2025-08-27 01:45:52,112 - INFO - svr Fold 4 RMSE: 11.35, MAE: 9.81, R2: -3.66
2025-08-27 01:45:52,544 - INFO - svr Fold 5 RMSE: 5.11, MAE: 3.03, R2: 0.59
2025-08-27 01:45:52,544 - INFO - svr Average RMSE: 6.95, MAE: 5.35, R2: -0.26
2025-08-27 01:45:53,122 - INFO - Metrics for Karachi:
2025-08-27 01:45:53,122 - INFO - random_forest: avg_rmse=3.92, avg_mae=2.82, avg_r2=0.70
2025-08-27 01:45:53,122 - INFO - ridge: avg_rmse=1.43, avg_mae=1.00, avg_r2=0.97
2025-08-27 01:45:53,122 - INFO - svr: avg_rmse=6.95, avg_mae=5.35, avg_r2=-0.26
2025-08-27 01:45:53,122 - INFO - 
=== Training/Retraining Models for Lahore ===
2025-08-27 01:45:53,122 - INFO - Processing Lahore with data from data/Lahore_historical_aq.csv
2025-08-27 01:45:53,128 - INFO - Training random_forest for Lahore...
2025-08-27 01:45:53,417 - INFO - random_forest Fold 1 RMSE: 40.92, MAE: 19.59, R2: -0.22
2025-08-27 01:45:53,969 - INFO - random_forest Fold 2 RMSE: 8.99, MAE: 6.70, R2: 0.87
2025-08-27 01:45:54,792 - INFO - random_forest Fold 3 RMSE: 11.86, MAE: 6.89, R2: 0.85
2025-08-27 01:45:55,900 - INFO - random_forest Fold 4 RMSE: 4.06, MAE: 3.03, R2: 0.94
2025-08-27 01:45:57,335 - INFO - random_forest Fold 5 RMSE: 12.40, MAE: 7.46, R2: 0.85
2025-08-27 01:45:57,336 - INFO - random_forest Average RMSE: 15.65, MAE: 8.73, R2: 0.66
2025-08-27 01:45:59,105 - INFO - Training ridge for Lahore...
2025-08-27 01:45:59,112 - INFO - ridge Fold 1 RMSE: 37.19, MAE: 17.13, R2: -0.01
2025-08-27 01:45:59,119 - INFO - ridge Fold 2 RMSE: 11.35, MAE: 8.29, R2: 0.79
2025-08-27 01:45:59,124 - INFO - ridge Fold 3 RMSE: 11.09, MAE: 8.78, R2: 0.87
2025-08-27 01:45:59,130 - INFO - ridge Fold 4 RMSE: 6.67, MAE: 5.33, R2: 0.85
2025-08-27 01:45:59,136 - INFO - ridge Fold 5 RMSE: 7.18, MAE: 5.80, R2: 0.95
2025-08-27 01:45:59,136 - INFO - ridge Average RMSE: 14.70, MAE: 9.06, R2: 0.69
2025-08-27 01:45:59,141 - INFO - Training svr for Lahore...
2025-08-27 01:45:59,190 - INFO - svr Fold 1 RMSE: 21.54, MAE: 11.56, R2: 0.66
2025-08-27 01:45:59,354 - INFO - svr Fold 2 RMSE: 35.09, MAE: 28.33, R2: -1.01
2025-08-27 01:45:59,741 - INFO - svr Fold 3 RMSE: 13.04, MAE: 8.01, R2: 0.82
2025-08-27 01:46:00,471 - INFO - svr Fold 4 RMSE: 9.61, MAE: 7.05, R2: 0.69
2025-08-27 01:46:01,624 - INFO - svr Fold 5 RMSE: 19.82, MAE: 11.80, R2: 0.61
2025-08-27 01:46:01,625 - INFO - svr Average RMSE: 19.82, MAE: 13.35, R2: 0.35
2025-08-27 01:46:03,337 - INFO - Metrics for Lahore:
2025-08-27 01:46:03,337 - INFO - random_forest: avg_rmse=15.65, avg_mae=8.73, avg_r2=0.66
2025-08-27 01:46:03,337 - INFO - ridge: avg_rmse=14.70, avg_mae=9.06, avg_r2=0.69
2025-08-27 01:46:03,337 - INFO - svr: avg_rmse=19.82, avg_mae=13.35, avg_r2=0.35
2025-08-27 01:46:03,337 - INFO - 
=== Training/Retraining Models for Islamabad ===
2025-08-27 01:46:03,338 - INFO - Processing Islamabad with data from data/Islamabad_historical_aq.csv
2025-08-27 01:46:03,343 - INFO - Training random_forest for Islamabad...
2025-08-27 01:46:03,621 - INFO - random_forest Fold 1 RMSE: 15.46, MAE: 9.61, R2: 0.78
2025-08-27 01:46:04,134 - INFO - random_forest Fold 2 RMSE: 9.71, MAE: 5.49, R2: 0.87
2025-08-27 01:46:04,923 - INFO - random_forest Fold 3 RMSE: 8.83, MAE: 5.48, R2: 0.92
2025-08-27 01:46:05,987 - INFO - random_forest Fold 4 RMSE: 4.53, MAE: 3.58, R2: 0.98
2025-08-27 01:46:07,366 - INFO - random_forest Fold 5 RMSE: 5.86, MAE: 4.12, R2: 0.93
2025-08-27 01:46:07,366 - INFO - random_forest Average RMSE: 8.88, MAE: 5.66, R2: 0.90
2025-08-27 01:46:09,061 - INFO - Training ridge for Islamabad...
2025-08-27 01:46:09,067 - INFO - ridge Fold 1 RMSE: 10.05, MAE: 7.40, R2: 0.91
2025-08-27 01:46:09,072 - INFO - ridge Fold 2 RMSE: 7.86, MAE: 4.93, R2: 0.91
2025-08-27 01:46:09,078 - INFO - ridge Fold 3 RMSE: 12.22, MAE: 6.81, R2: 0.85
2025-08-27 01:46:09,083 - INFO - ridge Fold 4 RMSE: 6.99, MAE: 4.99, R2: 0.94
2025-08-27 01:46:09,089 - INFO - ridge Fold 5 RMSE: 6.08, MAE: 4.52, R2: 0.93
2025-08-27 01:46:09,089 - INFO - ridge Average RMSE: 8.64, MAE: 5.73, R2: 0.91
2025-08-27 01:46:09,093 - INFO - Training svr for Islamabad...
2025-08-27 01:46:09,147 - INFO - svr Fold 1 RMSE: 32.46, MAE: 27.46, R2: 0.03
2025-08-27 01:46:09,351 - INFO - svr Fold 2 RMSE: 25.95, MAE: 21.55, R2: 0.06
2025-08-27 01:46:09,776 - INFO - svr Fold 3 RMSE: 11.72, MAE: 8.60, R2: 0.86
2025-08-27 01:46:10,710 - INFO - svr Fold 4 RMSE: 10.83, MAE: 8.95, R2: 0.86
2025-08-27 01:46:11,961 - INFO - svr Fold 5 RMSE: 7.12, MAE: 4.48, R2: 0.90
2025-08-27 01:46:11,961 - INFO - svr Average RMSE: 17.61, MAE: 14.20, R2: 0.54
2025-08-27 01:46:13,708 - INFO - Metrics for Islamabad:
2025-08-27 01:46:13,708 - INFO - random_forest: avg_rmse=8.88, avg_mae=5.66, avg_r2=0.90
2025-08-27 01:46:13,708 - INFO - ridge: avg_rmse=8.64, avg_mae=5.73, avg_r2=0.91
2025-08-27 01:46:13,709 - INFO - svr: avg_rmse=17.61, avg_mae=14.20, avg_r2=0.54
2025-08-28 01:45:44,131 - INFO - 
=== Training/Retraining Models for Karachi ===
2025-08-28 01:45:44,131 - INFO - Processing Karachi with data from data/Karachi_historical_aq.csv
2025-08-28 01:45:44,139 - INFO - Training random_forest for Karachi...
2025-08-28 01:45:44,415 - INFO - random_forest Fold 1 RMSE: 5.61, MAE: 4.19, R2: 0.85
2025-08-28 01:45:44,905 - INFO - random_forest Fold 2 RMSE: 2.40, MAE: 1.91, R2: 0.92
2025-08-28 01:45:45,647 - INFO - random_forest Fold 3 RMSE: 2.94, MAE: 2.33, R2: 0.57
2025-08-28 01:45:46,666 - INFO - random_forest Fold 4 RMSE: 2.47, MAE: 1.96, R2: 0.79
2025-08-28 01:45:47,953 - INFO - random_forest Fold 5 RMSE: 3.97, MAE: 2.30, R2: 0.70
2025-08-28 01:45:47,953 - INFO - random_forest Average RMSE: 3.48, MAE: 2.54, R2: 0.77
2025-08-28 01:45:49,559 - INFO - Training ridge for Karachi...
2025-08-28 01:45:49,567 - INFO - ridge Fold 1 RMSE: 2.28, MAE: 1.59, R2: 0.97
2025-08-28 01:45:49,573 - INFO - ridge Fold 2 RMSE: 1.48, MAE: 0.96, R2: 0.97
2025-08-28 01:45:49,580 - INFO - ridge Fold 3 RMSE: 0.64, MAE: 0.53, R2: 0.98
2025-08-28 01:45:49,586 - INFO - ridge Fold 4 RMSE: 0.83, MAE: 0.64, R2: 0.98
2025-08-28 01:45:49,592 - INFO - ridge Fold 5 RMSE: 1.87, MAE: 1.21, R2: 0.93
2025-08-28 01:45:49,592 - INFO - ridge Average RMSE: 1.42, MAE: 0.99, R2: 0.97
2025-08-28 01:45:49,597 - INFO - Training svr for Karachi...
2025-08-28 01:45:49,636 - INFO - svr Fold 1 RMSE: 7.95, MAE: 5.08, R2: 0.69
2025-08-28 01:45:49,745 - INFO - svr Fold 2 RMSE: 2.00, MAE: 1.65, R2: 0.95
2025-08-28 01:45:49,945 - INFO - svr Fold 3 RMSE: 1.03, MAE: 0.81, R2: 0.95
2025-08-28 01:45:50,215 - INFO - svr Fold 4 RMSE: 11.70, MAE: 10.45, R2: -3.81
2025-08-28 01:45:50,647 - INFO - svr Fold 5 RMSE: 5.10, MAE: 3.06, R2: 0.51
2025-08-28 01:45:50,647 - INFO - svr Average RMSE: 5.56, MAE: 4.21, R2: -0.14
2025-08-28 01:45:51,259 - INFO - Metrics for Karachi:
2025-08-28 01:45:51,259 - INFO - random_forest: avg_rmse=3.48, avg_mae=2.54, avg_r2=0.77
2025-08-28 01:45:51,259 - INFO - ridge: avg_rmse=1.42, avg_mae=0.99, avg_r2=0.97
2025-08-28 01:45:51,259 - INFO - svr: avg_rmse=5.56, avg_mae=4.21, avg_r2=-0.14
2025-08-28 01:45:51,259 - INFO - 
=== Training/Retraining Models for Lahore ===
2025-08-28 01:45:51,259 - INFO - Processing Lahore with data from data/Lahore_historical_aq.csv
2025-08-28 01:45:51,265 - INFO - Training random_forest for Lahore...
2025-08-28 01:45:51,550 - INFO - random_forest Fold 1 RMSE: 15.27, MAE: 11.06, R2: 0.62
2025-08-28 01:45:52,095 - INFO - random_forest Fold 2 RMSE: 6.84, MAE: 5.20, R2: 0.92
2025-08-28 01:45:52,932 - INFO - random_forest Fold 3 RMSE: 12.45, MAE: 6.87, R2: 0.83
2025-08-28 01:45:54,066 - INFO - random_forest Fold 4 RMSE: 4.14, MAE: 3.19, R2: 0.94
2025-08-28 01:45:55,527 - INFO - random_forest Fold 5 RMSE: 18.06, MAE: 10.05, R2: 0.70
2025-08-28 01:45:55,527 - INFO - random_forest Average RMSE: 11.35, MAE: 7.27, R2: 0.80
2025-08-28 01:45:57,320 - INFO - Training ridge for Lahore...
2025-08-28 01:45:57,327 - INFO - ridge Fold 1 RMSE: 13.95, MAE: 11.26, R2: 0.68
2025-08-28 01:45:57,332 - INFO - ridge Fold 2 RMSE: 11.21, MAE: 8.30, R2: 0.78
2025-08-28 01:45:57,338 - INFO - ridge Fold 3 RMSE: 11.13, MAE: 8.88, R2: 0.86
2025-08-28 01:45:57,345 - INFO - ridge Fold 4 RMSE: 7.28, MAE: 5.88, R2: 0.82
2025-08-28 01:45:57,351 - INFO - ridge Fold 5 RMSE: 11.69, MAE: 7.64, R2: 0.87
2025-08-28 01:45:57,351 - INFO - ridge Average RMSE: 11.05, MAE: 8.39, R2: 0.80
2025-08-28 01:45:57,355 - INFO - Training svr for Lahore...
2025-08-28 01:45:57,398 - INFO - svr Fold 1 RMSE: 12.32, MAE: 8.79, R2: 0.75
2025-08-28 01:45:57,571 - INFO - svr Fold 2 RMSE: 7.92, MAE: 5.51, R2: 0.89
2025-08-28 01:45:57,959 - INFO - svr Fold 3 RMSE: 12.03, MAE: 7.19, R2: 0.84
2025-08-28 01:45:58,722 - INFO - svr Fold 4 RMSE: 11.29, MAE: 8.78, R2: 0.56
2025-08-28 01:46:00,074 - INFO - svr Fold 5 RMSE: 23.47, MAE: 14.89, R2: 0.49
2025-08-28 01:46:00,074 - INFO - svr Average RMSE: 13.41, MAE: 9.03, R2: 0.71
2025-08-28 01:46:01,899 - INFO - Metrics for Lahore:
2025-08-28 01:46:01,899 - INFO - random_forest: avg_rmse=11.35, avg_mae=7.27, avg_r2=0.80
2025-08-28 01:46:01,899 - INFO - ridge: avg_rmse=11.05, avg_mae=8.39, avg_r2=0.80
2025-08-28 01:46:01,899 - INFO - svr: avg_rmse=13.41, avg_mae=9.03, avg_r2=0.71
2025-08-28 01:46:01,899 - INFO - 
=== Training/Retraining Models for Islamabad ===
2025-08-28 01:46:01,899 - INFO - Processing Islamabad with data from data/Islamabad_historical_aq.csv
2025-08-28 01:46:01,905 - INFO - Training random_forest for Islamabad...
2025-08-28 01:46:02,190 - INFO - random_forest Fold 1 RMSE: 16.82, MAE: 10.48, R2: 0.72
2025-08-28 01:46:02,722 - INFO - random_forest Fold 2 RMSE: 9.21, MAE: 5.37, R2: 0.88
2025-08-28 01:46:03,527 - INFO - random_forest Fold 3 RMSE: 8.61, MAE: 5.25, R2: 0.92
2025-08-28 01:46:04,634 - INFO - random_forest Fold 4 RMSE: 4.80, MAE: 3.79, R2: 0.97
2025-08-28 01:46:06,043 - INFO - random_forest Fold 5 RMSE: 6.49, MAE: 4.37, R2: 0.91
2025-08-28 01:46:06,043 - INFO - random_forest Average RMSE: 9.19, MAE: 5.85, R2: 0.88
2025-08-28 01:46:07,766 - INFO - Training ridge for Islamabad...
2025-08-28 01:46:07,773 - INFO - ridge Fold 1 RMSE: 10.45, MAE: 7.66, R2: 0.89
2025-08-28 01:46:07,779 - INFO - ridge Fold 2 RMSE: 7.28, MAE: 5.02, R2: 0.93
2025-08-28 01:46:07,785 - INFO - ridge Fold 3 RMSE: 12.42, MAE: 7.04, R2: 0.84
2025-08-28 01:46:07,791 - INFO - ridge Fold 4 RMSE: 6.97, MAE: 5.07, R2: 0.94
2025-08-28 01:46:07,797 - INFO - ridge Fold 5 RMSE: 6.13, MAE: 4.54, R2: 0.92
2025-08-28 01:46:07,797 - INFO - ridge Average RMSE: 8.65, MAE: 5.87, R2: 0.90
2025-08-28 01:46:07,802 - INFO - Training svr for Islamabad...
2025-08-28 01:46:07,857 - INFO - svr Fold 1 RMSE: 32.98, MAE: 28.86, R2: -0.07
2025-08-28 01:46:08,054 - INFO - svr Fold 2 RMSE: 10.58, MAE: 6.93, R2: 0.84
2025-08-28 01:46:08,513 - INFO - svr Fold 3 RMSE: 12.12, MAE: 8.83, R2: 0.85
2025-08-28 01:46:09,390 - INFO - svr Fold 4 RMSE: 11.78, MAE: 9.85, R2: 0.83
2025-08-28 01:46:10,718 - INFO - svr Fold 5 RMSE: 7.33, MAE: 4.69, R2: 0.89
2025-08-28 01:46:10,718 - INFO - svr Average RMSE: 14.96, MAE: 11.83, R2: 0.67
2025-08-28 01:46:12,549 - INFO - Metrics for Islamabad:
2025-08-28 01:46:12,549 - INFO - random_forest: avg_rmse=9.19, avg_mae=5.85, avg_r2=0.88
2025-08-28 01:46:12,549 - INFO - ridge: avg_rmse=8.65, avg_mae=5.87, avg_r2=0.90
2025-08-28 01:46:12,549 - INFO - svr: avg_rmse=14.96, avg_mae=11.83, avg_r2=0.67
2025-08-29 01:44:52,906 - INFO - 
=== Training/Retraining Models for Karachi ===
2025-08-29 01:44:52,907 - INFO - Processing Karachi with data from data/Karachi_historical_aq.csv
2025-08-29 01:44:52,914 - INFO - Training random_forest for Karachi...
2025-08-29 01:44:53,185 - INFO - random_forest Fold 1 RMSE: 5.42, MAE: 4.31, R2: 0.83
2025-08-29 01:44:53,672 - INFO - random_forest Fold 2 RMSE: 2.36, MAE: 1.92, R2: 0.91
2025-08-29 01:44:54,411 - INFO - random_forest Fold 3 RMSE: 2.02, MAE: 1.51, R2: 0.84
2025-08-29 01:44:55,400 - INFO - random_forest Fold 4 RMSE: 2.39, MAE: 1.88, R2: 0.80
2025-08-29 01:44:56,664 - INFO - random_forest Fold 5 RMSE: 4.06, MAE: 2.36, R2: 0.67
2025-08-29 01:44:56,664 - INFO - random_forest Average RMSE: 3.25, MAE: 2.40, R2: 0.81
2025-08-29 01:44:58,236 - INFO - Training ridge for Karachi...
2025-08-29 01:44:58,243 - INFO - ridge Fold 1 RMSE: 2.14, MAE: 1.58, R2: 0.97
2025-08-29 01:44:58,249 - INFO - ridge Fold 2 RMSE: 2.76, MAE: 2.59, R2: 0.88
2025-08-29 01:44:58,255 - INFO - ridge Fold 3 RMSE: 0.64, MAE: 0.54, R2: 0.98
2025-08-29 01:44:58,260 - INFO - ridge Fold 4 RMSE: 0.86, MAE: 0.66, R2: 0.97
2025-08-29 01:44:58,266 - INFO - ridge Fold 5 RMSE: 2.03, MAE: 1.25, R2: 0.92
2025-08-29 01:44:58,266 - INFO - ridge Average RMSE: 1.68, MAE: 1.32, R2: 0.95
2025-08-29 01:44:58,270 - INFO - Training svr for Karachi...
2025-08-29 01:44:58,314 - INFO - svr Fold 1 RMSE: 6.13, MAE: 4.04, R2: 0.78
2025-08-29 01:44:58,421 - INFO - svr Fold 2 RMSE: 7.42, MAE: 6.32, R2: 0.16
2025-08-29 01:44:58,613 - INFO - svr Fold 3 RMSE: 1.08, MAE: 0.86, R2: 0.95
2025-08-29 01:44:58,866 - INFO - svr Fold 4 RMSE: 11.68, MAE: 10.81, R2: -3.82
2025-08-29 01:44:59,296 - INFO - svr Fold 5 RMSE: 4.81, MAE: 2.80, R2: 0.54
2025-08-29 01:44:59,297 - INFO - svr Average RMSE: 6.22, MAE: 4.96, R2: -0.28
2025-08-29 01:44:59,845 - INFO - Metrics for Karachi:
2025-08-29 01:44:59,845 - INFO - random_forest: avg_rmse=3.25, avg_mae=2.40, avg_r2=0.81
2025-08-29 01:44:59,845 - INFO - ridge: avg_rmse=1.68, avg_mae=1.32, avg_r2=0.95
2025-08-29 01:44:59,845 - INFO - svr: avg_rmse=6.22, avg_mae=4.96, avg_r2=-0.28
2025-08-29 01:44:59,845 - INFO - 
=== Training/Retraining Models for Lahore ===
2025-08-29 01:44:59,845 - INFO - Processing Lahore with data from data/Lahore_historical_aq.csv
2025-08-29 01:44:59,852 - INFO - Training random_forest for Lahore...
2025-08-29 01:45:00,138 - INFO - random_forest Fold 1 RMSE: 12.75, MAE: 8.78, R2: 0.74
2025-08-29 01:45:00,676 - INFO - random_forest Fold 2 RMSE: 7.52, MAE: 5.52, R2: 0.91
2025-08-29 01:45:01,517 - INFO - random_forest Fold 3 RMSE: 12.52, MAE: 7.30, R2: 0.79
2025-08-29 01:45:02,651 - INFO - random_forest Fold 4 RMSE: 4.16, MAE: 3.03, R2: 0.94
2025-08-29 01:45:04,080 - INFO - random_forest Fold 5 RMSE: 23.48, MAE: 12.56, R2: 0.47
2025-08-29 01:45:04,080 - INFO - random_forest Average RMSE: 12.09, MAE: 7.44, R2: 0.77
2025-08-29 01:45:05,834 - INFO - Training ridge for Lahore...
2025-08-29 01:45:05,840 - INFO - ridge Fold 1 RMSE: 12.38, MAE: 10.06, R2: 0.76
2025-08-29 01:45:05,846 - INFO - ridge Fold 2 RMSE: 11.37, MAE: 8.69, R2: 0.80
2025-08-29 01:45:05,852 - INFO - ridge Fold 3 RMSE: 11.36, MAE: 9.10, R2: 0.83
2025-08-29 01:45:05,858 - INFO - ridge Fold 4 RMSE: 7.30, MAE: 5.91, R2: 0.81
2025-08-29 01:45:05,864 - INFO - ridge Fold 5 RMSE: 14.28, MAE: 9.28, R2: 0.80
2025-08-29 01:45:05,864 - INFO - ridge Average RMSE: 11.34, MAE: 8.61, R2: 0.80
2025-08-29 01:45:05,868 - INFO - Training svr for Lahore...
2025-08-29 01:45:05,906 - INFO - svr Fold 1 RMSE: 11.87, MAE: 8.57, R2: 0.78
2025-08-29 01:45:06,081 - INFO - svr Fold 2 RMSE: 28.62, MAE: 22.36, R2: -0.24
2025-08-29 01:45:06,459 - INFO - svr Fold 3 RMSE: 12.07, MAE: 7.32, R2: 0.81
2025-08-29 01:45:07,184 - INFO - svr Fold 4 RMSE: 11.33, MAE: 8.90, R2: 0.55
2025-08-29 01:45:08,338 - INFO - svr Fold 5 RMSE: 23.85, MAE: 15.82, R2: 0.46
2025-08-29 01:45:08,338 - INFO - svr Average RMSE: 17.55, MAE: 12.59, R2: 0.47
2025-08-29 01:45:10,031 - INFO - Metrics for Lahore:
2025-08-29 01:45:10,031 - INFO - random_forest: avg_rmse=12.09, avg_mae=7.44, avg_r2=0.77
2025-08-29 01:45:10,031 - INFO - ridge: avg_rmse=11.34, avg_mae=8.61, avg_r2=0.80
2025-08-29 01:45:10,031 - INFO - svr: avg_rmse=17.55, avg_mae=12.59, avg_r2=0.47
2025-08-29 01:45:10,031 - INFO - 
=== Training/Retraining Models for Islamabad ===
2025-08-29 01:45:10,031 - INFO - Processing Islamabad with data from data/Islamabad_historical_aq.csv
2025-08-29 01:45:10,036 - INFO - Training random_forest for Islamabad...
2025-08-29 01:45:10,314 - INFO - random_forest Fold 1 RMSE: 17.19, MAE: 11.09, R2: 0.70
2025-08-29 01:45:10,831 - INFO - random_forest Fold 2 RMSE: 9.43, MAE: 5.41, R2: 0.88
2025-08-29 01:45:11,629 - INFO - random_forest Fold 3 RMSE: 9.16, MAE: 5.85, R2: 0.92
2025-08-29 01:45:12,726 - INFO - random_forest Fold 4 RMSE: 5.90, MAE: 4.63, R2: 0.95
2025-08-29 01:45:14,105 - INFO - random_forest Fold 5 RMSE: 8.20, MAE: 5.12, R2: 0.87
2025-08-29 01:45:14,105 - INFO - random_forest Average RMSE: 9.98, MAE: 6.42, R2: 0.86
2025-08-29 01:45:15,791 - INFO - Training ridge for Islamabad...
2025-08-29 01:45:15,798 - INFO - ridge Fold 1 RMSE: 10.16, MAE: 7.48, R2: 0.89
2025-08-29 01:45:15,804 - INFO - ridge Fold 2 RMSE: 7.63, MAE: 5.16, R2: 0.92
2025-08-29 01:45:15,809 - INFO - ridge Fold 3 RMSE: 12.87, MAE: 7.84, R2: 0.84
2025-08-29 01:45:15,815 - INFO - ridge Fold 4 RMSE: 5.98, MAE: 4.79, R2: 0.95
2025-08-29 01:45:15,821 - INFO - ridge Fold 5 RMSE: 6.80, MAE: 4.88, R2: 0.91
2025-08-29 01:45:15,821 - INFO - ridge Average RMSE: 8.69, MAE: 6.03, R2: 0.90
2025-08-29 01:45:15,825 - INFO - Training svr for Islamabad...
2025-08-29 01:45:15,882 - INFO - svr Fold 1 RMSE: 30.87, MAE: 26.95, R2: 0.03
2025-08-29 01:45:16,078 - INFO - svr Fold 2 RMSE: 26.41, MAE: 22.11, R2: 0.02
2025-08-29 01:45:16,571 - INFO - svr Fold 3 RMSE: 12.13, MAE: 9.09, R2: 0.86
2025-08-29 01:45:17,427 - INFO - svr Fold 4 RMSE: 12.13, MAE: 10.32, R2: 0.81
2025-08-29 01:45:18,719 - INFO - svr Fold 5 RMSE: 8.61, MAE: 5.30, R2: 0.85
2025-08-29 01:45:18,720 - INFO - svr Average RMSE: 18.03, MAE: 14.75, R2: 0.51
2025-08-29 01:45:20,551 - INFO - Metrics for Islamabad:
2025-08-29 01:45:20,551 - INFO - random_forest: avg_rmse=9.98, avg_mae=6.42, avg_r2=0.86
2025-08-29 01:45:20,551 - INFO - ridge: avg_rmse=8.69, avg_mae=6.03, avg_r2=0.90
2025-08-29 01:45:20,551 - INFO - svr: avg_rmse=18.03, avg_mae=14.75, avg_r2=0.51
2025-08-30 01:39:43,907 - INFO - 
=== Training/Retraining Models for Karachi ===
2025-08-30 01:39:43,907 - INFO - Processing Karachi with data from data/Karachi_historical_aq.csv
2025-08-30 01:39:43,914 - INFO - Training random_forest for Karachi...
2025-08-30 01:39:44,187 - INFO - random_forest Fold 1 RMSE: 6.37, MAE: 4.96, R2: 0.63
2025-08-30 01:39:44,677 - INFO - random_forest Fold 2 RMSE: 1.93, MAE: 1.50, R2: 0.93
2025-08-30 01:39:45,411 - INFO - random_forest Fold 3 RMSE: 1.63, MAE: 1.20, R2: 0.88
2025-08-30 01:39:46,401 - INFO - random_forest Fold 4 RMSE: 2.21, MAE: 1.73, R2: 0.76
2025-08-30 01:39:47,645 - INFO - random_forest Fold 5 RMSE: 4.09, MAE: 2.42, R2: 0.70
2025-08-30 01:39:47,645 - INFO - random_forest Average RMSE: 3.25, MAE: 2.36, R2: 0.78
2025-08-30 01:39:49,210 - INFO - Training ridge for Karachi...
2025-08-30 01:39:49,217 - INFO - ridge Fold 1 RMSE: 2.09, MAE: 1.55, R2: 0.96
2025-08-30 01:39:49,223 - INFO - ridge Fold 2 RMSE: 1.17, MAE: 0.86, R2: 0.98
2025-08-30 01:39:49,229 - INFO - ridge Fold 3 RMSE: 0.56, MAE: 0.49, R2: 0.99
2025-08-30 01:39:49,235 - INFO - ridge Fold 4 RMSE: 0.84, MAE: 0.67, R2: 0.97
2025-08-30 01:39:49,241 - INFO - ridge Fold 5 RMSE: 2.13, MAE: 1.31, R2: 0.92
2025-08-30 01:39:49,241 - INFO - ridge Average RMSE: 1.36, MAE: 0.98, R2: 0.96
2025-08-30 01:39:49,246 - INFO - Training svr for Karachi...
2025-08-30 01:39:49,289 - INFO - svr Fold 1 RMSE: 5.93, MAE: 3.98, R2: 0.68
2025-08-30 01:39:49,393 - INFO - svr Fold 2 RMSE: 8.02, MAE: 6.67, R2: -0.16
2025-08-30 01:39:49,573 - INFO - svr Fold 3 RMSE: 0.89, MAE: 0.72, R2: 0.96
2025-08-30 01:39:49,822 - INFO - svr Fold 4 RMSE: 11.22, MAE: 10.67, R2: -5.14
2025-08-30 01:39:50,213 - INFO - svr Fold 5 RMSE: 4.78, MAE: 2.79, R2: 0.59
2025-08-30 01:39:50,214 - INFO - svr Average RMSE: 6.17, MAE: 4.97, R2: -0.61
2025-08-30 01:39:50,700 - INFO - Metrics for Karachi:
2025-08-30 01:39:50,700 - INFO - random_forest: avg_rmse=3.25, avg_mae=2.36, avg_r2=0.78
2025-08-30 01:39:50,700 - INFO - ridge: avg_rmse=1.36, avg_mae=0.98, avg_r2=0.96
2025-08-30 01:39:50,700 - INFO - svr: avg_rmse=6.17, avg_mae=4.97, avg_r2=-0.61
2025-08-30 01:39:50,701 - INFO - 
=== Training/Retraining Models for Lahore ===
2025-08-30 01:39:50,701 - INFO - Processing Lahore with data from data/Lahore_historical_aq.csv
2025-08-30 01:39:50,707 - INFO - Training random_forest for Lahore...
2025-08-30 01:39:50,995 - INFO - random_forest Fold 1 RMSE: 14.63, MAE: 9.58, R2: 0.70
2025-08-30 01:39:51,542 - INFO - random_forest Fold 2 RMSE: 7.51, MAE: 5.54, R2: 0.92
2025-08-30 01:39:52,363 - INFO - random_forest Fold 3 RMSE: 12.25, MAE: 7.26, R2: 0.77
2025-08-30 01:39:53,473 - INFO - random_forest Fold 4 RMSE: 4.04, MAE: 3.10, R2: 0.94
2025-08-30 01:39:54,906 - INFO - random_forest Fold 5 RMSE: 23.64, MAE: 12.56, R2: 0.46
2025-08-30 01:39:54,906 - INFO - random_forest Average RMSE: 12.42, MAE: 7.61, R2: 0.76
2025-08-30 01:39:56,654 - INFO - Training ridge for Lahore...
2025-08-30 01:39:56,660 - INFO - ridge Fold 1 RMSE: 11.41, MAE: 9.20, R2: 0.82
2025-08-30 01:39:56,666 - INFO - ridge Fold 2 RMSE: 11.65, MAE: 8.64, R2: 0.80
2025-08-30 01:39:56,672 - INFO - ridge Fold 3 RMSE: 10.80, MAE: 8.52, R2: 0.82
2025-08-30 01:39:56,678 - INFO - ridge Fold 4 RMSE: 7.40, MAE: 6.06, R2: 0.80
2025-08-30 01:39:56,684 - INFO - ridge Fold 5 RMSE: 14.14, MAE: 9.08, R2: 0.81
2025-08-30 01:39:56,684 - INFO - ridge Average RMSE: 11.08, MAE: 8.30, R2: 0.81
2025-08-30 01:39:56,689 - INFO - Training svr for Lahore...
2025-08-30 01:39:56,726 - INFO - svr Fold 1 RMSE: 12.31, MAE: 8.88, R2: 0.79
2025-08-30 01:39:56,888 - INFO - svr Fold 2 RMSE: 19.80, MAE: 16.55, R2: 0.42
2025-08-30 01:39:57,275 - INFO - svr Fold 3 RMSE: 12.06, MAE: 7.18, R2: 0.78
2025-08-30 01:39:58,092 - INFO - svr Fold 4 RMSE: 12.38, MAE: 10.15, R2: 0.43
2025-08-30 01:39:59,336 - INFO - svr Fold 5 RMSE: 24.01, MAE: 16.20, R2: 0.44
2025-08-30 01:39:59,336 - INFO - svr Average RMSE: 16.11, MAE: 11.79, R2: 0.57
2025-08-30 01:40:01,152 - INFO - Metrics for Lahore:
2025-08-30 01:40:01,152 - INFO - random_forest: avg_rmse=12.42, avg_mae=7.61, avg_r2=0.76
2025-08-30 01:40:01,152 - INFO - ridge: avg_rmse=11.08, avg_mae=8.30, avg_r2=0.81
2025-08-30 01:40:01,152 - INFO - svr: avg_rmse=16.11, avg_mae=11.79, avg_r2=0.57
2025-08-30 01:40:01,152 - INFO - 
=== Training/Retraining Models for Islamabad ===
2025-08-30 01:40:01,152 - INFO - Processing Islamabad with data from data/Islamabad_historical_aq.csv
2025-08-30 01:40:01,157 - INFO - Training random_forest for Islamabad...
2025-08-30 01:40:01,439 - INFO - random_forest Fold 1 RMSE: 17.44, MAE: 12.05, R2: 0.71
2025-08-30 01:40:01,959 - INFO - random_forest Fold 2 RMSE: 9.78, MAE: 5.96, R2: 0.88
2025-08-30 01:40:02,762 - INFO - random_forest Fold 3 RMSE: 9.21, MAE: 6.03, R2: 0.92
2025-08-30 01:40:03,867 - INFO - random_forest Fold 4 RMSE: 5.63, MAE: 4.27, R2: 0.95
2025-08-30 01:40:05,241 - INFO - random_forest Fold 5 RMSE: 8.90, MAE: 5.71, R2: 0.84
2025-08-30 01:40:05,241 - INFO - random_forest Average RMSE: 10.19, MAE: 6.80, R2: 0.86
2025-08-30 01:40:06,926 - INFO - Training ridge for Islamabad...
2025-08-30 01:40:06,932 - INFO - ridge Fold 1 RMSE: 11.23, MAE: 8.54, R2: 0.88
2025-08-30 01:40:06,938 - INFO - ridge Fold 2 RMSE: 7.84, MAE: 4.98, R2: 0.92
2025-08-30 01:40:06,944 - INFO - ridge Fold 3 RMSE: 13.02, MAE: 7.91, R2: 0.85
2025-08-30 01:40:06,949 - INFO - ridge Fold 4 RMSE: 5.28, MAE: 4.18, R2: 0.95
2025-08-30 01:40:06,955 - INFO - ridge Fold 5 RMSE: 7.82, MAE: 5.40, R2: 0.88
2025-08-30 01:40:06,955 - INFO - ridge Average RMSE: 9.04, MAE: 6.20, R2: 0.89
2025-08-30 01:40:06,959 - INFO - Training svr for Islamabad...
2025-08-30 01:40:07,012 - INFO - svr Fold 1 RMSE: 21.74, MAE: 18.11, R2: 0.54
2025-08-30 01:40:07,189 - INFO - svr Fold 2 RMSE: 24.72, MAE: 19.73, R2: 0.22
2025-08-30 01:40:07,606 - INFO - svr Fold 3 RMSE: 11.80, MAE: 8.95, R2: 0.87
2025-08-30 01:40:08,441 - INFO - svr Fold 4 RMSE: 12.12, MAE: 10.39, R2: 0.75
2025-08-30 01:40:09,667 - INFO - svr Fold 5 RMSE: 8.78, MAE: 5.58, R2: 0.84
2025-08-30 01:40:09,667 - INFO - svr Average RMSE: 15.83, MAE: 12.55, R2: 0.64
2025-08-30 01:40:11,474 - INFO - Metrics for Islamabad:
2025-08-30 01:40:11,474 - INFO - random_forest: avg_rmse=10.19, avg_mae=6.80, avg_r2=0.86
2025-08-30 01:40:11,474 - INFO - ridge: avg_rmse=9.04, avg_mae=6.20, avg_r2=0.89
2025-08-30 01:40:11,474 - INFO - svr: avg_rmse=15.83, avg_mae=12.55, avg_r2=0.64
2025-08-31 01:49:46,851 - INFO - 
=== Training/Retraining Models for Karachi ===
2025-08-31 01:49:46,851 - INFO - Processing Karachi with data from data/Karachi_historical_aq.csv
2025-08-31 01:49:46,859 - INFO - Training random_forest for Karachi...
2025-08-31 01:49:47,134 - INFO - random_forest Fold 1 RMSE: 5.55, MAE: 4.26, R2: 0.70
2025-08-31 01:49:47,633 - INFO - random_forest Fold 2 RMSE: 1.95, MAE: 1.48, R2: 0.92
2025-08-31 01:49:48,375 - INFO - random_forest Fold 3 RMSE: 1.53, MAE: 1.15, R2: 0.87
2025-08-31 01:49:49,373 - INFO - random_forest Fold 4 RMSE: 2.54, MAE: 1.95, R2: 0.76
2025-08-31 01:49:50,645 - INFO - random_forest Fold 5 RMSE: 4.08, MAE: 2.34, R2: 0.83
2025-08-31 01:49:50,645 - INFO - random_forest Average RMSE: 3.13, MAE: 2.24, R2: 0.81
2025-08-31 01:49:52,210 - INFO - Training ridge for Karachi...
2025-08-31 01:49:52,217 - INFO - ridge Fold 1 RMSE: 1.81, MAE: 1.28, R2: 0.97
2025-08-31 01:49:52,223 - INFO - ridge Fold 2 RMSE: 1.30, MAE: 1.00, R2: 0.96
2025-08-31 01:49:52,229 - INFO - ridge Fold 3 RMSE: 0.49, MAE: 0.41, R2: 0.99
2025-08-31 01:49:52,234 - INFO - ridge Fold 4 RMSE: 0.78, MAE: 0.63, R2: 0.98
2025-08-31 01:49:52,240 - INFO - ridge Fold 5 RMSE: 2.00, MAE: 1.32, R2: 0.96
2025-08-31 01:49:52,240 - INFO - ridge Average RMSE: 1.28, MAE: 0.93, R2: 0.97
2025-08-31 01:49:52,244 - INFO - Training svr for Karachi...
2025-08-31 01:49:52,284 - INFO - svr Fold 1 RMSE: 5.59, MAE: 3.72, R2: 0.69
2025-08-31 01:49:52,377 - INFO - svr Fold 2 RMSE: 7.05, MAE: 6.05, R2: -0.10
2025-08-31 01:49:52,537 - INFO - svr Fold 3 RMSE: 1.25, MAE: 0.93, R2: 0.92
2025-08-31 01:49:52,763 - INFO - svr Fold 4 RMSE: 9.13, MAE: 8.38, R2: -2.17
2025-08-31 01:49:53,137 - INFO - svr Fold 5 RMSE: 6.05, MAE: 3.55, R2: 0.62
2025-08-31 01:49:53,137 - INFO - svr Average RMSE: 5.81, MAE: 4.53, R2: -0.01
2025-08-31 01:49:53,631 - INFO - Metrics for Karachi:
2025-08-31 01:49:53,631 - INFO - random_forest: avg_rmse=3.13, avg_mae=2.24, avg_r2=0.81
2025-08-31 01:49:53,631 - INFO - ridge: avg_rmse=1.28, avg_mae=0.93, avg_r2=0.97
2025-08-31 01:49:53,631 - INFO - svr: avg_rmse=5.81, avg_mae=4.53, avg_r2=-0.01
2025-08-31 01:49:53,631 - INFO - 
=== Training/Retraining Models for Lahore ===
2025-08-31 01:49:53,631 - INFO - Processing Lahore with data from data/Lahore_historical_aq.csv
2025-08-31 01:49:53,637 - INFO - Training random_forest for Lahore...
2025-08-31 01:49:53,922 - INFO - random_forest Fold 1 RMSE: 9.24, MAE: 6.49, R2: 0.88
2025-08-31 01:49:54,460 - INFO - random_forest Fold 2 RMSE: 8.83, MAE: 6.69, R2: 0.88
2025-08-31 01:49:55,281 - INFO - random_forest Fold 3 RMSE: 12.52, MAE: 7.09, R2: 0.79
2025-08-31 01:49:56,395 - INFO - random_forest Fold 4 RMSE: 4.29, MAE: 3.08, R2: 0.90
2025-08-31 01:49:57,848 - INFO - random_forest Fold 5 RMSE: 23.85, MAE: 13.25, R2: 0.43
2025-08-31 01:49:57,848 - INFO - random_forest Average RMSE: 11.75, MAE: 7.32, R2: 0.77
2025-08-31 01:49:59,601 - INFO - Training ridge for Lahore...
2025-08-31 01:49:59,608 - INFO - ridge Fold 1 RMSE: 12.26, MAE: 9.85, R2: 0.79
2025-08-31 01:49:59,613 - INFO - ridge Fold 2 RMSE: 11.48, MAE: 9.02, R2: 0.80
2025-08-31 01:49:59,619 - INFO - ridge Fold 3 RMSE: 11.25, MAE: 8.87, R2: 0.83
2025-08-31 01:49:59,624 - INFO - ridge Fold 4 RMSE: 5.91, MAE: 4.82, R2: 0.80
2025-08-31 01:49:59,630 - INFO - ridge Fold 5 RMSE: 14.19, MAE: 9.34, R2: 0.80
2025-08-31 01:49:59,630 - INFO - ridge Average RMSE: 11.02, MAE: 8.38, R2: 0.80
2025-08-31 01:49:59,634 - INFO - Training svr for Lahore...
2025-08-31 01:49:59,682 - INFO - svr Fold 1 RMSE: 11.55, MAE: 8.31, R2: 0.81
2025-08-31 01:49:59,842 - INFO - svr Fold 2 RMSE: 16.13, MAE: 13.19, R2: 0.61
2025-08-31 01:50:00,215 - INFO - svr Fold 3 RMSE: 13.25, MAE: 8.28, R2: 0.76
2025-08-31 01:50:00,928 - INFO - svr Fold 4 RMSE: 7.62, MAE: 5.87, R2: 0.68
2025-08-31 01:50:02,038 - INFO - svr Fold 5 RMSE: 24.13, MAE: 16.74, R2: 0.41
2025-08-31 01:50:02,038 - INFO - svr Average RMSE: 14.53, MAE: 10.48, R2: 0.65
2025-08-31 01:50:03,689 - INFO - Metrics for Lahore:
2025-08-31 01:50:03,689 - INFO - random_forest: avg_rmse=11.75, avg_mae=7.32, avg_r2=0.77
2025-08-31 01:50:03,689 - INFO - ridge: avg_rmse=11.02, avg_mae=8.38, avg_r2=0.80
2025-08-31 01:50:03,689 - INFO - svr: avg_rmse=14.53, avg_mae=10.48, avg_r2=0.65
2025-08-31 01:50:03,689 - INFO - 
=== Training/Retraining Models for Islamabad ===
2025-08-31 01:50:03,689 - INFO - Processing Islamabad with data from data/Islamabad_historical_aq.csv
2025-08-31 01:50:03,694 - INFO - Training random_forest for Islamabad...
2025-08-31 01:50:03,984 - INFO - random_forest Fold 1 RMSE: 17.66, MAE: 12.21, R2: 0.68
2025-08-31 01:50:04,508 - INFO - random_forest Fold 2 RMSE: 11.32, MAE: 7.19, R2: 0.87
2025-08-31 01:50:05,336 - INFO - random_forest Fold 3 RMSE: 7.85, MAE: 5.15, R2: 0.94
2025-08-31 01:50:06,433 - INFO - random_forest Fold 4 RMSE: 6.04, MAE: 4.65, R2: 0.93
2025-08-31 01:50:07,800 - INFO - random_forest Fold 5 RMSE: 8.81, MAE: 5.78, R2: 0.86
2025-08-31 01:50:07,800 - INFO - random_forest Average RMSE: 10.33, MAE: 7.00, R2: 0.86
2025-08-31 01:50:09,472 - INFO - Training ridge for Islamabad...
2025-08-31 01:50:09,478 - INFO - ridge Fold 1 RMSE: 11.06, MAE: 8.68, R2: 0.87
2025-08-31 01:50:09,484 - INFO - ridge Fold 2 RMSE: 8.99, MAE: 5.62, R2: 0.92
2025-08-31 01:50:09,489 - INFO - ridge Fold 3 RMSE: 12.24, MAE: 7.40, R2: 0.85
2025-08-31 01:50:09,495 - INFO - ridge Fold 4 RMSE: 6.01, MAE: 4.72, R2: 0.94
2025-08-31 01:50:09,501 - INFO - ridge Fold 5 RMSE: 7.21, MAE: 5.01, R2: 0.91
2025-08-31 01:50:09,501 - INFO - ridge Average RMSE: 9.10, MAE: 6.29, R2: 0.90
2025-08-31 01:50:09,505 - INFO - Training svr for Islamabad...
2025-08-31 01:50:09,563 - INFO - svr Fold 1 RMSE: 21.62, MAE: 17.88, R2: 0.51
2025-08-31 01:50:09,751 - INFO - svr Fold 2 RMSE: 23.70, MAE: 19.28, R2: 0.43
2025-08-31 01:50:10,182 - INFO - svr Fold 3 RMSE: 10.40, MAE: 7.44, R2: 0.89
2025-08-31 01:50:10,936 - INFO - svr Fold 4 RMSE: 11.44, MAE: 9.62, R2: 0.77
2025-08-31 01:50:12,155 - INFO - svr Fold 5 RMSE: 8.90, MAE: 5.79, R2: 0.86
2025-08-31 01:50:12,155 - INFO - svr Average RMSE: 15.21, MAE: 12.00, R2: 0.69
2025-08-31 01:50:13,872 - INFO - Metrics for Islamabad:
2025-08-31 01:50:13,872 - INFO - random_forest: avg_rmse=10.33, avg_mae=7.00, avg_r2=0.86
2025-08-31 01:50:13,872 - INFO - ridge: avg_rmse=9.10, avg_mae=6.29, avg_r2=0.90
2025-08-31 01:50:13,872 - INFO - svr: avg_rmse=15.21, avg_mae=12.00, avg_r2=0.69
2025-09-02 01:46:37,765 - INFO - 
=== Training/Retraining Models for Karachi ===
2025-09-02 01:46:37,765 - INFO - Processing Karachi with data from data/Karachi_historical_aq.csv
2025-09-02 01:46:37,773 - INFO - Training random_forest for Karachi...
2025-09-02 01:46:38,054 - INFO - random_forest Fold 1 RMSE: 4.59, MAE: 3.54, R2: 0.78
2025-09-02 01:46:38,562 - INFO - random_forest Fold 2 RMSE: 2.73, MAE: 2.20, R2: 0.86
2025-09-02 01:46:39,315 - INFO - random_forest Fold 3 RMSE: 1.36, MAE: 1.08, R2: 0.92
2025-09-02 01:46:40,316 - INFO - random_forest Fold 4 RMSE: 2.47, MAE: 1.87, R2: 0.85
2025-09-02 01:46:41,577 - INFO - random_forest Fold 5 RMSE: 4.03, MAE: 2.44, R2: 0.85
2025-09-02 01:46:41,577 - INFO - random_forest Average RMSE: 3.03, MAE: 2.23, R2: 0.85
2025-09-02 01:46:43,161 - INFO - Training ridge for Karachi...
2025-09-02 01:46:43,168 - INFO - ridge Fold 1 RMSE: 1.84, MAE: 1.31, R2: 0.97
2025-09-02 01:46:43,174 - INFO - ridge Fold 2 RMSE: 0.92, MAE: 0.70, R2: 0.98
2025-09-02 01:46:43,180 - INFO - ridge Fold 3 RMSE: 0.54, MAE: 0.46, R2: 0.99
2025-09-02 01:46:43,185 - INFO - ridge Fold 4 RMSE: 0.77, MAE: 0.62, R2: 0.99
2025-09-02 01:46:43,191 - INFO - ridge Fold 5 RMSE: 2.10, MAE: 1.50, R2: 0.96
2025-09-02 01:46:43,192 - INFO - ridge Average RMSE: 1.23, MAE: 0.92, R2: 0.98
2025-09-02 01:46:43,196 - INFO - Training svr for Karachi...
2025-09-02 01:46:43,229 - INFO - svr Fold 1 RMSE: 5.89, MAE: 3.96, R2: 0.64
2025-09-02 01:46:43,317 - INFO - svr Fold 2 RMSE: 3.74, MAE: 3.26, R2: 0.73
2025-09-02 01:46:43,469 - INFO - svr Fold 3 RMSE: 3.11, MAE: 1.85, R2: 0.59
2025-09-02 01:46:43,700 - INFO - svr Fold 4 RMSE: 6.45, MAE: 5.80, R2: -0.04
2025-09-02 01:46:44,057 - INFO - svr Fold 5 RMSE: 6.63, MAE: 4.19, R2: 0.61
2025-09-02 01:46:44,057 - INFO - svr Average RMSE: 5.16, MAE: 3.81, R2: 0.50
2025-09-02 01:46:44,551 - INFO - Metrics for Karachi:
2025-09-02 01:46:44,551 - INFO - random_forest: avg_rmse=3.03, avg_mae=2.23, avg_r2=0.85
2025-09-02 01:46:44,551 - INFO - ridge: avg_rmse=1.23, avg_mae=0.92, avg_r2=0.98
2025-09-02 01:46:44,551 - INFO - svr: avg_rmse=5.16, avg_mae=3.81, avg_r2=0.50
2025-09-02 01:46:44,551 - INFO - 
=== Training/Retraining Models for Lahore ===
2025-09-02 01:46:44,552 - INFO - Processing Lahore with data from data/Lahore_historical_aq.csv
2025-09-02 01:46:44,557 - INFO - Training random_forest for Lahore...
2025-09-02 01:46:44,845 - INFO - random_forest Fold 1 RMSE: 10.75, MAE: 8.20, R2: 0.82
2025-09-02 01:46:45,384 - INFO - random_forest Fold 2 RMSE: 8.86, MAE: 6.80, R2: 0.89
2025-09-02 01:46:46,223 - INFO - random_forest Fold 3 RMSE: 12.68, MAE: 7.11, R2: 0.79
2025-09-02 01:46:47,346 - INFO - random_forest Fold 4 RMSE: 4.27, MAE: 3.01, R2: 0.91
2025-09-02 01:46:48,810 - INFO - random_forest Fold 5 RMSE: 23.74, MAE: 14.29, R2: 0.35
2025-09-02 01:46:48,810 - INFO - random_forest Average RMSE: 12.06, MAE: 7.88, R2: 0.75
2025-09-02 01:46:50,586 - INFO - Training ridge for Lahore...
2025-09-02 01:46:50,593 - INFO - ridge Fold 1 RMSE: 11.37, MAE: 8.90, R2: 0.80
2025-09-02 01:46:50,599 - INFO - ridge Fold 2 RMSE: 13.15, MAE: 9.63, R2: 0.75
2025-09-02 01:46:50,604 - INFO - ridge Fold 3 RMSE: 9.98, MAE: 8.01, R2: 0.87
2025-09-02 01:46:50,610 - INFO - ridge Fold 4 RMSE: 6.10, MAE: 4.95, R2: 0.83
2025-09-02 01:46:50,616 - INFO - ridge Fold 5 RMSE: 14.56, MAE: 9.82, R2: 0.76
2025-09-02 01:46:50,616 - INFO - ridge Average RMSE: 11.03, MAE: 8.26, R2: 0.80
2025-09-02 01:46:50,621 - INFO - Training svr for Lahore...
2025-09-02 01:46:50,668 - INFO - svr Fold 1 RMSE: 12.08, MAE: 8.42, R2: 0.77
2025-09-02 01:46:50,828 - INFO - svr Fold 2 RMSE: 11.91, MAE: 9.29, R2: 0.79
2025-09-02 01:46:51,284 - INFO - svr Fold 3 RMSE: 14.09, MAE: 9.30, R2: 0.74
2025-09-02 01:46:52,111 - INFO - svr Fold 4 RMSE: 7.13, MAE: 5.27, R2: 0.76
2025-09-02 01:46:53,337 - INFO - svr Fold 5 RMSE: 26.18, MAE: 18.52, R2: 0.21
2025-09-02 01:46:53,337 - INFO - svr Average RMSE: 14.28, MAE: 10.16, R2: 0.66
2025-09-02 01:46:54,955 - INFO - Metrics for Lahore:
2025-09-02 01:46:54,955 - INFO - random_forest: avg_rmse=12.06, avg_mae=7.88, avg_r2=0.75
2025-09-02 01:46:54,956 - INFO - ridge: avg_rmse=11.03, avg_mae=8.26, avg_r2=0.80
2025-09-02 01:46:54,956 - INFO - svr: avg_rmse=14.28, avg_mae=10.16, avg_r2=0.66
2025-09-02 01:46:54,956 - INFO - 
=== Training/Retraining Models for Islamabad ===
2025-09-02 01:46:54,956 - INFO - Processing Islamabad with data from data/Islamabad_historical_aq.csv
2025-09-02 01:46:54,961 - INFO - Training random_forest for Islamabad...
2025-09-02 01:46:55,242 - INFO - random_forest Fold 1 RMSE: 17.79, MAE: 11.88, R2: 0.61
2025-09-02 01:46:55,778 - INFO - random_forest Fold 2 RMSE: 11.28, MAE: 8.12, R2: 0.86
2025-09-02 01:46:56,603 - INFO - random_forest Fold 3 RMSE: 8.27, MAE: 5.39, R2: 0.93
2025-09-02 01:46:57,705 - INFO - random_forest Fold 4 RMSE: 5.91, MAE: 4.61, R2: 0.93
2025-09-02 01:46:59,082 - INFO - random_forest Fold 5 RMSE: 9.30, MAE: 6.32, R2: 0.83
2025-09-02 01:46:59,082 - INFO - random_forest Average RMSE: 10.51, MAE: 7.26, R2: 0.83
2025-09-02 01:47:00,783 - INFO - Training ridge for Islamabad...
2025-09-02 01:47:00,789 - INFO - ridge Fold 1 RMSE: 7.82, MAE: 5.71, R2: 0.92
2025-09-02 01:47:00,795 - INFO - ridge Fold 2 RMSE: 15.48, MAE: 8.31, R2: 0.74
2025-09-02 01:47:00,801 - INFO - ridge Fold 3 RMSE: 7.66, MAE: 5.86, R2: 0.94
2025-09-02 01:47:00,807 - INFO - ridge Fold 4 RMSE: 5.81, MAE: 4.52, R2: 0.93
2025-09-02 01:47:00,812 - INFO - ridge Fold 5 RMSE: 6.98, MAE: 4.89, R2: 0.90
2025-09-02 01:47:00,812 - INFO - ridge Average RMSE: 8.75, MAE: 5.86, R2: 0.89
2025-09-02 01:47:00,817 - INFO - Training svr for Islamabad...
2025-09-02 01:47:00,880 - INFO - svr Fold 1 RMSE: 23.02, MAE: 19.30, R2: 0.34
2025-09-02 01:47:01,084 - INFO - svr Fold 2 RMSE: 17.18, MAE: 12.85, R2: 0.68
2025-09-02 01:47:01,533 - INFO - svr Fold 3 RMSE: 11.16, MAE: 8.17, R2: 0.88
2025-09-02 01:47:02,279 - INFO - svr Fold 4 RMSE: 9.42, MAE: 7.59, R2: 0.82
2025-09-02 01:47:03,461 - INFO - svr Fold 5 RMSE: 9.97, MAE: 6.66, R2: 0.80
2025-09-02 01:47:03,461 - INFO - svr Average RMSE: 14.15, MAE: 10.91, R2: 0.70
2025-09-02 01:47:05,260 - INFO - Metrics for Islamabad:
2025-09-02 01:47:05,260 - INFO - random_forest: avg_rmse=10.51, avg_mae=7.26, avg_r2=0.83
2025-09-02 01:47:05,260 - INFO - ridge: avg_rmse=8.75, avg_mae=5.86, avg_r2=0.89
2025-09-02 01:47:05,260 - INFO - svr: avg_rmse=14.15, avg_mae=10.91, avg_r2=0.70
2025-09-03 01:39:39,474 - INFO - 
=== Training/Retraining Models for Karachi ===
2025-09-03 01:39:39,474 - INFO - Processing Karachi with data from data/Karachi_historical_aq.csv
2025-09-03 01:39:39,481 - INFO - Training random_forest for Karachi...
2025-09-03 01:39:39,763 - INFO - random_forest Fold 1 RMSE: 5.58, MAE: 4.44, R2: 0.70
2025-09-03 01:39:40,262 - INFO - random_forest Fold 2 RMSE: 2.58, MAE: 2.10, R2: 0.87
2025-09-03 01:39:41,009 - INFO - random_forest Fold 3 RMSE: 1.48, MAE: 1.14, R2: 0.93
2025-09-03 01:39:41,988 - INFO - random_forest Fold 4 RMSE: 3.69, MAE: 2.48, R2: 0.77
2025-09-03 01:39:43,234 - INFO - random_forest Fold 5 RMSE: 2.83, MAE: 2.02, R2: 0.92
2025-09-03 01:39:43,234 - INFO - random_forest Average RMSE: 3.23, MAE: 2.44, R2: 0.84
2025-09-03 01:39:44,789 - INFO - Training ridge for Karachi...
2025-09-03 01:39:44,796 - INFO - ridge Fold 1 RMSE: 1.88, MAE: 1.38, R2: 0.97
2025-09-03 01:39:44,802 - INFO - ridge Fold 2 RMSE: 0.76, MAE: 0.62, R2: 0.99
2025-09-03 01:39:44,807 - INFO - ridge Fold 3 RMSE: 0.58, MAE: 0.48, R2: 0.99
2025-09-03 01:39:44,813 - INFO - ridge Fold 4 RMSE: 1.09, MAE: 0.78, R2: 0.98
2025-09-03 01:39:44,819 - INFO - ridge Fold 5 RMSE: 1.61, MAE: 1.16, R2: 0.98
2025-09-03 01:39:44,819 - INFO - ridge Average RMSE: 1.18, MAE: 0.88, R2: 0.98
2025-09-03 01:39:44,823 - INFO - Training svr for Karachi...
2025-09-03 01:39:44,862 - INFO - svr Fold 1 RMSE: 5.74, MAE: 3.92, R2: 0.68
2025-09-03 01:39:44,956 - INFO - svr Fold 2 RMSE: 3.54, MAE: 3.19, R2: 0.75
2025-09-03 01:39:45,115 - INFO - svr Fold 3 RMSE: 4.51, MAE: 2.64, R2: 0.35
2025-09-03 01:39:45,368 - INFO - svr Fold 4 RMSE: 4.55, MAE: 3.19, R2: 0.65
2025-09-03 01:39:45,718 - INFO - svr Fold 5 RMSE: 5.84, MAE: 3.73, R2: 0.68
2025-09-03 01:39:45,719 - INFO - svr Average RMSE: 4.84, MAE: 3.33, R2: 0.62
2025-09-03 01:39:46,213 - INFO - Metrics for Karachi:
2025-09-03 01:39:46,213 - INFO - random_forest: avg_rmse=3.23, avg_mae=2.44, avg_r2=0.84
2025-09-03 01:39:46,213 - INFO - ridge: avg_rmse=1.18, avg_mae=0.88, avg_r2=0.98
2025-09-03 01:39:46,213 - INFO - svr: avg_rmse=4.84, avg_mae=3.33, avg_r2=0.62
2025-09-03 01:39:46,213 - INFO - 
=== Training/Retraining Models for Lahore ===
2025-09-03 01:39:46,213 - INFO - Processing Lahore with data from data/Lahore_historical_aq.csv
2025-09-03 01:39:46,220 - INFO - Training random_forest for Lahore...
2025-09-03 01:39:46,511 - INFO - random_forest Fold 1 RMSE: 11.45, MAE: 8.77, R2: 0.78
2025-09-03 01:39:47,040 - INFO - random_forest Fold 2 RMSE: 12.45, MAE: 7.94, R2: 0.84
2025-09-03 01:39:47,859 - INFO - random_forest Fold 3 RMSE: 9.53, MAE: 5.29, R2: 0.79
2025-09-03 01:39:48,968 - INFO - random_forest Fold 4 RMSE: 4.44, MAE: 3.23, R2: 0.92
2025-09-03 01:39:50,404 - INFO - random_forest Fold 5 RMSE: 23.18, MAE: 15.59, R2: 0.43
2025-09-03 01:39:50,404 - INFO - random_forest Average RMSE: 12.21, MAE: 8.16, R2: 0.75
2025-09-03 01:39:52,155 - INFO - Training ridge for Lahore...
2025-09-03 01:39:52,161 - INFO - ridge Fold 1 RMSE: 11.90, MAE: 9.16, R2: 0.76
2025-09-03 01:39:52,167 - INFO - ridge Fold 2 RMSE: 13.10, MAE: 9.57, R2: 0.83
2025-09-03 01:39:52,173 - INFO - ridge Fold 3 RMSE: 8.96, MAE: 7.10, R2: 0.81
2025-09-03 01:39:52,178 - INFO - ridge Fold 4 RMSE: 6.13, MAE: 5.02, R2: 0.85
2025-09-03 01:39:52,184 - INFO - ridge Fold 5 RMSE: 14.67, MAE: 10.03, R2: 0.77
2025-09-03 01:39:52,184 - INFO - ridge Average RMSE: 10.95, MAE: 8.18, R2: 0.80
2025-09-03 01:39:52,189 - INFO - Training svr for Lahore...
2025-09-03 01:39:52,228 - INFO - svr Fold 1 RMSE: 12.01, MAE: 8.51, R2: 0.76
2025-09-03 01:39:52,396 - INFO - svr Fold 2 RMSE: 13.73, MAE: 10.27, R2: 0.81
2025-09-03 01:39:52,782 - INFO - svr Fold 3 RMSE: 12.47, MAE: 8.06, R2: 0.64
2025-09-03 01:39:53,517 - INFO - svr Fold 4 RMSE: 7.25, MAE: 5.38, R2: 0.79
2025-09-03 01:39:54,715 - INFO - svr Fold 5 RMSE: 29.38, MAE: 21.69, R2: 0.09
2025-09-03 01:39:54,715 - INFO - svr Average RMSE: 14.97, MAE: 10.78, R2: 0.61
2025-09-03 01:39:56,490 - INFO - Metrics for Lahore:
2025-09-03 01:39:56,491 - INFO - random_forest: avg_rmse=12.21, avg_mae=8.16, avg_r2=0.75
2025-09-03 01:39:56,491 - INFO - ridge: avg_rmse=10.95, avg_mae=8.18, avg_r2=0.80
2025-09-03 01:39:56,491 - INFO - svr: avg_rmse=14.97, avg_mae=10.78, avg_r2=0.61
2025-09-03 01:39:56,491 - INFO - 
=== Training/Retraining Models for Islamabad ===
2025-09-03 01:39:56,491 - INFO - Processing Islamabad with data from data/Islamabad_historical_aq.csv
2025-09-03 01:39:56,496 - INFO - Training random_forest for Islamabad...
2025-09-03 01:39:56,775 - INFO - random_forest Fold 1 RMSE: 18.05, MAE: 12.03, R2: 0.58
2025-09-03 01:39:57,312 - INFO - random_forest Fold 2 RMSE: 12.14, MAE: 9.09, R2: 0.83
2025-09-03 01:39:58,118 - INFO - random_forest Fold 3 RMSE: 8.18, MAE: 5.82, R2: 0.93
2025-09-03 01:39:59,198 - INFO - random_forest Fold 4 RMSE: 5.59, MAE: 4.27, R2: 0.94
2025-09-03 01:40:00,558 - INFO - random_forest Fold 5 RMSE: 9.49, MAE: 6.74, R2: 0.83
2025-09-03 01:40:00,558 - INFO - random_forest Average RMSE: 10.69, MAE: 7.59, R2: 0.83
2025-09-03 01:40:02,236 - INFO - Training ridge for Islamabad...
2025-09-03 01:40:02,243 - INFO - ridge Fold 1 RMSE: 7.07, MAE: 4.79, R2: 0.94
2025-09-03 01:40:02,248 - INFO - ridge Fold 2 RMSE: 15.89, MAE: 8.51, R2: 0.71
2025-09-03 01:40:02,254 - INFO - ridge Fold 3 RMSE: 7.52, MAE: 5.69, R2: 0.94
2025-09-03 01:40:02,259 - INFO - ridge Fold 4 RMSE: 6.17, MAE: 4.87, R2: 0.93
2025-09-03 01:40:02,265 - INFO - ridge Fold 5 RMSE: 6.93, MAE: 4.90, R2: 0.91
2025-09-03 01:40:02,265 - INFO - ridge Average RMSE: 8.72, MAE: 5.75, R2: 0.89
2025-09-03 01:40:02,269 - INFO - Training svr for Islamabad...
2025-09-03 01:40:02,320 - INFO - svr Fold 1 RMSE: 21.47, MAE: 16.74, R2: 0.41
2025-09-03 01:40:02,510 - INFO - svr Fold 2 RMSE: 16.75, MAE: 12.67, R2: 0.68
2025-09-03 01:40:02,963 - INFO - svr Fold 3 RMSE: 11.05, MAE: 8.00, R2: 0.88
2025-09-03 01:40:03,759 - INFO - svr Fold 4 RMSE: 9.73, MAE: 7.66, R2: 0.83
2025-09-03 01:40:04,901 - INFO - svr Fold 5 RMSE: 10.50, MAE: 7.17, R2: 0.80
2025-09-03 01:40:04,901 - INFO - svr Average RMSE: 13.90, MAE: 10.45, R2: 0.72
2025-09-03 01:40:06,722 - INFO - Metrics for Islamabad:
2025-09-03 01:40:06,722 - INFO - random_forest: avg_rmse=10.69, avg_mae=7.59, avg_r2=0.83
2025-09-03 01:40:06,722 - INFO - ridge: avg_rmse=8.72, avg_mae=5.75, avg_r2=0.89
2025-09-03 01:40:06,722 - INFO - svr: avg_rmse=13.90, avg_mae=10.45, avg_r2=0.72
2025-09-04 01:40:18,776 - INFO - 
=== Training/Retraining Models for Karachi ===
2025-09-04 01:40:18,776 - INFO - Processing Karachi with data from data/Karachi_historical_aq.csv
2025-09-04 01:40:18,783 - INFO - Training random_forest for Karachi...
2025-09-04 01:40:19,072 - INFO - random_forest Fold 1 RMSE: 5.67, MAE: 4.47, R2: 0.66
2025-09-04 01:40:19,573 - INFO - random_forest Fold 2 RMSE: 2.70, MAE: 2.21, R2: 0.86
2025-09-04 01:40:20,309 - INFO - random_forest Fold 3 RMSE: 1.76, MAE: 1.34, R2: 0.92
2025-09-04 01:40:21,299 - INFO - random_forest Fold 4 RMSE: 3.33, MAE: 1.87, R2: 0.83
2025-09-04 01:40:22,537 - INFO - random_forest Fold 5 RMSE: 2.83, MAE: 2.06, R2: 0.93
2025-09-04 01:40:22,537 - INFO - random_forest Average RMSE: 3.26, MAE: 2.39, R2: 0.84
2025-09-04 01:40:24,090 - INFO - Training ridge for Karachi...
2025-09-04 01:40:24,097 - INFO - ridge Fold 1 RMSE: 1.88, MAE: 1.39, R2: 0.96
2025-09-04 01:40:24,103 - INFO - ridge Fold 2 RMSE: 0.74, MAE: 0.60, R2: 0.99
2025-09-04 01:40:24,109 - INFO - ridge Fold 3 RMSE: 0.60, MAE: 0.51, R2: 0.99
2025-09-04 01:40:24,114 - INFO - ridge Fold 4 RMSE: 1.16, MAE: 0.81, R2: 0.98
2025-09-04 01:40:24,120 - INFO - ridge Fold 5 RMSE: 1.54, MAE: 1.11, R2: 0.98
2025-09-04 01:40:24,121 - INFO - ridge Average RMSE: 1.18, MAE: 0.88, R2: 0.98
2025-09-04 01:40:24,125 - INFO - Training svr for Karachi...
2025-09-04 01:40:24,160 - INFO - svr Fold 1 RMSE: 5.97, MAE: 4.15, R2: 0.62
2025-09-04 01:40:24,251 - INFO - svr Fold 2 RMSE: 3.02, MAE: 2.63, R2: 0.82
2025-09-04 01:40:24,397 - INFO - svr Fold 3 RMSE: 5.81, MAE: 3.52, R2: 0.12
2025-09-04 01:40:24,646 - INFO - svr Fold 4 RMSE: 4.16, MAE: 2.48, R2: 0.74
2025-09-04 01:40:25,012 - INFO - svr Fold 5 RMSE: 5.79, MAE: 3.69, R2: 0.69
2025-09-04 01:40:25,013 - INFO - svr Average RMSE: 4.95, MAE: 3.29, R2: 0.60
2025-09-04 01:40:25,534 - INFO - Metrics for Karachi:
2025-09-04 01:40:25,534 - INFO - random_forest: avg_rmse=3.26, avg_mae=2.39, avg_r2=0.84
2025-09-04 01:40:25,534 - INFO - ridge: avg_rmse=1.18, avg_mae=0.88, avg_r2=0.98
2025-09-04 01:40:25,534 - INFO - svr: avg_rmse=4.95, avg_mae=3.29, avg_r2=0.60
2025-09-04 01:40:25,534 - INFO - 
=== Training/Retraining Models for Lahore ===
2025-09-04 01:40:25,534 - INFO - Processing Lahore with data from data/Lahore_historical_aq.csv
2025-09-04 01:40:25,540 - INFO - Training random_forest for Lahore...
2025-09-04 01:40:25,836 - INFO - random_forest Fold 1 RMSE: 11.08, MAE: 8.36, R2: 0.79
2025-09-04 01:40:26,388 - INFO - random_forest Fold 2 RMSE: 14.15, MAE: 9.41, R2: 0.81
2025-09-04 01:40:27,202 - INFO - random_forest Fold 3 RMSE: 5.19, MAE: 3.90, R2: 0.93
2025-09-04 01:40:28,312 - INFO - random_forest Fold 4 RMSE: 4.32, MAE: 3.08, R2: 0.93
2025-09-04 01:40:29,750 - INFO - random_forest Fold 5 RMSE: 25.94, MAE: 17.68, R2: 0.27
2025-09-04 01:40:29,750 - INFO - random_forest Average RMSE: 12.14, MAE: 8.49, R2: 0.74
2025-09-04 01:40:31,502 - INFO - Training ridge for Lahore...
2025-09-04 01:40:31,508 - INFO - ridge Fold 1 RMSE: 11.67, MAE: 8.79, R2: 0.76
2025-09-04 01:40:31,514 - INFO - ridge Fold 2 RMSE: 13.34, MAE: 10.11, R2: 0.83
2025-09-04 01:40:31,520 - INFO - ridge Fold 3 RMSE: 8.44, MAE: 6.68, R2: 0.80
2025-09-04 01:40:31,525 - INFO - ridge Fold 4 RMSE: 6.11, MAE: 4.89, R2: 0.85
2025-09-04 01:40:31,531 - INFO - ridge Fold 5 RMSE: 14.58, MAE: 10.17, R2: 0.77
2025-09-04 01:40:31,531 - INFO - ridge Average RMSE: 10.83, MAE: 8.13, R2: 0.80
2025-09-04 01:40:31,536 - INFO - Training svr for Lahore...
2025-09-04 01:40:31,580 - INFO - svr Fold 1 RMSE: 12.50, MAE: 8.82, R2: 0.73
2025-09-04 01:40:31,727 - INFO - svr Fold 2 RMSE: 15.06, MAE: 10.53, R2: 0.78
2025-09-04 01:40:32,150 - INFO - svr Fold 3 RMSE: 10.15, MAE: 7.13, R2: 0.72
2025-09-04 01:40:32,859 - INFO - svr Fold 4 RMSE: 6.02, MAE: 4.54, R2: 0.86
2025-09-04 01:40:33,990 - INFO - svr Fold 5 RMSE: 31.43, MAE: 23.93, R2: -0.07
2025-09-04 01:40:33,990 - INFO - svr Average RMSE: 15.03, MAE: 10.99, R2: 0.60
2025-09-04 01:40:35,752 - INFO - Metrics for Lahore:
2025-09-04 01:40:35,753 - INFO - random_forest: avg_rmse=12.14, avg_mae=8.49, avg_r2=0.74
2025-09-04 01:40:35,753 - INFO - ridge: avg_rmse=10.83, avg_mae=8.13, avg_r2=0.80
2025-09-04 01:40:35,753 - INFO - svr: avg_rmse=15.03, avg_mae=10.99, avg_r2=0.60
2025-09-04 01:40:35,753 - INFO - 
=== Training/Retraining Models for Islamabad ===
2025-09-04 01:40:35,753 - INFO - Processing Islamabad with data from data/Islamabad_historical_aq.csv
2025-09-04 01:40:35,759 - INFO - Training random_forest for Islamabad...
2025-09-04 01:40:36,040 - INFO - random_forest Fold 1 RMSE: 18.14, MAE: 11.87, R2: 0.58
2025-09-04 01:40:36,589 - INFO - random_forest Fold 2 RMSE: 13.22, MAE: 10.03, R2: 0.79
2025-09-04 01:40:37,403 - INFO - random_forest Fold 3 RMSE: 8.38, MAE: 6.07, R2: 0.93
2025-09-04 01:40:38,484 - INFO - random_forest Fold 4 RMSE: 5.59, MAE: 4.33, R2: 0.94
2025-09-04 01:40:39,851 - INFO - random_forest Fold 5 RMSE: 9.79, MAE: 7.27, R2: 0.83
2025-09-04 01:40:39,852 - INFO - random_forest Average RMSE: 11.03, MAE: 7.91, R2: 0.82
2025-09-04 01:40:41,525 - INFO - Training ridge for Islamabad...
2025-09-04 01:40:41,532 - INFO - ridge Fold 1 RMSE: 7.43, MAE: 4.85, R2: 0.93
2025-09-04 01:40:41,538 - INFO - ridge Fold 2 RMSE: 15.98, MAE: 8.63, R2: 0.69
2025-09-04 01:40:41,543 - INFO - ridge Fold 3 RMSE: 7.42, MAE: 5.62, R2: 0.95
2025-09-04 01:40:41,549 - INFO - ridge Fold 4 RMSE: 6.33, MAE: 5.06, R2: 0.93
2025-09-04 01:40:41,555 - INFO - ridge Fold 5 RMSE: 7.04, MAE: 4.99, R2: 0.91
2025-09-04 01:40:41,555 - INFO - ridge Average RMSE: 8.84, MAE: 5.83, R2: 0.88
2025-09-04 01:40:41,559 - INFO - Training svr for Islamabad...
2025-09-04 01:40:41,614 - INFO - svr Fold 1 RMSE: 20.41, MAE: 15.12, R2: 0.47
2025-09-04 01:40:41,803 - INFO - svr Fold 2 RMSE: 15.80, MAE: 11.68, R2: 0.70
2025-09-04 01:40:42,245 - INFO - svr Fold 3 RMSE: 11.07, MAE: 8.00, R2: 0.88
2025-09-04 01:40:43,000 - INFO - svr Fold 4 RMSE: 9.05, MAE: 7.05, R2: 0.86
2025-09-04 01:40:44,170 - INFO - svr Fold 5 RMSE: 12.44, MAE: 8.83, R2: 0.73
2025-09-04 01:40:44,170 - INFO - svr Average RMSE: 13.75, MAE: 10.14, R2: 0.73
2025-09-04 01:40:45,919 - INFO - Metrics for Islamabad:
2025-09-04 01:40:45,919 - INFO - random_forest: avg_rmse=11.03, avg_mae=7.91, avg_r2=0.82
2025-09-04 01:40:45,919 - INFO - ridge: avg_rmse=8.84, avg_mae=5.83, avg_r2=0.88
2025-09-04 01:40:45,919 - INFO - svr: avg_rmse=13.75, avg_mae=10.14, avg_r2=0.73
2025-09-05 01:42:38,947 - INFO - 
=== Training/Retraining Models for Karachi ===
2025-09-05 01:42:38,947 - INFO - Processing Karachi with data from data/Karachi_historical_aq.csv
2025-09-05 01:42:38,954 - INFO - Training random_forest for Karachi...
2025-09-05 01:42:39,247 - INFO - random_forest Fold 1 RMSE: 5.39, MAE: 4.27, R2: 0.71
2025-09-05 01:42:39,758 - INFO - random_forest Fold 2 RMSE: 2.94, MAE: 2.50, R2: 0.80
2025-09-05 01:42:40,494 - INFO - random_forest Fold 3 RMSE: 1.92, MAE: 1.51, R2: 0.89
2025-09-05 01:42:41,517 - INFO - random_forest Fold 4 RMSE: 3.81, MAE: 2.09, R2: 0.85
2025-09-05 01:42:42,775 - INFO - random_forest Fold 5 RMSE: 2.50, MAE: 2.00, R2: 0.94
2025-09-05 01:42:42,775 - INFO - random_forest Average RMSE: 3.31, MAE: 2.47, R2: 0.84
2025-09-05 01:42:44,336 - INFO - Training ridge for Karachi...
2025-09-05 01:42:44,343 - INFO - ridge Fold 1 RMSE: 1.87, MAE: 1.40, R2: 0.97
2025-09-05 01:42:44,349 - INFO - ridge Fold 2 RMSE: 0.76, MAE: 0.61, R2: 0.99
2025-09-05 01:42:44,354 - INFO - ridge Fold 3 RMSE: 0.57, MAE: 0.48, R2: 0.99
2025-09-05 01:42:44,360 - INFO - ridge Fold 4 RMSE: 1.57, MAE: 0.99, R2: 0.97
2025-09-05 01:42:44,366 - INFO - ridge Fold 5 RMSE: 1.41, MAE: 0.98, R2: 0.98
2025-09-05 01:42:44,366 - INFO - ridge Average RMSE: 1.23, MAE: 0.89, R2: 0.98
2025-09-05 01:42:44,370 - INFO - Training svr for Karachi...
2025-09-05 01:42:44,407 - INFO - svr Fold 1 RMSE: 5.87, MAE: 4.16, R2: 0.66
2025-09-05 01:42:44,495 - INFO - svr Fold 2 RMSE: 2.25, MAE: 1.91, R2: 0.88
2025-09-05 01:42:44,649 - INFO - svr Fold 3 RMSE: 6.62, MAE: 4.35, R2: -0.30
2025-09-05 01:42:44,903 - INFO - svr Fold 4 RMSE: 5.12, MAE: 3.01, R2: 0.72
2025-09-05 01:42:45,275 - INFO - svr Fold 5 RMSE: 4.84, MAE: 3.24, R2: 0.76
2025-09-05 01:42:45,276 - INFO - svr Average RMSE: 4.94, MAE: 3.34, R2: 0.55
2025-09-05 01:42:45,789 - INFO - Metrics for Karachi:
2025-09-05 01:42:45,789 - INFO - random_forest: avg_rmse=3.31, avg_mae=2.47, avg_r2=0.84
2025-09-05 01:42:45,789 - INFO - ridge: avg_rmse=1.23, avg_mae=0.89, avg_r2=0.98
2025-09-05 01:42:45,789 - INFO - svr: avg_rmse=4.94, avg_mae=3.34, avg_r2=0.55
2025-09-05 01:42:45,789 - INFO - 
=== Training/Retraining Models for Lahore ===
2025-09-05 01:42:45,789 - INFO - Processing Lahore with data from data/Lahore_historical_aq.csv
2025-09-05 01:42:45,795 - INFO - Training random_forest for Lahore...
2025-09-05 01:42:46,093 - INFO - random_forest Fold 1 RMSE: 13.82, MAE: 10.89, R2: 0.64
2025-09-05 01:42:46,633 - INFO - random_forest Fold 2 RMSE: 14.45, MAE: 9.80, R2: 0.80
2025-09-05 01:42:47,457 - INFO - random_forest Fold 3 RMSE: 5.51, MAE: 4.25, R2: 0.91
2025-09-05 01:42:48,579 - INFO - random_forest Fold 4 RMSE: 4.70, MAE: 3.41, R2: 0.93
2025-09-05 01:42:50,018 - INFO - random_forest Fold 5 RMSE: 26.47, MAE: 18.94, R2: 0.25
2025-09-05 01:42:50,018 - INFO - random_forest Average RMSE: 12.99, MAE: 9.46, R2: 0.71
2025-09-05 01:42:51,834 - INFO - Training ridge for Lahore...
2025-09-05 01:42:51,841 - INFO - ridge Fold 1 RMSE: 11.78, MAE: 8.87, R2: 0.74
2025-09-05 01:42:51,847 - INFO - ridge Fold 2 RMSE: 14.21, MAE: 11.06, R2: 0.81
2025-09-05 01:42:51,852 - INFO - ridge Fold 3 RMSE: 7.60, MAE: 5.98, R2: 0.82
2025-09-05 01:42:51,858 - INFO - ridge Fold 4 RMSE: 6.29, MAE: 5.13, R2: 0.88
2025-09-05 01:42:51,864 - INFO - ridge Fold 5 RMSE: 14.63, MAE: 10.23, R2: 0.77
2025-09-05 01:42:51,864 - INFO - ridge Average RMSE: 10.90, MAE: 8.25, R2: 0.80
2025-09-05 01:42:51,868 - INFO - Training svr for Lahore...
2025-09-05 01:42:51,904 - INFO - svr Fold 1 RMSE: 13.01, MAE: 9.01, R2: 0.68
2025-09-05 01:42:52,063 - INFO - svr Fold 2 RMSE: 15.42, MAE: 11.05, R2: 0.78
2025-09-05 01:42:52,457 - INFO - svr Fold 3 RMSE: 9.87, MAE: 7.01, R2: 0.70
2025-09-05 01:42:53,131 - INFO - svr Fold 4 RMSE: 6.04, MAE: 4.43, R2: 0.89
2025-09-05 01:42:54,290 - INFO - svr Fold 5 RMSE: 34.77, MAE: 27.57, R2: -0.29
2025-09-05 01:42:54,290 - INFO - svr Average RMSE: 15.82, MAE: 11.81, R2: 0.55
2025-09-05 01:42:56,112 - INFO - Metrics for Lahore:
2025-09-05 01:42:56,112 - INFO - random_forest: avg_rmse=12.99, avg_mae=9.46, avg_r2=0.71
2025-09-05 01:42:56,112 - INFO - ridge: avg_rmse=10.90, avg_mae=8.25, avg_r2=0.80
2025-09-05 01:42:56,112 - INFO - svr: avg_rmse=15.82, avg_mae=11.81, avg_r2=0.55
2025-09-05 01:42:56,112 - INFO - 
=== Training/Retraining Models for Islamabad ===
2025-09-05 01:42:56,112 - INFO - Processing Islamabad with data from data/Islamabad_historical_aq.csv
2025-09-05 01:42:56,117 - INFO - Training random_forest for Islamabad...
2025-09-05 01:42:56,394 - INFO - random_forest Fold 1 RMSE: 17.61, MAE: 10.98, R2: 0.60
2025-09-05 01:42:56,950 - INFO - random_forest Fold 2 RMSE: 13.09, MAE: 10.30, R2: 0.80
2025-09-05 01:42:57,770 - INFO - random_forest Fold 3 RMSE: 8.33, MAE: 6.08, R2: 0.93
2025-09-05 01:42:58,843 - INFO - random_forest Fold 4 RMSE: 5.41, MAE: 4.18, R2: 0.95
2025-09-05 01:43:00,200 - INFO - random_forest Fold 5 RMSE: 9.74, MAE: 7.31, R2: 0.83
2025-09-05 01:43:00,200 - INFO - random_forest Average RMSE: 10.84, MAE: 7.77, R2: 0.82
2025-09-05 01:43:01,869 - INFO - Training ridge for Islamabad...
2025-09-05 01:43:01,876 - INFO - ridge Fold 1 RMSE: 7.72, MAE: 4.99, R2: 0.92
2025-09-05 01:43:01,882 - INFO - ridge Fold 2 RMSE: 16.06, MAE: 8.86, R2: 0.70
2025-09-05 01:43:01,887 - INFO - ridge Fold 3 RMSE: 7.51, MAE: 5.72, R2: 0.94
2025-09-05 01:43:01,893 - INFO - ridge Fold 4 RMSE: 6.25, MAE: 4.93, R2: 0.93
2025-09-05 01:43:01,898 - INFO - ridge Fold 5 RMSE: 7.14, MAE: 5.10, R2: 0.91
2025-09-05 01:43:01,899 - INFO - ridge Average RMSE: 8.94, MAE: 5.92, R2: 0.88
2025-09-05 01:43:01,903 - INFO - Training svr for Islamabad...
2025-09-05 01:43:01,957 - INFO - svr Fold 1 RMSE: 20.48, MAE: 15.00, R2: 0.46
2025-09-05 01:43:02,132 - INFO - svr Fold 2 RMSE: 15.24, MAE: 11.26, R2: 0.73
2025-09-05 01:43:02,588 - INFO - svr Fold 3 RMSE: 11.55, MAE: 8.57, R2: 0.86
2025-09-05 01:43:03,355 - INFO - svr Fold 4 RMSE: 8.43, MAE: 6.28, R2: 0.87
2025-09-05 01:43:04,482 - INFO - svr Fold 5 RMSE: 13.14, MAE: 9.75, R2: 0.69
2025-09-05 01:43:04,482 - INFO - svr Average RMSE: 13.77, MAE: 10.17, R2: 0.72
2025-09-05 01:43:06,198 - INFO - Metrics for Islamabad:
2025-09-05 01:43:06,198 - INFO - random_forest: avg_rmse=10.84, avg_mae=7.77, avg_r2=0.82
2025-09-05 01:43:06,198 - INFO - ridge: avg_rmse=8.94, avg_mae=5.92, avg_r2=0.88
2025-09-05 01:43:06,198 - INFO - svr: avg_rmse=13.77, avg_mae=10.17, avg_r2=0.72
2025-09-06 01:39:22,356 - INFO - 
=== Training/Retraining Models for Karachi ===
2025-09-06 01:39:22,356 - INFO - Processing Karachi with data from data/Karachi_historical_aq.csv
2025-09-06 01:39:22,363 - INFO - Training random_forest for Karachi...
2025-09-06 01:39:22,641 - INFO - random_forest Fold 1 RMSE: 4.53, MAE: 3.36, R2: 0.82
2025-09-06 01:39:23,146 - INFO - random_forest Fold 2 RMSE: 2.84, MAE: 2.21, R2: 0.76
2025-09-06 01:39:23,881 - INFO - random_forest Fold 3 RMSE: 1.91, MAE: 1.51, R2: 0.89
2025-09-06 01:39:24,874 - INFO - random_forest Fold 4 RMSE: 3.96, MAE: 2.37, R2: 0.84
2025-09-06 01:39:26,125 - INFO - random_forest Fold 5 RMSE: 2.42, MAE: 1.98, R2: 0.94
2025-09-06 01:39:26,126 - INFO - random_forest Average RMSE: 3.13, MAE: 2.29, R2: 0.85
2025-09-06 01:39:27,698 - INFO - Training ridge for Karachi...
2025-09-06 01:39:27,705 - INFO - ridge Fold 1 RMSE: 1.89, MAE: 1.39, R2: 0.97
2025-09-06 01:39:27,711 - INFO - ridge Fold 2 RMSE: 0.74, MAE: 0.58, R2: 0.98
2025-09-06 01:39:27,716 - INFO - ridge Fold 3 RMSE: 0.55, MAE: 0.46, R2: 0.99
2025-09-06 01:39:27,722 - INFO - ridge Fold 4 RMSE: 1.67, MAE: 1.05, R2: 0.97
2025-09-06 01:39:27,728 - INFO - ridge Fold 5 RMSE: 1.28, MAE: 0.87, R2: 0.98
2025-09-06 01:39:27,728 - INFO - ridge Average RMSE: 1.23, MAE: 0.87, R2: 0.98
2025-09-06 01:39:27,732 - INFO - Training svr for Karachi...
2025-09-06 01:39:27,767 - INFO - svr Fold 1 RMSE: 5.75, MAE: 3.89, R2: 0.70
2025-09-06 01:39:27,854 - INFO - svr Fold 2 RMSE: 2.00, MAE: 1.68, R2: 0.88
2025-09-06 01:39:28,011 - INFO - svr Fold 3 RMSE: 7.10, MAE: 5.02, R2: -0.52
2025-09-06 01:39:28,272 - INFO - svr Fold 4 RMSE: 5.20, MAE: 3.12, R2: 0.72
2025-09-06 01:39:28,627 - INFO - svr Fold 5 RMSE: 4.75, MAE: 3.06, R2: 0.77
2025-09-06 01:39:28,627 - INFO - svr Average RMSE: 4.96, MAE: 3.35, R2: 0.51
2025-09-06 01:39:29,119 - INFO - Metrics for Karachi:
2025-09-06 01:39:29,120 - INFO - random_forest: avg_rmse=3.13, avg_mae=2.29, avg_r2=0.85
2025-09-06 01:39:29,120 - INFO - ridge: avg_rmse=1.23, avg_mae=0.87, avg_r2=0.98
2025-09-06 01:39:29,120 - INFO - svr: avg_rmse=4.96, avg_mae=3.35, avg_r2=0.51
2025-09-06 01:39:29,120 - INFO - 
=== Training/Retraining Models for Lahore ===
2025-09-06 01:39:29,120 - INFO - Processing Lahore with data from data/Lahore_historical_aq.csv
2025-09-06 01:39:29,126 - INFO - Training random_forest for Lahore...
2025-09-06 01:39:29,429 - INFO - random_forest Fold 1 RMSE: 16.67, MAE: 13.53, R2: 0.42
2025-09-06 01:39:29,966 - INFO - random_forest Fold 2 RMSE: 14.84, MAE: 10.01, R2: 0.79
2025-09-06 01:39:30,778 - INFO - random_forest Fold 3 RMSE: 5.66, MAE: 4.39, R2: 0.91
2025-09-06 01:39:31,902 - INFO - random_forest Fold 4 RMSE: 6.94, MAE: 4.14, R2: 0.86
2025-09-06 01:39:33,346 - INFO - random_forest Fold 5 RMSE: 29.12, MAE: 19.78, R2: -0.14
2025-09-06 01:39:33,346 - INFO - random_forest Average RMSE: 14.65, MAE: 10.37, R2: 0.57
2025-09-06 01:39:35,089 - INFO - Training ridge for Lahore...
2025-09-06 01:39:35,095 - INFO - ridge Fold 1 RMSE: 11.63, MAE: 8.83, R2: 0.72
2025-09-06 01:39:35,101 - INFO - ridge Fold 2 RMSE: 14.45, MAE: 11.42, R2: 0.80
2025-09-06 01:39:35,106 - INFO - ridge Fold 3 RMSE: 7.44, MAE: 5.89, R2: 0.84
2025-09-06 01:39:35,112 - INFO - ridge Fold 4 RMSE: 6.16, MAE: 4.95, R2: 0.89
2025-09-06 01:39:35,118 - INFO - ridge Fold 5 RMSE: 15.56, MAE: 10.94, R2: 0.67
2025-09-06 01:39:35,118 - INFO - ridge Average RMSE: 11.05, MAE: 8.41, R2: 0.78
2025-09-06 01:39:35,122 - INFO - Training svr for Lahore...
2025-09-06 01:39:35,165 - INFO - svr Fold 1 RMSE: 14.37, MAE: 9.98, R2: 0.57
2025-09-06 01:39:35,328 - INFO - svr Fold 2 RMSE: 15.20, MAE: 10.78, R2: 0.78
2025-09-06 01:39:35,696 - INFO - svr Fold 3 RMSE: 10.08, MAE: 7.35, R2: 0.70
2025-09-06 01:39:36,453 - INFO - svr Fold 4 RMSE: 6.62, MAE: 4.59, R2: 0.87
2025-09-06 01:39:37,577 - INFO - svr Fold 5 RMSE: 35.95, MAE: 29.34, R2: -0.73
2025-09-06 01:39:37,577 - INFO - svr Average RMSE: 16.44, MAE: 12.41, R2: 0.44
2025-09-06 01:39:39,245 - INFO - Metrics for Lahore:
2025-09-06 01:39:39,245 - INFO - random_forest: avg_rmse=14.65, avg_mae=10.37, avg_r2=0.57
2025-09-06 01:39:39,245 - INFO - ridge: avg_rmse=11.05, avg_mae=8.41, avg_r2=0.78
2025-09-06 01:39:39,245 - INFO - svr: avg_rmse=16.44, avg_mae=12.41, avg_r2=0.44
2025-09-06 01:39:39,245 - INFO - 
=== Training/Retraining Models for Islamabad ===
2025-09-06 01:39:39,245 - INFO - Processing Islamabad with data from data/Islamabad_historical_aq.csv
2025-09-06 01:39:39,250 - INFO - Training random_forest for Islamabad...
2025-09-06 01:39:39,530 - INFO - random_forest Fold 1 RMSE: 18.74, MAE: 12.42, R2: 0.52
2025-09-06 01:39:40,082 - INFO - random_forest Fold 2 RMSE: 15.24, MAE: 11.95, R2: 0.75
2025-09-06 01:39:40,879 - INFO - random_forest Fold 3 RMSE: 8.90, MAE: 6.56, R2: 0.91
2025-09-06 01:39:41,942 - INFO - random_forest Fold 4 RMSE: 5.83, MAE: 4.46, R2: 0.94
2025-09-06 01:39:43,303 - INFO - random_forest Fold 5 RMSE: 9.46, MAE: 6.69, R2: 0.84
2025-09-06 01:39:43,303 - INFO - random_forest Average RMSE: 11.63, MAE: 8.42, R2: 0.79
2025-09-06 01:39:44,962 - INFO - Training ridge for Islamabad...
2025-09-06 01:39:44,969 - INFO - ridge Fold 1 RMSE: 7.80, MAE: 5.09, R2: 0.92
2025-09-06 01:39:44,974 - INFO - ridge Fold 2 RMSE: 16.09, MAE: 9.00, R2: 0.72
2025-09-06 01:39:44,980 - INFO - ridge Fold 3 RMSE: 7.66, MAE: 5.81, R2: 0.94
2025-09-06 01:39:44,985 - INFO - ridge Fold 4 RMSE: 5.90, MAE: 4.66, R2: 0.94
2025-09-06 01:39:44,991 - INFO - ridge Fold 5 RMSE: 7.07, MAE: 4.98, R2: 0.91
2025-09-06 01:39:44,991 - INFO - ridge Average RMSE: 8.90, MAE: 5.91, R2: 0.88
2025-09-06 01:39:44,995 - INFO - Training svr for Islamabad...
2025-09-06 01:39:45,050 - INFO - svr Fold 1 RMSE: 21.64, MAE: 15.97, R2: 0.36
2025-09-06 01:39:45,242 - INFO - svr Fold 2 RMSE: 15.96, MAE: 12.32, R2: 0.72
2025-09-06 01:39:45,681 - INFO - svr Fold 3 RMSE: 11.71, MAE: 8.81, R2: 0.85
2025-09-06 01:39:46,435 - INFO - svr Fold 4 RMSE: 8.27, MAE: 6.15, R2: 0.88
2025-09-06 01:39:47,627 - INFO - svr Fold 5 RMSE: 13.66, MAE: 10.40, R2: 0.66
2025-09-06 01:39:47,627 - INFO - svr Average RMSE: 14.25, MAE: 10.73, R2: 0.70
2025-09-06 01:39:49,377 - INFO - Metrics for Islamabad:
2025-09-06 01:39:49,377 - INFO - random_forest: avg_rmse=11.63, avg_mae=8.42, avg_r2=0.79
2025-09-06 01:39:49,378 - INFO - ridge: avg_rmse=8.90, avg_mae=5.91, avg_r2=0.88
2025-09-06 01:39:49,378 - INFO - svr: avg_rmse=14.25, avg_mae=10.73, avg_r2=0.70
2025-09-07 01:47:48,444 - INFO - 
=== Training/Retraining Models for Karachi ===
2025-09-07 01:47:48,444 - INFO - Processing Karachi with data from data/Karachi_historical_aq.csv
2025-09-07 01:47:48,451 - INFO - Training random_forest for Karachi...
2025-09-07 01:47:48,722 - INFO - random_forest Fold 1 RMSE: 4.56, MAE: 3.60, R2: 0.82
2025-09-07 01:47:49,227 - INFO - random_forest Fold 2 RMSE: 2.77, MAE: 2.19, R2: 0.69
2025-09-07 01:47:49,983 - INFO - random_forest Fold 3 RMSE: 1.79, MAE: 1.45, R2: 0.90
2025-09-07 01:47:50,976 - INFO - random_forest Fold 4 RMSE: 4.09, MAE: 2.55, R2: 0.83
2025-09-07 01:47:52,231 - INFO - random_forest Fold 5 RMSE: 2.01, MAE: 1.61, R2: 0.96
2025-09-07 01:47:52,231 - INFO - random_forest Average RMSE: 3.04, MAE: 2.28, R2: 0.84
2025-09-07 01:47:53,788 - INFO - Training ridge for Karachi...
2025-09-07 01:47:53,796 - INFO - ridge Fold 1 RMSE: 1.87, MAE: 1.40, R2: 0.97
2025-09-07 01:47:53,801 - INFO - ridge Fold 2 RMSE: 0.63, MAE: 0.51, R2: 0.98
2025-09-07 01:47:53,807 - INFO - ridge Fold 3 RMSE: 0.55, MAE: 0.46, R2: 0.99
2025-09-07 01:47:53,813 - INFO - ridge Fold 4 RMSE: 1.67, MAE: 1.08, R2: 0.97
2025-09-07 01:47:53,818 - INFO - ridge Fold 5 RMSE: 1.28, MAE: 0.86, R2: 0.98
2025-09-07 01:47:53,819 - INFO - ridge Average RMSE: 1.20, MAE: 0.86, R2: 0.98
2025-09-07 01:47:53,823 - INFO - Training svr for Karachi...
2025-09-07 01:47:53,859 - INFO - svr Fold 1 RMSE: 5.68, MAE: 3.80, R2: 0.72
2025-09-07 01:47:53,944 - INFO - svr Fold 2 RMSE: 1.67, MAE: 1.39, R2: 0.89
2025-09-07 01:47:54,101 - INFO - svr Fold 3 RMSE: 7.66, MAE: 5.74, R2: -0.78
2025-09-07 01:47:54,359 - INFO - svr Fold 4 RMSE: 5.21, MAE: 3.24, R2: 0.72
2025-09-07 01:47:54,749 - INFO - svr Fold 5 RMSE: 4.69, MAE: 3.00, R2: 0.77
2025-09-07 01:47:54,749 - INFO - svr Average RMSE: 4.98, MAE: 3.43, R2: 0.46
2025-09-07 01:47:55,257 - INFO - Metrics for Karachi:
2025-09-07 01:47:55,257 - INFO - random_forest: avg_rmse=3.04, avg_mae=2.28, avg_r2=0.84
2025-09-07 01:47:55,257 - INFO - ridge: avg_rmse=1.20, avg_mae=0.86, avg_r2=0.98
2025-09-07 01:47:55,257 - INFO - svr: avg_rmse=4.98, avg_mae=3.43, avg_r2=0.46
2025-09-07 01:47:55,258 - INFO - 
=== Training/Retraining Models for Lahore ===
2025-09-07 01:47:55,258 - INFO - Processing Lahore with data from data/Lahore_historical_aq.csv
2025-09-07 01:47:55,264 - INFO - Training random_forest for Lahore...
2025-09-07 01:47:55,575 - INFO - random_forest Fold 1 RMSE: 21.29, MAE: 18.05, R2: 0.09
2025-09-07 01:47:56,115 - INFO - random_forest Fold 2 RMSE: 14.27, MAE: 9.67, R2: 0.80
2025-09-07 01:47:56,934 - INFO - random_forest Fold 3 RMSE: 5.85, MAE: 4.52, R2: 0.90
2025-09-07 01:47:58,062 - INFO - random_forest Fold 4 RMSE: 7.27, MAE: 4.30, R2: 0.85
2025-09-07 01:47:59,509 - INFO - random_forest Fold 5 RMSE: 28.42, MAE: 20.32, R2: -0.27
2025-09-07 01:47:59,509 - INFO - random_forest Average RMSE: 15.42, MAE: 11.37, R2: 0.47
2025-09-07 01:48:01,287 - INFO - Training ridge for Lahore...
2025-09-07 01:48:01,294 - INFO - ridge Fold 1 RMSE: 11.77, MAE: 9.01, R2: 0.72
2025-09-07 01:48:01,299 - INFO - ridge Fold 2 RMSE: 13.86, MAE: 10.91, R2: 0.81
2025-09-07 01:48:01,305 - INFO - ridge Fold 3 RMSE: 7.13, MAE: 5.64, R2: 0.86
2025-09-07 01:48:01,310 - INFO - ridge Fold 4 RMSE: 6.39, MAE: 4.91, R2: 0.88
2025-09-07 01:48:01,316 - INFO - ridge Fold 5 RMSE: 15.87, MAE: 11.46, R2: 0.60
2025-09-07 01:48:01,316 - INFO - ridge Average RMSE: 11.00, MAE: 8.39, R2: 0.78
2025-09-07 01:48:01,320 - INFO - Training svr for Lahore...
2025-09-07 01:48:01,364 - INFO - svr Fold 1 RMSE: 14.53, MAE: 9.71, R2: 0.58
2025-09-07 01:48:01,519 - INFO - svr Fold 2 RMSE: 14.80, MAE: 10.39, R2: 0.79
2025-09-07 01:48:01,878 - INFO - svr Fold 3 RMSE: 10.20, MAE: 7.42, R2: 0.71
2025-09-07 01:48:02,667 - INFO - svr Fold 4 RMSE: 6.61, MAE: 4.68, R2: 0.88
2025-09-07 01:48:03,783 - INFO - svr Fold 5 RMSE: 36.51, MAE: 30.43, R2: -1.10
2025-09-07 01:48:03,783 - INFO - svr Average RMSE: 16.53, MAE: 12.52, R2: 0.37
2025-09-07 01:48:05,501 - INFO - Metrics for Lahore:
2025-09-07 01:48:05,501 - INFO - random_forest: avg_rmse=15.42, avg_mae=11.37, avg_r2=0.47
2025-09-07 01:48:05,502 - INFO - ridge: avg_rmse=11.00, avg_mae=8.39, avg_r2=0.78
2025-09-07 01:48:05,502 - INFO - svr: avg_rmse=16.53, avg_mae=12.52, avg_r2=0.37
2025-09-07 01:48:05,502 - INFO - 
=== Training/Retraining Models for Islamabad ===
2025-09-07 01:48:05,502 - INFO - Processing Islamabad with data from data/Islamabad_historical_aq.csv
2025-09-07 01:48:05,507 - INFO - Training random_forest for Islamabad...
2025-09-07 01:48:05,794 - INFO - random_forest Fold 1 RMSE: 18.52, MAE: 12.75, R2: 0.54
2025-09-07 01:48:06,352 - INFO - random_forest Fold 2 RMSE: 12.89, MAE: 9.46, R2: 0.82
2025-09-07 01:48:07,149 - INFO - random_forest Fold 3 RMSE: 9.69, MAE: 7.33, R2: 0.90
2025-09-07 01:48:08,221 - INFO - random_forest Fold 4 RMSE: 6.45, MAE: 4.83, R2: 0.93
2025-09-07 01:48:09,578 - INFO - random_forest Fold 5 RMSE: 9.82, MAE: 6.72, R2: 0.84
2025-09-07 01:48:09,578 - INFO - random_forest Average RMSE: 11.47, MAE: 8.22, R2: 0.81
2025-09-07 01:48:11,245 - INFO - Training ridge for Islamabad...
2025-09-07 01:48:11,251 - INFO - ridge Fold 1 RMSE: 8.11, MAE: 5.18, R2: 0.91
2025-09-07 01:48:11,257 - INFO - ridge Fold 2 RMSE: 16.18, MAE: 9.15, R2: 0.71
2025-09-07 01:48:11,262 - INFO - ridge Fold 3 RMSE: 7.58, MAE: 5.68, R2: 0.94
2025-09-07 01:48:11,268 - INFO - ridge Fold 4 RMSE: 5.91, MAE: 4.62, R2: 0.94
2025-09-07 01:48:11,274 - INFO - ridge Fold 5 RMSE: 7.25, MAE: 5.05, R2: 0.91
2025-09-07 01:48:11,274 - INFO - ridge Average RMSE: 9.01, MAE: 5.94, R2: 0.88
2025-09-07 01:48:11,278 - INFO - Training svr for Islamabad...
2025-09-07 01:48:11,336 - INFO - svr Fold 1 RMSE: 23.29, MAE: 17.53, R2: 0.28
2025-09-07 01:48:11,514 - INFO - svr Fold 2 RMSE: 14.18, MAE: 10.94, R2: 0.78
2025-09-07 01:48:11,951 - INFO - svr Fold 3 RMSE: 12.27, MAE: 9.47, R2: 0.84
2025-09-07 01:48:12,685 - INFO - svr Fold 4 RMSE: 8.16, MAE: 6.05, R2: 0.89
2025-09-07 01:48:13,884 - INFO - svr Fold 5 RMSE: 14.19, MAE: 11.07, R2: 0.66
2025-09-07 01:48:13,885 - INFO - svr Average RMSE: 14.42, MAE: 11.01, R2: 0.69
2025-09-07 01:48:15,659 - INFO - Metrics for Islamabad:
2025-09-07 01:48:15,660 - INFO - random_forest: avg_rmse=11.47, avg_mae=8.22, avg_r2=0.81
2025-09-07 01:48:15,660 - INFO - ridge: avg_rmse=9.01, avg_mae=5.94, avg_r2=0.88
2025-09-07 01:48:15,660 - INFO - svr: avg_rmse=14.42, avg_mae=11.01, avg_r2=0.69
2025-09-08 01:47:24,261 - INFO - 
=== Training/Retraining Models for Karachi ===
2025-09-08 01:47:24,261 - INFO - Processing Karachi with data from data/Karachi_historical_aq.csv
2025-09-08 01:47:24,268 - INFO - Training random_forest for Karachi...
2025-09-08 01:47:24,537 - INFO - random_forest Fold 1 RMSE: 4.58, MAE: 3.57, R2: 0.82
2025-09-08 01:47:25,038 - INFO - random_forest Fold 2 RMSE: 2.54, MAE: 1.87, R2: 0.61
2025-09-08 01:47:25,764 - INFO - random_forest Fold 3 RMSE: 1.76, MAE: 1.40, R2: 0.92
2025-09-08 01:47:26,745 - INFO - random_forest Fold 4 RMSE: 4.19, MAE: 2.70, R2: 0.80
2025-09-08 01:47:28,018 - INFO - random_forest Fold 5 RMSE: 1.89, MAE: 1.44, R2: 0.96
2025-09-08 01:47:28,018 - INFO - random_forest Average RMSE: 2.99, MAE: 2.20, R2: 0.82
2025-09-08 01:47:29,569 - INFO - Training ridge for Karachi...
2025-09-08 01:47:29,577 - INFO - ridge Fold 1 RMSE: 1.90, MAE: 1.38, R2: 0.97
2025-09-08 01:47:29,582 - INFO - ridge Fold 2 RMSE: 0.61, MAE: 0.49, R2: 0.98
2025-09-08 01:47:29,588 - INFO - ridge Fold 3 RMSE: 0.70, MAE: 0.55, R2: 0.99
2025-09-08 01:47:29,593 - INFO - ridge Fold 4 RMSE: 1.64, MAE: 1.08, R2: 0.97
2025-09-08 01:47:29,599 - INFO - ridge Fold 5 RMSE: 1.24, MAE: 0.80, R2: 0.98
2025-09-08 01:47:29,599 - INFO - ridge Average RMSE: 1.22, MAE: 0.86, R2: 0.98
2025-09-08 01:47:29,603 - INFO - Training svr for Karachi...
2025-09-08 01:47:29,641 - INFO - svr Fold 1 RMSE: 5.55, MAE: 3.76, R2: 0.73
2025-09-08 01:47:29,727 - INFO - svr Fold 2 RMSE: 1.82, MAE: 1.46, R2: 0.80
2025-09-08 01:47:29,883 - INFO - svr Fold 3 RMSE: 8.91, MAE: 6.93, R2: -1.14
2025-09-08 01:47:30,148 - INFO - svr Fold 4 RMSE: 5.09, MAE: 3.06, R2: 0.70
2025-09-08 01:47:30,537 - INFO - svr Fold 5 RMSE: 4.67, MAE: 3.01, R2: 0.77
2025-09-08 01:47:30,538 - INFO - svr Average RMSE: 5.21, MAE: 3.64, R2: 0.37
2025-09-08 01:47:31,038 - INFO - Metrics for Karachi:
2025-09-08 01:47:31,038 - INFO - random_forest: avg_rmse=2.99, avg_mae=2.20, avg_r2=0.82
2025-09-08 01:47:31,038 - INFO - ridge: avg_rmse=1.22, avg_mae=0.86, avg_r2=0.98
2025-09-08 01:47:31,038 - INFO - svr: avg_rmse=5.21, avg_mae=3.64, avg_r2=0.37
2025-09-08 01:47:31,038 - INFO - 
=== Training/Retraining Models for Lahore ===
2025-09-08 01:47:31,038 - INFO - Processing Lahore with data from data/Lahore_historical_aq.csv
2025-09-08 01:47:31,044 - INFO - Training random_forest for Lahore...
2025-09-08 01:47:31,350 - INFO - random_forest Fold 1 RMSE: 11.61, MAE: 9.80, R2: 0.74
2025-09-08 01:47:31,885 - INFO - random_forest Fold 2 RMSE: 14.00, MAE: 9.37, R2: 0.78
2025-09-08 01:47:32,729 - INFO - random_forest Fold 3 RMSE: 5.58, MAE: 4.37, R2: 0.91
2025-09-08 01:47:33,854 - INFO - random_forest Fold 4 RMSE: 7.54, MAE: 4.44, R2: 0.87
2025-09-08 01:47:35,294 - INFO - random_forest Fold 5 RMSE: 27.16, MAE: 19.18, R2: -0.13
2025-09-08 01:47:35,294 - INFO - random_forest Average RMSE: 13.18, MAE: 9.43, R2: 0.64
2025-09-08 01:47:37,031 - INFO - Training ridge for Lahore...
2025-09-08 01:47:37,037 - INFO - ridge Fold 1 RMSE: 12.13, MAE: 9.16, R2: 0.72
2025-09-08 01:47:37,043 - INFO - ridge Fold 2 RMSE: 13.95, MAE: 10.83, R2: 0.78
2025-09-08 01:47:37,048 - INFO - ridge Fold 3 RMSE: 6.90, MAE: 5.41, R2: 0.87
2025-09-08 01:47:37,054 - INFO - ridge Fold 4 RMSE: 6.33, MAE: 4.90, R2: 0.91
2025-09-08 01:47:37,060 - INFO - ridge Fold 5 RMSE: 15.74, MAE: 11.32, R2: 0.62
2025-09-08 01:47:37,060 - INFO - ridge Average RMSE: 11.01, MAE: 8.32, R2: 0.78
2025-09-08 01:47:37,064 - INFO - Training svr for Lahore...
2025-09-08 01:47:37,105 - INFO - svr Fold 1 RMSE: 10.27, MAE: 7.83, R2: 0.80
2025-09-08 01:47:37,258 - INFO - svr Fold 2 RMSE: 13.83, MAE: 9.40, R2: 0.79
2025-09-08 01:47:37,618 - INFO - svr Fold 3 RMSE: 10.93, MAE: 8.23, R2: 0.66
2025-09-08 01:47:38,333 - INFO - svr Fold 4 RMSE: 7.74, MAE: 5.40, R2: 0.86
2025-09-08 01:47:39,427 - INFO - svr Fold 5 RMSE: 36.35, MAE: 29.92, R2: -1.02
2025-09-08 01:47:39,428 - INFO - svr Average RMSE: 15.82, MAE: 12.16, R2: 0.42
2025-09-08 01:47:41,045 - INFO - Metrics for Lahore:
2025-09-08 01:47:41,045 - INFO - random_forest: avg_rmse=13.18, avg_mae=9.43, avg_r2=0.64
2025-09-08 01:47:41,045 - INFO - ridge: avg_rmse=11.01, avg_mae=8.32, avg_r2=0.78
2025-09-08 01:47:41,045 - INFO - svr: avg_rmse=15.82, avg_mae=12.16, avg_r2=0.42
2025-09-08 01:47:41,045 - INFO - 
=== Training/Retraining Models for Islamabad ===
2025-09-08 01:47:41,045 - INFO - Processing Islamabad with data from data/Islamabad_historical_aq.csv
2025-09-08 01:47:41,051 - INFO - Training random_forest for Islamabad...
2025-09-08 01:47:41,342 - INFO - random_forest Fold 1 RMSE: 13.41, MAE: 9.79, R2: 0.73
2025-09-08 01:47:41,898 - INFO - random_forest Fold 2 RMSE: 13.39, MAE: 9.89, R2: 0.81
2025-09-08 01:47:42,696 - INFO - random_forest Fold 3 RMSE: 7.98, MAE: 6.19, R2: 0.93
2025-09-08 01:47:43,773 - INFO - random_forest Fold 4 RMSE: 7.06, MAE: 5.23, R2: 0.92
2025-09-08 01:47:45,122 - INFO - random_forest Fold 5 RMSE: 9.69, MAE: 6.91, R2: 0.84
2025-09-08 01:47:45,123 - INFO - random_forest Average RMSE: 10.31, MAE: 7.60, R2: 0.85
2025-09-08 01:47:46,784 - INFO - Training ridge for Islamabad...
2025-09-08 01:47:46,791 - INFO - ridge Fold 1 RMSE: 11.06, MAE: 6.74, R2: 0.82
2025-09-08 01:47:46,796 - INFO - ridge Fold 2 RMSE: 13.93, MAE: 7.84, R2: 0.80
2025-09-08 01:47:46,802 - INFO - ridge Fold 3 RMSE: 7.16, MAE: 5.29, R2: 0.94
2025-09-08 01:47:46,807 - INFO - ridge Fold 4 RMSE: 5.82, MAE: 4.49, R2: 0.94
2025-09-08 01:47:46,813 - INFO - ridge Fold 5 RMSE: 7.68, MAE: 5.28, R2: 0.90
2025-09-08 01:47:46,813 - INFO - ridge Average RMSE: 9.13, MAE: 5.93, R2: 0.88
2025-09-08 01:47:46,817 - INFO - Training svr for Islamabad...
2025-09-08 01:47:46,871 - INFO - svr Fold 1 RMSE: 16.66, MAE: 12.98, R2: 0.59
2025-09-08 01:47:47,067 - INFO - svr Fold 2 RMSE: 14.72, MAE: 10.97, R2: 0.78
2025-09-08 01:47:47,461 - INFO - svr Fold 3 RMSE: 11.94, MAE: 9.32, R2: 0.84
2025-09-08 01:47:48,278 - INFO - svr Fold 4 RMSE: 7.66, MAE: 5.45, R2: 0.90
2025-09-08 01:47:49,437 - INFO - svr Fold 5 RMSE: 14.96, MAE: 12.21, R2: 0.62
2025-09-08 01:47:49,437 - INFO - svr Average RMSE: 13.19, MAE: 10.18, R2: 0.74
2025-09-08 01:47:51,087 - INFO - Metrics for Islamabad:
2025-09-08 01:47:51,087 - INFO - random_forest: avg_rmse=10.31, avg_mae=7.60, avg_r2=0.85
2025-09-08 01:47:51,087 - INFO - ridge: avg_rmse=9.13, avg_mae=5.93, avg_r2=0.88
2025-09-08 01:47:51,087 - INFO - svr: avg_rmse=13.19, avg_mae=10.18, avg_r2=0.74
2025-09-09 01:44:04,243 - INFO - 
=== Training/Retraining Models for Karachi ===
2025-09-09 01:44:04,243 - INFO - Processing Karachi with data from data/Karachi_historical_aq.csv
2025-09-09 01:44:04,251 - INFO - Training random_forest for Karachi...
2025-09-09 01:44:04,520 - INFO - random_forest Fold 1 RMSE: 4.00, MAE: 3.34, R2: 0.86
2025-09-09 01:44:05,024 - INFO - random_forest Fold 2 RMSE: 2.85, MAE: 2.25, R2: 0.41
2025-09-09 01:44:05,764 - INFO - random_forest Fold 3 RMSE: 2.37, MAE: 1.88, R2: 0.85
2025-09-09 01:44:06,746 - INFO - random_forest Fold 4 RMSE: 4.07, MAE: 2.47, R2: 0.78
2025-09-09 01:44:08,028 - INFO - random_forest Fold 5 RMSE: 1.88, MAE: 1.47, R2: 0.96
2025-09-09 01:44:08,029 - INFO - random_forest Average RMSE: 3.03, MAE: 2.28, R2: 0.77
2025-09-09 01:44:09,615 - INFO - Training ridge for Karachi...
2025-09-09 01:44:09,622 - INFO - ridge Fold 1 RMSE: 1.90, MAE: 1.37, R2: 0.97
2025-09-09 01:44:09,628 - INFO - ridge Fold 2 RMSE: 0.58, MAE: 0.48, R2: 0.98
2025-09-09 01:44:09,635 - INFO - ridge Fold 3 RMSE: 0.71, MAE: 0.56, R2: 0.99
2025-09-09 01:44:09,641 - INFO - ridge Fold 4 RMSE: 1.62, MAE: 1.07, R2: 0.97
2025-09-09 01:44:09,647 - INFO - ridge Fold 5 RMSE: 1.27, MAE: 0.84, R2: 0.98
2025-09-09 01:44:09,647 - INFO - ridge Average RMSE: 1.22, MAE: 0.86, R2: 0.98
2025-09-09 01:44:09,652 - INFO - Training svr for Karachi...
2025-09-09 01:44:09,687 - INFO - svr Fold 1 RMSE: 5.18, MAE: 3.40, R2: 0.77
2025-09-09 01:44:09,772 - INFO - svr Fold 2 RMSE: 1.58, MAE: 1.23, R2: 0.82
2025-09-09 01:44:09,937 - INFO - svr Fold 3 RMSE: 10.26, MAE: 8.30, R2: -1.80
2025-09-09 01:44:10,210 - INFO - svr Fold 4 RMSE: 4.95, MAE: 2.82, R2: 0.67
2025-09-09 01:44:10,620 - INFO - svr Fold 5 RMSE: 4.69, MAE: 3.02, R2: 0.74
2025-09-09 01:44:10,620 - INFO - svr Average RMSE: 5.33, MAE: 3.75, R2: 0.24
2025-09-09 01:44:11,161 - INFO - Metrics for Karachi:
2025-09-09 01:44:11,162 - INFO - random_forest: avg_rmse=3.03, avg_mae=2.28, avg_r2=0.77
2025-09-09 01:44:11,162 - INFO - ridge: avg_rmse=1.22, avg_mae=0.86, avg_r2=0.98
2025-09-09 01:44:11,162 - INFO - svr: avg_rmse=5.33, avg_mae=3.75, avg_r2=0.24
2025-09-09 01:44:11,162 - INFO - 
=== Training/Retraining Models for Lahore ===
2025-09-09 01:44:11,162 - INFO - Processing Lahore with data from data/Lahore_historical_aq.csv
2025-09-09 01:44:11,169 - INFO - Training random_forest for Lahore...
2025-09-09 01:44:11,478 - INFO - random_forest Fold 1 RMSE: 11.64, MAE: 9.68, R2: 0.75
2025-09-09 01:44:12,033 - INFO - random_forest Fold 2 RMSE: 13.69, MAE: 9.24, R2: 0.80
2025-09-09 01:44:12,875 - INFO - random_forest Fold 3 RMSE: 5.62, MAE: 4.27, R2: 0.91
2025-09-09 01:44:14,043 - INFO - random_forest Fold 4 RMSE: 8.42, MAE: 5.28, R2: 0.88
2025-09-09 01:44:15,513 - INFO - random_forest Fold 5 RMSE: 26.57, MAE: 16.62, R2: -0.10
2025-09-09 01:44:15,514 - INFO - random_forest Average RMSE: 13.19, MAE: 9.02, R2: 0.65
2025-09-09 01:44:17,276 - INFO - Training ridge for Lahore...
2025-09-09 01:44:17,284 - INFO - ridge Fold 1 RMSE: 12.95, MAE: 9.11, R2: 0.69
2025-09-09 01:44:17,290 - INFO - ridge Fold 2 RMSE: 12.81, MAE: 10.30, R2: 0.82
2025-09-09 01:44:17,296 - INFO - ridge Fold 3 RMSE: 6.28, MAE: 4.91, R2: 0.88
2025-09-09 01:44:17,301 - INFO - ridge Fold 4 RMSE: 6.49, MAE: 5.03, R2: 0.93
2025-09-09 01:44:17,307 - INFO - ridge Fold 5 RMSE: 15.51, MAE: 11.03, R2: 0.63
2025-09-09 01:44:17,308 - INFO - ridge Average RMSE: 10.81, MAE: 8.08, R2: 0.79
2025-09-09 01:44:17,312 - INFO - Training svr for Lahore...
2025-09-09 01:44:17,356 - INFO - svr Fold 1 RMSE: 11.57, MAE: 9.39, R2: 0.75
2025-09-09 01:44:17,524 - INFO - svr Fold 2 RMSE: 13.63, MAE: 9.08, R2: 0.80
2025-09-09 01:44:17,918 - INFO - svr Fold 3 RMSE: 11.29, MAE: 8.76, R2: 0.62
2025-09-09 01:44:18,670 - INFO - svr Fold 4 RMSE: 10.89, MAE: 6.96, R2: 0.80
2025-09-09 01:44:19,871 - INFO - svr Fold 5 RMSE: 29.92, MAE: 24.18, R2: -0.39
2025-09-09 01:44:19,871 - INFO - svr Average RMSE: 15.46, MAE: 11.67, R2: 0.52
2025-09-09 01:44:21,710 - INFO - Metrics for Lahore:
2025-09-09 01:44:21,710 - INFO - random_forest: avg_rmse=13.19, avg_mae=9.02, avg_r2=0.65
2025-09-09 01:44:21,710 - INFO - ridge: avg_rmse=10.81, avg_mae=8.08, avg_r2=0.79
2025-09-09 01:44:21,710 - INFO - svr: avg_rmse=15.46, avg_mae=11.67, avg_r2=0.52
2025-09-09 01:44:21,710 - INFO - 
=== Training/Retraining Models for Islamabad ===
2025-09-09 01:44:21,710 - INFO - Processing Islamabad with data from data/Islamabad_historical_aq.csv
2025-09-09 01:44:21,716 - INFO - Training random_forest for Islamabad...
2025-09-09 01:44:22,019 - INFO - random_forest Fold 1 RMSE: 12.65, MAE: 7.84, R2: 0.76
2025-09-09 01:44:22,581 - INFO - random_forest Fold 2 RMSE: 13.82, MAE: 10.43, R2: 0.79
2025-09-09 01:44:23,376 - INFO - random_forest Fold 3 RMSE: 7.11, MAE: 5.55, R2: 0.94
2025-09-09 01:44:24,452 - INFO - random_forest Fold 4 RMSE: 7.38, MAE: 5.51, R2: 0.91
2025-09-09 01:44:25,827 - INFO - random_forest Fold 5 RMSE: 10.44, MAE: 7.48, R2: 0.83
2025-09-09 01:44:25,827 - INFO - random_forest Average RMSE: 10.28, MAE: 7.36, R2: 0.85
2025-09-09 01:44:27,519 - INFO - Training ridge for Islamabad...
2025-09-09 01:44:27,525 - INFO - ridge Fold 1 RMSE: 9.58, MAE: 6.32, R2: 0.86
2025-09-09 01:44:27,531 - INFO - ridge Fold 2 RMSE: 11.74, MAE: 6.87, R2: 0.85
2025-09-09 01:44:27,537 - INFO - ridge Fold 3 RMSE: 7.15, MAE: 5.27, R2: 0.94
2025-09-09 01:44:27,542 - INFO - ridge Fold 4 RMSE: 5.75, MAE: 4.39, R2: 0.95
2025-09-09 01:44:27,548 - INFO - ridge Fold 5 RMSE: 7.61, MAE: 5.17, R2: 0.91
2025-09-09 01:44:27,549 - INFO - ridge Average RMSE: 8.37, MAE: 5.60, R2: 0.90
2025-09-09 01:44:27,553 - INFO - Training svr for Islamabad...
2025-09-09 01:44:27,605 - INFO - svr Fold 1 RMSE: 13.21, MAE: 9.80, R2: 0.74
2025-09-09 01:44:27,795 - INFO - svr Fold 2 RMSE: 13.82, MAE: 10.67, R2: 0.79
2025-09-09 01:44:28,193 - INFO - svr Fold 3 RMSE: 12.75, MAE: 9.99, R2: 0.82
2025-09-09 01:44:28,959 - INFO - svr Fold 4 RMSE: 6.96, MAE: 4.85, R2: 0.92
2025-09-09 01:44:30,172 - INFO - svr Fold 5 RMSE: 13.95, MAE: 11.16, R2: 0.69
2025-09-09 01:44:30,172 - INFO - svr Average RMSE: 12.14, MAE: 9.29, R2: 0.79
2025-09-09 01:44:31,937 - INFO - Metrics for Islamabad:
2025-09-09 01:44:31,937 - INFO - random_forest: avg_rmse=10.28, avg_mae=7.36, avg_r2=0.85
2025-09-09 01:44:31,937 - INFO - ridge: avg_rmse=8.37, avg_mae=5.60, avg_r2=0.90
2025-09-09 01:44:31,937 - INFO - svr: avg_rmse=12.14, avg_mae=9.29, avg_r2=0.79
2025-09-10 01:40:53,129 - INFO - 
=== Training/Retraining Models for Karachi ===
2025-09-10 01:40:53,129 - INFO - Processing Karachi with data from data/Karachi_historical_aq.csv
2025-09-10 01:40:53,137 - INFO - Training random_forest for Karachi...
2025-09-10 01:40:53,415 - INFO - random_forest Fold 1 RMSE: 3.93, MAE: 2.78, R2: 0.86
2025-09-10 01:40:53,910 - INFO - random_forest Fold 2 RMSE: 2.33, MAE: 1.73, R2: 0.61
2025-09-10 01:40:54,657 - INFO - random_forest Fold 3 RMSE: 3.59, MAE: 2.94, R2: 0.55
2025-09-10 01:40:55,641 - INFO - random_forest Fold 4 RMSE: 4.06, MAE: 2.50, R2: 0.76
2025-09-10 01:40:56,899 - INFO - random_forest Fold 5 RMSE: 2.05, MAE: 1.59, R2: 0.95
2025-09-10 01:40:56,900 - INFO - random_forest Average RMSE: 3.19, MAE: 2.31, R2: 0.75
2025-09-10 01:40:58,457 - INFO - Training ridge for Karachi...
2025-09-10 01:40:58,464 - INFO - ridge Fold 1 RMSE: 2.04, MAE: 1.41, R2: 0.96
2025-09-10 01:40:58,470 - INFO - ridge Fold 2 RMSE: 0.58, MAE: 0.49, R2: 0.98
2025-09-10 01:40:58,475 - INFO - ridge Fold 3 RMSE: 0.79, MAE: 0.63, R2: 0.98
2025-09-10 01:40:58,481 - INFO - ridge Fold 4 RMSE: 1.56, MAE: 1.02, R2: 0.96
2025-09-10 01:40:58,487 - INFO - ridge Fold 5 RMSE: 1.28, MAE: 0.87, R2: 0.98
2025-09-10 01:40:58,487 - INFO - ridge Average RMSE: 1.25, MAE: 0.88, R2: 0.97
2025-09-10 01:40:58,491 - INFO - Training svr for Karachi...
2025-09-10 01:40:58,526 - INFO - svr Fold 1 RMSE: 4.93, MAE: 3.10, R2: 0.78
2025-09-10 01:40:58,612 - INFO - svr Fold 2 RMSE: 1.25, MAE: 0.99, R2: 0.89
2025-09-10 01:40:58,758 - INFO - svr Fold 3 RMSE: 11.23, MAE: 9.50, R2: -3.40
2025-09-10 01:40:59,010 - INFO - svr Fold 4 RMSE: 4.97, MAE: 2.84, R2: 0.64
2025-09-10 01:40:59,393 - INFO - svr Fold 5 RMSE: 4.81, MAE: 3.13, R2: 0.73
2025-09-10 01:40:59,393 - INFO - svr Average RMSE: 5.44, MAE: 3.91, R2: -0.07
2025-09-10 01:40:59,926 - INFO - Metrics for Karachi:
2025-09-10 01:40:59,926 - INFO - random_forest: avg_rmse=3.19, avg_mae=2.31, avg_r2=0.75
2025-09-10 01:40:59,926 - INFO - ridge: avg_rmse=1.25, avg_mae=0.88, avg_r2=0.97
2025-09-10 01:40:59,926 - INFO - svr: avg_rmse=5.44, avg_mae=3.91, avg_r2=-0.07
2025-09-10 01:40:59,927 - INFO - 
=== Training/Retraining Models for Lahore ===
2025-09-10 01:40:59,927 - INFO - Processing Lahore with data from data/Lahore_historical_aq.csv
2025-09-10 01:40:59,933 - INFO - Training random_forest for Lahore...
2025-09-10 01:41:00,229 - INFO - random_forest Fold 1 RMSE: 25.86, MAE: 13.67, R2: -0.09
2025-09-10 01:41:00,771 - INFO - random_forest Fold 2 RMSE: 15.19, MAE: 9.89, R2: 0.74
2025-09-10 01:41:01,594 - INFO - random_forest Fold 3 RMSE: 5.44, MAE: 4.16, R2: 0.90
2025-09-10 01:41:02,727 - INFO - random_forest Fold 4 RMSE: 11.44, MAE: 7.02, R2: 0.84
2025-09-10 01:41:04,171 - INFO - random_forest Fold 5 RMSE: 31.10, MAE: 16.50, R2: -0.45
2025-09-10 01:41:04,172 - INFO - random_forest Average RMSE: 17.81, MAE: 10.25, R2: 0.39
2025-09-10 01:41:05,892 - INFO - Training ridge for Lahore...
2025-09-10 01:41:05,899 - INFO - ridge Fold 1 RMSE: 12.06, MAE: 8.58, R2: 0.76
2025-09-10 01:41:05,904 - INFO - ridge Fold 2 RMSE: 10.71, MAE: 8.88, R2: 0.87
2025-09-10 01:41:05,910 - INFO - ridge Fold 3 RMSE: 5.86, MAE: 4.45, R2: 0.89
2025-09-10 01:41:05,915 - INFO - ridge Fold 4 RMSE: 7.14, MAE: 5.48, R2: 0.94
2025-09-10 01:41:05,921 - INFO - ridge Fold 5 RMSE: 16.19, MAE: 11.57, R2: 0.61
2025-09-10 01:41:05,921 - INFO - ridge Average RMSE: 10.39, MAE: 7.79, R2: 0.81
2025-09-10 01:41:05,926 - INFO - Training svr for Lahore...
2025-09-10 01:41:05,972 - INFO - svr Fold 1 RMSE: 11.28, MAE: 8.84, R2: 0.79
2025-09-10 01:41:06,134 - INFO - svr Fold 2 RMSE: 13.70, MAE: 9.17, R2: 0.79
2025-09-10 01:41:06,541 - INFO - svr Fold 3 RMSE: 11.77, MAE: 9.36, R2: 0.54
2025-09-10 01:41:07,255 - INFO - svr Fold 4 RMSE: 17.20, MAE: 10.33, R2: 0.64
2025-09-10 01:41:08,482 - INFO - svr Fold 5 RMSE: 23.99, MAE: 18.74, R2: 0.14
2025-09-10 01:41:08,482 - INFO - svr Average RMSE: 15.59, MAE: 11.29, R2: 0.58
2025-09-10 01:41:10,092 - INFO - Metrics for Lahore:
2025-09-10 01:41:10,092 - INFO - random_forest: avg_rmse=17.81, avg_mae=10.25, avg_r2=0.39
2025-09-10 01:41:10,092 - INFO - ridge: avg_rmse=10.39, avg_mae=7.79, avg_r2=0.81
2025-09-10 01:41:10,092 - INFO - svr: avg_rmse=15.59, avg_mae=11.29, avg_r2=0.58
2025-09-10 01:41:10,092 - INFO - 
=== Training/Retraining Models for Islamabad ===
2025-09-10 01:41:10,092 - INFO - Processing Islamabad with data from data/Islamabad_historical_aq.csv
2025-09-10 01:41:10,098 - INFO - Training random_forest for Islamabad...
2025-09-10 01:41:10,391 - INFO - random_forest Fold 1 RMSE: 15.15, MAE: 10.71, R2: 0.65
2025-09-10 01:41:10,954 - INFO - random_forest Fold 2 RMSE: 12.07, MAE: 9.10, R2: 0.85
2025-09-10 01:41:11,746 - INFO - random_forest Fold 3 RMSE: 7.46, MAE: 5.85, R2: 0.94
2025-09-10 01:41:12,812 - INFO - random_forest Fold 4 RMSE: 8.88, MAE: 6.23, R2: 0.86
2025-09-10 01:41:14,178 - INFO - random_forest Fold 5 RMSE: 9.01, MAE: 6.62, R2: 0.88
2025-09-10 01:41:14,179 - INFO - random_forest Average RMSE: 10.51, MAE: 7.70, R2: 0.84
2025-09-10 01:41:15,836 - INFO - Training ridge for Islamabad...
2025-09-10 01:41:15,842 - INFO - ridge Fold 1 RMSE: 8.98, MAE: 5.98, R2: 0.88
2025-09-10 01:41:15,848 - INFO - ridge Fold 2 RMSE: 11.86, MAE: 7.02, R2: 0.86
2025-09-10 01:41:15,853 - INFO - ridge Fold 3 RMSE: 6.89, MAE: 5.04, R2: 0.95
2025-09-10 01:41:15,859 - INFO - ridge Fold 4 RMSE: 5.65, MAE: 4.26, R2: 0.94
2025-09-10 01:41:15,865 - INFO - ridge Fold 5 RMSE: 7.53, MAE: 5.05, R2: 0.92
2025-09-10 01:41:15,865 - INFO - ridge Average RMSE: 8.18, MAE: 5.47, R2: 0.91
2025-09-10 01:41:15,869 - INFO - Training svr for Islamabad...
2025-09-10 01:41:15,922 - INFO - svr Fold 1 RMSE: 11.49, MAE: 8.54, R2: 0.80
2025-09-10 01:41:16,110 - INFO - svr Fold 2 RMSE: 14.06, MAE: 10.65, R2: 0.80
2025-09-10 01:41:16,499 - INFO - svr Fold 3 RMSE: 12.37, MAE: 10.11, R2: 0.82
2025-09-10 01:41:17,237 - INFO - svr Fold 4 RMSE: 7.54, MAE: 4.79, R2: 0.90
2025-09-10 01:41:18,522 - INFO - svr Fold 5 RMSE: 13.69, MAE: 11.23, R2: 0.73
2025-09-10 01:41:18,522 - INFO - svr Average RMSE: 11.83, MAE: 9.06, R2: 0.81
2025-09-10 01:41:20,249 - INFO - Metrics for Islamabad:
2025-09-10 01:41:20,249 - INFO - random_forest: avg_rmse=10.51, avg_mae=7.70, avg_r2=0.84
2025-09-10 01:41:20,249 - INFO - ridge: avg_rmse=8.18, avg_mae=5.47, avg_r2=0.91
2025-09-10 01:41:20,249 - INFO - svr: avg_rmse=11.83, avg_mae=9.06, avg_r2=0.81
2025-09-11 01:43:32,142 - INFO - 
=== Training/Retraining Models for Karachi ===
2025-09-11 01:43:32,142 - INFO - Processing Karachi with data from data/Karachi_historical_aq.csv
2025-09-11 01:43:32,150 - INFO - Training random_forest for Karachi...
2025-09-11 01:43:32,435 - INFO - random_forest Fold 1 RMSE: 4.73, MAE: 3.56, R2: 0.78
2025-09-11 01:43:32,950 - INFO - random_forest Fold 2 RMSE: 2.60, MAE: 2.08, R2: 0.57
2025-09-11 01:43:33,681 - INFO - random_forest Fold 3 RMSE: 4.45, MAE: 3.64, R2: 0.29
2025-09-11 01:43:34,665 - INFO - random_forest Fold 4 RMSE: 4.23, MAE: 2.44, R2: 0.70
2025-09-11 01:43:35,952 - INFO - random_forest Fold 5 RMSE: 2.14, MAE: 1.65, R2: 0.96
2025-09-11 01:43:35,953 - INFO - random_forest Average RMSE: 3.63, MAE: 2.67, R2: 0.66
2025-09-11 01:43:37,543 - INFO - Training ridge for Karachi...
2025-09-11 01:43:37,551 - INFO - ridge Fold 1 RMSE: 1.83, MAE: 1.04, R2: 0.97
2025-09-11 01:43:37,557 - INFO - ridge Fold 2 RMSE: 0.75, MAE: 0.61, R2: 0.96
2025-09-11 01:43:37,563 - INFO - ridge Fold 3 RMSE: 0.80, MAE: 0.66, R2: 0.98
2025-09-11 01:43:37,569 - INFO - ridge Fold 4 RMSE: 1.59, MAE: 1.08, R2: 0.96
2025-09-11 01:43:37,575 - INFO - ridge Fold 5 RMSE: 1.28, MAE: 0.86, R2: 0.99
2025-09-11 01:43:37,576 - INFO - ridge Average RMSE: 1.25, MAE: 0.85, R2: 0.97
2025-09-11 01:43:37,580 - INFO - Training svr for Karachi...
2025-09-11 01:43:37,611 - INFO - svr Fold 1 RMSE: 3.86, MAE: 2.52, R2: 0.85
2025-09-11 01:43:37,697 - INFO - svr Fold 2 RMSE: 1.29, MAE: 1.01, R2: 0.89
2025-09-11 01:43:37,840 - INFO - svr Fold 3 RMSE: 11.96, MAE: 10.47, R2: -4.10
2025-09-11 01:43:38,110 - INFO - svr Fold 4 RMSE: 5.01, MAE: 2.94, R2: 0.58
2025-09-11 01:43:38,522 - INFO - svr Fold 5 RMSE: 6.18, MAE: 3.95, R2: 0.68
2025-09-11 01:43:38,522 - INFO - svr Average RMSE: 5.66, MAE: 4.18, R2: -0.22
2025-09-11 01:43:39,091 - INFO - Metrics for Karachi:
2025-09-11 01:43:39,091 - INFO - random_forest: avg_rmse=3.63, avg_mae=2.67, avg_r2=0.66
2025-09-11 01:43:39,091 - INFO - ridge: avg_rmse=1.25, avg_mae=0.85, avg_r2=0.97
2025-09-11 01:43:39,091 - INFO - svr: avg_rmse=5.66, avg_mae=4.18, avg_r2=-0.22
2025-09-11 01:43:39,091 - INFO - 
=== Training/Retraining Models for Lahore ===
2025-09-11 01:43:39,091 - INFO - Processing Lahore with data from data/Lahore_historical_aq.csv
2025-09-11 01:43:39,098 - INFO - Training random_forest for Lahore...
2025-09-11 01:43:39,382 - INFO - random_forest Fold 1 RMSE: 14.16, MAE: 11.55, R2: 0.65
2025-09-11 01:43:39,883 - INFO - random_forest Fold 2 RMSE: 16.24, MAE: 10.08, R2: 0.72
2025-09-11 01:43:40,661 - INFO - random_forest Fold 3 RMSE: 5.79, MAE: 4.37, R2: 0.89
2025-09-11 01:43:41,731 - INFO - random_forest Fold 4 RMSE: 14.42, MAE: 8.92, R2: 0.80
2025-09-11 01:43:43,105 - INFO - random_forest Fold 5 RMSE: 14.16, MAE: 10.40, R2: 0.65
2025-09-11 01:43:43,105 - INFO - random_forest Average RMSE: 12.95, MAE: 9.07, R2: 0.74
2025-09-11 01:43:44,765 - INFO - Training ridge for Lahore...
2025-09-11 01:43:44,773 - INFO - ridge Fold 1 RMSE: 9.42, MAE: 6.86, R2: 0.84
2025-09-11 01:43:44,778 - INFO - ridge Fold 2 RMSE: 11.18, MAE: 7.87, R2: 0.87
2025-09-11 01:43:44,784 - INFO - ridge Fold 3 RMSE: 4.74, MAE: 3.58, R2: 0.92
2025-09-11 01:43:44,790 - INFO - ridge Fold 4 RMSE: 6.82, MAE: 4.93, R2: 0.96
2025-09-11 01:43:44,797 - INFO - ridge Fold 5 RMSE: 13.14, MAE: 9.08, R2: 0.70
2025-09-11 01:43:44,797 - INFO - ridge Average RMSE: 9.06, MAE: 6.46, R2: 0.86
2025-09-11 01:43:44,801 - INFO - Training svr for Lahore...
2025-09-11 01:43:44,853 - INFO - svr Fold 1 RMSE: 9.33, MAE: 7.15, R2: 0.85
2025-09-11 01:43:45,011 - INFO - svr Fold 2 RMSE: 13.53, MAE: 8.48, R2: 0.80
2025-09-11 01:43:45,401 - INFO - svr Fold 3 RMSE: 8.19, MAE: 5.97, R2: 0.77
2025-09-11 01:43:46,151 - INFO - svr Fold 4 RMSE: 20.03, MAE: 12.18, R2: 0.62
2025-09-11 01:43:47,342 - INFO - svr Fold 5 RMSE: 15.39, MAE: 11.49, R2: 0.59
2025-09-11 01:43:47,342 - INFO - svr Average RMSE: 13.29, MAE: 9.05, R2: 0.73
2025-09-11 01:43:49,132 - INFO - Metrics for Lahore:
2025-09-11 01:43:49,132 - INFO - random_forest: avg_rmse=12.95, avg_mae=9.07, avg_r2=0.74
2025-09-11 01:43:49,132 - INFO - ridge: avg_rmse=9.06, avg_mae=6.46, avg_r2=0.86
2025-09-11 01:43:49,132 - INFO - svr: avg_rmse=13.29, avg_mae=9.05, avg_r2=0.73
2025-09-11 01:43:49,133 - INFO - 
=== Training/Retraining Models for Islamabad ===
2025-09-11 01:43:49,133 - INFO - Processing Islamabad with data from data/Islamabad_historical_aq.csv
2025-09-11 01:43:49,138 - INFO - Training random_forest for Islamabad...
2025-09-11 01:43:49,430 - INFO - random_forest Fold 1 RMSE: 17.98, MAE: 12.23, R2: 0.54
2025-09-11 01:43:49,996 - INFO - random_forest Fold 2 RMSE: 12.03, MAE: 9.06, R2: 0.85
2025-09-11 01:43:50,812 - INFO - random_forest Fold 3 RMSE: 8.56, MAE: 6.10, R2: 0.91
2025-09-11 01:43:51,904 - INFO - random_forest Fold 4 RMSE: 9.41, MAE: 6.80, R2: 0.83
2025-09-11 01:43:53,267 - INFO - random_forest Fold 5 RMSE: 9.66, MAE: 7.18, R2: 0.87
2025-09-11 01:43:53,267 - INFO - random_forest Average RMSE: 11.53, MAE: 8.27, R2: 0.80
2025-09-11 01:43:54,947 - INFO - Training ridge for Islamabad...
2025-09-11 01:43:54,953 - INFO - ridge Fold 1 RMSE: 7.81, MAE: 5.39, R2: 0.91
2025-09-11 01:43:54,959 - INFO - ridge Fold 2 RMSE: 11.74, MAE: 7.05, R2: 0.86
2025-09-11 01:43:54,965 - INFO - ridge Fold 3 RMSE: 6.76, MAE: 4.84, R2: 0.94
2025-09-11 01:43:54,971 - INFO - ridge Fold 4 RMSE: 5.95, MAE: 4.46, R2: 0.93
2025-09-11 01:43:54,976 - INFO - ridge Fold 5 RMSE: 7.39, MAE: 5.07, R2: 0.93
2025-09-11 01:43:54,977 - INFO - ridge Average RMSE: 7.93, MAE: 5.36, R2: 0.91
2025-09-11 01:43:54,981 - INFO - Training svr for Islamabad...
2025-09-11 01:43:55,034 - INFO - svr Fold 1 RMSE: 11.11, MAE: 7.91, R2: 0.82
2025-09-11 01:43:55,212 - INFO - svr Fold 2 RMSE: 13.40, MAE: 10.19, R2: 0.82
2025-09-11 01:43:55,593 - INFO - svr Fold 3 RMSE: 12.45, MAE: 10.29, R2: 0.81
2025-09-11 01:43:56,310 - INFO - svr Fold 4 RMSE: 7.81, MAE: 5.25, R2: 0.88
2025-09-11 01:43:57,579 - INFO - svr Fold 5 RMSE: 13.25, MAE: 10.88, R2: 0.76
2025-09-11 01:43:57,579 - INFO - svr Average RMSE: 11.60, MAE: 8.90, R2: 0.82
2025-09-11 01:43:59,341 - INFO - Metrics for Islamabad:
2025-09-11 01:43:59,341 - INFO - random_forest: avg_rmse=11.53, avg_mae=8.27, avg_r2=0.80
2025-09-11 01:43:59,341 - INFO - ridge: avg_rmse=7.93, avg_mae=5.36, avg_r2=0.91
2025-09-11 01:43:59,341 - INFO - svr: avg_rmse=11.60, avg_mae=8.90, avg_r2=0.82
2025-09-12 01:39:18,713 - INFO - 
=== Training/Retraining Models for Karachi ===
2025-09-12 01:39:18,713 - INFO - Processing Karachi with data from data/Karachi_historical_aq.csv
2025-09-12 01:39:18,721 - INFO - Training random_forest for Karachi...
2025-09-12 01:39:18,997 - INFO - random_forest Fold 1 RMSE: 3.93, MAE: 3.07, R2: 0.78
2025-09-12 01:39:19,491 - INFO - random_forest Fold 2 RMSE: 2.94, MAE: 2.34, R2: 0.63
2025-09-12 01:39:20,217 - INFO - random_forest Fold 3 RMSE: 4.22, MAE: 3.52, R2: 0.38
2025-09-12 01:39:21,193 - INFO - random_forest Fold 4 RMSE: 4.25, MAE: 2.46, R2: 0.65
2025-09-12 01:39:22,442 - INFO - random_forest Fold 5 RMSE: 2.79, MAE: 2.14, R2: 0.94
2025-09-12 01:39:22,442 - INFO - random_forest Average RMSE: 3.63, MAE: 2.70, R2: 0.68
2025-09-12 01:39:24,005 - INFO - Training ridge for Karachi...
2025-09-12 01:39:24,012 - INFO - ridge Fold 1 RMSE: 1.85, MAE: 1.13, R2: 0.95
2025-09-12 01:39:24,017 - INFO - ridge Fold 2 RMSE: 0.93, MAE: 0.79, R2: 0.96
2025-09-12 01:39:24,023 - INFO - ridge Fold 3 RMSE: 0.81, MAE: 0.66, R2: 0.98
2025-09-12 01:39:24,029 - INFO - ridge Fold 4 RMSE: 1.63, MAE: 1.08, R2: 0.95
2025-09-12 01:39:24,035 - INFO - ridge Fold 5 RMSE: 1.47, MAE: 1.00, R2: 0.98
2025-09-12 01:39:24,035 - INFO - ridge Average RMSE: 1.34, MAE: 0.93, R2: 0.97
2025-09-12 01:39:24,039 - INFO - Training svr for Karachi...
2025-09-12 01:39:24,071 - INFO - svr Fold 1 RMSE: 2.53, MAE: 2.08, R2: 0.91
2025-09-12 01:39:24,158 - INFO - svr Fold 2 RMSE: 1.26, MAE: 0.99, R2: 0.93
2025-09-12 01:39:24,297 - INFO - svr Fold 3 RMSE: 11.42, MAE: 10.29, R2: -3.57
2025-09-12 01:39:24,554 - INFO - svr Fold 4 RMSE: 5.02, MAE: 2.92, R2: 0.51
2025-09-12 01:39:24,919 - INFO - svr Fold 5 RMSE: 6.64, MAE: 4.51, R2: 0.68
2025-09-12 01:39:24,919 - INFO - svr Average RMSE: 5.38, MAE: 4.16, R2: -0.11
2025-09-12 01:39:25,443 - INFO - Metrics for Karachi:
2025-09-12 01:39:25,443 - INFO - random_forest: avg_rmse=3.63, avg_mae=2.70, avg_r2=0.68
2025-09-12 01:39:25,444 - INFO - ridge: avg_rmse=1.34, avg_mae=0.93, avg_r2=0.97
2025-09-12 01:39:25,444 - INFO - svr: avg_rmse=5.38, avg_mae=4.16, avg_r2=-0.11
2025-09-12 01:39:25,444 - INFO - 
=== Training/Retraining Models for Lahore ===
2025-09-12 01:39:25,444 - INFO - Processing Lahore with data from data/Lahore_historical_aq.csv
2025-09-12 01:39:25,450 - INFO - Training random_forest for Lahore...
2025-09-12 01:39:25,738 - INFO - random_forest Fold 1 RMSE: 13.02, MAE: 10.02, R2: 0.72
2025-09-12 01:39:26,236 - INFO - random_forest Fold 2 RMSE: 15.14, MAE: 9.26, R2: 0.73
2025-09-12 01:39:27,017 - INFO - random_forest Fold 3 RMSE: 4.85, MAE: 3.51, R2: 0.92
2025-09-12 01:39:28,069 - INFO - random_forest Fold 4 RMSE: 15.39, MAE: 9.84, R2: 0.78
2025-09-12 01:39:29,426 - INFO - random_forest Fold 5 RMSE: 12.43, MAE: 8.88, R2: 0.73
2025-09-12 01:39:29,426 - INFO - random_forest Average RMSE: 12.16, MAE: 8.30, R2: 0.77
2025-09-12 01:39:31,083 - INFO - Training ridge for Lahore...
2025-09-12 01:39:31,089 - INFO - ridge Fold 1 RMSE: 8.13, MAE: 5.26, R2: 0.89
2025-09-12 01:39:31,095 - INFO - ridge Fold 2 RMSE: 11.26, MAE: 6.19, R2: 0.85
2025-09-12 01:39:31,101 - INFO - ridge Fold 3 RMSE: 3.31, MAE: 2.49, R2: 0.96
2025-09-12 01:39:31,107 - INFO - ridge Fold 4 RMSE: 11.13, MAE: 6.41, R2: 0.88
2025-09-12 01:39:31,113 - INFO - ridge Fold 5 RMSE: 7.51, MAE: 5.50, R2: 0.90
2025-09-12 01:39:31,113 - INFO - ridge Average RMSE: 8.27, MAE: 5.17, R2: 0.90
2025-09-12 01:39:31,117 - INFO - Training svr for Lahore...
2025-09-12 01:39:31,166 - INFO - svr Fold 1 RMSE: 12.15, MAE: 8.61, R2: 0.76
2025-09-12 01:39:31,344 - INFO - svr Fold 2 RMSE: 15.05, MAE: 8.72, R2: 0.74
2025-09-12 01:39:31,748 - INFO - svr Fold 3 RMSE: 7.78, MAE: 5.90, R2: 0.79
2025-09-12 01:39:32,443 - INFO - svr Fold 4 RMSE: 23.81, MAE: 15.22, R2: 0.47
2025-09-12 01:39:33,508 - INFO - svr Fold 5 RMSE: 13.31, MAE: 10.42, R2: 0.69
2025-09-12 01:39:33,508 - INFO - svr Average RMSE: 14.42, MAE: 9.78, R2: 0.69
2025-09-12 01:39:35,154 - INFO - Metrics for Lahore:
2025-09-12 01:39:35,154 - INFO - random_forest: avg_rmse=12.16, avg_mae=8.30, avg_r2=0.77
2025-09-12 01:39:35,154 - INFO - ridge: avg_rmse=8.27, avg_mae=5.17, avg_r2=0.90
2025-09-12 01:39:35,154 - INFO - svr: avg_rmse=14.42, avg_mae=9.78, avg_r2=0.69
2025-09-12 01:39:35,154 - INFO - 
=== Training/Retraining Models for Islamabad ===
2025-09-12 01:39:35,154 - INFO - Processing Islamabad with data from data/Islamabad_historical_aq.csv
2025-09-12 01:39:35,159 - INFO - Training random_forest for Islamabad...
2025-09-12 01:39:35,456 - INFO - random_forest Fold 1 RMSE: 14.44, MAE: 10.30, R2: 0.71
2025-09-12 01:39:36,013 - INFO - random_forest Fold 2 RMSE: 11.55, MAE: 8.64, R2: 0.87
2025-09-12 01:39:36,819 - INFO - random_forest Fold 3 RMSE: 10.09, MAE: 6.51, R2: 0.88
2025-09-12 01:39:37,913 - INFO - random_forest Fold 4 RMSE: 9.19, MAE: 6.63, R2: 0.81
2025-09-12 01:39:39,270 - INFO - random_forest Fold 5 RMSE: 9.25, MAE: 6.89, R2: 0.88
2025-09-12 01:39:39,270 - INFO - random_forest Average RMSE: 10.90, MAE: 7.79, R2: 0.83
2025-09-12 01:39:40,928 - INFO - Training ridge for Islamabad...
2025-09-12 01:39:40,934 - INFO - ridge Fold 1 RMSE: 7.76, MAE: 5.33, R2: 0.92
2025-09-12 01:39:40,940 - INFO - ridge Fold 2 RMSE: 11.96, MAE: 7.50, R2: 0.86
2025-09-12 01:39:40,946 - INFO - ridge Fold 3 RMSE: 6.30, MAE: 4.54, R2: 0.95
2025-09-12 01:39:40,951 - INFO - ridge Fold 4 RMSE: 6.22, MAE: 4.63, R2: 0.91
2025-09-12 01:39:40,957 - INFO - ridge Fold 5 RMSE: 7.03, MAE: 4.77, R2: 0.93
2025-09-12 01:39:40,957 - INFO - ridge Average RMSE: 7.86, MAE: 5.35, R2: 0.91
2025-09-12 01:39:40,961 - INFO - Training svr for Islamabad...
2025-09-12 01:39:41,018 - INFO - svr Fold 1 RMSE: 12.05, MAE: 8.60, R2: 0.80
2025-09-12 01:39:41,186 - INFO - svr Fold 2 RMSE: 13.67, MAE: 10.44, R2: 0.81
2025-09-12 01:39:41,574 - INFO - svr Fold 3 RMSE: 12.68, MAE: 10.66, R2: 0.80
2025-09-12 01:39:42,289 - INFO - svr Fold 4 RMSE: 7.82, MAE: 5.22, R2: 0.86
2025-09-12 01:39:43,518 - INFO - svr Fold 5 RMSE: 13.30, MAE: 11.01, R2: 0.75
2025-09-12 01:39:43,519 - INFO - svr Average RMSE: 11.91, MAE: 9.19, R2: 0.80
2025-09-12 01:39:45,329 - INFO - Metrics for Islamabad:
2025-09-12 01:39:45,329 - INFO - random_forest: avg_rmse=10.90, avg_mae=7.79, avg_r2=0.83
2025-09-12 01:39:45,329 - INFO - ridge: avg_rmse=7.86, avg_mae=5.35, avg_r2=0.91
2025-09-12 01:39:45,329 - INFO - svr: avg_rmse=11.91, avg_mae=9.19, avg_r2=0.80
2025-09-13 01:28:18,724 - INFO - 
=== Training/Retraining Models for Karachi ===
2025-09-13 01:28:18,724 - INFO - Processing Karachi with data from data/Karachi_historical_aq.csv
2025-09-13 01:28:18,732 - INFO - Training random_forest for Karachi...
2025-09-13 01:28:19,009 - INFO - random_forest Fold 1 RMSE: 3.69, MAE: 3.08, R2: 0.78
2025-09-13 01:28:19,507 - INFO - random_forest Fold 2 RMSE: 2.46, MAE: 1.89, R2: 0.73
2025-09-13 01:28:20,232 - INFO - random_forest Fold 3 RMSE: 3.51, MAE: 2.95, R2: 0.54
2025-09-13 01:28:21,196 - INFO - random_forest Fold 4 RMSE: 4.27, MAE: 2.46, R2: 0.64
2025-09-13 01:28:22,457 - INFO - random_forest Fold 5 RMSE: 3.99, MAE: 2.73, R2: 0.91
2025-09-13 01:28:22,457 - INFO - random_forest Average RMSE: 3.58, MAE: 2.62, R2: 0.72
2025-09-13 01:28:24,045 - INFO - Training ridge for Karachi...
2025-09-13 01:28:24,053 - INFO - ridge Fold 1 RMSE: 2.09, MAE: 1.78, R2: 0.93
2025-09-13 01:28:24,059 - INFO - ridge Fold 2 RMSE: 0.58, MAE: 0.48, R2: 0.99
2025-09-13 01:28:24,065 - INFO - ridge Fold 3 RMSE: 0.80, MAE: 0.64, R2: 0.98
2025-09-13 01:28:24,071 - INFO - ridge Fold 4 RMSE: 1.53, MAE: 0.98, R2: 0.95
2025-09-13 01:28:24,077 - INFO - ridge Fold 5 RMSE: 1.70, MAE: 1.21, R2: 0.98
2025-09-13 01:28:24,077 - INFO - ridge Average RMSE: 1.34, MAE: 1.02, R2: 0.97
2025-09-13 01:28:24,081 - INFO - Training svr for Karachi...
2025-09-13 01:28:24,109 - INFO - svr Fold 1 RMSE: 9.15, MAE: 7.42, R2: -0.34
2025-09-13 01:28:24,185 - INFO - svr Fold 2 RMSE: 1.38, MAE: 1.10, R2: 0.92
2025-09-13 01:28:24,326 - INFO - svr Fold 3 RMSE: 10.72, MAE: 9.95, R2: -3.28
2025-09-13 01:28:24,579 - INFO - svr Fold 4 RMSE: 5.26, MAE: 3.01, R2: 0.45
2025-09-13 01:28:24,933 - INFO - svr Fold 5 RMSE: 8.08, MAE: 5.52, R2: 0.64
2025-09-13 01:28:24,933 - INFO - svr Average RMSE: 6.92, MAE: 5.40, R2: -0.32
2025-09-13 01:28:25,413 - INFO - Metrics for Karachi:
2025-09-13 01:28:25,414 - INFO - random_forest: avg_rmse=3.58, avg_mae=2.62, avg_r2=0.72
2025-09-13 01:28:25,414 - INFO - ridge: avg_rmse=1.34, avg_mae=1.02, avg_r2=0.97
2025-09-13 01:28:25,414 - INFO - svr: avg_rmse=6.92, avg_mae=5.40, avg_r2=-0.32
2025-09-13 01:28:25,414 - INFO - 
=== Training/Retraining Models for Lahore ===
2025-09-13 01:28:25,414 - INFO - Processing Lahore with data from data/Lahore_historical_aq.csv
2025-09-13 01:28:25,420 - INFO - Training random_forest for Lahore...
2025-09-13 01:28:25,707 - INFO - random_forest Fold 1 RMSE: 12.63, MAE: 9.87, R2: 0.76
2025-09-13 01:28:26,208 - INFO - random_forest Fold 2 RMSE: 14.46, MAE: 8.76, R2: 0.71
2025-09-13 01:28:26,992 - INFO - random_forest Fold 3 RMSE: 4.69, MAE: 3.42, R2: 0.92
2025-09-13 01:28:28,054 - INFO - random_forest Fold 4 RMSE: 15.63, MAE: 10.43, R2: 0.76
2025-09-13 01:28:29,414 - INFO - random_forest Fold 5 RMSE: 11.87, MAE: 8.50, R2: 0.70
2025-09-13 01:28:29,414 - INFO - random_forest Average RMSE: 11.86, MAE: 8.20, R2: 0.77
2025-09-13 01:28:31,072 - INFO - Training ridge for Lahore...
2025-09-13 01:28:31,079 - INFO - ridge Fold 1 RMSE: 8.77, MAE: 5.24, R2: 0.89
2025-09-13 01:28:31,085 - INFO - ridge Fold 2 RMSE: 11.56, MAE: 6.44, R2: 0.81
2025-09-13 01:28:31,091 - INFO - ridge Fold 3 RMSE: 3.08, MAE: 2.28, R2: 0.97
2025-09-13 01:28:31,097 - INFO - ridge Fold 4 RMSE: 12.08, MAE: 7.21, R2: 0.86
2025-09-13 01:28:31,103 - INFO - ridge Fold 5 RMSE: 6.60, MAE: 4.98, R2: 0.91
2025-09-13 01:28:31,103 - INFO - ridge Average RMSE: 8.42, MAE: 5.23, R2: 0.89
2025-09-13 01:28:31,108 - INFO - Training svr for Lahore...
2025-09-13 01:28:31,149 - INFO - svr Fold 1 RMSE: 22.47, MAE: 18.21, R2: 0.25
2025-09-13 01:28:31,338 - INFO - svr Fold 2 RMSE: 16.08, MAE: 9.63, R2: 0.64
2025-09-13 01:28:31,717 - INFO - svr Fold 3 RMSE: 7.72, MAE: 6.06, R2: 0.79
2025-09-13 01:28:32,396 - INFO - svr Fold 4 RMSE: 24.94, MAE: 16.25, R2: 0.40
2025-09-13 01:28:33,466 - INFO - svr Fold 5 RMSE: 13.54, MAE: 10.87, R2: 0.61
2025-09-13 01:28:33,466 - INFO - svr Average RMSE: 16.95, MAE: 12.21, R2: 0.54
2025-09-13 01:28:35,294 - INFO - Metrics for Lahore:
2025-09-13 01:28:35,294 - INFO - random_forest: avg_rmse=11.86, avg_mae=8.20, avg_r2=0.77
2025-09-13 01:28:35,294 - INFO - ridge: avg_rmse=8.42, avg_mae=5.23, avg_r2=0.89
2025-09-13 01:28:35,294 - INFO - svr: avg_rmse=16.95, avg_mae=12.21, avg_r2=0.54
2025-09-13 01:28:35,294 - INFO - 
=== Training/Retraining Models for Islamabad ===
2025-09-13 01:28:35,294 - INFO - Processing Islamabad with data from data/Islamabad_historical_aq.csv
2025-09-13 01:28:35,300 - INFO - Training random_forest for Islamabad...
2025-09-13 01:28:35,595 - INFO - random_forest Fold 1 RMSE: 18.34, MAE: 12.63, R2: 0.53
2025-09-13 01:28:36,153 - INFO - random_forest Fold 2 RMSE: 11.33, MAE: 8.54, R2: 0.88
2025-09-13 01:28:36,965 - INFO - random_forest Fold 3 RMSE: 10.18, MAE: 6.84, R2: 0.85
2025-09-13 01:28:38,054 - INFO - random_forest Fold 4 RMSE: 11.45, MAE: 8.13, R2: 0.73
2025-09-13 01:28:39,412 - INFO - random_forest Fold 5 RMSE: 7.08, MAE: 5.46, R2: 0.91
2025-09-13 01:28:39,412 - INFO - random_forest Average RMSE: 11.68, MAE: 8.32, R2: 0.78
2025-09-13 01:28:41,102 - INFO - Training ridge for Islamabad...
2025-09-13 01:28:41,109 - INFO - ridge Fold 1 RMSE: 7.88, MAE: 5.22, R2: 0.91
2025-09-13 01:28:41,114 - INFO - ridge Fold 2 RMSE: 11.92, MAE: 7.57, R2: 0.87
2025-09-13 01:28:41,120 - INFO - ridge Fold 3 RMSE: 5.74, MAE: 4.13, R2: 0.95
2025-09-13 01:28:41,126 - INFO - ridge Fold 4 RMSE: 7.11, MAE: 5.09, R2: 0.90
2025-09-13 01:28:41,132 - INFO - ridge Fold 5 RMSE: 6.30, MAE: 4.40, R2: 0.93
2025-09-13 01:28:41,132 - INFO - ridge Average RMSE: 7.79, MAE: 5.28, R2: 0.91
2025-09-13 01:28:41,136 - INFO - Training svr for Islamabad...
2025-09-13 01:28:41,187 - INFO - svr Fold 1 RMSE: 22.75, MAE: 18.81, R2: 0.27
2025-09-13 01:28:41,351 - INFO - svr Fold 2 RMSE: 13.53, MAE: 10.67, R2: 0.83
2025-09-13 01:28:41,752 - INFO - svr Fold 3 RMSE: 13.01, MAE: 11.11, R2: 0.76
2025-09-13 01:28:42,486 - INFO - svr Fold 4 RMSE: 9.32, MAE: 6.18, R2: 0.82
2025-09-13 01:28:43,708 - INFO - svr Fold 5 RMSE: 12.28, MAE: 10.18, R2: 0.72
2025-09-13 01:28:43,708 - INFO - svr Average RMSE: 14.18, MAE: 11.39, R2: 0.68
2025-09-13 01:28:45,561 - INFO - Metrics for Islamabad:
2025-09-13 01:28:45,561 - INFO - random_forest: avg_rmse=11.68, avg_mae=8.32, avg_r2=0.78
2025-09-13 01:28:45,561 - INFO - ridge: avg_rmse=7.79, avg_mae=5.28, avg_r2=0.91
2025-09-13 01:28:45,561 - INFO - svr: avg_rmse=14.18, avg_mae=11.39, avg_r2=0.68
2025-09-14 01:48:22,886 - INFO - 
=== Training/Retraining Models for Karachi ===
2025-09-14 01:48:22,886 - INFO - Processing Karachi with data from data/Karachi_historical_aq.csv
2025-09-14 01:48:22,894 - INFO - Training random_forest for Karachi...
2025-09-14 01:48:23,172 - INFO - random_forest Fold 1 RMSE: 3.34, MAE: 2.68, R2: 0.78
2025-09-14 01:48:23,660 - INFO - random_forest Fold 2 RMSE: 2.06, MAE: 1.56, R2: 0.79
2025-09-14 01:48:24,380 - INFO - random_forest Fold 3 RMSE: 3.60, MAE: 2.99, R2: 0.33
2025-09-14 01:48:25,336 - INFO - random_forest Fold 4 RMSE: 4.40, MAE: 2.53, R2: 0.70
2025-09-14 01:48:26,590 - INFO - random_forest Fold 5 RMSE: 4.33, MAE: 3.19, R2: 0.90
2025-09-14 01:48:26,590 - INFO - random_forest Average RMSE: 3.55, MAE: 2.59, R2: 0.70
2025-09-14 01:48:28,167 - INFO - Training ridge for Karachi...
2025-09-14 01:48:28,175 - INFO - ridge Fold 1 RMSE: 1.60, MAE: 1.26, R2: 0.95
2025-09-14 01:48:28,180 - INFO - ridge Fold 2 RMSE: 0.49, MAE: 0.41, R2: 0.99
2025-09-14 01:48:28,186 - INFO - ridge Fold 3 RMSE: 0.78, MAE: 0.63, R2: 0.97
2025-09-14 01:48:28,192 - INFO - ridge Fold 4 RMSE: 1.59, MAE: 1.00, R2: 0.96
2025-09-14 01:48:28,198 - INFO - ridge Fold 5 RMSE: 1.72, MAE: 1.25, R2: 0.98
2025-09-14 01:48:28,199 - INFO - ridge Average RMSE: 1.24, MAE: 0.91, R2: 0.97
2025-09-14 01:48:28,203 - INFO - Training svr for Karachi...
2025-09-14 01:48:28,230 - INFO - svr Fold 1 RMSE: 8.99, MAE: 7.61, R2: -0.58
2025-09-14 01:48:28,306 - INFO - svr Fold 2 RMSE: 1.11, MAE: 0.91, R2: 0.94
2025-09-14 01:48:28,441 - INFO - svr Fold 3 RMSE: 9.90, MAE: 9.29, R2: -4.07
2025-09-14 01:48:28,689 - INFO - svr Fold 4 RMSE: 6.06, MAE: 3.47, R2: 0.43
2025-09-14 01:48:29,032 - INFO - svr Fold 5 RMSE: 8.44, MAE: 5.89, R2: 0.63
2025-09-14 01:48:29,032 - INFO - svr Average RMSE: 6.90, MAE: 5.43, R2: -0.53
2025-09-14 01:48:29,500 - INFO - Metrics for Karachi:
2025-09-14 01:48:29,500 - INFO - random_forest: avg_rmse=3.55, avg_mae=2.59, avg_r2=0.70
2025-09-14 01:48:29,500 - INFO - ridge: avg_rmse=1.24, avg_mae=0.91, avg_r2=0.97
2025-09-14 01:48:29,500 - INFO - svr: avg_rmse=6.90, avg_mae=5.43, avg_r2=-0.53
2025-09-14 01:48:29,500 - INFO - 
=== Training/Retraining Models for Lahore ===
2025-09-14 01:48:29,500 - INFO - Processing Lahore with data from data/Lahore_historical_aq.csv
2025-09-14 01:48:29,507 - INFO - Training random_forest for Lahore...
2025-09-14 01:48:29,786 - INFO - random_forest Fold 1 RMSE: 12.88, MAE: 10.30, R2: 0.76
2025-09-14 01:48:30,283 - INFO - random_forest Fold 2 RMSE: 14.62, MAE: 8.27, R2: 0.68
2025-09-14 01:48:31,072 - INFO - random_forest Fold 3 RMSE: 4.48, MAE: 3.31, R2: 0.92
2025-09-14 01:48:32,139 - INFO - random_forest Fold 4 RMSE: 15.90, MAE: 10.71, R2: 0.75
2025-09-14 01:48:33,498 - INFO - random_forest Fold 5 RMSE: 11.95, MAE: 8.30, R2: 0.70
2025-09-14 01:48:33,498 - INFO - random_forest Average RMSE: 11.97, MAE: 8.18, R2: 0.76
2025-09-14 01:48:35,143 - INFO - Training ridge for Lahore...
2025-09-14 01:48:35,151 - INFO - ridge Fold 1 RMSE: 9.16, MAE: 6.03, R2: 0.88
2025-09-14 01:48:35,157 - INFO - ridge Fold 2 RMSE: 11.59, MAE: 6.32, R2: 0.80
2025-09-14 01:48:35,163 - INFO - ridge Fold 3 RMSE: 3.06, MAE: 2.28, R2: 0.96
2025-09-14 01:48:35,169 - INFO - ridge Fold 4 RMSE: 12.13, MAE: 7.39, R2: 0.86
2025-09-14 01:48:35,176 - INFO - ridge Fold 5 RMSE: 6.67, MAE: 5.12, R2: 0.91
2025-09-14 01:48:35,176 - INFO - ridge Average RMSE: 8.52, MAE: 5.43, R2: 0.88
2025-09-14 01:48:35,181 - INFO - Training svr for Lahore...
2025-09-14 01:48:35,224 - INFO - svr Fold 1 RMSE: 17.23, MAE: 14.73, R2: 0.56
2025-09-14 01:48:35,383 - INFO - svr Fold 2 RMSE: 16.29, MAE: 9.98, R2: 0.60
2025-09-14 01:48:35,750 - INFO - svr Fold 3 RMSE: 8.14, MAE: 6.47, R2: 0.73
2025-09-14 01:48:36,366 - INFO - svr Fold 4 RMSE: 25.01, MAE: 16.59, R2: 0.39
2025-09-14 01:48:37,380 - INFO - svr Fold 5 RMSE: 13.55, MAE: 11.07, R2: 0.61
2025-09-14 01:48:37,380 - INFO - svr Average RMSE: 16.04, MAE: 11.77, R2: 0.58
2025-09-14 01:48:39,041 - INFO - Metrics for Lahore:
2025-09-14 01:48:39,041 - INFO - random_forest: avg_rmse=11.97, avg_mae=8.18, avg_r2=0.76
2025-09-14 01:48:39,042 - INFO - ridge: avg_rmse=8.52, avg_mae=5.43, avg_r2=0.88
2025-09-14 01:48:39,042 - INFO - svr: avg_rmse=16.04, avg_mae=11.77, avg_r2=0.58
2025-09-14 01:48:39,042 - INFO - 
=== Training/Retraining Models for Islamabad ===
2025-09-14 01:48:39,042 - INFO - Processing Islamabad with data from data/Islamabad_historical_aq.csv
2025-09-14 01:48:39,047 - INFO - Training random_forest for Islamabad...
2025-09-14 01:48:39,350 - INFO - random_forest Fold 1 RMSE: 15.84, MAE: 11.25, R2: 0.71
2025-09-14 01:48:39,914 - INFO - random_forest Fold 2 RMSE: 11.57, MAE: 8.52, R2: 0.87
2025-09-14 01:48:40,731 - INFO - random_forest Fold 3 RMSE: 9.72, MAE: 6.63, R2: 0.83
2025-09-14 01:48:41,816 - INFO - random_forest Fold 4 RMSE: 12.00, MAE: 8.35, R2: 0.72
2025-09-14 01:48:43,169 - INFO - random_forest Fold 5 RMSE: 6.33, MAE: 4.98, R2: 0.92
2025-09-14 01:48:43,169 - INFO - random_forest Average RMSE: 11.09, MAE: 7.94, R2: 0.81
2025-09-14 01:48:44,843 - INFO - Training ridge for Islamabad...
2025-09-14 01:48:44,850 - INFO - ridge Fold 1 RMSE: 8.82, MAE: 6.14, R2: 0.91
2025-09-14 01:48:44,856 - INFO - ridge Fold 2 RMSE: 11.59, MAE: 7.00, R2: 0.87
2025-09-14 01:48:44,862 - INFO - ridge Fold 3 RMSE: 6.16, MAE: 4.34, R2: 0.93
2025-09-14 01:48:44,868 - INFO - ridge Fold 4 RMSE: 7.02, MAE: 4.92, R2: 0.90
2025-09-14 01:48:44,875 - INFO - ridge Fold 5 RMSE: 5.52, MAE: 3.99, R2: 0.94
2025-09-14 01:48:44,875 - INFO - ridge Average RMSE: 7.82, MAE: 5.28, R2: 0.91
2025-09-14 01:48:44,879 - INFO - Training svr for Islamabad...
2025-09-14 01:48:44,925 - INFO - svr Fold 1 RMSE: 21.18, MAE: 16.79, R2: 0.49
2025-09-14 01:48:45,096 - INFO - svr Fold 2 RMSE: 11.86, MAE: 9.28, R2: 0.87
2025-09-14 01:48:45,481 - INFO - svr Fold 3 RMSE: 13.85, MAE: 11.80, R2: 0.66
2025-09-14 01:48:46,224 - INFO - svr Fold 4 RMSE: 8.62, MAE: 5.80, R2: 0.85
2025-09-14 01:48:47,543 - INFO - svr Fold 5 RMSE: 12.16, MAE: 10.01, R2: 0.72
2025-09-14 01:48:47,543 - INFO - svr Average RMSE: 13.53, MAE: 10.74, R2: 0.72
2025-09-14 01:48:49,504 - INFO - Metrics for Islamabad:
2025-09-14 01:48:49,505 - INFO - random_forest: avg_rmse=11.09, avg_mae=7.94, avg_r2=0.81
2025-09-14 01:48:49,505 - INFO - ridge: avg_rmse=7.82, avg_mae=5.28, avg_r2=0.91
2025-09-14 01:48:49,505 - INFO - svr: avg_rmse=13.53, avg_mae=10.74, avg_r2=0.72
2025-09-15 01:48:58,315 - INFO - 
=== Training/Retraining Models for Karachi ===
2025-09-15 01:48:58,315 - INFO - Processing Karachi with data from data/Karachi_historical_aq.csv
2025-09-15 01:48:58,323 - INFO - Training random_forest for Karachi...
2025-09-15 01:48:58,596 - INFO - random_forest Fold 1 RMSE: 4.02, MAE: 3.48, R2: 0.65
2025-09-15 01:48:59,080 - INFO - random_forest Fold 2 RMSE: 1.97, MAE: 1.55, R2: 0.79
2025-09-15 01:48:59,793 - INFO - random_forest Fold 3 RMSE: 3.66, MAE: 3.08, R2: 0.57
2025-09-15 01:49:00,745 - INFO - random_forest Fold 4 RMSE: 5.26, MAE: 3.21, R2: 0.74
2025-09-15 01:49:02,001 - INFO - random_forest Fold 5 RMSE: 4.60, MAE: 3.32, R2: 0.86
2025-09-15 01:49:02,001 - INFO - random_forest Average RMSE: 3.90, MAE: 2.93, R2: 0.72
2025-09-15 01:49:03,566 - INFO - Training ridge for Karachi...
2025-09-15 01:49:03,572 - INFO - ridge Fold 1 RMSE: 1.10, MAE: 0.87, R2: 0.97
2025-09-15 01:49:03,578 - INFO - ridge Fold 2 RMSE: 0.33, MAE: 0.27, R2: 0.99
2025-09-15 01:49:03,584 - INFO - ridge Fold 3 RMSE: 0.64, MAE: 0.51, R2: 0.99
2025-09-15 01:49:03,589 - INFO - ridge Fold 4 RMSE: 1.60, MAE: 0.99, R2: 0.98
2025-09-15 01:49:03,595 - INFO - ridge Fold 5 RMSE: 1.87, MAE: 1.34, R2: 0.98
2025-09-15 01:49:03,595 - INFO - ridge Average RMSE: 1.11, MAE: 0.80, R2: 0.98
2025-09-15 01:49:03,599 - INFO - Training svr for Karachi...
2025-09-15 01:49:03,624 - INFO - svr Fold 1 RMSE: 7.06, MAE: 5.72, R2: -0.10
2025-09-15 01:49:03,692 - INFO - svr Fold 2 RMSE: 1.45, MAE: 1.21, R2: 0.89
2025-09-15 01:49:03,819 - INFO - svr Fold 3 RMSE: 8.63, MAE: 7.93, R2: -1.41
2025-09-15 01:49:04,035 - INFO - svr Fold 4 RMSE: 7.95, MAE: 4.57, R2: 0.42
2025-09-15 01:49:04,357 - INFO - svr Fold 5 RMSE: 9.47, MAE: 6.47, R2: 0.41
2025-09-15 01:49:04,357 - INFO - svr Average RMSE: 6.91, MAE: 5.18, R2: 0.04
2025-09-15 01:49:04,856 - INFO - Metrics for Karachi:
2025-09-15 01:49:04,856 - INFO - random_forest: avg_rmse=3.90, avg_mae=2.93, avg_r2=0.72
2025-09-15 01:49:04,856 - INFO - ridge: avg_rmse=1.11, avg_mae=0.80, avg_r2=0.98
2025-09-15 01:49:04,856 - INFO - svr: avg_rmse=6.91, avg_mae=5.18, avg_r2=0.04
2025-09-15 01:49:04,856 - INFO - 
=== Training/Retraining Models for Lahore ===
2025-09-15 01:49:04,856 - INFO - Processing Lahore with data from data/Lahore_historical_aq.csv
2025-09-15 01:49:04,863 - INFO - Training random_forest for Lahore...
2025-09-15 01:49:05,141 - INFO - random_forest Fold 1 RMSE: 11.99, MAE: 9.34, R2: 0.78
2025-09-15 01:49:05,632 - INFO - random_forest Fold 2 RMSE: 14.93, MAE: 8.30, R2: 0.70
2025-09-15 01:49:06,410 - INFO - random_forest Fold 3 RMSE: 4.71, MAE: 3.38, R2: 0.88
2025-09-15 01:49:07,476 - INFO - random_forest Fold 4 RMSE: 15.78, MAE: 10.70, R2: 0.73
2025-09-15 01:49:08,822 - INFO - random_forest Fold 5 RMSE: 11.39, MAE: 8.10, R2: 0.73
2025-09-15 01:49:08,822 - INFO - random_forest Average RMSE: 11.76, MAE: 7.96, R2: 0.76
2025-09-15 01:49:10,465 - INFO - Training ridge for Lahore...
2025-09-15 01:49:10,471 - INFO - ridge Fold 1 RMSE: 8.21, MAE: 5.61, R2: 0.90
2025-09-15 01:49:10,477 - INFO - ridge Fold 2 RMSE: 11.14, MAE: 5.77, R2: 0.83
2025-09-15 01:49:10,482 - INFO - ridge Fold 3 RMSE: 3.00, MAE: 2.20, R2: 0.95
2025-09-15 01:49:10,488 - INFO - ridge Fold 4 RMSE: 11.91, MAE: 7.45, R2: 0.85
2025-09-15 01:49:10,494 - INFO - ridge Fold 5 RMSE: 6.43, MAE: 4.92, R2: 0.91
2025-09-15 01:49:10,494 - INFO - ridge Average RMSE: 8.14, MAE: 5.19, R2: 0.89
2025-09-15 01:49:10,498 - INFO - Training svr for Lahore...
2025-09-15 01:49:10,541 - INFO - svr Fold 1 RMSE: 12.62, MAE: 9.95, R2: 0.76
2025-09-15 01:49:10,681 - INFO - svr Fold 2 RMSE: 17.05, MAE: 10.53, R2: 0.61
2025-09-15 01:49:11,065 - INFO - svr Fold 3 RMSE: 8.78, MAE: 7.46, R2: 0.57
2025-09-15 01:49:11,687 - INFO - svr Fold 4 RMSE: 25.46, MAE: 17.48, R2: 0.30
2025-09-15 01:49:12,650 - INFO - svr Fold 5 RMSE: 14.19, MAE: 12.06, R2: 0.58
2025-09-15 01:49:12,650 - INFO - svr Average RMSE: 15.62, MAE: 11.50, R2: 0.56
2025-09-15 01:49:14,448 - INFO - Metrics for Lahore:
2025-09-15 01:49:14,448 - INFO - random_forest: avg_rmse=11.76, avg_mae=7.96, avg_r2=0.76
2025-09-15 01:49:14,448 - INFO - ridge: avg_rmse=8.14, avg_mae=5.19, avg_r2=0.89
2025-09-15 01:49:14,448 - INFO - svr: avg_rmse=15.62, avg_mae=11.50, avg_r2=0.56
2025-09-15 01:49:14,448 - INFO - 
=== Training/Retraining Models for Islamabad ===
2025-09-15 01:49:14,448 - INFO - Processing Islamabad with data from data/Islamabad_historical_aq.csv
2025-09-15 01:49:14,453 - INFO - Training random_forest for Islamabad...
2025-09-15 01:49:14,739 - INFO - random_forest Fold 1 RMSE: 15.26, MAE: 10.94, R2: 0.76
2025-09-15 01:49:15,282 - INFO - random_forest Fold 2 RMSE: 9.63, MAE: 7.02, R2: 0.91
2025-09-15 01:49:16,083 - INFO - random_forest Fold 3 RMSE: 9.56, MAE: 6.64, R2: 0.83
2025-09-15 01:49:17,148 - INFO - random_forest Fold 4 RMSE: 12.21, MAE: 8.65, R2: 0.73
2025-09-15 01:49:18,486 - INFO - random_forest Fold 5 RMSE: 6.40, MAE: 5.09, R2: 0.92
2025-09-15 01:49:18,486 - INFO - random_forest Average RMSE: 10.61, MAE: 7.67, R2: 0.83
2025-09-15 01:49:20,142 - INFO - Training ridge for Islamabad...
2025-09-15 01:49:20,149 - INFO - ridge Fold 1 RMSE: 10.91, MAE: 6.79, R2: 0.88
2025-09-15 01:49:20,154 - INFO - ridge Fold 2 RMSE: 8.60, MAE: 6.02, R2: 0.92
2025-09-15 01:49:20,160 - INFO - ridge Fold 3 RMSE: 6.34, MAE: 4.38, R2: 0.93
2025-09-15 01:49:20,165 - INFO - ridge Fold 4 RMSE: 6.90, MAE: 4.68, R2: 0.91
2025-09-15 01:49:20,171 - INFO - ridge Fold 5 RMSE: 5.48, MAE: 3.93, R2: 0.94
2025-09-15 01:49:20,171 - INFO - ridge Average RMSE: 7.65, MAE: 5.16, R2: 0.92
2025-09-15 01:49:20,175 - INFO - Training svr for Islamabad...
2025-09-15 01:49:20,224 - INFO - svr Fold 1 RMSE: 19.79, MAE: 15.93, R2: 0.60
2025-09-15 01:49:20,387 - INFO - svr Fold 2 RMSE: 11.22, MAE: 8.51, R2: 0.87
2025-09-15 01:49:20,777 - INFO - svr Fold 3 RMSE: 11.67, MAE: 9.83, R2: 0.75
2025-09-15 01:49:21,527 - INFO - svr Fold 4 RMSE: 9.53, MAE: 6.39, R2: 0.84
2025-09-15 01:49:22,683 - INFO - svr Fold 5 RMSE: 11.62, MAE: 9.49, R2: 0.74
2025-09-15 01:49:22,683 - INFO - svr Average RMSE: 12.76, MAE: 10.03, R2: 0.76
2025-09-15 01:49:24,522 - INFO - Metrics for Islamabad:
2025-09-15 01:49:24,522 - INFO - random_forest: avg_rmse=10.61, avg_mae=7.67, avg_r2=0.83
2025-09-15 01:49:24,523 - INFO - ridge: avg_rmse=7.65, avg_mae=5.16, avg_r2=0.92
2025-09-15 01:49:24,523 - INFO - svr: avg_rmse=12.76, avg_mae=10.03, avg_r2=0.76
2025-09-16 01:40:53,157 - INFO - 
=== Training/Retraining Models for Karachi ===
2025-09-16 01:40:53,157 - INFO - Processing Karachi with data from data/Karachi_historical_aq.csv
2025-09-16 01:40:53,164 - INFO - Training random_forest for Karachi...
2025-09-16 01:40:53,441 - INFO - random_forest Fold 1 RMSE: 4.28, MAE: 3.71, R2: 0.62
2025-09-16 01:40:53,926 - INFO - random_forest Fold 2 RMSE: 2.09, MAE: 1.64, R2: 0.79
2025-09-16 01:40:54,647 - INFO - random_forest Fold 3 RMSE: 3.60, MAE: 2.92, R2: 0.66
2025-09-16 01:40:55,608 - INFO - random_forest Fold 4 RMSE: 5.60, MAE: 3.59, R2: 0.72
2025-09-16 01:40:56,867 - INFO - random_forest Fold 5 RMSE: 5.40, MAE: 3.91, R2: 0.82
2025-09-16 01:40:56,868 - INFO - random_forest Average RMSE: 4.20, MAE: 3.16, R2: 0.72
2025-09-16 01:40:58,447 - INFO - Training ridge for Karachi...
2025-09-16 01:40:58,455 - INFO - ridge Fold 1 RMSE: 1.07, MAE: 0.87, R2: 0.98
2025-09-16 01:40:58,461 - INFO - ridge Fold 2 RMSE: 0.35, MAE: 0.28, R2: 0.99
2025-09-16 01:40:58,466 - INFO - ridge Fold 3 RMSE: 0.63, MAE: 0.50, R2: 0.99
2025-09-16 01:40:58,472 - INFO - ridge Fold 4 RMSE: 1.90, MAE: 1.24, R2: 0.97
2025-09-16 01:40:58,478 - INFO - ridge Fold 5 RMSE: 1.47, MAE: 1.01, R2: 0.99
2025-09-16 01:40:58,478 - INFO - ridge Average RMSE: 1.08, MAE: 0.78, R2: 0.98
2025-09-16 01:40:58,483 - INFO - Training svr for Karachi...
2025-09-16 01:40:58,508 - INFO - svr Fold 1 RMSE: 5.89, MAE: 4.48, R2: 0.29
2025-09-16 01:40:58,577 - INFO - svr Fold 2 RMSE: 2.22, MAE: 1.48, R2: 0.76
2025-09-16 01:40:58,706 - INFO - svr Fold 3 RMSE: 7.48, MAE: 6.80, R2: -0.45
2025-09-16 01:40:58,916 - INFO - svr Fold 4 RMSE: 8.19, MAE: 4.90, R2: 0.39
2025-09-16 01:40:59,269 - INFO - svr Fold 5 RMSE: 10.65, MAE: 7.50, R2: 0.28
2025-09-16 01:40:59,269 - INFO - svr Average RMSE: 6.89, MAE: 5.03, R2: 0.26
2025-09-16 01:40:59,764 - INFO - Metrics for Karachi:
2025-09-16 01:40:59,764 - INFO - random_forest: avg_rmse=4.20, avg_mae=3.16, avg_r2=0.72
2025-09-16 01:40:59,764 - INFO - ridge: avg_rmse=1.08, avg_mae=0.78, avg_r2=0.98
2025-09-16 01:40:59,764 - INFO - svr: avg_rmse=6.89, avg_mae=5.03, avg_r2=0.26
2025-09-16 01:40:59,764 - INFO - 
=== Training/Retraining Models for Lahore ===
2025-09-16 01:40:59,764 - INFO - Processing Lahore with data from data/Lahore_historical_aq.csv
2025-09-16 01:40:59,771 - INFO - Training random_forest for Lahore...
2025-09-16 01:41:00,046 - INFO - random_forest Fold 1 RMSE: 10.89, MAE: 8.78, R2: 0.82
2025-09-16 01:41:00,546 - INFO - random_forest Fold 2 RMSE: 13.83, MAE: 7.40, R2: 0.74
2025-09-16 01:41:01,329 - INFO - random_forest Fold 3 RMSE: 4.79, MAE: 3.47, R2: 0.86
2025-09-16 01:41:02,410 - INFO - random_forest Fold 4 RMSE: 16.28, MAE: 11.45, R2: 0.68
2025-09-16 01:41:03,752 - INFO - random_forest Fold 5 RMSE: 11.55, MAE: 7.80, R2: 0.74
2025-09-16 01:41:03,752 - INFO - random_forest Average RMSE: 11.47, MAE: 7.78, R2: 0.77
2025-09-16 01:41:05,408 - INFO - Training ridge for Lahore...
2025-09-16 01:41:05,415 - INFO - ridge Fold 1 RMSE: 8.10, MAE: 5.43, R2: 0.90
2025-09-16 01:41:05,421 - INFO - ridge Fold 2 RMSE: 10.95, MAE: 5.58, R2: 0.84
2025-09-16 01:41:05,427 - INFO - ridge Fold 3 RMSE: 2.97, MAE: 2.05, R2: 0.94
2025-09-16 01:41:05,433 - INFO - ridge Fold 4 RMSE: 12.02, MAE: 7.72, R2: 0.83
2025-09-16 01:41:05,440 - INFO - ridge Fold 5 RMSE: 6.55, MAE: 4.96, R2: 0.92
2025-09-16 01:41:05,440 - INFO - ridge Average RMSE: 8.12, MAE: 5.15, R2: 0.89
2025-09-16 01:41:05,444 - INFO - Training svr for Lahore...
2025-09-16 01:41:05,489 - INFO - svr Fold 1 RMSE: 11.83, MAE: 9.47, R2: 0.79
2025-09-16 01:41:05,646 - INFO - svr Fold 2 RMSE: 16.47, MAE: 9.74, R2: 0.63
2025-09-16 01:41:06,025 - INFO - svr Fold 3 RMSE: 8.62, MAE: 7.47, R2: 0.53
2025-09-16 01:41:06,665 - INFO - svr Fold 4 RMSE: 26.15, MAE: 18.47, R2: 0.18
2025-09-16 01:41:07,677 - INFO - svr Fold 5 RMSE: 12.95, MAE: 10.57, R2: 0.67
2025-09-16 01:41:07,678 - INFO - svr Average RMSE: 15.21, MAE: 11.14, R2: 0.56
2025-09-16 01:41:09,520 - INFO - Metrics for Lahore:
2025-09-16 01:41:09,520 - INFO - random_forest: avg_rmse=11.47, avg_mae=7.78, avg_r2=0.77
2025-09-16 01:41:09,520 - INFO - ridge: avg_rmse=8.12, avg_mae=5.15, avg_r2=0.89
2025-09-16 01:41:09,520 - INFO - svr: avg_rmse=15.21, avg_mae=11.14, avg_r2=0.56
2025-09-16 01:41:09,521 - INFO - 
=== Training/Retraining Models for Islamabad ===
2025-09-16 01:41:09,521 - INFO - Processing Islamabad with data from data/Islamabad_historical_aq.csv
2025-09-16 01:41:09,526 - INFO - Training random_forest for Islamabad...
2025-09-16 01:41:09,810 - INFO - random_forest Fold 1 RMSE: 15.05, MAE: 10.96, R2: 0.76
2025-09-16 01:41:10,351 - INFO - random_forest Fold 2 RMSE: 9.82, MAE: 7.05, R2: 0.90
2025-09-16 01:41:11,147 - INFO - random_forest Fold 3 RMSE: 8.77, MAE: 6.18, R2: 0.84
2025-09-16 01:41:12,211 - INFO - random_forest Fold 4 RMSE: 12.31, MAE: 8.83, R2: 0.69
2025-09-16 01:41:13,546 - INFO - random_forest Fold 5 RMSE: 6.67, MAE: 5.07, R2: 0.91
2025-09-16 01:41:13,546 - INFO - random_forest Average RMSE: 10.53, MAE: 7.62, R2: 0.82
2025-09-16 01:41:15,212 - INFO - Training ridge for Islamabad...
2025-09-16 01:41:15,218 - INFO - ridge Fold 1 RMSE: 12.69, MAE: 7.70, R2: 0.83
2025-09-16 01:41:15,224 - INFO - ridge Fold 2 RMSE: 7.34, MAE: 5.29, R2: 0.95
2025-09-16 01:41:15,230 - INFO - ridge Fold 3 RMSE: 6.03, MAE: 4.33, R2: 0.92
2025-09-16 01:41:15,235 - INFO - ridge Fold 4 RMSE: 7.02, MAE: 4.74, R2: 0.90
2025-09-16 01:41:15,241 - INFO - ridge Fold 5 RMSE: 5.18, MAE: 3.63, R2: 0.95
2025-09-16 01:41:15,241 - INFO - ridge Average RMSE: 7.65, MAE: 5.14, R2: 0.91
2025-09-16 01:41:15,246 - INFO - Training svr for Islamabad...
2025-09-16 01:41:15,296 - INFO - svr Fold 1 RMSE: 18.29, MAE: 13.77, R2: 0.65
2025-09-16 01:41:15,468 - INFO - svr Fold 2 RMSE: 12.20, MAE: 9.23, R2: 0.85
2025-09-16 01:41:15,871 - INFO - svr Fold 3 RMSE: 10.70, MAE: 8.72, R2: 0.76
2025-09-16 01:41:16,574 - INFO - svr Fold 4 RMSE: 10.19, MAE: 7.02, R2: 0.79
2025-09-16 01:41:17,819 - INFO - svr Fold 5 RMSE: 10.38, MAE: 8.18, R2: 0.79
2025-09-16 01:41:17,819 - INFO - svr Average RMSE: 12.35, MAE: 9.38, R2: 0.77
2025-09-16 01:41:19,704 - INFO - Metrics for Islamabad:
2025-09-16 01:41:19,704 - INFO - random_forest: avg_rmse=10.53, avg_mae=7.62, avg_r2=0.82
2025-09-16 01:41:19,704 - INFO - ridge: avg_rmse=7.65, avg_mae=5.14, avg_r2=0.91
2025-09-16 01:41:19,704 - INFO - svr: avg_rmse=12.35, avg_mae=9.38, avg_r2=0.77
2025-09-17 01:40:22,373 - INFO - 
=== Training/Retraining Models for Karachi ===
2025-09-17 01:40:22,373 - INFO - Processing Karachi with data from data/Karachi_historical_aq.csv
2025-09-17 01:40:22,380 - INFO - Training random_forest for Karachi...
2025-09-17 01:40:22,658 - INFO - random_forest Fold 1 RMSE: 3.95, MAE: 3.36, R2: 0.69
2025-09-17 01:40:23,145 - INFO - random_forest Fold 2 RMSE: 1.84, MAE: 1.53, R2: 0.86
2025-09-17 01:40:23,861 - INFO - random_forest Fold 3 RMSE: 4.54, MAE: 3.26, R2: 0.64
2025-09-17 01:40:24,831 - INFO - random_forest Fold 4 RMSE: 5.88, MAE: 4.11, R2: 0.67
2025-09-17 01:40:26,073 - INFO - random_forest Fold 5 RMSE: 6.24, MAE: 4.59, R2: 0.77
2025-09-17 01:40:26,073 - INFO - random_forest Average RMSE: 4.49, MAE: 3.37, R2: 0.73
2025-09-17 01:40:27,640 - INFO - Training ridge for Karachi...
2025-09-17 01:40:27,647 - INFO - ridge Fold 1 RMSE: 1.23, MAE: 1.05, R2: 0.97
2025-09-17 01:40:27,653 - INFO - ridge Fold 2 RMSE: 0.38, MAE: 0.31, R2: 0.99
2025-09-17 01:40:27,659 - INFO - ridge Fold 3 RMSE: 0.73, MAE: 0.53, R2: 0.99
2025-09-17 01:40:27,664 - INFO - ridge Fold 4 RMSE: 1.97, MAE: 1.24, R2: 0.96
2025-09-17 01:40:27,670 - INFO - ridge Fold 5 RMSE: 1.55, MAE: 1.07, R2: 0.99
2025-09-17 01:40:27,670 - INFO - ridge Average RMSE: 1.17, MAE: 0.84, R2: 0.98
2025-09-17 01:40:27,675 - INFO - Training svr for Karachi...
2025-09-17 01:40:27,699 - INFO - svr Fold 1 RMSE: 4.57, MAE: 3.54, R2: 0.59
2025-09-17 01:40:27,770 - INFO - svr Fold 2 RMSE: 3.32, MAE: 2.09, R2: 0.56
2025-09-17 01:40:27,894 - INFO - svr Fold 3 RMSE: 6.70, MAE: 5.73, R2: 0.22
2025-09-17 01:40:28,112 - INFO - svr Fold 4 RMSE: 7.22, MAE: 4.53, R2: 0.51
2025-09-17 01:40:28,464 - INFO - svr Fold 5 RMSE: 11.21, MAE: 8.12, R2: 0.25
2025-09-17 01:40:28,464 - INFO - svr Average RMSE: 6.60, MAE: 4.80, R2: 0.43
2025-09-17 01:40:28,971 - INFO - Metrics for Karachi:
2025-09-17 01:40:28,972 - INFO - random_forest: avg_rmse=4.49, avg_mae=3.37, avg_r2=0.73
2025-09-17 01:40:28,972 - INFO - ridge: avg_rmse=1.17, avg_mae=0.84, avg_r2=0.98
2025-09-17 01:40:28,972 - INFO - svr: avg_rmse=6.60, avg_mae=4.80, avg_r2=0.43
2025-09-17 01:40:28,972 - INFO - 
=== Training/Retraining Models for Lahore ===
2025-09-17 01:40:28,972 - INFO - Processing Lahore with data from data/Lahore_historical_aq.csv
2025-09-17 01:40:28,978 - INFO - Training random_forest for Lahore...
2025-09-17 01:40:29,247 - INFO - random_forest Fold 1 RMSE: 11.15, MAE: 8.67, R2: 0.82
2025-09-17 01:40:29,754 - INFO - random_forest Fold 2 RMSE: 13.27, MAE: 7.36, R2: 0.76
2025-09-17 01:40:30,535 - INFO - random_forest Fold 3 RMSE: 4.98, MAE: 3.67, R2: 0.90
2025-09-17 01:40:31,599 - INFO - random_forest Fold 4 RMSE: 17.17, MAE: 12.63, R2: 0.68
2025-09-17 01:40:32,927 - INFO - random_forest Fold 5 RMSE: 12.32, MAE: 8.07, R2: 0.70
2025-09-17 01:40:32,927 - INFO - random_forest Average RMSE: 11.78, MAE: 8.08, R2: 0.77
2025-09-17 01:40:34,573 - INFO - Training ridge for Lahore...
2025-09-17 01:40:34,579 - INFO - ridge Fold 1 RMSE: 8.43, MAE: 5.66, R2: 0.90
2025-09-17 01:40:34,585 - INFO - ridge Fold 2 RMSE: 10.88, MAE: 5.46, R2: 0.84
2025-09-17 01:40:34,590 - INFO - ridge Fold 3 RMSE: 3.18, MAE: 2.23, R2: 0.96
2025-09-17 01:40:34,596 - INFO - ridge Fold 4 RMSE: 12.41, MAE: 8.22, R2: 0.83
2025-09-17 01:40:34,602 - INFO - ridge Fold 5 RMSE: 6.68, MAE: 4.83, R2: 0.91
2025-09-17 01:40:34,602 - INFO - ridge Average RMSE: 8.32, MAE: 5.28, R2: 0.89
2025-09-17 01:40:34,607 - INFO - Training svr for Lahore...
2025-09-17 01:40:34,646 - INFO - svr Fold 1 RMSE: 12.67, MAE: 10.11, R2: 0.76
2025-09-17 01:40:34,799 - INFO - svr Fold 2 RMSE: 15.83, MAE: 9.32, R2: 0.66
2025-09-17 01:40:35,195 - INFO - svr Fold 3 RMSE: 7.36, MAE: 5.78, R2: 0.77
2025-09-17 01:40:35,804 - INFO - svr Fold 4 RMSE: 28.33, MAE: 20.15, R2: 0.12
2025-09-17 01:40:36,804 - INFO - svr Fold 5 RMSE: 12.30, MAE: 9.81, R2: 0.70
2025-09-17 01:40:36,804 - INFO - svr Average RMSE: 15.30, MAE: 11.03, R2: 0.60
2025-09-17 01:40:38,478 - INFO - Metrics for Lahore:
2025-09-17 01:40:38,478 - INFO - random_forest: avg_rmse=11.78, avg_mae=8.08, avg_r2=0.77
2025-09-17 01:40:38,478 - INFO - ridge: avg_rmse=8.32, avg_mae=5.28, avg_r2=0.89
2025-09-17 01:40:38,478 - INFO - svr: avg_rmse=15.30, avg_mae=11.03, avg_r2=0.60
2025-09-17 01:40:38,478 - INFO - 
=== Training/Retraining Models for Islamabad ===
2025-09-17 01:40:38,478 - INFO - Processing Islamabad with data from data/Islamabad_historical_aq.csv
2025-09-17 01:40:38,483 - INFO - Training random_forest for Islamabad...
2025-09-17 01:40:38,767 - INFO - random_forest Fold 1 RMSE: 14.92, MAE: 10.84, R2: 0.75
2025-09-17 01:40:39,300 - INFO - random_forest Fold 2 RMSE: 10.84, MAE: 7.67, R2: 0.89
2025-09-17 01:40:40,090 - INFO - random_forest Fold 3 RMSE: 7.51, MAE: 5.93, R2: 0.90
2025-09-17 01:40:41,134 - INFO - random_forest Fold 4 RMSE: 11.99, MAE: 8.57, R2: 0.72
2025-09-17 01:40:42,457 - INFO - random_forest Fold 5 RMSE: 6.39, MAE: 4.91, R2: 0.92
2025-09-17 01:40:42,458 - INFO - random_forest Average RMSE: 10.33, MAE: 7.58, R2: 0.83
2025-09-17 01:40:44,087 - INFO - Training ridge for Islamabad...
2025-09-17 01:40:44,093 - INFO - ridge Fold 1 RMSE: 12.60, MAE: 7.52, R2: 0.82
2025-09-17 01:40:44,099 - INFO - ridge Fold 2 RMSE: 7.46, MAE: 5.27, R2: 0.95
2025-09-17 01:40:44,105 - INFO - ridge Fold 3 RMSE: 6.28, MAE: 4.64, R2: 0.93
2025-09-17 01:40:44,110 - INFO - ridge Fold 4 RMSE: 6.78, MAE: 4.50, R2: 0.91
2025-09-17 01:40:44,116 - INFO - ridge Fold 5 RMSE: 5.24, MAE: 3.63, R2: 0.94
2025-09-17 01:40:44,116 - INFO - ridge Average RMSE: 7.67, MAE: 5.11, R2: 0.91
2025-09-17 01:40:44,120 - INFO - Training svr for Islamabad...
2025-09-17 01:40:44,171 - INFO - svr Fold 1 RMSE: 18.77, MAE: 13.88, R2: 0.61
2025-09-17 01:40:44,345 - INFO - svr Fold 2 RMSE: 12.44, MAE: 9.41, R2: 0.85
2025-09-17 01:40:44,729 - INFO - svr Fold 3 RMSE: 10.76, MAE: 8.77, R2: 0.79
2025-09-17 01:40:45,516 - INFO - svr Fold 4 RMSE: 10.42, MAE: 7.17, R2: 0.79
2025-09-17 01:40:46,684 - INFO - svr Fold 5 RMSE: 8.81, MAE: 6.67, R2: 0.84
2025-09-17 01:40:46,684 - INFO - svr Average RMSE: 12.24, MAE: 9.18, R2: 0.77
2025-09-17 01:40:48,445 - INFO - Metrics for Islamabad:
2025-09-17 01:40:48,446 - INFO - random_forest: avg_rmse=10.33, avg_mae=7.58, avg_r2=0.83
2025-09-17 01:40:48,446 - INFO - ridge: avg_rmse=7.67, avg_mae=5.11, avg_r2=0.91
2025-09-17 01:40:48,446 - INFO - svr: avg_rmse=12.24, avg_mae=9.18, avg_r2=0.77
2025-09-18 01:40:55,845 - INFO - 
=== Training/Retraining Models for Karachi ===
2025-09-18 01:40:55,845 - INFO - Processing Karachi with data from data/Karachi_historical_aq.csv
2025-09-18 01:40:55,852 - INFO - Training random_forest for Karachi...
2025-09-18 01:40:56,135 - INFO - random_forest Fold 1 RMSE: 3.56, MAE: 3.09, R2: 0.75
2025-09-18 01:40:56,632 - INFO - random_forest Fold 2 RMSE: 2.24, MAE: 1.84, R2: 0.86
2025-09-18 01:40:57,344 - INFO - random_forest Fold 3 RMSE: 4.73, MAE: 3.40, R2: 0.63
2025-09-18 01:40:58,319 - INFO - random_forest Fold 4 RMSE: 4.61, MAE: 3.05, R2: 0.80
2025-09-18 01:40:59,569 - INFO - random_forest Fold 5 RMSE: 6.39, MAE: 4.77, R2: 0.74
2025-09-18 01:40:59,570 - INFO - random_forest Average RMSE: 4.31, MAE: 3.23, R2: 0.76
2025-09-18 01:41:01,145 - INFO - Training ridge for Karachi...
2025-09-18 01:41:01,152 - INFO - ridge Fold 1 RMSE: 1.06, MAE: 0.89, R2: 0.98
2025-09-18 01:41:01,158 - INFO - ridge Fold 2 RMSE: 0.48, MAE: 0.37, R2: 0.99
2025-09-18 01:41:01,163 - INFO - ridge Fold 3 RMSE: 1.08, MAE: 0.71, R2: 0.98
2025-09-18 01:41:01,169 - INFO - ridge Fold 4 RMSE: 1.79, MAE: 1.12, R2: 0.97
2025-09-18 01:41:01,175 - INFO - ridge Fold 5 RMSE: 1.78, MAE: 1.24, R2: 0.98
2025-09-18 01:41:01,175 - INFO - ridge Average RMSE: 1.24, MAE: 0.87, R2: 0.98
2025-09-18 01:41:01,180 - INFO - Training svr for Karachi...
2025-09-18 01:41:01,207 - INFO - svr Fold 1 RMSE: 4.38, MAE: 3.47, R2: 0.63
2025-09-18 01:41:01,272 - INFO - svr Fold 2 RMSE: 4.72, MAE: 2.93, R2: 0.37
2025-09-18 01:41:01,400 - INFO - svr Fold 3 RMSE: 4.58, MAE: 3.09, R2: 0.65
2025-09-18 01:41:01,618 - INFO - svr Fold 4 RMSE: 7.12, MAE: 4.47, R2: 0.52
2025-09-18 01:41:01,986 - INFO - svr Fold 5 RMSE: 11.38, MAE: 8.52, R2: 0.18
2025-09-18 01:41:01,986 - INFO - svr Average RMSE: 6.44, MAE: 4.50, R2: 0.47
2025-09-18 01:41:02,517 - INFO - Metrics for Karachi:
2025-09-18 01:41:02,517 - INFO - random_forest: avg_rmse=4.31, avg_mae=3.23, avg_r2=0.76
2025-09-18 01:41:02,517 - INFO - ridge: avg_rmse=1.24, avg_mae=0.87, avg_r2=0.98
2025-09-18 01:41:02,518 - INFO - svr: avg_rmse=6.44, avg_mae=4.50, avg_r2=0.47
2025-09-18 01:41:02,518 - INFO - 
=== Training/Retraining Models for Lahore ===
2025-09-18 01:41:02,518 - INFO - Processing Lahore with data from data/Lahore_historical_aq.csv
2025-09-18 01:41:02,524 - INFO - Training random_forest for Lahore...
2025-09-18 01:41:02,797 - INFO - random_forest Fold 1 RMSE: 16.40, MAE: 10.60, R2: 0.73
2025-09-18 01:41:03,321 - INFO - random_forest Fold 2 RMSE: 8.70, MAE: 5.36, R2: 0.82
2025-09-18 01:41:04,107 - INFO - random_forest Fold 3 RMSE: 5.29, MAE: 3.92, R2: 0.89
2025-09-18 01:41:05,181 - INFO - random_forest Fold 4 RMSE: 18.73, MAE: 14.18, R2: 0.62
2025-09-18 01:41:06,539 - INFO - random_forest Fold 5 RMSE: 12.41, MAE: 7.92, R2: 0.70
2025-09-18 01:41:06,539 - INFO - random_forest Average RMSE: 12.31, MAE: 8.40, R2: 0.75
2025-09-18 01:41:08,199 - INFO - Training ridge for Lahore...
2025-09-18 01:41:08,205 - INFO - ridge Fold 1 RMSE: 9.70, MAE: 6.80, R2: 0.91
2025-09-18 01:41:08,211 - INFO - ridge Fold 2 RMSE: 9.94, MAE: 4.50, R2: 0.77
2025-09-18 01:41:08,216 - INFO - ridge Fold 3 RMSE: 3.39, MAE: 2.41, R2: 0.95
2025-09-18 01:41:08,222 - INFO - ridge Fold 4 RMSE: 12.43, MAE: 8.33, R2: 0.83
2025-09-18 01:41:08,228 - INFO - ridge Fold 5 RMSE: 6.84, MAE: 4.89, R2: 0.91
2025-09-18 01:41:08,228 - INFO - ridge Average RMSE: 8.46, MAE: 5.39, R2: 0.87
2025-09-18 01:41:08,232 - INFO - Training svr for Lahore...
2025-09-18 01:41:08,276 - INFO - svr Fold 1 RMSE: 20.93, MAE: 14.04, R2: 0.56
2025-09-18 01:41:08,438 - INFO - svr Fold 2 RMSE: 9.29, MAE: 6.60, R2: 0.80
2025-09-18 01:41:08,821 - INFO - svr Fold 3 RMSE: 6.91, MAE: 5.36, R2: 0.81
2025-09-18 01:41:09,434 - INFO - svr Fold 4 RMSE: 32.01, MAE: 23.80, R2: -0.11
2025-09-18 01:41:10,440 - INFO - svr Fold 5 RMSE: 10.73, MAE: 8.20, R2: 0.78
2025-09-18 01:41:10,440 - INFO - svr Average RMSE: 15.97, MAE: 11.60, R2: 0.57
2025-09-18 01:41:12,106 - INFO - Metrics for Lahore:
2025-09-18 01:41:12,106 - INFO - random_forest: avg_rmse=12.31, avg_mae=8.40, avg_r2=0.75
2025-09-18 01:41:12,106 - INFO - ridge: avg_rmse=8.46, avg_mae=5.39, avg_r2=0.87
2025-09-18 01:41:12,106 - INFO - svr: avg_rmse=15.97, avg_mae=11.60, avg_r2=0.57
2025-09-18 01:41:12,106 - INFO - 
=== Training/Retraining Models for Islamabad ===
2025-09-18 01:41:12,106 - INFO - Processing Islamabad with data from data/Islamabad_historical_aq.csv
2025-09-18 01:41:12,112 - INFO - Training random_forest for Islamabad...
2025-09-18 01:41:12,397 - INFO - random_forest Fold 1 RMSE: 14.79, MAE: 11.26, R2: 0.75
2025-09-18 01:41:12,914 - INFO - random_forest Fold 2 RMSE: 10.94, MAE: 7.80, R2: 0.88
2025-09-18 01:41:13,693 - INFO - random_forest Fold 3 RMSE: 7.24, MAE: 5.73, R2: 0.91
2025-09-18 01:41:14,736 - INFO - random_forest Fold 4 RMSE: 11.66, MAE: 8.48, R2: 0.76
2025-09-18 01:41:16,045 - INFO - random_forest Fold 5 RMSE: 6.15, MAE: 4.52, R2: 0.91
2025-09-18 01:41:16,045 - INFO - random_forest Average RMSE: 10.16, MAE: 7.56, R2: 0.84
2025-09-18 01:41:17,668 - INFO - Training ridge for Islamabad...
2025-09-18 01:41:17,675 - INFO - ridge Fold 1 RMSE: 12.98, MAE: 8.00, R2: 0.81
2025-09-18 01:41:17,680 - INFO - ridge Fold 2 RMSE: 7.03, MAE: 4.91, R2: 0.95
2025-09-18 01:41:17,686 - INFO - ridge Fold 3 RMSE: 6.62, MAE: 5.03, R2: 0.92
2025-09-18 01:41:17,692 - INFO - ridge Fold 4 RMSE: 6.58, MAE: 4.33, R2: 0.92
2025-09-18 01:41:17,697 - INFO - ridge Fold 5 RMSE: 5.24, MAE: 3.60, R2: 0.93
2025-09-18 01:41:17,697 - INFO - ridge Average RMSE: 7.69, MAE: 5.18, R2: 0.91
2025-09-18 01:41:17,701 - INFO - Training svr for Islamabad...
2025-09-18 01:41:17,750 - INFO - svr Fold 1 RMSE: 19.17, MAE: 14.36, R2: 0.58
2025-09-18 01:41:17,935 - INFO - svr Fold 2 RMSE: 12.32, MAE: 9.17, R2: 0.85
2025-09-18 01:41:18,338 - INFO - svr Fold 3 RMSE: 10.80, MAE: 8.50, R2: 0.79
2025-09-18 01:41:19,024 - INFO - svr Fold 4 RMSE: 12.20, MAE: 8.65, R2: 0.73
2025-09-18 01:41:20,181 - INFO - svr Fold 5 RMSE: 8.18, MAE: 5.83, R2: 0.84
2025-09-18 01:41:20,181 - INFO - svr Average RMSE: 12.54, MAE: 9.31, R2: 0.76
2025-09-18 01:41:22,044 - INFO - Metrics for Islamabad:
2025-09-18 01:41:22,044 - INFO - random_forest: avg_rmse=10.16, avg_mae=7.56, avg_r2=0.84
2025-09-18 01:41:22,044 - INFO - ridge: avg_rmse=7.69, avg_mae=5.18, avg_r2=0.91
2025-09-18 01:41:22,044 - INFO - svr: avg_rmse=12.54, avg_mae=9.31, avg_r2=0.76
2025-09-19 01:43:41,857 - INFO - 
=== Training/Retraining Models for Karachi ===
2025-09-19 01:43:41,858 - INFO - Processing Karachi with data from data/Karachi_historical_aq.csv
2025-09-19 01:43:41,865 - INFO - Training random_forest for Karachi...
2025-09-19 01:43:42,149 - INFO - random_forest Fold 1 RMSE: 3.79, MAE: 3.35, R2: 0.71
2025-09-19 01:43:42,647 - INFO - random_forest Fold 2 RMSE: 3.95, MAE: 2.90, R2: 0.57
2025-09-19 01:43:43,366 - INFO - random_forest Fold 3 RMSE: 4.17, MAE: 2.30, R2: 0.79
2025-09-19 01:43:44,374 - INFO - random_forest Fold 4 RMSE: 4.36, MAE: 3.16, R2: 0.81
2025-09-19 01:43:45,634 - INFO - random_forest Fold 5 RMSE: 6.39, MAE: 4.73, R2: 0.70
2025-09-19 01:43:45,634 - INFO - random_forest Average RMSE: 4.53, MAE: 3.29, R2: 0.72
2025-09-19 01:43:47,211 - INFO - Training ridge for Karachi...
2025-09-19 01:43:47,218 - INFO - ridge Fold 1 RMSE: 1.13, MAE: 0.97, R2: 0.97
2025-09-19 01:43:47,223 - INFO - ridge Fold 2 RMSE: 0.45, MAE: 0.35, R2: 0.99
2025-09-19 01:43:47,229 - INFO - ridge Fold 3 RMSE: 1.07, MAE: 0.68, R2: 0.99
2025-09-19 01:43:47,235 - INFO - ridge Fold 4 RMSE: 1.73, MAE: 1.08, R2: 0.97
2025-09-19 01:43:47,241 - INFO - ridge Fold 5 RMSE: 1.81, MAE: 1.30, R2: 0.98
2025-09-19 01:43:47,241 - INFO - ridge Average RMSE: 1.24, MAE: 0.88, R2: 0.98
2025-09-19 01:43:47,245 - INFO - Training svr for Karachi...
2025-09-19 01:43:47,272 - INFO - svr Fold 1 RMSE: 3.26, MAE: 2.81, R2: 0.78
2025-09-19 01:43:47,338 - INFO - svr Fold 2 RMSE: 5.71, MAE: 3.68, R2: 0.11
2025-09-19 01:43:47,463 - INFO - svr Fold 3 RMSE: 5.36, MAE: 3.01, R2: 0.66
2025-09-19 01:43:47,680 - INFO - svr Fold 4 RMSE: 5.96, MAE: 3.89, R2: 0.64
2025-09-19 01:43:48,025 - INFO - svr Fold 5 RMSE: 11.40, MAE: 8.64, R2: 0.04
2025-09-19 01:43:48,025 - INFO - svr Average RMSE: 6.34, MAE: 4.41, R2: 0.45
2025-09-19 01:43:48,575 - INFO - Metrics for Karachi:
2025-09-19 01:43:48,575 - INFO - random_forest: avg_rmse=4.53, avg_mae=3.29, avg_r2=0.72
2025-09-19 01:43:48,575 - INFO - ridge: avg_rmse=1.24, avg_mae=0.88, avg_r2=0.98
2025-09-19 01:43:48,575 - INFO - svr: avg_rmse=6.34, avg_mae=4.41, avg_r2=0.45
2025-09-19 01:43:48,575 - INFO - 
=== Training/Retraining Models for Lahore ===
2025-09-19 01:43:48,575 - INFO - Processing Lahore with data from data/Lahore_historical_aq.csv
2025-09-19 01:43:48,581 - INFO - Training random_forest for Lahore...
2025-09-19 01:43:48,861 - INFO - random_forest Fold 1 RMSE: 15.87, MAE: 11.06, R2: 0.76
2025-09-19 01:43:49,378 - INFO - random_forest Fold 2 RMSE: 6.01, MAE: 4.38, R2: 0.89
2025-09-19 01:43:50,163 - INFO - random_forest Fold 3 RMSE: 5.42, MAE: 4.00, R2: 0.89
2025-09-19 01:43:51,235 - INFO - random_forest Fold 4 RMSE: 19.94, MAE: 15.70, R2: 0.57
2025-09-19 01:43:52,589 - INFO - random_forest Fold 5 RMSE: 12.46, MAE: 7.99, R2: 0.69
2025-09-19 01:43:52,589 - INFO - random_forest Average RMSE: 11.94, MAE: 8.63, R2: 0.76
2025-09-19 01:43:54,273 - INFO - Training ridge for Lahore...
2025-09-19 01:43:54,280 - INFO - ridge Fold 1 RMSE: 13.06, MAE: 8.13, R2: 0.84
2025-09-19 01:43:54,285 - INFO - ridge Fold 2 RMSE: 4.03, MAE: 3.14, R2: 0.95
2025-09-19 01:43:54,291 - INFO - ridge Fold 3 RMSE: 3.46, MAE: 2.49, R2: 0.96
2025-09-19 01:43:54,297 - INFO - ridge Fold 4 RMSE: 12.47, MAE: 8.58, R2: 0.83
2025-09-19 01:43:54,303 - INFO - ridge Fold 5 RMSE: 6.64, MAE: 4.71, R2: 0.91
2025-09-19 01:43:54,303 - INFO - ridge Average RMSE: 7.93, MAE: 5.41, R2: 0.90
2025-09-19 01:43:54,308 - INFO - Training svr for Lahore...
2025-09-19 01:43:54,351 - INFO - svr Fold 1 RMSE: 21.66, MAE: 14.58, R2: 0.56
2025-09-19 01:43:54,516 - INFO - svr Fold 2 RMSE: 7.61, MAE: 5.66, R2: 0.83
2025-09-19 01:43:54,901 - INFO - svr Fold 3 RMSE: 6.57, MAE: 5.24, R2: 0.84
2025-09-19 01:43:55,509 - INFO - svr Fold 4 RMSE: 34.66, MAE: 26.65, R2: -0.30
2025-09-19 01:43:56,532 - INFO - svr Fold 5 RMSE: 9.37, MAE: 6.64, R2: 0.83
2025-09-19 01:43:56,532 - INFO - svr Average RMSE: 15.97, MAE: 11.75, R2: 0.55
2025-09-19 01:43:58,221 - INFO - Metrics for Lahore:
2025-09-19 01:43:58,221 - INFO - random_forest: avg_rmse=11.94, avg_mae=8.63, avg_r2=0.76
2025-09-19 01:43:58,221 - INFO - ridge: avg_rmse=7.93, avg_mae=5.41, avg_r2=0.90
2025-09-19 01:43:58,221 - INFO - svr: avg_rmse=15.97, avg_mae=11.75, avg_r2=0.55
2025-09-19 01:43:58,221 - INFO - 
=== Training/Retraining Models for Islamabad ===
2025-09-19 01:43:58,221 - INFO - Processing Islamabad with data from data/Islamabad_historical_aq.csv
2025-09-19 01:43:58,227 - INFO - Training random_forest for Islamabad...
2025-09-19 01:43:58,519 - INFO - random_forest Fold 1 RMSE: 15.48, MAE: 11.75, R2: 0.71
2025-09-19 01:43:59,036 - INFO - random_forest Fold 2 RMSE: 11.28, MAE: 8.09, R2: 0.87
2025-09-19 01:43:59,813 - INFO - random_forest Fold 3 RMSE: 7.25, MAE: 5.75, R2: 0.90
2025-09-19 01:44:00,859 - INFO - random_forest Fold 4 RMSE: 12.06, MAE: 9.19, R2: 0.74
2025-09-19 01:44:02,198 - INFO - random_forest Fold 5 RMSE: 5.69, MAE: 4.03, R2: 0.91
2025-09-19 01:44:02,198 - INFO - random_forest Average RMSE: 10.35, MAE: 7.76, R2: 0.83
2025-09-19 01:44:03,830 - INFO - Training ridge for Islamabad...
2025-09-19 01:44:03,837 - INFO - ridge Fold 1 RMSE: 13.08, MAE: 8.09, R2: 0.79
2025-09-19 01:44:03,843 - INFO - ridge Fold 2 RMSE: 7.17, MAE: 5.05, R2: 0.95
2025-09-19 01:44:03,848 - INFO - ridge Fold 3 RMSE: 6.54, MAE: 4.96, R2: 0.92
2025-09-19 01:44:03,854 - INFO - ridge Fold 4 RMSE: 6.68, MAE: 4.46, R2: 0.92
2025-09-19 01:44:03,860 - INFO - ridge Fold 5 RMSE: 5.11, MAE: 3.46, R2: 0.93
2025-09-19 01:44:03,860 - INFO - ridge Average RMSE: 7.72, MAE: 5.20, R2: 0.90
2025-09-19 01:44:03,864 - INFO - Training svr for Islamabad...
2025-09-19 01:44:03,912 - INFO - svr Fold 1 RMSE: 18.08, MAE: 13.18, R2: 0.60
2025-09-19 01:44:04,099 - INFO - svr Fold 2 RMSE: 12.55, MAE: 9.26, R2: 0.84
2025-09-19 01:44:04,499 - INFO - svr Fold 3 RMSE: 9.83, MAE: 7.62, R2: 0.82
2025-09-19 01:44:05,189 - INFO - svr Fold 4 RMSE: 14.21, MAE: 10.41, R2: 0.64
2025-09-19 01:44:06,404 - INFO - svr Fold 5 RMSE: 7.46, MAE: 5.45, R2: 0.85
2025-09-19 01:44:06,404 - INFO - svr Average RMSE: 12.43, MAE: 9.18, R2: 0.75
2025-09-19 01:44:08,205 - INFO - Metrics for Islamabad:
2025-09-19 01:44:08,205 - INFO - random_forest: avg_rmse=10.35, avg_mae=7.76, avg_r2=0.83
2025-09-19 01:44:08,205 - INFO - ridge: avg_rmse=7.72, avg_mae=5.20, avg_r2=0.90
2025-09-19 01:44:08,205 - INFO - svr: avg_rmse=12.43, avg_mae=9.18, avg_r2=0.75
2025-09-20 01:38:37,951 - INFO - 
=== Training/Retraining Models for Karachi ===
2025-09-20 01:38:37,952 - INFO - Processing Karachi with data from data/Karachi_historical_aq.csv
2025-09-20 01:38:37,959 - INFO - Training random_forest for Karachi...
2025-09-20 01:38:38,247 - INFO - random_forest Fold 1 RMSE: 3.62, MAE: 3.11, R2: 0.68
2025-09-20 01:38:38,749 - INFO - random_forest Fold 2 RMSE: 3.63, MAE: 2.71, R2: 0.60
2025-09-20 01:38:39,473 - INFO - random_forest Fold 3 RMSE: 4.18, MAE: 2.26, R2: 0.82
2025-09-20 01:38:40,472 - INFO - random_forest Fold 4 RMSE: 4.18, MAE: 2.91, R2: 0.82
2025-09-20 01:38:41,731 - INFO - random_forest Fold 5 RMSE: 6.33, MAE: 4.68, R2: 0.72
2025-09-20 01:38:41,731 - INFO - random_forest Average RMSE: 4.39, MAE: 3.13, R2: 0.73
2025-09-20 01:38:43,332 - INFO - Training ridge for Karachi...
2025-09-20 01:38:43,339 - INFO - ridge Fold 1 RMSE: 1.10, MAE: 0.94, R2: 0.97
2025-09-20 01:38:43,345 - INFO - ridge Fold 2 RMSE: 0.48, MAE: 0.38, R2: 0.99
2025-09-20 01:38:43,351 - INFO - ridge Fold 3 RMSE: 1.42, MAE: 0.82, R2: 0.98
2025-09-20 01:38:43,356 - INFO - ridge Fold 4 RMSE: 1.56, MAE: 1.01, R2: 0.98
2025-09-20 01:38:43,363 - INFO - ridge Fold 5 RMSE: 1.81, MAE: 1.30, R2: 0.98
2025-09-20 01:38:43,363 - INFO - ridge Average RMSE: 1.27, MAE: 0.89, R2: 0.98
2025-09-20 01:38:43,368 - INFO - Training svr for Karachi...
2025-09-20 01:38:43,395 - INFO - svr Fold 1 RMSE: 2.63, MAE: 2.21, R2: 0.83
2025-09-20 01:38:43,465 - INFO - svr Fold 2 RMSE: 6.15, MAE: 4.21, R2: -0.13
2025-09-20 01:38:43,592 - INFO - svr Fold 3 RMSE: 5.70, MAE: 3.45, R2: 0.67
2025-09-20 01:38:43,814 - INFO - svr Fold 4 RMSE: 5.65, MAE: 3.60, R2: 0.68
2025-09-20 01:38:44,170 - INFO - svr Fold 5 RMSE: 11.41, MAE: 8.66, R2: 0.08
2025-09-20 01:38:44,170 - INFO - svr Average RMSE: 6.31, MAE: 4.43, R2: 0.42
2025-09-20 01:38:44,708 - INFO - Metrics for Karachi:
2025-09-20 01:38:44,708 - INFO - random_forest: avg_rmse=4.39, avg_mae=3.13, avg_r2=0.73
2025-09-20 01:38:44,708 - INFO - ridge: avg_rmse=1.27, avg_mae=0.89, avg_r2=0.98
2025-09-20 01:38:44,708 - INFO - svr: avg_rmse=6.31, avg_mae=4.43, avg_r2=0.42
2025-09-20 01:38:44,708 - INFO - 
=== Training/Retraining Models for Lahore ===
2025-09-20 01:38:44,708 - INFO - Processing Lahore with data from data/Lahore_historical_aq.csv
2025-09-20 01:38:44,714 - INFO - Training random_forest for Lahore...
2025-09-20 01:38:44,986 - INFO - random_forest Fold 1 RMSE: 17.15, MAE: 11.64, R2: 0.72
2025-09-20 01:38:45,502 - INFO - random_forest Fold 2 RMSE: 6.38, MAE: 4.80, R2: 0.87
2025-09-20 01:38:46,278 - INFO - random_forest Fold 3 RMSE: 7.93, MAE: 4.52, R2: 0.83
2025-09-20 01:38:47,357 - INFO - random_forest Fold 4 RMSE: 21.17, MAE: 17.56, R2: 0.43
2025-09-20 01:38:48,695 - INFO - random_forest Fold 5 RMSE: 11.73, MAE: 7.62, R2: 0.72
2025-09-20 01:38:48,695 - INFO - random_forest Average RMSE: 12.87, MAE: 9.23, R2: 0.72
2025-09-20 01:38:50,359 - INFO - Training ridge for Lahore...
2025-09-20 01:38:50,366 - INFO - ridge Fold 1 RMSE: 13.25, MAE: 8.33, R2: 0.84
2025-09-20 01:38:50,372 - INFO - ridge Fold 2 RMSE: 3.88, MAE: 3.00, R2: 0.95
2025-09-20 01:38:50,378 - INFO - ridge Fold 3 RMSE: 4.19, MAE: 2.86, R2: 0.95
2025-09-20 01:38:50,384 - INFO - ridge Fold 4 RMSE: 12.37, MAE: 8.29, R2: 0.81
2025-09-20 01:38:50,389 - INFO - ridge Fold 5 RMSE: 6.77, MAE: 4.80, R2: 0.91
2025-09-20 01:38:50,390 - INFO - ridge Average RMSE: 8.09, MAE: 5.46, R2: 0.89
2025-09-20 01:38:50,394 - INFO - Training svr for Lahore...
2025-09-20 01:38:50,434 - INFO - svr Fold 1 RMSE: 22.13, MAE: 15.23, R2: 0.54
2025-09-20 01:38:50,597 - INFO - svr Fold 2 RMSE: 7.41, MAE: 5.45, R2: 0.83
2025-09-20 01:38:50,985 - INFO - svr Fold 3 RMSE: 7.26, MAE: 4.77, R2: 0.86
2025-09-20 01:38:51,588 - INFO - svr Fold 4 RMSE: 37.47, MAE: 30.22, R2: -0.77
2025-09-20 01:38:52,643 - INFO - svr Fold 5 RMSE: 8.21, MAE: 5.68, R2: 0.86
2025-09-20 01:38:52,643 - INFO - svr Average RMSE: 16.50, MAE: 12.27, R2: 0.46
2025-09-20 01:38:54,230 - INFO - Metrics for Lahore:
2025-09-20 01:38:54,230 - INFO - random_forest: avg_rmse=12.87, avg_mae=9.23, avg_r2=0.72
2025-09-20 01:38:54,230 - INFO - ridge: avg_rmse=8.09, avg_mae=5.46, avg_r2=0.89
2025-09-20 01:38:54,230 - INFO - svr: avg_rmse=16.50, avg_mae=12.27, avg_r2=0.46
2025-09-20 01:38:54,230 - INFO - 
=== Training/Retraining Models for Islamabad ===
2025-09-20 01:38:54,230 - INFO - Processing Islamabad with data from data/Islamabad_historical_aq.csv
2025-09-20 01:38:54,235 - INFO - Training random_forest for Islamabad...
2025-09-20 01:38:54,515 - INFO - random_forest Fold 1 RMSE: 15.55, MAE: 11.59, R2: 0.72
2025-09-20 01:38:55,023 - INFO - random_forest Fold 2 RMSE: 10.85, MAE: 7.96, R2: 0.88
2025-09-20 01:38:55,785 - INFO - random_forest Fold 3 RMSE: 7.28, MAE: 5.28, R2: 0.90
2025-09-20 01:38:56,816 - INFO - random_forest Fold 4 RMSE: 12.15, MAE: 9.25, R2: 0.73
2025-09-20 01:38:58,121 - INFO - random_forest Fold 5 RMSE: 5.43, MAE: 3.61, R2: 0.91
2025-09-20 01:38:58,121 - INFO - random_forest Average RMSE: 10.25, MAE: 7.54, R2: 0.83
2025-09-20 01:38:59,745 - INFO - Training ridge for Islamabad...
2025-09-20 01:38:59,752 - INFO - ridge Fold 1 RMSE: 12.55, MAE: 7.89, R2: 0.82
2025-09-20 01:38:59,758 - INFO - ridge Fold 2 RMSE: 7.21, MAE: 5.21, R2: 0.95
2025-09-20 01:38:59,764 - INFO - ridge Fold 3 RMSE: 6.45, MAE: 4.84, R2: 0.92
2025-09-20 01:38:59,769 - INFO - ridge Fold 4 RMSE: 6.83, MAE: 4.63, R2: 0.92
2025-09-20 01:38:59,775 - INFO - ridge Fold 5 RMSE: 5.02, MAE: 3.45, R2: 0.92
2025-09-20 01:38:59,775 - INFO - ridge Average RMSE: 7.61, MAE: 5.20, R2: 0.90
2025-09-20 01:38:59,779 - INFO - Training svr for Islamabad...
2025-09-20 01:38:59,831 - INFO - svr Fold 1 RMSE: 18.52, MAE: 13.90, R2: 0.61
2025-09-20 01:39:00,016 - INFO - svr Fold 2 RMSE: 13.30, MAE: 10.05, R2: 0.82
2025-09-20 01:39:00,437 - INFO - svr Fold 3 RMSE: 9.53, MAE: 7.20, R2: 0.83
2025-09-20 01:39:01,164 - INFO - svr Fold 4 RMSE: 14.98, MAE: 11.50, R2: 0.59
2025-09-20 01:39:02,343 - INFO - svr Fold 5 RMSE: 7.55, MAE: 5.51, R2: 0.82
2025-09-20 01:39:02,343 - INFO - svr Average RMSE: 12.78, MAE: 9.63, R2: 0.73
2025-09-20 01:39:04,156 - INFO - Metrics for Islamabad:
2025-09-20 01:39:04,157 - INFO - random_forest: avg_rmse=10.25, avg_mae=7.54, avg_r2=0.83
2025-09-20 01:39:04,157 - INFO - ridge: avg_rmse=7.61, avg_mae=5.20, avg_r2=0.90
2025-09-20 01:39:04,157 - INFO - svr: avg_rmse=12.78, avg_mae=9.63, avg_r2=0.73
2025-09-21 01:50:19,264 - INFO - 
=== Training/Retraining Models for Karachi ===
2025-09-21 01:50:19,264 - INFO - Processing Karachi with data from data/Karachi_historical_aq.csv
2025-09-21 01:50:19,272 - INFO - Training random_forest for Karachi...
2025-09-21 01:50:19,549 - INFO - random_forest Fold 1 RMSE: 4.12, MAE: 3.17, R2: 0.43
2025-09-21 01:50:20,041 - INFO - random_forest Fold 2 RMSE: 4.30, MAE: 3.31, R2: 0.45
2025-09-21 01:50:20,756 - INFO - random_forest Fold 3 RMSE: 4.39, MAE: 2.49, R2: 0.81
2025-09-21 01:50:21,748 - INFO - random_forest Fold 4 RMSE: 4.16, MAE: 2.86, R2: 0.82
2025-09-21 01:50:22,993 - INFO - random_forest Fold 5 RMSE: 6.43, MAE: 4.71, R2: 0.72
2025-09-21 01:50:22,993 - INFO - random_forest Average RMSE: 4.68, MAE: 3.31, R2: 0.65
2025-09-21 01:50:24,572 - INFO - Training ridge for Karachi...
2025-09-21 01:50:24,579 - INFO - ridge Fold 1 RMSE: 1.46, MAE: 1.29, R2: 0.93
2025-09-21 01:50:24,585 - INFO - ridge Fold 2 RMSE: 0.43, MAE: 0.35, R2: 0.99
2025-09-21 01:50:24,590 - INFO - ridge Fold 3 RMSE: 1.49, MAE: 0.86, R2: 0.98
2025-09-21 01:50:24,596 - INFO - ridge Fold 4 RMSE: 1.60, MAE: 1.04, R2: 0.97
2025-09-21 01:50:24,602 - INFO - ridge Fold 5 RMSE: 1.81, MAE: 1.30, R2: 0.98
2025-09-21 01:50:24,602 - INFO - ridge Average RMSE: 1.36, MAE: 0.97, R2: 0.97
2025-09-21 01:50:24,606 - INFO - Training svr for Karachi...
2025-09-21 01:50:24,634 - INFO - svr Fold 1 RMSE: 2.79, MAE: 2.28, R2: 0.74
2025-09-21 01:50:24,701 - INFO - svr Fold 2 RMSE: 6.54, MAE: 4.74, R2: -0.28
2025-09-21 01:50:24,824 - INFO - svr Fold 3 RMSE: 5.75, MAE: 3.49, R2: 0.67
2025-09-21 01:50:25,044 - INFO - svr Fold 4 RMSE: 5.64, MAE: 3.49, R2: 0.68
2025-09-21 01:50:25,394 - INFO - svr Fold 5 RMSE: 11.40, MAE: 8.68, R2: 0.11
2025-09-21 01:50:25,394 - INFO - svr Average RMSE: 6.42, MAE: 4.54, R2: 0.38
2025-09-21 01:50:25,923 - INFO - Metrics for Karachi:
2025-09-21 01:50:25,923 - INFO - random_forest: avg_rmse=4.68, avg_mae=3.31, avg_r2=0.65
2025-09-21 01:50:25,923 - INFO - ridge: avg_rmse=1.36, avg_mae=0.97, avg_r2=0.97
2025-09-21 01:50:25,923 - INFO - svr: avg_rmse=6.42, avg_mae=4.54, avg_r2=0.38
2025-09-21 01:50:25,923 - INFO - 
=== Training/Retraining Models for Lahore ===
2025-09-21 01:50:25,923 - INFO - Processing Lahore with data from data/Lahore_historical_aq.csv
2025-09-21 01:50:25,930 - INFO - Training random_forest for Lahore...
2025-09-21 01:50:26,216 - INFO - random_forest Fold 1 RMSE: 17.20, MAE: 11.97, R2: 0.72
2025-09-21 01:50:26,732 - INFO - random_forest Fold 2 RMSE: 6.15, MAE: 4.46, R2: 0.89
2025-09-21 01:50:27,513 - INFO - random_forest Fold 3 RMSE: 8.33, MAE: 4.82, R2: 0.81
2025-09-21 01:50:28,581 - INFO - random_forest Fold 4 RMSE: 21.20, MAE: 17.73, R2: 0.29
2025-09-21 01:50:29,912 - INFO - random_forest Fold 5 RMSE: 8.68, MAE: 5.69, R2: 0.86
2025-09-21 01:50:29,913 - INFO - random_forest Average RMSE: 12.31, MAE: 8.94, R2: 0.71
2025-09-21 01:50:31,566 - INFO - Training ridge for Lahore...
2025-09-21 01:50:31,572 - INFO - ridge Fold 1 RMSE: 13.53, MAE: 8.93, R2: 0.83
2025-09-21 01:50:31,578 - INFO - ridge Fold 2 RMSE: 3.88, MAE: 2.98, R2: 0.96
2025-09-21 01:50:31,583 - INFO - ridge Fold 3 RMSE: 4.37, MAE: 3.06, R2: 0.95
2025-09-21 01:50:31,589 - INFO - ridge Fold 4 RMSE: 13.34, MAE: 9.26, R2: 0.72
2025-09-21 01:50:31,595 - INFO - ridge Fold 5 RMSE: 6.52, MAE: 4.45, R2: 0.92
2025-09-21 01:50:31,595 - INFO - ridge Average RMSE: 8.33, MAE: 5.74, R2: 0.87
2025-09-21 01:50:31,599 - INFO - Training svr for Lahore...
2025-09-21 01:50:31,641 - INFO - svr Fold 1 RMSE: 22.61, MAE: 15.33, R2: 0.52
2025-09-21 01:50:31,817 - INFO - svr Fold 2 RMSE: 8.13, MAE: 6.13, R2: 0.81
2025-09-21 01:50:32,194 - INFO - svr Fold 3 RMSE: 7.26, MAE: 4.57, R2: 0.86
2025-09-21 01:50:32,812 - INFO - svr Fold 4 RMSE: 37.67, MAE: 30.76, R2: -1.24
2025-09-21 01:50:33,829 - INFO - svr Fold 5 RMSE: 7.48, MAE: 5.13, R2: 0.90
2025-09-21 01:50:33,829 - INFO - svr Average RMSE: 16.63, MAE: 12.39, R2: 0.37
2025-09-21 01:50:35,339 - INFO - Metrics for Lahore:
2025-09-21 01:50:35,339 - INFO - random_forest: avg_rmse=12.31, avg_mae=8.94, avg_r2=0.71
2025-09-21 01:50:35,339 - INFO - ridge: avg_rmse=8.33, avg_mae=5.74, avg_r2=0.87
2025-09-21 01:50:35,339 - INFO - svr: avg_rmse=16.63, avg_mae=12.39, avg_r2=0.37
2025-09-21 01:50:35,339 - INFO - 
=== Training/Retraining Models for Islamabad ===
2025-09-21 01:50:35,339 - INFO - Processing Islamabad with data from data/Islamabad_historical_aq.csv
2025-09-21 01:50:35,345 - INFO - Training random_forest for Islamabad...
2025-09-21 01:50:35,620 - INFO - random_forest Fold 1 RMSE: 16.08, MAE: 12.51, R2: 0.72
2025-09-21 01:50:36,120 - INFO - random_forest Fold 2 RMSE: 11.44, MAE: 8.62, R2: 0.85
2025-09-21 01:50:36,881 - INFO - random_forest Fold 3 RMSE: 7.28, MAE: 5.21, R2: 0.91
2025-09-21 01:50:37,902 - INFO - random_forest Fold 4 RMSE: 11.83, MAE: 8.61, R2: 0.73
2025-09-21 01:50:39,192 - INFO - random_forest Fold 5 RMSE: 5.07, MAE: 3.47, R2: 0.91
2025-09-21 01:50:39,193 - INFO - random_forest Average RMSE: 10.34, MAE: 7.68, R2: 0.82
2025-09-21 01:50:40,799 - INFO - Training ridge for Islamabad...
2025-09-21 01:50:40,806 - INFO - ridge Fold 1 RMSE: 12.73, MAE: 7.92, R2: 0.83
2025-09-21 01:50:40,811 - INFO - ridge Fold 2 RMSE: 7.54, MAE: 5.45, R2: 0.94
2025-09-21 01:50:40,817 - INFO - ridge Fold 3 RMSE: 6.26, MAE: 4.73, R2: 0.93
2025-09-21 01:50:40,822 - INFO - ridge Fold 4 RMSE: 6.74, MAE: 4.58, R2: 0.91
2025-09-21 01:50:40,828 - INFO - ridge Fold 5 RMSE: 5.06, MAE: 3.50, R2: 0.91
2025-09-21 01:50:40,828 - INFO - ridge Average RMSE: 7.67, MAE: 5.24, R2: 0.90
2025-09-21 01:50:40,832 - INFO - Training svr for Islamabad...
2025-09-21 01:50:40,887 - INFO - svr Fold 1 RMSE: 19.24, MAE: 14.89, R2: 0.60
2025-09-21 01:50:41,076 - INFO - svr Fold 2 RMSE: 13.73, MAE: 10.53, R2: 0.79
2025-09-21 01:50:41,481 - INFO - svr Fold 3 RMSE: 9.45, MAE: 7.02, R2: 0.85
2025-09-21 01:50:42,186 - INFO - svr Fold 4 RMSE: 15.49, MAE: 12.07, R2: 0.54
2025-09-21 01:50:43,395 - INFO - svr Fold 5 RMSE: 7.65, MAE: 5.37, R2: 0.79
2025-09-21 01:50:43,396 - INFO - svr Average RMSE: 13.11, MAE: 9.98, R2: 0.71
2025-09-21 01:50:45,098 - INFO - Metrics for Islamabad:
2025-09-21 01:50:45,098 - INFO - random_forest: avg_rmse=10.34, avg_mae=7.68, avg_r2=0.82
2025-09-21 01:50:45,098 - INFO - ridge: avg_rmse=7.67, avg_mae=5.24, avg_r2=0.90
2025-09-21 01:50:45,098 - INFO - svr: avg_rmse=13.11, avg_mae=9.98, avg_r2=0.71
2025-09-22 01:50:10,173 - INFO - 
=== Training/Retraining Models for Karachi ===
2025-09-22 01:50:10,173 - INFO - Processing Karachi with data from data/Karachi_historical_aq.csv
2025-09-22 01:50:10,181 - INFO - Training random_forest for Karachi...
2025-09-22 01:50:10,458 - INFO - random_forest Fold 1 RMSE: 3.81, MAE: 2.76, R2: 0.35
2025-09-22 01:50:10,949 - INFO - random_forest Fold 2 RMSE: 4.56, MAE: 3.73, R2: 0.38
2025-09-22 01:50:11,666 - INFO - random_forest Fold 3 RMSE: 4.42, MAE: 2.61, R2: 0.79
2025-09-22 01:50:12,660 - INFO - random_forest Fold 4 RMSE: 4.31, MAE: 2.73, R2: 0.80
2025-09-22 01:50:13,948 - INFO - random_forest Fold 5 RMSE: 6.33, MAE: 4.68, R2: 0.72
2025-09-22 01:50:13,949 - INFO - random_forest Average RMSE: 4.69, MAE: 3.30, R2: 0.61
2025-09-22 01:50:15,532 - INFO - Training ridge for Karachi...
2025-09-22 01:50:15,540 - INFO - ridge Fold 1 RMSE: 1.23, MAE: 1.07, R2: 0.93
2025-09-22 01:50:15,546 - INFO - ridge Fold 2 RMSE: 0.46, MAE: 0.35, R2: 0.99
2025-09-22 01:50:15,551 - INFO - ridge Fold 3 RMSE: 1.49, MAE: 0.84, R2: 0.98
2025-09-22 01:50:15,557 - INFO - ridge Fold 4 RMSE: 1.64, MAE: 1.08, R2: 0.97
2025-09-22 01:50:15,563 - INFO - ridge Fold 5 RMSE: 1.80, MAE: 1.28, R2: 0.98
2025-09-22 01:50:15,563 - INFO - ridge Average RMSE: 1.32, MAE: 0.92, R2: 0.97
2025-09-22 01:50:15,567 - INFO - Training svr for Karachi...
2025-09-22 01:50:15,593 - INFO - svr Fold 1 RMSE: 2.74, MAE: 2.19, R2: 0.67
2025-09-22 01:50:15,661 - INFO - svr Fold 2 RMSE: 7.43, MAE: 5.66, R2: -0.66
2025-09-22 01:50:15,785 - INFO - svr Fold 3 RMSE: 5.73, MAE: 3.53, R2: 0.66
2025-09-22 01:50:16,012 - INFO - svr Fold 4 RMSE: 5.65, MAE: 3.41, R2: 0.65
2025-09-22 01:50:16,365 - INFO - svr Fold 5 RMSE: 11.34, MAE: 8.60, R2: 0.09
2025-09-22 01:50:16,365 - INFO - svr Average RMSE: 6.58, MAE: 4.68, R2: 0.28
2025-09-22 01:50:16,893 - INFO - Metrics for Karachi:
2025-09-22 01:50:16,893 - INFO - random_forest: avg_rmse=4.69, avg_mae=3.30, avg_r2=0.61
2025-09-22 01:50:16,893 - INFO - ridge: avg_rmse=1.32, avg_mae=0.92, avg_r2=0.97
2025-09-22 01:50:16,893 - INFO - svr: avg_rmse=6.58, avg_mae=4.68, avg_r2=0.28
2025-09-22 01:50:16,894 - INFO - 
=== Training/Retraining Models for Lahore ===
2025-09-22 01:50:16,894 - INFO - Processing Lahore with data from data/Lahore_historical_aq.csv
2025-09-22 01:50:16,900 - INFO - Training random_forest for Lahore...
2025-09-22 01:50:17,184 - INFO - random_forest Fold 1 RMSE: 17.28, MAE: 12.67, R2: 0.69
2025-09-22 01:50:17,699 - INFO - random_forest Fold 2 RMSE: 5.70, MAE: 4.11, R2: 0.91
2025-09-22 01:50:18,497 - INFO - random_forest Fold 3 RMSE: 8.99, MAE: 5.23, R2: 0.78
2025-09-22 01:50:19,576 - INFO - random_forest Fold 4 RMSE: 21.33, MAE: 18.21, R2: 0.29
2025-09-22 01:50:20,906 - INFO - random_forest Fold 5 RMSE: 8.69, MAE: 5.49, R2: 0.88
2025-09-22 01:50:20,907 - INFO - random_forest Average RMSE: 12.40, MAE: 9.14, R2: 0.71
2025-09-22 01:50:22,561 - INFO - Training ridge for Lahore...
2025-09-22 01:50:22,568 - INFO - ridge Fold 1 RMSE: 13.16, MAE: 8.37, R2: 0.82
2025-09-22 01:50:22,573 - INFO - ridge Fold 2 RMSE: 3.98, MAE: 3.10, R2: 0.95
2025-09-22 01:50:22,579 - INFO - ridge Fold 3 RMSE: 4.70, MAE: 3.29, R2: 0.94
2025-09-22 01:50:22,584 - INFO - ridge Fold 4 RMSE: 13.43, MAE: 9.41, R2: 0.72
2025-09-22 01:50:22,590 - INFO - ridge Fold 5 RMSE: 6.28, MAE: 4.36, R2: 0.94
2025-09-22 01:50:22,590 - INFO - ridge Average RMSE: 8.31, MAE: 5.71, R2: 0.87
2025-09-22 01:50:22,595 - INFO - Training svr for Lahore...
2025-09-22 01:50:22,640 - INFO - svr Fold 1 RMSE: 22.43, MAE: 14.69, R2: 0.48
2025-09-22 01:50:22,824 - INFO - svr Fold 2 RMSE: 9.10, MAE: 6.97, R2: 0.76
2025-09-22 01:50:23,195 - INFO - svr Fold 3 RMSE: 7.53, MAE: 4.81, R2: 0.84
2025-09-22 01:50:23,828 - INFO - svr Fold 4 RMSE: 37.97, MAE: 31.12, R2: -1.25
2025-09-22 01:50:24,849 - INFO - svr Fold 5 RMSE: 7.56, MAE: 5.19, R2: 0.91
2025-09-22 01:50:24,849 - INFO - svr Average RMSE: 16.92, MAE: 12.56, R2: 0.35
2025-09-22 01:50:26,487 - INFO - Metrics for Lahore:
2025-09-22 01:50:26,487 - INFO - random_forest: avg_rmse=12.40, avg_mae=9.14, avg_r2=0.71
2025-09-22 01:50:26,487 - INFO - ridge: avg_rmse=8.31, avg_mae=5.71, avg_r2=0.87
2025-09-22 01:50:26,487 - INFO - svr: avg_rmse=16.92, avg_mae=12.56, avg_r2=0.35
2025-09-22 01:50:26,487 - INFO - 
=== Training/Retraining Models for Islamabad ===
2025-09-22 01:50:26,487 - INFO - Processing Islamabad with data from data/Islamabad_historical_aq.csv
2025-09-22 01:50:26,492 - INFO - Training random_forest for Islamabad...
2025-09-22 01:50:26,767 - INFO - random_forest Fold 1 RMSE: 14.39, MAE: 11.08, R2: 0.77
2025-09-22 01:50:27,270 - INFO - random_forest Fold 2 RMSE: 12.26, MAE: 9.22, R2: 0.84
2025-09-22 01:50:28,027 - INFO - random_forest Fold 3 RMSE: 7.99, MAE: 5.75, R2: 0.90
2025-09-22 01:50:29,056 - INFO - random_forest Fold 4 RMSE: 11.83, MAE: 8.35, R2: 0.76
2025-09-22 01:50:30,342 - INFO - random_forest Fold 5 RMSE: 4.90, MAE: 3.32, R2: 0.90
2025-09-22 01:50:30,342 - INFO - random_forest Average RMSE: 10.28, MAE: 7.55, R2: 0.83
2025-09-22 01:50:31,946 - INFO - Training ridge for Islamabad...
2025-09-22 01:50:31,953 - INFO - ridge Fold 1 RMSE: 12.39, MAE: 7.76, R2: 0.83
2025-09-22 01:50:31,959 - INFO - ridge Fold 2 RMSE: 7.85, MAE: 5.48, R2: 0.93
2025-09-22 01:50:31,964 - INFO - ridge Fold 3 RMSE: 6.21, MAE: 4.72, R2: 0.94
2025-09-22 01:50:31,970 - INFO - ridge Fold 4 RMSE: 6.94, MAE: 4.71, R2: 0.92
2025-09-22 01:50:31,976 - INFO - ridge Fold 5 RMSE: 4.71, MAE: 3.29, R2: 0.90
2025-09-22 01:50:31,976 - INFO - ridge Average RMSE: 7.62, MAE: 5.19, R2: 0.90
2025-09-22 01:50:31,980 - INFO - Training svr for Islamabad...
2025-09-22 01:50:32,036 - INFO - svr Fold 1 RMSE: 17.52, MAE: 12.71, R2: 0.65
2025-09-22 01:50:32,226 - INFO - svr Fold 2 RMSE: 14.52, MAE: 11.28, R2: 0.77
2025-09-22 01:50:32,636 - INFO - svr Fold 3 RMSE: 9.44, MAE: 7.12, R2: 0.85
2025-09-22 01:50:33,341 - INFO - svr Fold 4 RMSE: 16.33, MAE: 12.96, R2: 0.55
2025-09-22 01:50:34,526 - INFO - svr Fold 5 RMSE: 6.88, MAE: 5.00, R2: 0.80
2025-09-22 01:50:34,526 - INFO - svr Average RMSE: 12.94, MAE: 9.81, R2: 0.72
2025-09-22 01:50:36,204 - INFO - Metrics for Islamabad:
2025-09-22 01:50:36,204 - INFO - random_forest: avg_rmse=10.28, avg_mae=7.55, avg_r2=0.83
2025-09-22 01:50:36,204 - INFO - ridge: avg_rmse=7.62, avg_mae=5.19, avg_r2=0.90
2025-09-22 01:50:36,205 - INFO - svr: avg_rmse=12.94, avg_mae=9.81, avg_r2=0.72
2025-09-23 01:41:19,896 - INFO - 
=== Training/Retraining Models for Karachi ===
2025-09-23 01:41:19,896 - INFO - Processing Karachi with data from data/Karachi_historical_aq.csv
2025-09-23 01:41:19,903 - INFO - Training random_forest for Karachi...
2025-09-23 01:41:20,180 - INFO - random_forest Fold 1 RMSE: 3.85, MAE: 2.89, R2: -0.06
2025-09-23 01:41:20,677 - INFO - random_forest Fold 2 RMSE: 5.28, MAE: 4.19, R2: 0.28
2025-09-23 01:41:21,391 - INFO - random_forest Fold 3 RMSE: 4.36, MAE: 2.53, R2: 0.77
2025-09-23 01:41:22,375 - INFO - random_forest Fold 4 RMSE: 4.17, MAE: 2.54, R2: 0.81
2025-09-23 01:41:23,623 - INFO - random_forest Fold 5 RMSE: 6.38, MAE: 4.69, R2: 0.70
2025-09-23 01:41:23,624 - INFO - random_forest Average RMSE: 4.81, MAE: 3.37, R2: 0.50
2025-09-23 01:41:25,215 - INFO - Training ridge for Karachi...
2025-09-23 01:41:25,222 - INFO - ridge Fold 1 RMSE: 0.89, MAE: 0.73, R2: 0.94
2025-09-23 01:41:25,227 - INFO - ridge Fold 2 RMSE: 0.57, MAE: 0.42, R2: 0.99
2025-09-23 01:41:25,233 - INFO - ridge Fold 3 RMSE: 1.52, MAE: 0.84, R2: 0.97
2025-09-23 01:41:25,239 - INFO - ridge Fold 4 RMSE: 1.63, MAE: 1.04, R2: 0.97
2025-09-23 01:41:25,245 - INFO - ridge Fold 5 RMSE: 1.80, MAE: 1.29, R2: 0.98
2025-09-23 01:41:25,245 - INFO - ridge Average RMSE: 1.28, MAE: 0.86, R2: 0.97
2025-09-23 01:41:25,249 - INFO - Training svr for Karachi...
2025-09-23 01:41:25,275 - INFO - svr Fold 1 RMSE: 2.76, MAE: 2.20, R2: 0.46
2025-09-23 01:41:25,342 - INFO - svr Fold 2 RMSE: 8.82, MAE: 6.89, R2: -1.01
2025-09-23 01:41:25,476 - INFO - svr Fold 3 RMSE: 5.66, MAE: 3.27, R2: 0.61
2025-09-23 01:41:25,690 - INFO - svr Fold 4 RMSE: 5.74, MAE: 3.47, R2: 0.64
2025-09-23 01:41:26,015 - INFO - svr Fold 5 RMSE: 11.29, MAE: 8.60, R2: 0.08
2025-09-23 01:41:26,015 - INFO - svr Average RMSE: 6.85, MAE: 4.89, R2: 0.16
2025-09-23 01:41:26,540 - INFO - Metrics for Karachi:
2025-09-23 01:41:26,540 - INFO - random_forest: avg_rmse=4.81, avg_mae=3.37, avg_r2=0.50
2025-09-23 01:41:26,540 - INFO - ridge: avg_rmse=1.28, avg_mae=0.86, avg_r2=0.97
2025-09-23 01:41:26,540 - INFO - svr: avg_rmse=6.85, avg_mae=4.89, avg_r2=0.16
2025-09-23 01:41:26,540 - INFO - 
=== Training/Retraining Models for Lahore ===
2025-09-23 01:41:26,540 - INFO - Processing Lahore with data from data/Lahore_historical_aq.csv
2025-09-23 01:41:26,547 - INFO - Training random_forest for Lahore...
2025-09-23 01:41:26,834 - INFO - random_forest Fold 1 RMSE: 16.83, MAE: 11.80, R2: 0.69
2025-09-23 01:41:27,352 - INFO - random_forest Fold 2 RMSE: 6.88, MAE: 5.05, R2: 0.87
2025-09-23 01:41:28,148 - INFO - random_forest Fold 3 RMSE: 8.97, MAE: 5.37, R2: 0.84
2025-09-23 01:41:29,230 - INFO - random_forest Fold 4 RMSE: 19.78, MAE: 16.53, R2: 0.40
2025-09-23 01:41:30,583 - INFO - random_forest Fold 5 RMSE: 8.66, MAE: 5.32, R2: 0.89
2025-09-23 01:41:30,583 - INFO - random_forest Average RMSE: 12.23, MAE: 8.82, R2: 0.74
2025-09-23 01:41:32,248 - INFO - Training ridge for Lahore...
2025-09-23 01:41:32,254 - INFO - ridge Fold 1 RMSE: 12.70, MAE: 7.39, R2: 0.82
2025-09-23 01:41:32,260 - INFO - ridge Fold 2 RMSE: 3.82, MAE: 2.90, R2: 0.96
2025-09-23 01:41:32,266 - INFO - ridge Fold 3 RMSE: 4.62, MAE: 3.32, R2: 0.96
2025-09-23 01:41:32,271 - INFO - ridge Fold 4 RMSE: 13.34, MAE: 9.29, R2: 0.73
2025-09-23 01:41:32,277 - INFO - ridge Fold 5 RMSE: 6.28, MAE: 4.38, R2: 0.94
2025-09-23 01:41:32,277 - INFO - ridge Average RMSE: 8.15, MAE: 5.45, R2: 0.88
2025-09-23 01:41:32,282 - INFO - Training svr for Lahore...
2025-09-23 01:41:32,331 - INFO - svr Fold 1 RMSE: 21.58, MAE: 13.73, R2: 0.49
2025-09-23 01:41:32,523 - INFO - svr Fold 2 RMSE: 9.88, MAE: 7.53, R2: 0.72
2025-09-23 01:41:32,889 - INFO - svr Fold 3 RMSE: 9.28, MAE: 5.69, R2: 0.83
2025-09-23 01:41:33,489 - INFO - svr Fold 4 RMSE: 37.53, MAE: 30.02, R2: -1.17
2025-09-23 01:41:34,571 - INFO - svr Fold 5 RMSE: 7.58, MAE: 5.26, R2: 0.91
2025-09-23 01:41:34,571 - INFO - svr Average RMSE: 17.17, MAE: 12.45, R2: 0.36
2025-09-23 01:41:36,205 - INFO - Metrics for Lahore:
2025-09-23 01:41:36,205 - INFO - random_forest: avg_rmse=12.23, avg_mae=8.82, avg_r2=0.74
2025-09-23 01:41:36,205 - INFO - ridge: avg_rmse=8.15, avg_mae=5.45, avg_r2=0.88
2025-09-23 01:41:36,205 - INFO - svr: avg_rmse=17.17, avg_mae=12.45, avg_r2=0.36
2025-09-23 01:41:36,205 - INFO - 
=== Training/Retraining Models for Islamabad ===
2025-09-23 01:41:36,205 - INFO - Processing Islamabad with data from data/Islamabad_historical_aq.csv
2025-09-23 01:41:36,210 - INFO - Training random_forest for Islamabad...
2025-09-23 01:41:36,497 - INFO - random_forest Fold 1 RMSE: 17.08, MAE: 13.25, R2: 0.68
2025-09-23 01:41:37,002 - INFO - random_forest Fold 2 RMSE: 11.07, MAE: 8.25, R2: 0.86
2025-09-23 01:41:37,767 - INFO - random_forest Fold 3 RMSE: 8.35, MAE: 5.88, R2: 0.89
2025-09-23 01:41:38,799 - INFO - random_forest Fold 4 RMSE: 11.52, MAE: 8.12, R2: 0.78
2025-09-23 01:41:40,090 - INFO - random_forest Fold 5 RMSE: 5.26, MAE: 3.52, R2: 0.87
2025-09-23 01:41:40,091 - INFO - random_forest Average RMSE: 10.66, MAE: 7.81, R2: 0.81
2025-09-23 01:41:41,700 - INFO - Training ridge for Islamabad...
2025-09-23 01:41:41,706 - INFO - ridge Fold 1 RMSE: 10.36, MAE: 6.52, R2: 0.88
2025-09-23 01:41:41,712 - INFO - ridge Fold 2 RMSE: 7.62, MAE: 5.40, R2: 0.93
2025-09-23 01:41:41,718 - INFO - ridge Fold 3 RMSE: 6.16, MAE: 4.57, R2: 0.94
2025-09-23 01:41:41,723 - INFO - ridge Fold 4 RMSE: 7.49, MAE: 5.11, R2: 0.90
2025-09-23 01:41:41,729 - INFO - ridge Fold 5 RMSE: 4.06, MAE: 3.07, R2: 0.92
2025-09-23 01:41:41,729 - INFO - ridge Average RMSE: 7.14, MAE: 4.93, R2: 0.92
2025-09-23 01:41:41,734 - INFO - Training svr for Islamabad...
2025-09-23 01:41:41,787 - INFO - svr Fold 1 RMSE: 16.64, MAE: 12.51, R2: 0.69
2025-09-23 01:41:41,996 - INFO - svr Fold 2 RMSE: 15.14, MAE: 12.03, R2: 0.74
2025-09-23 01:41:42,412 - INFO - svr Fold 3 RMSE: 8.52, MAE: 5.93, R2: 0.88
2025-09-23 01:41:43,127 - INFO - svr Fold 4 RMSE: 17.17, MAE: 13.97, R2: 0.50
2025-09-23 01:41:44,310 - INFO - svr Fold 5 RMSE: 6.35, MAE: 4.61, R2: 0.81
2025-09-23 01:41:44,310 - INFO - svr Average RMSE: 12.76, MAE: 9.81, R2: 0.72
2025-09-23 01:41:45,965 - INFO - Metrics for Islamabad:
2025-09-23 01:41:45,965 - INFO - random_forest: avg_rmse=10.66, avg_mae=7.81, avg_r2=0.81
2025-09-23 01:41:45,965 - INFO - ridge: avg_rmse=7.14, avg_mae=4.93, avg_r2=0.92
2025-09-23 01:41:45,965 - INFO - svr: avg_rmse=12.76, avg_mae=9.81, avg_r2=0.72
2025-09-24 01:42:38,113 - INFO - 
=== Training/Retraining Models for Karachi ===
2025-09-24 01:42:38,113 - INFO - Processing Karachi with data from data/Karachi_historical_aq.csv
2025-09-24 01:42:38,120 - INFO - Training random_forest for Karachi...
2025-09-24 01:42:38,394 - INFO - random_forest Fold 1 RMSE: 3.85, MAE: 2.99, R2: -0.05
2025-09-24 01:42:38,910 - INFO - random_forest Fold 2 RMSE: 6.02, MAE: 4.91, R2: -0.08
2025-09-24 01:42:39,647 - INFO - random_forest Fold 3 RMSE: 4.31, MAE: 2.46, R2: 0.75
2025-09-24 01:42:40,643 - INFO - random_forest Fold 4 RMSE: 4.28, MAE: 2.59, R2: 0.78
2025-09-24 01:42:41,896 - INFO - random_forest Fold 5 RMSE: 6.33, MAE: 4.71, R2: 0.69
2025-09-24 01:42:41,896 - INFO - random_forest Average RMSE: 4.96, MAE: 3.53, R2: 0.42
2025-09-24 01:42:43,491 - INFO - Training ridge for Karachi...
2025-09-24 01:42:43,498 - INFO - ridge Fold 1 RMSE: 0.74, MAE: 0.57, R2: 0.96
2025-09-24 01:42:43,504 - INFO - ridge Fold 2 RMSE: 0.58, MAE: 0.44, R2: 0.99
2025-09-24 01:42:43,510 - INFO - ridge Fold 3 RMSE: 1.42, MAE: 0.81, R2: 0.97
2025-09-24 01:42:43,516 - INFO - ridge Fold 4 RMSE: 1.71, MAE: 1.15, R2: 0.96
2025-09-24 01:42:43,522 - INFO - ridge Fold 5 RMSE: 1.80, MAE: 1.33, R2: 0.97
2025-09-24 01:42:43,522 - INFO - ridge Average RMSE: 1.25, MAE: 0.86, R2: 0.97
2025-09-24 01:42:43,527 - INFO - Training svr for Karachi...
2025-09-24 01:42:43,554 - INFO - svr Fold 1 RMSE: 2.29, MAE: 1.84, R2: 0.63
2025-09-24 01:42:43,621 - INFO - svr Fold 2 RMSE: 9.62, MAE: 7.87, R2: -1.75
2025-09-24 01:42:43,755 - INFO - svr Fold 3 RMSE: 5.88, MAE: 3.27, R2: 0.53
2025-09-24 01:42:43,998 - INFO - svr Fold 4 RMSE: 5.85, MAE: 3.50, R2: 0.59
2025-09-24 01:42:44,332 - INFO - svr Fold 5 RMSE: 11.36, MAE: 8.86, R2: -0.01
2025-09-24 01:42:44,332 - INFO - svr Average RMSE: 7.00, MAE: 5.07, R2: -0.00
2025-09-24 01:42:44,879 - INFO - Metrics for Karachi:
2025-09-24 01:42:44,880 - INFO - random_forest: avg_rmse=4.96, avg_mae=3.53, avg_r2=0.42
2025-09-24 01:42:44,880 - INFO - ridge: avg_rmse=1.25, avg_mae=0.86, avg_r2=0.97
2025-09-24 01:42:44,880 - INFO - svr: avg_rmse=7.00, avg_mae=5.07, avg_r2=-0.00
2025-09-24 01:42:44,880 - INFO - 
=== Training/Retraining Models for Lahore ===
2025-09-24 01:42:44,880 - INFO - Processing Lahore with data from data/Lahore_historical_aq.csv
2025-09-24 01:42:44,886 - INFO - Training random_forest for Lahore...
2025-09-24 01:42:45,174 - INFO - random_forest Fold 1 RMSE: 13.74, MAE: 8.96, R2: 0.78
2025-09-24 01:42:45,698 - INFO - random_forest Fold 2 RMSE: 6.64, MAE: 4.75, R2: 0.87
2025-09-24 01:42:46,504 - INFO - random_forest Fold 3 RMSE: 9.56, MAE: 5.96, R2: 0.86
2025-09-24 01:42:47,597 - INFO - random_forest Fold 4 RMSE: 16.35, MAE: 13.23, R2: 0.58
2025-09-24 01:42:48,934 - INFO - random_forest Fold 5 RMSE: 8.66, MAE: 5.34, R2: 0.88
2025-09-24 01:42:48,934 - INFO - random_forest Average RMSE: 10.99, MAE: 7.65, R2: 0.79
2025-09-24 01:42:50,605 - INFO - Training ridge for Lahore...
2025-09-24 01:42:50,612 - INFO - ridge Fold 1 RMSE: 12.48, MAE: 6.66, R2: 0.82
2025-09-24 01:42:50,618 - INFO - ridge Fold 2 RMSE: 4.72, MAE: 3.86, R2: 0.93
2025-09-24 01:42:50,623 - INFO - ridge Fold 3 RMSE: 4.81, MAE: 3.47, R2: 0.96
2025-09-24 01:42:50,630 - INFO - ridge Fold 4 RMSE: 13.62, MAE: 9.53, R2: 0.71
2025-09-24 01:42:50,636 - INFO - ridge Fold 5 RMSE: 6.44, MAE: 4.52, R2: 0.93
2025-09-24 01:42:50,636 - INFO - ridge Average RMSE: 8.42, MAE: 5.61, R2: 0.87
2025-09-24 01:42:50,640 - INFO - Training svr for Lahore...
2025-09-24 01:42:50,685 - INFO - svr Fold 1 RMSE: 19.06, MAE: 11.75, R2: 0.58
2025-09-24 01:42:50,871 - INFO - svr Fold 2 RMSE: 10.94, MAE: 8.56, R2: 0.65
2025-09-24 01:42:51,265 - INFO - svr Fold 3 RMSE: 12.75, MAE: 7.80, R2: 0.75
2025-09-24 01:42:51,892 - INFO - svr Fold 4 RMSE: 29.95, MAE: 23.98, R2: -0.40
2025-09-24 01:42:52,958 - INFO - svr Fold 5 RMSE: 7.16, MAE: 5.19, R2: 0.92
2025-09-24 01:42:52,958 - INFO - svr Average RMSE: 15.97, MAE: 11.46, R2: 0.50
2025-09-24 01:42:54,727 - INFO - Metrics for Lahore:
2025-09-24 01:42:54,727 - INFO - random_forest: avg_rmse=10.99, avg_mae=7.65, avg_r2=0.79
2025-09-24 01:42:54,727 - INFO - ridge: avg_rmse=8.42, avg_mae=5.61, avg_r2=0.87
2025-09-24 01:42:54,727 - INFO - svr: avg_rmse=15.97, avg_mae=11.46, avg_r2=0.50
2025-09-24 01:42:54,727 - INFO - 
=== Training/Retraining Models for Islamabad ===
2025-09-24 01:42:54,727 - INFO - Processing Islamabad with data from data/Islamabad_historical_aq.csv
2025-09-24 01:42:54,732 - INFO - Training random_forest for Islamabad...
2025-09-24 01:42:55,018 - INFO - random_forest Fold 1 RMSE: 18.36, MAE: 14.83, R2: 0.61
2025-09-24 01:42:55,524 - INFO - random_forest Fold 2 RMSE: 10.59, MAE: 8.08, R2: 0.88
2025-09-24 01:42:56,292 - INFO - random_forest Fold 3 RMSE: 9.26, MAE: 6.39, R2: 0.86
2025-09-24 01:42:57,325 - INFO - random_forest Fold 4 RMSE: 10.45, MAE: 7.45, R2: 0.81
2025-09-24 01:42:58,621 - INFO - random_forest Fold 5 RMSE: 5.06, MAE: 3.35, R2: 0.89
2025-09-24 01:42:58,621 - INFO - random_forest Average RMSE: 10.74, MAE: 8.02, R2: 0.81
2025-09-24 01:43:00,245 - INFO - Training ridge for Islamabad...
2025-09-24 01:43:00,251 - INFO - ridge Fold 1 RMSE: 11.12, MAE: 6.74, R2: 0.86
2025-09-24 01:43:00,257 - INFO - ridge Fold 2 RMSE: 7.60, MAE: 5.43, R2: 0.94
2025-09-24 01:43:00,263 - INFO - ridge Fold 3 RMSE: 6.38, MAE: 4.77, R2: 0.93
2025-09-24 01:43:00,269 - INFO - ridge Fold 4 RMSE: 7.32, MAE: 4.85, R2: 0.91
2025-09-24 01:43:00,275 - INFO - ridge Fold 5 RMSE: 4.17, MAE: 3.19, R2: 0.93
2025-09-24 01:43:00,275 - INFO - ridge Average RMSE: 7.32, MAE: 5.00, R2: 0.91
2025-09-24 01:43:00,279 - INFO - Training svr for Islamabad...
2025-09-24 01:43:00,323 - INFO - svr Fold 1 RMSE: 16.30, MAE: 12.68, R2: 0.69
2025-09-24 01:43:00,531 - INFO - svr Fold 2 RMSE: 16.88, MAE: 13.43, R2: 0.69
2025-09-24 01:43:00,937 - INFO - svr Fold 3 RMSE: 8.25, MAE: 5.32, R2: 0.89
2025-09-24 01:43:01,665 - INFO - svr Fold 4 RMSE: 16.87, MAE: 13.80, R2: 0.51
2025-09-24 01:43:02,868 - INFO - svr Fold 5 RMSE: 5.20, MAE: 3.70, R2: 0.89
2025-09-24 01:43:02,869 - INFO - svr Average RMSE: 12.70, MAE: 9.79, R2: 0.73
2025-09-24 01:43:04,613 - INFO - Metrics for Islamabad:
2025-09-24 01:43:04,613 - INFO - random_forest: avg_rmse=10.74, avg_mae=8.02, avg_r2=0.81
2025-09-24 01:43:04,613 - INFO - ridge: avg_rmse=7.32, avg_mae=5.00, avg_r2=0.91
2025-09-24 01:43:04,613 - INFO - svr: avg_rmse=12.70, avg_mae=9.79, avg_r2=0.73
2025-09-25 01:44:53,779 - INFO - 
=== Training/Retraining Models for Karachi ===
2025-09-25 01:44:53,779 - INFO - Processing Karachi with data from data/Karachi_historical_aq.csv
2025-09-25 01:44:53,787 - INFO - Training random_forest for Karachi...
2025-09-25 01:44:54,052 - INFO - random_forest Fold 1 RMSE: 3.28, MAE: 2.37, R2: 0.22
2025-09-25 01:44:54,539 - INFO - random_forest Fold 2 RMSE: 5.90, MAE: 4.88, R2: -0.24
2025-09-25 01:44:55,244 - INFO - random_forest Fold 3 RMSE: 4.31, MAE: 2.53, R2: 0.72
2025-09-25 01:44:56,222 - INFO - random_forest Fold 4 RMSE: 4.40, MAE: 2.75, R2: 0.80
2025-09-25 01:44:57,465 - INFO - random_forest Fold 5 RMSE: 6.25, MAE: 4.47, R2: 0.69
2025-09-25 01:44:57,465 - INFO - random_forest Average RMSE: 4.83, MAE: 3.40, R2: 0.44
2025-09-25 01:44:59,043 - INFO - Training ridge for Karachi...
2025-09-25 01:44:59,050 - INFO - ridge Fold 1 RMSE: 0.59, MAE: 0.45, R2: 0.97
2025-09-25 01:44:59,055 - INFO - ridge Fold 2 RMSE: 0.56, MAE: 0.44, R2: 0.99
2025-09-25 01:44:59,061 - INFO - ridge Fold 3 RMSE: 1.33, MAE: 0.78, R2: 0.97
2025-09-25 01:44:59,067 - INFO - ridge Fold 4 RMSE: 1.66, MAE: 1.07, R2: 0.97
2025-09-25 01:44:59,073 - INFO - ridge Fold 5 RMSE: 1.77, MAE: 1.34, R2: 0.97
2025-09-25 01:44:59,073 - INFO - ridge Average RMSE: 1.18, MAE: 0.82, R2: 0.98
2025-09-25 01:44:59,077 - INFO - Training svr for Karachi...
2025-09-25 01:44:59,102 - INFO - svr Fold 1 RMSE: 1.94, MAE: 1.44, R2: 0.73
2025-09-25 01:44:59,163 - INFO - svr Fold 2 RMSE: 10.06, MAE: 8.53, R2: -2.62
2025-09-25 01:44:59,296 - INFO - svr Fold 3 RMSE: 6.24, MAE: 3.43, R2: 0.41
2025-09-25 01:44:59,502 - INFO - svr Fold 4 RMSE: 6.50, MAE: 4.01, R2: 0.56
2025-09-25 01:44:59,854 - INFO - svr Fold 5 RMSE: 10.37, MAE: 7.73, R2: 0.14
2025-09-25 01:44:59,854 - INFO - svr Average RMSE: 7.02, MAE: 5.03, R2: -0.16
2025-09-25 01:45:00,374 - INFO - Metrics for Karachi:
2025-09-25 01:45:00,374 - INFO - random_forest: avg_rmse=4.83, avg_mae=3.40, avg_r2=0.44
2025-09-25 01:45:00,374 - INFO - ridge: avg_rmse=1.18, avg_mae=0.82, avg_r2=0.98
2025-09-25 01:45:00,375 - INFO - svr: avg_rmse=7.02, avg_mae=5.03, avg_r2=-0.16
2025-09-25 01:45:00,375 - INFO - 
=== Training/Retraining Models for Lahore ===
2025-09-25 01:45:00,375 - INFO - Processing Lahore with data from data/Lahore_historical_aq.csv
2025-09-25 01:45:00,381 - INFO - Training random_forest for Lahore...
2025-09-25 01:45:00,655 - INFO - random_forest Fold 1 RMSE: 15.64, MAE: 10.10, R2: 0.73
2025-09-25 01:45:01,171 - INFO - random_forest Fold 2 RMSE: 8.06, MAE: 5.30, R2: 0.79
2025-09-25 01:45:01,968 - INFO - random_forest Fold 3 RMSE: 12.91, MAE: 8.21, R2: 0.82
2025-09-25 01:45:03,054 - INFO - random_forest Fold 4 RMSE: 15.03, MAE: 11.24, R2: 0.64
2025-09-25 01:45:04,383 - INFO - random_forest Fold 5 RMSE: 8.28, MAE: 4.92, R2: 0.89
2025-09-25 01:45:04,383 - INFO - random_forest Average RMSE: 11.98, MAE: 7.95, R2: 0.77
2025-09-25 01:45:06,040 - INFO - Training ridge for Lahore...
2025-09-25 01:45:06,047 - INFO - ridge Fold 1 RMSE: 11.86, MAE: 6.98, R2: 0.84
2025-09-25 01:45:06,052 - INFO - ridge Fold 2 RMSE: 5.04, MAE: 4.22, R2: 0.92
2025-09-25 01:45:06,058 - INFO - ridge Fold 3 RMSE: 6.60, MAE: 4.50, R2: 0.95
2025-09-25 01:45:06,063 - INFO - ridge Fold 4 RMSE: 13.86, MAE: 9.66, R2: 0.69
2025-09-25 01:45:06,069 - INFO - ridge Fold 5 RMSE: 6.64, MAE: 4.69, R2: 0.93
2025-09-25 01:45:06,069 - INFO - ridge Average RMSE: 8.80, MAE: 6.01, R2: 0.87
2025-09-25 01:45:06,073 - INFO - Training svr for Lahore...
2025-09-25 01:45:06,122 - INFO - svr Fold 1 RMSE: 19.13, MAE: 12.01, R2: 0.59
2025-09-25 01:45:06,301 - INFO - svr Fold 2 RMSE: 12.20, MAE: 9.54, R2: 0.51
2025-09-25 01:45:06,652 - INFO - svr Fold 3 RMSE: 20.67, MAE: 11.94, R2: 0.54
2025-09-25 01:45:07,278 - INFO - svr Fold 4 RMSE: 22.42, MAE: 17.62, R2: 0.19
2025-09-25 01:45:08,314 - INFO - svr Fold 5 RMSE: 7.29, MAE: 5.31, R2: 0.92
2025-09-25 01:45:08,314 - INFO - svr Average RMSE: 16.34, MAE: 11.28, R2: 0.55
2025-09-25 01:45:09,887 - INFO - Metrics for Lahore:
2025-09-25 01:45:09,887 - INFO - random_forest: avg_rmse=11.98, avg_mae=7.95, avg_r2=0.77
2025-09-25 01:45:09,887 - INFO - ridge: avg_rmse=8.80, avg_mae=6.01, avg_r2=0.87
2025-09-25 01:45:09,887 - INFO - svr: avg_rmse=16.34, avg_mae=11.28, avg_r2=0.55
2025-09-25 01:45:09,887 - INFO - 
=== Training/Retraining Models for Islamabad ===
2025-09-25 01:45:09,887 - INFO - Processing Islamabad with data from data/Islamabad_historical_aq.csv
2025-09-25 01:45:09,892 - INFO - Training random_forest for Islamabad...
2025-09-25 01:45:10,179 - INFO - random_forest Fold 1 RMSE: 17.31, MAE: 14.07, R2: 0.68
2025-09-25 01:45:10,692 - INFO - random_forest Fold 2 RMSE: 11.05, MAE: 8.12, R2: 0.86
2025-09-25 01:45:11,451 - INFO - random_forest Fold 3 RMSE: 9.35, MAE: 6.79, R2: 0.83
2025-09-25 01:45:12,482 - INFO - random_forest Fold 4 RMSE: 10.18, MAE: 7.17, R2: 0.86
2025-09-25 01:45:13,765 - INFO - random_forest Fold 5 RMSE: 4.94, MAE: 3.18, R2: 0.91
2025-09-25 01:45:13,765 - INFO - random_forest Average RMSE: 10.56, MAE: 7.87, R2: 0.83
2025-09-25 01:45:15,372 - INFO - Training ridge for Islamabad...
2025-09-25 01:45:15,379 - INFO - ridge Fold 1 RMSE: 10.68, MAE: 6.21, R2: 0.88
2025-09-25 01:45:15,384 - INFO - ridge Fold 2 RMSE: 7.16, MAE: 5.00, R2: 0.94
2025-09-25 01:45:15,390 - INFO - ridge Fold 3 RMSE: 6.60, MAE: 4.93, R2: 0.92
2025-09-25 01:45:15,395 - INFO - ridge Fold 4 RMSE: 6.98, MAE: 4.53, R2: 0.93
2025-09-25 01:45:15,401 - INFO - ridge Fold 5 RMSE: 4.51, MAE: 3.43, R2: 0.92
2025-09-25 01:45:15,401 - INFO - ridge Average RMSE: 7.19, MAE: 4.82, R2: 0.92
2025-09-25 01:45:15,405 - INFO - Training svr for Islamabad...
2025-09-25 01:45:15,454 - INFO - svr Fold 1 RMSE: 16.58, MAE: 12.90, R2: 0.71
2025-09-25 01:45:15,666 - INFO - svr Fold 2 RMSE: 18.34, MAE: 14.95, R2: 0.61
2025-09-25 01:45:16,064 - INFO - svr Fold 3 RMSE: 8.34, MAE: 5.43, R2: 0.87
2025-09-25 01:45:16,762 - INFO - svr Fold 4 RMSE: 18.21, MAE: 15.03, R2: 0.54
2025-09-25 01:45:17,987 - INFO - svr Fold 5 RMSE: 5.22, MAE: 3.31, R2: 0.90
2025-09-25 01:45:17,988 - INFO - svr Average RMSE: 13.34, MAE: 10.33, R2: 0.72
2025-09-25 01:45:19,672 - INFO - Metrics for Islamabad:
2025-09-25 01:45:19,672 - INFO - random_forest: avg_rmse=10.56, avg_mae=7.87, avg_r2=0.83
2025-09-25 01:45:19,672 - INFO - ridge: avg_rmse=7.19, avg_mae=4.82, avg_r2=0.92
2025-09-25 01:45:19,673 - INFO - svr: avg_rmse=13.34, avg_mae=10.33, avg_r2=0.72
2025-09-26 01:42:46,685 - INFO - 
=== Training/Retraining Models for Karachi ===
2025-09-26 01:42:46,686 - INFO - Processing Karachi with data from data/Karachi_historical_aq.csv
2025-09-26 01:42:46,693 - INFO - Training random_forest for Karachi...
2025-09-26 01:42:46,958 - INFO - random_forest Fold 1 RMSE: 4.13, MAE: 3.16, R2: 0.04
2025-09-26 01:42:47,434 - INFO - random_forest Fold 2 RMSE: 7.56, MAE: 6.44, R2: -1.01
2025-09-26 01:42:48,133 - INFO - random_forest Fold 3 RMSE: 4.27, MAE: 2.48, R2: 0.67
2025-09-26 01:42:49,113 - INFO - random_forest Fold 4 RMSE: 4.70, MAE: 3.01, R2: 0.82
2025-09-26 01:42:50,374 - INFO - random_forest Fold 5 RMSE: 5.89, MAE: 4.07, R2: 0.73
2025-09-26 01:42:50,374 - INFO - random_forest Average RMSE: 5.31, MAE: 3.83, R2: 0.25
2025-09-26 01:42:51,954 - INFO - Training ridge for Karachi...
2025-09-26 01:42:51,962 - INFO - ridge Fold 1 RMSE: 0.48, MAE: 0.38, R2: 0.99
2025-09-26 01:42:51,967 - INFO - ridge Fold 2 RMSE: 1.02, MAE: 0.86, R2: 0.96
2025-09-26 01:42:51,974 - INFO - ridge Fold 3 RMSE: 1.35, MAE: 0.79, R2: 0.97
2025-09-26 01:42:51,980 - INFO - ridge Fold 4 RMSE: 1.77, MAE: 1.23, R2: 0.97
2025-09-26 01:42:51,986 - INFO - ridge Fold 5 RMSE: 1.71, MAE: 1.25, R2: 0.98
2025-09-26 01:42:51,986 - INFO - ridge Average RMSE: 1.27, MAE: 0.90, R2: 0.97
2025-09-26 01:42:51,990 - INFO - Training svr for Karachi...
2025-09-26 01:42:52,015 - INFO - svr Fold 1 RMSE: 2.09, MAE: 1.61, R2: 0.76
2025-09-26 01:42:52,078 - INFO - svr Fold 2 RMSE: 13.14, MAE: 11.62, R2: -5.08
2025-09-26 01:42:52,209 - INFO - svr Fold 3 RMSE: 5.90, MAE: 3.37, R2: 0.38
2025-09-26 01:42:52,426 - INFO - svr Fold 4 RMSE: 7.52, MAE: 4.95, R2: 0.54
2025-09-26 01:42:52,768 - INFO - svr Fold 5 RMSE: 9.66, MAE: 6.67, R2: 0.27
2025-09-26 01:42:52,769 - INFO - svr Average RMSE: 7.66, MAE: 5.64, R2: -0.63
2025-09-26 01:42:53,304 - INFO - Metrics for Karachi:
2025-09-26 01:42:53,304 - INFO - random_forest: avg_rmse=5.31, avg_mae=3.83, avg_r2=0.25
2025-09-26 01:42:53,304 - INFO - ridge: avg_rmse=1.27, avg_mae=0.90, avg_r2=0.97
2025-09-26 01:42:53,305 - INFO - svr: avg_rmse=7.66, avg_mae=5.64, avg_r2=-0.63
2025-09-26 01:42:53,305 - INFO - 
=== Training/Retraining Models for Lahore ===
2025-09-26 01:42:53,305 - INFO - Processing Lahore with data from data/Lahore_historical_aq.csv
2025-09-26 01:42:53,311 - INFO - Training random_forest for Lahore...
2025-09-26 01:42:53,586 - INFO - random_forest Fold 1 RMSE: 16.92, MAE: 10.71, R2: 0.69
2025-09-26 01:42:54,104 - INFO - random_forest Fold 2 RMSE: 6.37, MAE: 4.90, R2: 0.86
2025-09-26 01:42:54,888 - INFO - random_forest Fold 3 RMSE: 15.13, MAE: 9.74, R2: 0.79
2025-09-26 01:42:55,984 - INFO - random_forest Fold 4 RMSE: 12.01, MAE: 8.65, R2: 0.75
2025-09-26 01:42:57,315 - INFO - random_forest Fold 5 RMSE: 9.05, MAE: 5.15, R2: 0.86
2025-09-26 01:42:57,315 - INFO - random_forest Average RMSE: 11.90, MAE: 7.83, R2: 0.79
2025-09-26 01:42:59,068 - INFO - Training ridge for Lahore...
2025-09-26 01:42:59,075 - INFO - ridge Fold 1 RMSE: 12.02, MAE: 6.74, R2: 0.84
2025-09-26 01:42:59,081 - INFO - ridge Fold 2 RMSE: 9.19, MAE: 8.15, R2: 0.71
2025-09-26 01:42:59,086 - INFO - ridge Fold 3 RMSE: 8.86, MAE: 5.28, R2: 0.93
2025-09-26 01:42:59,092 - INFO - ridge Fold 4 RMSE: 9.31, MAE: 6.71, R2: 0.85
2025-09-26 01:42:59,098 - INFO - ridge Fold 5 RMSE: 6.83, MAE: 4.62, R2: 0.92
2025-09-26 01:42:59,098 - INFO - ridge Average RMSE: 9.24, MAE: 6.30, R2: 0.85
2025-09-26 01:42:59,103 - INFO - Training svr for Lahore...
2025-09-26 01:42:59,153 - INFO - svr Fold 1 RMSE: 19.22, MAE: 12.16, R2: 0.60
2025-09-26 01:42:59,345 - INFO - svr Fold 2 RMSE: 14.55, MAE: 11.19, R2: 0.27
2025-09-26 01:42:59,713 - INFO - svr Fold 3 RMSE: 25.15, MAE: 15.42, R2: 0.42
2025-09-26 01:43:00,354 - INFO - svr Fold 4 RMSE: 17.86, MAE: 14.25, R2: 0.46
2025-09-26 01:43:01,421 - INFO - svr Fold 5 RMSE: 7.59, MAE: 5.51, R2: 0.90
2025-09-26 01:43:01,421 - INFO - svr Average RMSE: 16.87, MAE: 11.70, R2: 0.53
2025-09-26 01:43:03,176 - INFO - Metrics for Lahore:
2025-09-26 01:43:03,177 - INFO - random_forest: avg_rmse=11.90, avg_mae=7.83, avg_r2=0.79
2025-09-26 01:43:03,177 - INFO - ridge: avg_rmse=9.24, avg_mae=6.30, avg_r2=0.85
2025-09-26 01:43:03,177 - INFO - svr: avg_rmse=16.87, avg_mae=11.70, avg_r2=0.53
2025-09-26 01:43:03,177 - INFO - 
=== Training/Retraining Models for Islamabad ===
2025-09-26 01:43:03,177 - INFO - Processing Islamabad with data from data/Islamabad_historical_aq.csv
2025-09-26 01:43:03,182 - INFO - Training random_forest for Islamabad...
2025-09-26 01:43:03,467 - INFO - random_forest Fold 1 RMSE: 16.21, MAE: 12.84, R2: 0.73
2025-09-26 01:43:03,981 - INFO - random_forest Fold 2 RMSE: 10.63, MAE: 7.68, R2: 0.86
2025-09-26 01:43:04,747 - INFO - random_forest Fold 3 RMSE: 9.42, MAE: 7.03, R2: 0.82
2025-09-26 01:43:05,778 - INFO - random_forest Fold 4 RMSE: 9.63, MAE: 6.67, R2: 0.87
2025-09-26 01:43:07,070 - INFO - random_forest Fold 5 RMSE: 4.64, MAE: 3.05, R2: 0.92
2025-09-26 01:43:07,070 - INFO - random_forest Average RMSE: 10.10, MAE: 7.46, R2: 0.84
2025-09-26 01:43:08,697 - INFO - Training ridge for Islamabad...
2025-09-26 01:43:08,704 - INFO - ridge Fold 1 RMSE: 10.35, MAE: 5.82, R2: 0.89
2025-09-26 01:43:08,710 - INFO - ridge Fold 2 RMSE: 7.64, MAE: 5.79, R2: 0.93
2025-09-26 01:43:08,716 - INFO - ridge Fold 3 RMSE: 6.80, MAE: 5.00, R2: 0.91
2025-09-26 01:43:08,722 - INFO - ridge Fold 4 RMSE: 7.21, MAE: 4.84, R2: 0.93
2025-09-26 01:43:08,727 - INFO - ridge Fold 5 RMSE: 4.10, MAE: 3.07, R2: 0.94
2025-09-26 01:43:08,728 - INFO - ridge Average RMSE: 7.22, MAE: 4.90, R2: 0.92
2025-09-26 01:43:08,732 - INFO - Training svr for Islamabad...
2025-09-26 01:43:08,780 - INFO - svr Fold 1 RMSE: 16.57, MAE: 12.68, R2: 0.72
2025-09-26 01:43:08,979 - INFO - svr Fold 2 RMSE: 21.17, MAE: 17.47, R2: 0.44
2025-09-26 01:43:09,354 - INFO - svr Fold 3 RMSE: 8.72, MAE: 5.93, R2: 0.85
2025-09-26 01:43:10,159 - INFO - svr Fold 4 RMSE: 18.07, MAE: 15.07, R2: 0.54
2025-09-26 01:43:11,440 - INFO - svr Fold 5 RMSE: 5.58, MAE: 3.19, R2: 0.89
2025-09-26 01:43:11,440 - INFO - svr Average RMSE: 14.02, MAE: 10.87, R2: 0.69
2025-09-26 01:43:13,252 - INFO - Metrics for Islamabad:
2025-09-26 01:43:13,253 - INFO - random_forest: avg_rmse=10.10, avg_mae=7.46, avg_r2=0.84
2025-09-26 01:43:13,253 - INFO - ridge: avg_rmse=7.22, avg_mae=4.90, avg_r2=0.92
2025-09-26 01:43:13,253 - INFO - svr: avg_rmse=14.02, avg_mae=10.87, avg_r2=0.69
2025-09-27 01:38:31,251 - INFO - 
=== Training/Retraining Models for Karachi ===
2025-09-27 01:38:31,251 - INFO - Processing Karachi with data from data/Karachi_historical_aq.csv
2025-09-27 01:38:31,259 - INFO - Training random_forest for Karachi...
2025-09-27 01:38:31,526 - INFO - random_forest Fold 1 RMSE: 3.97, MAE: 3.20, R2: 0.38
2025-09-27 01:38:32,000 - INFO - random_forest Fold 2 RMSE: 4.92, MAE: 4.02, R2: 0.15
2025-09-27 01:38:32,696 - INFO - random_forest Fold 3 RMSE: 4.20, MAE: 2.37, R2: 0.65
2025-09-27 01:38:33,678 - INFO - random_forest Fold 4 RMSE: 4.96, MAE: 3.39, R2: 0.84
2025-09-27 01:38:34,925 - INFO - random_forest Fold 5 RMSE: 5.65, MAE: 3.82, R2: 0.78
2025-09-27 01:38:34,925 - INFO - random_forest Average RMSE: 4.74, MAE: 3.36, R2: 0.56
2025-09-27 01:38:36,532 - INFO - Training ridge for Karachi...
2025-09-27 01:38:36,540 - INFO - ridge Fold 1 RMSE: 0.60, MAE: 0.46, R2: 0.99
2025-09-27 01:38:36,545 - INFO - ridge Fold 2 RMSE: 0.88, MAE: 0.72, R2: 0.97
2025-09-27 01:38:36,551 - INFO - ridge Fold 3 RMSE: 1.11, MAE: 0.62, R2: 0.98
2025-09-27 01:38:36,557 - INFO - ridge Fold 4 RMSE: 1.78, MAE: 1.19, R2: 0.98
2025-09-27 01:38:36,563 - INFO - ridge Fold 5 RMSE: 1.61, MAE: 1.14, R2: 0.98
2025-09-27 01:38:36,563 - INFO - ridge Average RMSE: 1.20, MAE: 0.83, R2: 0.98
2025-09-27 01:38:36,567 - INFO - Training svr for Karachi...
2025-09-27 01:38:36,590 - INFO - svr Fold 1 RMSE: 2.49, MAE: 1.94, R2: 0.75
2025-09-27 01:38:36,645 - INFO - svr Fold 2 RMSE: 8.20, MAE: 6.98, R2: -1.35
2025-09-27 01:38:36,787 - INFO - svr Fold 3 RMSE: 5.76, MAE: 3.48, R2: 0.34
2025-09-27 01:38:36,988 - INFO - svr Fold 4 RMSE: 8.67, MAE: 6.10, R2: 0.51
2025-09-27 01:38:37,329 - INFO - svr Fold 5 RMSE: 8.31, MAE: 5.50, R2: 0.53
2025-09-27 01:38:37,329 - INFO - svr Average RMSE: 6.69, MAE: 4.80, R2: 0.16
2025-09-27 01:38:37,826 - INFO - Metrics for Karachi:
2025-09-27 01:38:37,826 - INFO - random_forest: avg_rmse=4.74, avg_mae=3.36, avg_r2=0.56
2025-09-27 01:38:37,826 - INFO - ridge: avg_rmse=1.20, avg_mae=0.83, avg_r2=0.98
2025-09-27 01:38:37,826 - INFO - svr: avg_rmse=6.69, avg_mae=4.80, avg_r2=0.16
2025-09-27 01:38:37,826 - INFO - 
=== Training/Retraining Models for Lahore ===
2025-09-27 01:38:37,826 - INFO - Processing Lahore with data from data/Lahore_historical_aq.csv
2025-09-27 01:38:37,832 - INFO - Training random_forest for Lahore...
2025-09-27 01:38:38,103 - INFO - random_forest Fold 1 RMSE: 16.63, MAE: 10.95, R2: 0.66
2025-09-27 01:38:38,615 - INFO - random_forest Fold 2 RMSE: 5.88, MAE: 4.58, R2: 0.88
2025-09-27 01:38:39,410 - INFO - random_forest Fold 3 RMSE: 15.84, MAE: 10.47, R2: 0.76
2025-09-27 01:38:40,482 - INFO - random_forest Fold 4 RMSE: 11.26, MAE: 8.18, R2: 0.75
2025-09-27 01:38:41,805 - INFO - random_forest Fold 5 RMSE: 9.18, MAE: 5.35, R2: 0.84
2025-09-27 01:38:41,805 - INFO - random_forest Average RMSE: 11.76, MAE: 7.91, R2: 0.78
2025-09-27 01:38:43,471 - INFO - Training ridge for Lahore...
2025-09-27 01:38:43,478 - INFO - ridge Fold 1 RMSE: 12.14, MAE: 6.83, R2: 0.82
2025-09-27 01:38:43,483 - INFO - ridge Fold 2 RMSE: 3.63, MAE: 2.73, R2: 0.95
2025-09-27 01:38:43,489 - INFO - ridge Fold 3 RMSE: 11.13, MAE: 6.77, R2: 0.88
2025-09-27 01:38:43,495 - INFO - ridge Fold 4 RMSE: 6.48, MAE: 4.86, R2: 0.92
2025-09-27 01:38:43,501 - INFO - ridge Fold 5 RMSE: 7.15, MAE: 4.72, R2: 0.90
2025-09-27 01:38:43,501 - INFO - ridge Average RMSE: 8.11, MAE: 5.18, R2: 0.90
2025-09-27 01:38:43,505 - INFO - Training svr for Lahore...
2025-09-27 01:38:43,551 - INFO - svr Fold 1 RMSE: 19.15, MAE: 12.03, R2: 0.55
2025-09-27 01:38:43,737 - INFO - svr Fold 2 RMSE: 3.75, MAE: 2.66, R2: 0.95
2025-09-27 01:38:44,104 - INFO - svr Fold 3 RMSE: 26.44, MAE: 16.94, R2: 0.34
2025-09-27 01:38:44,770 - INFO - svr Fold 4 RMSE: 19.41, MAE: 15.83, R2: 0.27
2025-09-27 01:38:45,841 - INFO - svr Fold 5 RMSE: 7.79, MAE: 5.72, R2: 0.88
2025-09-27 01:38:45,841 - INFO - svr Average RMSE: 15.31, MAE: 10.63, R2: 0.60
2025-09-27 01:38:47,575 - INFO - Metrics for Lahore:
2025-09-27 01:38:47,575 - INFO - random_forest: avg_rmse=11.76, avg_mae=7.91, avg_r2=0.78
2025-09-27 01:38:47,575 - INFO - ridge: avg_rmse=8.11, avg_mae=5.18, avg_r2=0.90
2025-09-27 01:38:47,575 - INFO - svr: avg_rmse=15.31, avg_mae=10.63, avg_r2=0.60
2025-09-27 01:38:47,575 - INFO - 
=== Training/Retraining Models for Islamabad ===
2025-09-27 01:38:47,575 - INFO - Processing Islamabad with data from data/Islamabad_historical_aq.csv
2025-09-27 01:38:47,580 - INFO - Training random_forest for Islamabad...
2025-09-27 01:38:47,860 - INFO - random_forest Fold 1 RMSE: 16.52, MAE: 12.82, R2: 0.73
2025-09-27 01:38:48,370 - INFO - random_forest Fold 2 RMSE: 10.64, MAE: 7.35, R2: 0.86
2025-09-27 01:38:49,136 - INFO - random_forest Fold 3 RMSE: 11.03, MAE: 7.94, R2: 0.77
2025-09-27 01:38:50,165 - INFO - random_forest Fold 4 RMSE: 7.65, MAE: 5.87, R2: 0.89
2025-09-27 01:38:51,458 - INFO - random_forest Fold 5 RMSE: 4.26, MAE: 2.74, R2: 0.94
2025-09-27 01:38:51,459 - INFO - random_forest Average RMSE: 10.02, MAE: 7.34, R2: 0.84
2025-09-27 01:38:53,084 - INFO - Training ridge for Islamabad...
2025-09-27 01:38:53,091 - INFO - ridge Fold 1 RMSE: 10.90, MAE: 6.36, R2: 0.88
2025-09-27 01:38:53,097 - INFO - ridge Fold 2 RMSE: 6.27, MAE: 4.53, R2: 0.95
2025-09-27 01:38:53,102 - INFO - ridge Fold 3 RMSE: 7.69, MAE: 5.47, R2: 0.89
2025-09-27 01:38:53,108 - INFO - ridge Fold 4 RMSE: 6.38, MAE: 4.36, R2: 0.92
2025-09-27 01:38:53,113 - INFO - ridge Fold 5 RMSE: 4.29, MAE: 3.19, R2: 0.93
2025-09-27 01:38:53,114 - INFO - ridge Average RMSE: 7.11, MAE: 4.78, R2: 0.92
2025-09-27 01:38:53,118 - INFO - Training svr for Islamabad...
2025-09-27 01:38:53,168 - INFO - svr Fold 1 RMSE: 16.15, MAE: 12.71, R2: 0.74
2025-09-27 01:38:53,365 - INFO - svr Fold 2 RMSE: 7.60, MAE: 5.90, R2: 0.93
2025-09-27 01:38:53,743 - INFO - svr Fold 3 RMSE: 9.86, MAE: 6.27, R2: 0.82
2025-09-27 01:38:54,473 - INFO - svr Fold 4 RMSE: 18.66, MAE: 15.87, R2: 0.36
2025-09-27 01:38:55,679 - INFO - svr Fold 5 RMSE: 5.33, MAE: 3.19, R2: 0.90
2025-09-27 01:38:55,680 - INFO - svr Average RMSE: 11.52, MAE: 8.79, R2: 0.75
2025-09-27 01:38:57,439 - INFO - Metrics for Islamabad:
2025-09-27 01:38:57,439 - INFO - random_forest: avg_rmse=10.02, avg_mae=7.34, avg_r2=0.84
2025-09-27 01:38:57,439 - INFO - ridge: avg_rmse=7.11, avg_mae=4.78, avg_r2=0.92
2025-09-27 01:38:57,439 - INFO - svr: avg_rmse=11.52, avg_mae=8.79, avg_r2=0.75
2025-09-28 01:51:08,961 - INFO - 
=== Training/Retraining Models for Karachi ===
2025-09-28 01:51:08,961 - INFO - Processing Karachi with data from data/Karachi_historical_aq.csv
2025-09-28 01:51:08,969 - INFO - Training random_forest for Karachi...
2025-09-28 01:51:09,231 - INFO - random_forest Fold 1 RMSE: 2.70, MAE: 2.04, R2: 0.67
2025-09-28 01:51:09,704 - INFO - random_forest Fold 2 RMSE: 5.61, MAE: 4.73, R2: -0.30
2025-09-28 01:51:10,399 - INFO - random_forest Fold 3 RMSE: 4.20, MAE: 2.43, R2: 0.66
2025-09-28 01:51:11,370 - INFO - random_forest Fold 4 RMSE: 5.77, MAE: 4.04, R2: 0.82
2025-09-28 01:51:12,628 - INFO - random_forest Fold 5 RMSE: 2.92, MAE: 2.05, R2: 0.94
2025-09-28 01:51:12,629 - INFO - random_forest Average RMSE: 4.24, MAE: 3.06, R2: 0.56
2025-09-28 01:51:14,250 - INFO - Training ridge for Karachi...
2025-09-28 01:51:14,257 - INFO - ridge Fold 1 RMSE: 0.57, MAE: 0.43, R2: 0.99
2025-09-28 01:51:14,262 - INFO - ridge Fold 2 RMSE: 0.84, MAE: 0.68, R2: 0.97
2025-09-28 01:51:14,268 - INFO - ridge Fold 3 RMSE: 0.94, MAE: 0.58, R2: 0.98
2025-09-28 01:51:14,274 - INFO - ridge Fold 4 RMSE: 1.90, MAE: 1.33, R2: 0.98
2025-09-28 01:51:14,280 - INFO - ridge Fold 5 RMSE: 1.54, MAE: 1.06, R2: 0.98
2025-09-28 01:51:14,280 - INFO - ridge Average RMSE: 1.16, MAE: 0.82, R2: 0.98
2025-09-28 01:51:14,284 - INFO - Training svr for Karachi...
2025-09-28 01:51:14,306 - INFO - svr Fold 1 RMSE: 2.57, MAE: 1.87, R2: 0.70
2025-09-28 01:51:14,361 - INFO - svr Fold 2 RMSE: 8.98, MAE: 7.96, R2: -2.34
2025-09-28 01:51:14,490 - INFO - svr Fold 3 RMSE: 5.86, MAE: 3.60, R2: 0.33
2025-09-28 01:51:14,697 - INFO - svr Fold 4 RMSE: 9.91, MAE: 7.21, R2: 0.48
2025-09-28 01:51:15,025 - INFO - svr Fold 5 RMSE: 5.44, MAE: 3.39, R2: 0.78
2025-09-28 01:51:15,025 - INFO - svr Average RMSE: 6.55, MAE: 4.81, R2: -0.01
2025-09-28 01:51:15,553 - INFO - Metrics for Karachi:
2025-09-28 01:51:15,553 - INFO - random_forest: avg_rmse=4.24, avg_mae=3.06, avg_r2=0.56
2025-09-28 01:51:15,553 - INFO - ridge: avg_rmse=1.16, avg_mae=0.82, avg_r2=0.98
2025-09-28 01:51:15,553 - INFO - svr: avg_rmse=6.55, avg_mae=4.81, avg_r2=-0.01
2025-09-28 01:51:15,553 - INFO - 
=== Training/Retraining Models for Lahore ===
2025-09-28 01:51:15,553 - INFO - Processing Lahore with data from data/Lahore_historical_aq.csv
2025-09-28 01:51:15,559 - INFO - Training random_forest for Lahore...
2025-09-28 01:51:15,836 - INFO - random_forest Fold 1 RMSE: 18.43, MAE: 11.71, R2: 0.50
2025-09-28 01:51:16,349 - INFO - random_forest Fold 2 RMSE: 5.81, MAE: 4.30, R2: 0.88
2025-09-28 01:51:17,145 - INFO - random_forest Fold 3 RMSE: 16.27, MAE: 10.90, R2: 0.74
2025-09-28 01:51:18,216 - INFO - random_forest Fold 4 RMSE: 11.71, MAE: 8.54, R2: 0.71
2025-09-28 01:51:19,553 - INFO - random_forest Fold 5 RMSE: 9.15, MAE: 5.43, R2: 0.84
2025-09-28 01:51:19,553 - INFO - random_forest Average RMSE: 12.27, MAE: 8.17, R2: 0.73
2025-09-28 01:51:21,211 - INFO - Training ridge for Lahore...
2025-09-28 01:51:21,218 - INFO - ridge Fold 1 RMSE: 12.83, MAE: 7.30, R2: 0.76
2025-09-28 01:51:21,223 - INFO - ridge Fold 2 RMSE: 3.63, MAE: 2.75, R2: 0.95
2025-09-28 01:51:21,229 - INFO - ridge Fold 3 RMSE: 11.38, MAE: 7.05, R2: 0.87
2025-09-28 01:51:21,235 - INFO - ridge Fold 4 RMSE: 6.38, MAE: 4.80, R2: 0.91
2025-09-28 01:51:21,241 - INFO - ridge Fold 5 RMSE: 7.43, MAE: 4.86, R2: 0.89
2025-09-28 01:51:21,241 - INFO - ridge Average RMSE: 8.33, MAE: 5.35, R2: 0.88
2025-09-28 01:51:21,245 - INFO - Training svr for Lahore...
2025-09-28 01:51:21,293 - INFO - svr Fold 1 RMSE: 19.12, MAE: 11.86, R2: 0.46
2025-09-28 01:51:21,482 - INFO - svr Fold 2 RMSE: 3.82, MAE: 2.72, R2: 0.95
2025-09-28 01:51:21,849 - INFO - svr Fold 3 RMSE: 26.73, MAE: 17.55, R2: 0.31
2025-09-28 01:51:22,529 - INFO - svr Fold 4 RMSE: 19.72, MAE: 16.65, R2: 0.17
2025-09-28 01:51:23,594 - INFO - svr Fold 5 RMSE: 7.90, MAE: 5.79, R2: 0.88
2025-09-28 01:51:23,594 - INFO - svr Average RMSE: 15.46, MAE: 10.91, R2: 0.55
2025-09-28 01:51:25,265 - INFO - Metrics for Lahore:
2025-09-28 01:51:25,265 - INFO - random_forest: avg_rmse=12.27, avg_mae=8.17, avg_r2=0.73
2025-09-28 01:51:25,265 - INFO - ridge: avg_rmse=8.33, avg_mae=5.35, avg_r2=0.88
2025-09-28 01:51:25,265 - INFO - svr: avg_rmse=15.46, avg_mae=10.91, avg_r2=0.55
2025-09-28 01:51:25,265 - INFO - 
=== Training/Retraining Models for Islamabad ===
2025-09-28 01:51:25,265 - INFO - Processing Islamabad with data from data/Islamabad_historical_aq.csv
2025-09-28 01:51:25,270 - INFO - Training random_forest for Islamabad...
2025-09-28 01:51:25,549 - INFO - random_forest Fold 1 RMSE: 17.35, MAE: 14.02, R2: 0.73
2025-09-28 01:51:26,053 - INFO - random_forest Fold 2 RMSE: 9.55, MAE: 6.78, R2: 0.85
2025-09-28 01:51:26,815 - INFO - random_forest Fold 3 RMSE: 11.81, MAE: 8.58, R2: 0.71
2025-09-28 01:51:27,835 - INFO - random_forest Fold 4 RMSE: 6.20, MAE: 4.87, R2: 0.93
2025-09-28 01:51:29,120 - INFO - random_forest Fold 5 RMSE: 4.71, MAE: 2.94, R2: 0.93
2025-09-28 01:51:29,120 - INFO - random_forest Average RMSE: 9.93, MAE: 7.44, R2: 0.83
2025-09-28 01:51:30,739 - INFO - Training ridge for Islamabad...
2025-09-28 01:51:30,745 - INFO - ridge Fold 1 RMSE: 11.16, MAE: 6.83, R2: 0.89
2025-09-28 01:51:30,751 - INFO - ridge Fold 2 RMSE: 5.88, MAE: 4.09, R2: 0.94
2025-09-28 01:51:30,756 - INFO - ridge Fold 3 RMSE: 8.29, MAE: 5.88, R2: 0.86
2025-09-28 01:51:30,762 - INFO - ridge Fold 4 RMSE: 5.52, MAE: 3.95, R2: 0.94
2025-09-28 01:51:30,768 - INFO - ridge Fold 5 RMSE: 4.24, MAE: 3.19, R2: 0.94
2025-09-28 01:51:30,768 - INFO - ridge Average RMSE: 7.02, MAE: 4.79, R2: 0.91
2025-09-28 01:51:30,772 - INFO - Training svr for Islamabad...
2025-09-28 01:51:30,824 - INFO - svr Fold 1 RMSE: 16.20, MAE: 13.06, R2: 0.77
2025-09-28 01:51:31,022 - INFO - svr Fold 2 RMSE: 7.24, MAE: 5.43, R2: 0.92
2025-09-28 01:51:31,420 - INFO - svr Fold 3 RMSE: 10.39, MAE: 6.98, R2: 0.77
2025-09-28 01:51:32,193 - INFO - svr Fold 4 RMSE: 18.00, MAE: 15.11, R2: 0.40
2025-09-28 01:51:33,382 - INFO - svr Fold 5 RMSE: 4.97, MAE: 2.74, R2: 0.92
2025-09-28 01:51:33,382 - INFO - svr Average RMSE: 11.36, MAE: 8.67, R2: 0.75
2025-09-28 01:51:35,139 - INFO - Metrics for Islamabad:
2025-09-28 01:51:35,140 - INFO - random_forest: avg_rmse=9.93, avg_mae=7.44, avg_r2=0.83
2025-09-28 01:51:35,140 - INFO - ridge: avg_rmse=7.02, avg_mae=4.79, avg_r2=0.91
2025-09-28 01:51:35,140 - INFO - svr: avg_rmse=11.36, avg_mae=8.67, avg_r2=0.75
2025-09-29 01:46:23,174 - INFO - 
=== Training/Retraining Models for Karachi ===
2025-09-29 01:46:23,175 - INFO - Processing Karachi with data from data/Karachi_historical_aq.csv
2025-09-29 01:46:23,182 - INFO - Training random_forest for Karachi...
2025-09-29 01:46:23,448 - INFO - random_forest Fold 1 RMSE: 3.48, MAE: 2.65, R2: 0.36
2025-09-29 01:46:23,931 - INFO - random_forest Fold 2 RMSE: 6.51, MAE: 5.60, R2: -0.94
2025-09-29 01:46:24,641 - INFO - random_forest Fold 3 RMSE: 4.88, MAE: 2.82, R2: 0.71
2025-09-29 01:46:25,623 - INFO - random_forest Fold 4 RMSE: 5.40, MAE: 3.95, R2: 0.84
2025-09-29 01:46:26,893 - INFO - random_forest Fold 5 RMSE: 2.84, MAE: 1.95, R2: 0.93
2025-09-29 01:46:26,893 - INFO - random_forest Average RMSE: 4.62, MAE: 3.40, R2: 0.38
2025-09-29 01:46:28,468 - INFO - Training ridge for Karachi...
2025-09-29 01:46:28,474 - INFO - ridge Fold 1 RMSE: 0.60, MAE: 0.45, R2: 0.98
2025-09-29 01:46:28,480 - INFO - ridge Fold 2 RMSE: 0.82, MAE: 0.67, R2: 0.97
2025-09-29 01:46:28,486 - INFO - ridge Fold 3 RMSE: 1.08, MAE: 0.67, R2: 0.99
2025-09-29 01:46:28,491 - INFO - ridge Fold 4 RMSE: 2.00, MAE: 1.50, R2: 0.98
2025-09-29 01:46:28,497 - INFO - ridge Fold 5 RMSE: 1.53, MAE: 1.04, R2: 0.98
2025-09-29 01:46:28,497 - INFO - ridge Average RMSE: 1.21, MAE: 0.87, R2: 0.98
2025-09-29 01:46:28,502 - INFO - Training svr for Karachi...
2025-09-29 01:46:28,523 - INFO - svr Fold 1 RMSE: 3.46, MAE: 2.58, R2: 0.37
2025-09-29 01:46:28,576 - INFO - svr Fold 2 RMSE: 15.44, MAE: 14.65, R2: -9.94
2025-09-29 01:46:28,711 - INFO - svr Fold 3 RMSE: 7.32, MAE: 4.37, R2: 0.34
2025-09-29 01:46:28,920 - INFO - svr Fold 4 RMSE: 10.46, MAE: 7.60, R2: 0.39
2025-09-29 01:46:29,276 - INFO - svr Fold 5 RMSE: 4.71, MAE: 2.83, R2: 0.81
2025-09-29 01:46:29,276 - INFO - svr Average RMSE: 8.28, MAE: 6.40, R2: -1.61
2025-09-29 01:46:29,791 - INFO - Metrics for Karachi:
2025-09-29 01:46:29,792 - INFO - random_forest: avg_rmse=4.62, avg_mae=3.40, avg_r2=0.38
2025-09-29 01:46:29,792 - INFO - ridge: avg_rmse=1.21, avg_mae=0.87, avg_r2=0.98
2025-09-29 01:46:29,792 - INFO - svr: avg_rmse=8.28, avg_mae=6.40, avg_r2=-1.61
2025-09-29 01:46:29,792 - INFO - 
=== Training/Retraining Models for Lahore ===
2025-09-29 01:46:29,792 - INFO - Processing Lahore with data from data/Lahore_historical_aq.csv
2025-09-29 01:46:29,798 - INFO - Training random_forest for Lahore...
2025-09-29 01:46:30,070 - INFO - random_forest Fold 1 RMSE: 18.94, MAE: 12.18, R2: 0.49
2025-09-29 01:46:30,586 - INFO - random_forest Fold 2 RMSE: 5.85, MAE: 4.48, R2: 0.83
2025-09-29 01:46:31,397 - INFO - random_forest Fold 3 RMSE: 16.30, MAE: 11.25, R2: 0.74
2025-09-29 01:46:32,464 - INFO - random_forest Fold 4 RMSE: 11.14, MAE: 8.01, R2: 0.74
2025-09-29 01:46:33,785 - INFO - random_forest Fold 5 RMSE: 9.77, MAE: 6.38, R2: 0.82
2025-09-29 01:46:33,785 - INFO - random_forest Average RMSE: 12.40, MAE: 8.46, R2: 0.72
2025-09-29 01:46:35,433 - INFO - Training ridge for Lahore...
2025-09-29 01:46:35,440 - INFO - ridge Fold 1 RMSE: 13.25, MAE: 7.46, R2: 0.75
2025-09-29 01:46:35,445 - INFO - ridge Fold 2 RMSE: 5.46, MAE: 4.70, R2: 0.86
2025-09-29 01:46:35,451 - INFO - ridge Fold 3 RMSE: 11.52, MAE: 7.41, R2: 0.87
2025-09-29 01:46:35,456 - INFO - ridge Fold 4 RMSE: 6.46, MAE: 4.97, R2: 0.91
2025-09-29 01:46:35,462 - INFO - ridge Fold 5 RMSE: 7.72, MAE: 5.02, R2: 0.89
2025-09-29 01:46:35,463 - INFO - ridge Average RMSE: 8.88, MAE: 5.91, R2: 0.86
2025-09-29 01:46:35,467 - INFO - Training svr for Lahore...
2025-09-29 01:46:35,514 - INFO - svr Fold 1 RMSE: 18.88, MAE: 11.55, R2: 0.49
2025-09-29 01:46:35,710 - INFO - svr Fold 2 RMSE: 18.47, MAE: 15.47, R2: -0.66
2025-09-29 01:46:36,058 - INFO - svr Fold 3 RMSE: 27.08, MAE: 18.22, R2: 0.28
2025-09-29 01:46:36,725 - INFO - svr Fold 4 RMSE: 20.04, MAE: 17.31, R2: 0.16
2025-09-29 01:46:37,794 - INFO - svr Fold 5 RMSE: 8.17, MAE: 6.01, R2: 0.88
2025-09-29 01:46:37,794 - INFO - svr Average RMSE: 18.53, MAE: 13.71, R2: 0.23
2025-09-29 01:46:39,382 - INFO - Metrics for Lahore:
2025-09-29 01:46:39,382 - INFO - random_forest: avg_rmse=12.40, avg_mae=8.46, avg_r2=0.72
2025-09-29 01:46:39,382 - INFO - ridge: avg_rmse=8.88, avg_mae=5.91, avg_r2=0.86
2025-09-29 01:46:39,382 - INFO - svr: avg_rmse=18.53, avg_mae=13.71, avg_r2=0.23
2025-09-29 01:46:39,382 - INFO - 
=== Training/Retraining Models for Islamabad ===
2025-09-29 01:46:39,382 - INFO - Processing Islamabad with data from data/Islamabad_historical_aq.csv
2025-09-29 01:46:39,388 - INFO - Training random_forest for Islamabad...
2025-09-29 01:46:39,663 - INFO - random_forest Fold 1 RMSE: 17.61, MAE: 14.05, R2: 0.69
2025-09-29 01:46:40,169 - INFO - random_forest Fold 2 RMSE: 9.10, MAE: 6.12, R2: 0.85
2025-09-29 01:46:40,932 - INFO - random_forest Fold 3 RMSE: 12.08, MAE: 8.74, R2: 0.73
2025-09-29 01:46:41,950 - INFO - random_forest Fold 4 RMSE: 6.42, MAE: 4.94, R2: 0.92
2025-09-29 01:46:43,239 - INFO - random_forest Fold 5 RMSE: 4.75, MAE: 3.25, R2: 0.93
2025-09-29 01:46:43,240 - INFO - random_forest Average RMSE: 9.99, MAE: 7.42, R2: 0.82
2025-09-29 01:46:44,860 - INFO - Training ridge for Islamabad...
2025-09-29 01:46:44,866 - INFO - ridge Fold 1 RMSE: 11.21, MAE: 6.96, R2: 0.87
2025-09-29 01:46:44,872 - INFO - ridge Fold 2 RMSE: 8.31, MAE: 6.43, R2: 0.88
2025-09-29 01:46:44,877 - INFO - ridge Fold 3 RMSE: 7.47, MAE: 5.22, R2: 0.90
2025-09-29 01:46:44,883 - INFO - ridge Fold 4 RMSE: 5.43, MAE: 3.88, R2: 0.94
2025-09-29 01:46:44,888 - INFO - ridge Fold 5 RMSE: 4.43, MAE: 3.34, R2: 0.94
2025-09-29 01:46:44,889 - INFO - ridge Average RMSE: 7.37, MAE: 5.17, R2: 0.91
2025-09-29 01:46:44,892 - INFO - Training svr for Islamabad...
2025-09-29 01:46:44,943 - INFO - svr Fold 1 RMSE: 13.30, MAE: 10.38, R2: 0.82
2025-09-29 01:46:45,140 - INFO - svr Fold 2 RMSE: 23.17, MAE: 20.02, R2: 0.03
2025-09-29 01:46:45,543 - INFO - svr Fold 3 RMSE: 10.31, MAE: 6.96, R2: 0.81
2025-09-29 01:46:46,409 - INFO - svr Fold 4 RMSE: 17.74, MAE: 14.91, R2: 0.39
2025-09-29 01:46:47,667 - INFO - svr Fold 5 RMSE: 4.98, MAE: 2.72, R2: 0.92
2025-09-29 01:46:47,668 - INFO - svr Average RMSE: 13.90, MAE: 11.00, R2: 0.59
2025-09-29 01:46:49,365 - INFO - Metrics for Islamabad:
2025-09-29 01:46:49,365 - INFO - random_forest: avg_rmse=9.99, avg_mae=7.42, avg_r2=0.82
2025-09-29 01:46:49,365 - INFO - ridge: avg_rmse=7.37, avg_mae=5.17, avg_r2=0.91
2025-09-29 01:46:49,365 - INFO - svr: avg_rmse=13.90, avg_mae=11.00, avg_r2=0.59
2025-10-01 01:52:47,615 - INFO - 
=== Training/Retraining Models for Karachi ===
2025-10-01 01:52:47,615 - INFO - Processing Karachi with data from data/Karachi_historical_aq.csv
2025-10-01 01:52:47,622 - INFO - Training random_forest for Karachi...
2025-10-01 01:52:47,886 - INFO - random_forest Fold 1 RMSE: 4.29, MAE: 3.34, R2: 0.17
2025-10-01 01:52:48,366 - INFO - random_forest Fold 2 RMSE: 6.41, MAE: 5.37, R2: -0.05
2025-10-01 01:52:49,072 - INFO - random_forest Fold 3 RMSE: 5.82, MAE: 3.75, R2: 0.69
2025-10-01 01:52:50,047 - INFO - random_forest Fold 4 RMSE: 6.46, MAE: 4.53, R2: 0.75
2025-10-01 01:52:51,311 - INFO - random_forest Fold 5 RMSE: 3.38, MAE: 2.40, R2: 0.90
2025-10-01 01:52:51,311 - INFO - random_forest Average RMSE: 5.27, MAE: 3.88, R2: 0.49
2025-10-01 01:52:52,908 - INFO - Training ridge for Karachi...
2025-10-01 01:52:52,915 - INFO - ridge Fold 1 RMSE: 0.78, MAE: 0.63, R2: 0.97
2025-10-01 01:52:52,921 - INFO - ridge Fold 2 RMSE: 0.92, MAE: 0.75, R2: 0.98
2025-10-01 01:52:52,926 - INFO - ridge Fold 3 RMSE: 1.70, MAE: 1.07, R2: 0.97
2025-10-01 01:52:52,932 - INFO - ridge Fold 4 RMSE: 1.62, MAE: 1.08, R2: 0.98
2025-10-01 01:52:52,938 - INFO - ridge Fold 5 RMSE: 1.54, MAE: 1.08, R2: 0.98
2025-10-01 01:52:52,938 - INFO - ridge Average RMSE: 1.31, MAE: 0.92, R2: 0.98
2025-10-01 01:52:52,942 - INFO - Training svr for Karachi...
2025-10-01 01:52:52,964 - INFO - svr Fold 1 RMSE: 5.52, MAE: 4.44, R2: -0.37
2025-10-01 01:52:53,024 - INFO - svr Fold 2 RMSE: 10.67, MAE: 9.67, R2: -1.91
2025-10-01 01:52:53,150 - INFO - svr Fold 3 RMSE: 8.75, MAE: 5.39, R2: 0.31
2025-10-01 01:52:53,381 - INFO - svr Fold 4 RMSE: 12.46, MAE: 9.06, R2: 0.05
2025-10-01 01:52:53,751 - INFO - svr Fold 5 RMSE: 4.94, MAE: 2.52, R2: 0.78
2025-10-01 01:52:53,751 - INFO - svr Average RMSE: 8.47, MAE: 6.21, R2: -0.23
2025-10-01 01:52:54,295 - INFO - Metrics for Karachi:
2025-10-01 01:52:54,295 - INFO - random_forest: avg_rmse=5.27, avg_mae=3.88, avg_r2=0.49
2025-10-01 01:52:54,295 - INFO - ridge: avg_rmse=1.31, avg_mae=0.92, avg_r2=0.98
2025-10-01 01:52:54,295 - INFO - svr: avg_rmse=8.47, avg_mae=6.21, avg_r2=-0.23
2025-10-01 01:52:54,295 - INFO - 
=== Training/Retraining Models for Lahore ===
2025-10-01 01:52:54,295 - INFO - Processing Lahore with data from data/Lahore_historical_aq.csv
2025-10-01 01:52:54,302 - INFO - Training random_forest for Lahore...
2025-10-01 01:52:54,580 - INFO - random_forest Fold 1 RMSE: 17.21, MAE: 10.64, R2: 0.60
2025-10-01 01:52:55,094 - INFO - random_forest Fold 2 RMSE: 5.66, MAE: 4.16, R2: 0.83
2025-10-01 01:52:55,900 - INFO - random_forest Fold 3 RMSE: 17.46, MAE: 12.84, R2: 0.64
2025-10-01 01:52:56,959 - INFO - random_forest Fold 4 RMSE: 10.81, MAE: 7.57, R2: 0.77
2025-10-01 01:52:58,288 - INFO - random_forest Fold 5 RMSE: 10.12, MAE: 7.22, R2: 0.80
2025-10-01 01:52:58,288 - INFO - random_forest Average RMSE: 12.25, MAE: 8.49, R2: 0.73
2025-10-01 01:52:59,944 - INFO - Training ridge for Lahore...
2025-10-01 01:52:59,950 - INFO - ridge Fold 1 RMSE: 11.67, MAE: 6.62, R2: 0.81
2025-10-01 01:52:59,956 - INFO - ridge Fold 2 RMSE: 4.18, MAE: 3.12, R2: 0.91
2025-10-01 01:52:59,961 - INFO - ridge Fold 3 RMSE: 11.79, MAE: 8.07, R2: 0.83
2025-10-01 01:52:59,967 - INFO - ridge Fold 4 RMSE: 6.33, MAE: 4.83, R2: 0.92
2025-10-01 01:52:59,973 - INFO - ridge Fold 5 RMSE: 7.90, MAE: 4.98, R2: 0.88
2025-10-01 01:52:59,973 - INFO - ridge Average RMSE: 8.38, MAE: 5.52, R2: 0.87
2025-10-01 01:52:59,977 - INFO - Training svr for Lahore...
2025-10-01 01:53:00,026 - INFO - svr Fold 1 RMSE: 17.86, MAE: 10.28, R2: 0.56
2025-10-01 01:53:00,208 - INFO - svr Fold 2 RMSE: 13.47, MAE: 11.71, R2: 0.04
2025-10-01 01:53:00,560 - INFO - svr Fold 3 RMSE: 28.34, MAE: 19.93, R2: 0.04
2025-10-01 01:53:01,166 - INFO - svr Fold 4 RMSE: 15.96, MAE: 13.56, R2: 0.50
2025-10-01 01:53:02,296 - INFO - svr Fold 5 RMSE: 9.79, MAE: 6.75, R2: 0.82
2025-10-01 01:53:02,297 - INFO - svr Average RMSE: 17.08, MAE: 12.45, R2: 0.39
2025-10-01 01:53:03,904 - INFO - Metrics for Lahore:
2025-10-01 01:53:03,904 - INFO - random_forest: avg_rmse=12.25, avg_mae=8.49, avg_r2=0.73
2025-10-01 01:53:03,904 - INFO - ridge: avg_rmse=8.38, avg_mae=5.52, avg_r2=0.87
2025-10-01 01:53:03,904 - INFO - svr: avg_rmse=17.08, avg_mae=12.45, avg_r2=0.39
2025-10-01 01:53:03,904 - INFO - 
=== Training/Retraining Models for Islamabad ===
2025-10-01 01:53:03,905 - INFO - Processing Islamabad with data from data/Islamabad_historical_aq.csv
2025-10-01 01:53:03,910 - INFO - Training random_forest for Islamabad...
2025-10-01 01:53:04,183 - INFO - random_forest Fold 1 RMSE: 15.47, MAE: 12.14, R2: 0.76
2025-10-01 01:53:04,687 - INFO - random_forest Fold 2 RMSE: 9.80, MAE: 6.40, R2: 0.80
2025-10-01 01:53:05,454 - INFO - random_forest Fold 3 RMSE: 12.02, MAE: 8.67, R2: 0.70
2025-10-01 01:53:06,471 - INFO - random_forest Fold 4 RMSE: 7.05, MAE: 5.44, R2: 0.90
2025-10-01 01:53:07,764 - INFO - random_forest Fold 5 RMSE: 7.32, MAE: 4.12, R2: 0.87
2025-10-01 01:53:07,764 - INFO - random_forest Average RMSE: 10.33, MAE: 7.35, R2: 0.81
2025-10-01 01:53:09,391 - INFO - Training ridge for Islamabad...
2025-10-01 01:53:09,397 - INFO - ridge Fold 1 RMSE: 10.65, MAE: 8.07, R2: 0.89
2025-10-01 01:53:09,403 - INFO - ridge Fold 2 RMSE: 6.49, MAE: 4.78, R2: 0.91
2025-10-01 01:53:09,409 - INFO - ridge Fold 3 RMSE: 7.20, MAE: 4.86, R2: 0.89
2025-10-01 01:53:09,414 - INFO - ridge Fold 4 RMSE: 5.25, MAE: 3.64, R2: 0.95
2025-10-01 01:53:09,420 - INFO - ridge Fold 5 RMSE: 4.79, MAE: 3.61, R2: 0.94
2025-10-01 01:53:09,420 - INFO - ridge Average RMSE: 6.88, MAE: 4.99, R2: 0.92
2025-10-01 01:53:09,424 - INFO - Training svr for Islamabad...
2025-10-01 01:53:09,473 - INFO - svr Fold 1 RMSE: 13.90, MAE: 11.11, R2: 0.81
2025-10-01 01:53:09,674 - INFO - svr Fold 2 RMSE: 16.84, MAE: 14.05, R2: 0.41
2025-10-01 01:53:10,077 - INFO - svr Fold 3 RMSE: 11.84, MAE: 8.15, R2: 0.71
2025-10-01 01:53:10,851 - INFO - svr Fold 4 RMSE: 12.81, MAE: 10.47, R2: 0.68
2025-10-01 01:53:12,073 - INFO - svr Fold 5 RMSE: 6.00, MAE: 3.52, R2: 0.91
2025-10-01 01:53:12,073 - INFO - svr Average RMSE: 12.28, MAE: 9.46, R2: 0.70
2025-10-01 01:53:13,709 - INFO - Metrics for Islamabad:
2025-10-01 01:53:13,709 - INFO - random_forest: avg_rmse=10.33, avg_mae=7.35, avg_r2=0.81
2025-10-01 01:53:13,709 - INFO - ridge: avg_rmse=6.88, avg_mae=4.99, avg_r2=0.92
2025-10-01 01:53:13,709 - INFO - svr: avg_rmse=12.28, avg_mae=9.46, avg_r2=0.70
2025-10-02 01:40:44,808 - INFO - 
=== Training/Retraining Models for Karachi ===
2025-10-02 01:40:44,808 - INFO - Processing Karachi with data from data/Karachi_historical_aq.csv
2025-10-02 01:40:44,815 - INFO - Training random_forest for Karachi...
2025-10-02 01:40:45,081 - INFO - random_forest Fold 1 RMSE: 5.03, MAE: 3.82, R2: 0.09
2025-10-02 01:40:45,564 - INFO - random_forest Fold 2 RMSE: 4.81, MAE: 3.45, R2: 0.61
2025-10-02 01:40:46,290 - INFO - random_forest Fold 3 RMSE: 6.01, MAE: 4.03, R2: 0.66
2025-10-02 01:40:47,265 - INFO - random_forest Fold 4 RMSE: 6.74, MAE: 4.95, R2: 0.73
2025-10-02 01:40:48,523 - INFO - random_forest Fold 5 RMSE: 3.36, MAE: 2.42, R2: 0.89
2025-10-02 01:40:48,523 - INFO - random_forest Average RMSE: 5.19, MAE: 3.74, R2: 0.59
2025-10-02 01:40:50,107 - INFO - Training ridge for Karachi...
2025-10-02 01:40:50,114 - INFO - ridge Fold 1 RMSE: 0.70, MAE: 0.57, R2: 0.98
2025-10-02 01:40:50,119 - INFO - ridge Fold 2 RMSE: 0.94, MAE: 0.80, R2: 0.98
2025-10-02 01:40:50,125 - INFO - ridge Fold 3 RMSE: 1.84, MAE: 1.12, R2: 0.97
2025-10-02 01:40:50,131 - INFO - ridge Fold 4 RMSE: 1.82, MAE: 1.26, R2: 0.98
2025-10-02 01:40:50,137 - INFO - ridge Fold 5 RMSE: 1.23, MAE: 0.89, R2: 0.98
2025-10-02 01:40:50,137 - INFO - ridge Average RMSE: 1.31, MAE: 0.93, R2: 0.98
2025-10-02 01:40:50,141 - INFO - Training svr for Karachi...
2025-10-02 01:40:50,162 - INFO - svr Fold 1 RMSE: 6.27, MAE: 4.71, R2: -0.42
2025-10-02 01:40:50,219 - INFO - svr Fold 2 RMSE: 6.90, MAE: 5.88, R2: 0.19
2025-10-02 01:40:50,343 - INFO - svr Fold 3 RMSE: 8.02, MAE: 5.04, R2: 0.39
2025-10-02 01:40:50,577 - INFO - svr Fold 4 RMSE: 12.63, MAE: 9.45, R2: 0.04
2025-10-02 01:40:50,945 - INFO - svr Fold 5 RMSE: 5.60, MAE: 3.00, R2: 0.68
2025-10-02 01:40:50,945 - INFO - svr Average RMSE: 7.88, MAE: 5.62, R2: 0.18
2025-10-02 01:40:51,469 - INFO - Metrics for Karachi:
2025-10-02 01:40:51,469 - INFO - random_forest: avg_rmse=5.19, avg_mae=3.74, avg_r2=0.59
2025-10-02 01:40:51,469 - INFO - ridge: avg_rmse=1.31, avg_mae=0.93, avg_r2=0.98
2025-10-02 01:40:51,469 - INFO - svr: avg_rmse=7.88, avg_mae=5.62, avg_r2=0.18
2025-10-02 01:40:51,469 - INFO - 
=== Training/Retraining Models for Lahore ===
2025-10-02 01:40:51,470 - INFO - Processing Lahore with data from data/Lahore_historical_aq.csv
2025-10-02 01:40:51,476 - INFO - Training random_forest for Lahore...
2025-10-02 01:40:51,752 - INFO - random_forest Fold 1 RMSE: 21.83, MAE: 12.57, R2: 0.10
2025-10-02 01:40:52,257 - INFO - random_forest Fold 2 RMSE: 5.69, MAE: 4.22, R2: 0.87
2025-10-02 01:40:53,047 - INFO - random_forest Fold 3 RMSE: 19.28, MAE: 14.80, R2: 0.61
2025-10-02 01:40:54,107 - INFO - random_forest Fold 4 RMSE: 12.20, MAE: 8.59, R2: 0.69
2025-10-02 01:40:55,423 - INFO - random_forest Fold 5 RMSE: 10.19, MAE: 7.39, R2: 0.79
2025-10-02 01:40:55,423 - INFO - random_forest Average RMSE: 13.84, MAE: 9.51, R2: 0.61
2025-10-02 01:40:57,062 - INFO - Training ridge for Lahore...
2025-10-02 01:40:57,069 - INFO - ridge Fold 1 RMSE: 10.91, MAE: 5.69, R2: 0.78
2025-10-02 01:40:57,074 - INFO - ridge Fold 2 RMSE: 4.24, MAE: 3.11, R2: 0.93
2025-10-02 01:40:57,080 - INFO - ridge Fold 3 RMSE: 12.14, MAE: 8.35, R2: 0.84
2025-10-02 01:40:57,086 - INFO - ridge Fold 4 RMSE: 6.91, MAE: 4.88, R2: 0.90
2025-10-02 01:40:57,091 - INFO - ridge Fold 5 RMSE: 7.04, MAE: 4.65, R2: 0.90
2025-10-02 01:40:57,092 - INFO - ridge Average RMSE: 8.25, MAE: 5.33, R2: 0.87
2025-10-02 01:40:57,096 - INFO - Training svr for Lahore...
2025-10-02 01:40:57,142 - INFO - svr Fold 1 RMSE: 11.10, MAE: 6.66, R2: 0.77
2025-10-02 01:40:57,335 - INFO - svr Fold 2 RMSE: 9.08, MAE: 7.15, R2: 0.67
2025-10-02 01:40:57,661 - INFO - svr Fold 3 RMSE: 32.33, MAE: 23.32, R2: -0.10
2025-10-02 01:40:58,292 - INFO - svr Fold 4 RMSE: 12.52, MAE: 10.06, R2: 0.67
2025-10-02 01:40:59,494 - INFO - svr Fold 5 RMSE: 9.46, MAE: 6.33, R2: 0.82
2025-10-02 01:40:59,494 - INFO - svr Average RMSE: 14.90, MAE: 10.70, R2: 0.57
2025-10-02 01:41:01,193 - INFO - Metrics for Lahore:
2025-10-02 01:41:01,193 - INFO - random_forest: avg_rmse=13.84, avg_mae=9.51, avg_r2=0.61
2025-10-02 01:41:01,193 - INFO - ridge: avg_rmse=8.25, avg_mae=5.33, avg_r2=0.87
2025-10-02 01:41:01,193 - INFO - svr: avg_rmse=14.90, avg_mae=10.70, avg_r2=0.57
2025-10-02 01:41:01,193 - INFO - 
=== Training/Retraining Models for Islamabad ===
2025-10-02 01:41:01,194 - INFO - Processing Islamabad with data from data/Islamabad_historical_aq.csv
2025-10-02 01:41:01,199 - INFO - Training random_forest for Islamabad...
2025-10-02 01:41:01,463 - INFO - random_forest Fold 1 RMSE: 15.51, MAE: 12.15, R2: 0.76
2025-10-02 01:41:01,962 - INFO - random_forest Fold 2 RMSE: 8.39, MAE: 5.97, R2: 0.88
2025-10-02 01:41:02,723 - INFO - random_forest Fold 3 RMSE: 11.63, MAE: 8.54, R2: 0.74
2025-10-02 01:41:03,746 - INFO - random_forest Fold 4 RMSE: 6.77, MAE: 5.17, R2: 0.90
2025-10-02 01:41:05,047 - INFO - random_forest Fold 5 RMSE: 6.90, MAE: 3.84, R2: 0.88
2025-10-02 01:41:05,047 - INFO - random_forest Average RMSE: 9.84, MAE: 7.13, R2: 0.83
2025-10-02 01:41:06,667 - INFO - Training ridge for Islamabad...
2025-10-02 01:41:06,673 - INFO - ridge Fold 1 RMSE: 8.71, MAE: 6.66, R2: 0.92
2025-10-02 01:41:06,679 - INFO - ridge Fold 2 RMSE: 6.87, MAE: 5.13, R2: 0.92
2025-10-02 01:41:06,684 - INFO - ridge Fold 3 RMSE: 7.13, MAE: 4.88, R2: 0.90
2025-10-02 01:41:06,690 - INFO - ridge Fold 4 RMSE: 5.34, MAE: 3.66, R2: 0.94
2025-10-02 01:41:06,696 - INFO - ridge Fold 5 RMSE: 4.87, MAE: 3.63, R2: 0.94
2025-10-02 01:41:06,696 - INFO - ridge Average RMSE: 6.58, MAE: 4.79, R2: 0.92
2025-10-02 01:41:06,700 - INFO - Training svr for Islamabad...
2025-10-02 01:41:06,749 - INFO - svr Fold 1 RMSE: 13.85, MAE: 11.03, R2: 0.81
2025-10-02 01:41:06,951 - INFO - svr Fold 2 RMSE: 14.32, MAE: 11.78, R2: 0.64
2025-10-02 01:41:07,359 - INFO - svr Fold 3 RMSE: 13.06, MAE: 9.00, R2: 0.67
2025-10-02 01:41:08,107 - INFO - svr Fold 4 RMSE: 10.15, MAE: 7.79, R2: 0.78
2025-10-02 01:41:09,365 - INFO - svr Fold 5 RMSE: 6.30, MAE: 3.92, R2: 0.90
2025-10-02 01:41:09,365 - INFO - svr Average RMSE: 11.54, MAE: 8.70, R2: 0.76
2025-10-02 01:41:11,051 - INFO - Metrics for Islamabad:
2025-10-02 01:41:11,051 - INFO - random_forest: avg_rmse=9.84, avg_mae=7.13, avg_r2=0.83
2025-10-02 01:41:11,051 - INFO - ridge: avg_rmse=6.58, avg_mae=4.79, avg_r2=0.92
2025-10-02 01:41:11,051 - INFO - svr: avg_rmse=11.54, avg_mae=8.70, avg_r2=0.76
2025-10-03 01:40:25,304 - INFO - 
=== Training/Retraining Models for Karachi ===
2025-10-03 01:40:25,304 - INFO - Processing Karachi with data from data/Karachi_historical_aq.csv
2025-10-03 01:40:25,312 - INFO - Training random_forest for Karachi...
2025-10-03 01:40:25,579 - INFO - random_forest Fold 1 RMSE: 6.07, MAE: 4.66, R2: 0.02
2025-10-03 01:40:26,077 - INFO - random_forest Fold 2 RMSE: 4.03, MAE: 2.48, R2: 0.74
2025-10-03 01:40:26,811 - INFO - random_forest Fold 3 RMSE: 5.00, MAE: 3.55, R2: 0.76
2025-10-03 01:40:27,777 - INFO - random_forest Fold 4 RMSE: 6.73, MAE: 4.99, R2: 0.70
2025-10-03 01:40:29,060 - INFO - random_forest Fold 5 RMSE: 3.04, MAE: 2.08, R2: 0.93
2025-10-03 01:40:29,060 - INFO - random_forest Average RMSE: 4.97, MAE: 3.55, R2: 0.63
2025-10-03 01:40:30,655 - INFO - Training ridge for Karachi...
2025-10-03 01:40:30,662 - INFO - ridge Fold 1 RMSE: 0.79, MAE: 0.64, R2: 0.98
2025-10-03 01:40:30,668 - INFO - ridge Fold 2 RMSE: 1.09, MAE: 0.85, R2: 0.98
2025-10-03 01:40:30,673 - INFO - ridge Fold 3 RMSE: 1.66, MAE: 1.07, R2: 0.97
2025-10-03 01:40:30,679 - INFO - ridge Fold 4 RMSE: 1.97, MAE: 1.41, R2: 0.97
2025-10-03 01:40:30,685 - INFO - ridge Fold 5 RMSE: 1.27, MAE: 0.92, R2: 0.99
2025-10-03 01:40:30,685 - INFO - ridge Average RMSE: 1.36, MAE: 0.98, R2: 0.98
2025-10-03 01:40:30,689 - INFO - Training svr for Karachi...
2025-10-03 01:40:30,709 - INFO - svr Fold 1 RMSE: 8.08, MAE: 5.95, R2: -0.73
2025-10-03 01:40:30,778 - INFO - svr Fold 2 RMSE: 5.13, MAE: 3.66, R2: 0.58
2025-10-03 01:40:30,916 - INFO - svr Fold 3 RMSE: 8.12, MAE: 5.11, R2: 0.38
2025-10-03 01:40:31,158 - INFO - svr Fold 4 RMSE: 12.70, MAE: 9.67, R2: -0.08
2025-10-03 01:40:31,547 - INFO - svr Fold 5 RMSE: 7.93, MAE: 4.25, R2: 0.56
2025-10-03 01:40:31,547 - INFO - svr Average RMSE: 8.39, MAE: 5.73, R2: 0.14
2025-10-03 01:40:32,058 - INFO - Metrics for Karachi:
2025-10-03 01:40:32,058 - INFO - random_forest: avg_rmse=4.97, avg_mae=3.55, avg_r2=0.63
2025-10-03 01:40:32,058 - INFO - ridge: avg_rmse=1.36, avg_mae=0.98, avg_r2=0.98
2025-10-03 01:40:32,058 - INFO - svr: avg_rmse=8.39, avg_mae=5.73, avg_r2=0.14
2025-10-03 01:40:32,058 - INFO - 
=== Training/Retraining Models for Lahore ===
2025-10-03 01:40:32,058 - INFO - Processing Lahore with data from data/Lahore_historical_aq.csv
2025-10-03 01:40:32,065 - INFO - Training random_forest for Lahore...
2025-10-03 01:40:32,336 - INFO - random_forest Fold 1 RMSE: 9.75, MAE: 7.25, R2: 0.76
2025-10-03 01:40:32,835 - INFO - random_forest Fold 2 RMSE: 6.36, MAE: 4.72, R2: 0.83
2025-10-03 01:40:33,625 - INFO - random_forest Fold 3 RMSE: 20.67, MAE: 16.46, R2: 0.53
2025-10-03 01:40:34,669 - INFO - random_forest Fold 4 RMSE: 13.05, MAE: 9.51, R2: 0.66
2025-10-03 01:40:35,991 - INFO - random_forest Fold 5 RMSE: 8.88, MAE: 6.59, R2: 0.85
2025-10-03 01:40:35,991 - INFO - random_forest Average RMSE: 11.74, MAE: 8.90, R2: 0.73
2025-10-03 01:40:37,654 - INFO - Training ridge for Lahore...
2025-10-03 01:40:37,660 - INFO - ridge Fold 1 RMSE: 5.77, MAE: 4.66, R2: 0.92
2025-10-03 01:40:37,666 - INFO - ridge Fold 2 RMSE: 4.26, MAE: 3.21, R2: 0.93
2025-10-03 01:40:37,671 - INFO - ridge Fold 3 RMSE: 12.13, MAE: 8.53, R2: 0.84
2025-10-03 01:40:37,677 - INFO - ridge Fold 4 RMSE: 7.03, MAE: 4.85, R2: 0.90
2025-10-03 01:40:37,683 - INFO - ridge Fold 5 RMSE: 6.40, MAE: 4.49, R2: 0.92
2025-10-03 01:40:37,683 - INFO - ridge Average RMSE: 7.12, MAE: 5.15, R2: 0.90
2025-10-03 01:40:37,687 - INFO - Training svr for Lahore...
2025-10-03 01:40:37,735 - INFO - svr Fold 1 RMSE: 7.10, MAE: 4.68, R2: 0.87
2025-10-03 01:40:37,924 - INFO - svr Fold 2 RMSE: 8.05, MAE: 6.69, R2: 0.73
2025-10-03 01:40:38,250 - INFO - svr Fold 3 RMSE: 36.21, MAE: 27.24, R2: -0.43
2025-10-03 01:40:38,993 - INFO - svr Fold 4 RMSE: 10.36, MAE: 7.65, R2: 0.79
2025-10-03 01:40:40,133 - INFO - svr Fold 5 RMSE: 8.29, MAE: 5.77, R2: 0.87
2025-10-03 01:40:40,133 - INFO - svr Average RMSE: 14.00, MAE: 10.40, R2: 0.57
2025-10-03 01:40:41,818 - INFO - Metrics for Lahore:
2025-10-03 01:40:41,819 - INFO - random_forest: avg_rmse=11.74, avg_mae=8.90, avg_r2=0.73
2025-10-03 01:40:41,819 - INFO - ridge: avg_rmse=7.12, avg_mae=5.15, avg_r2=0.90
2025-10-03 01:40:41,819 - INFO - svr: avg_rmse=14.00, avg_mae=10.40, avg_r2=0.57
2025-10-03 01:40:41,819 - INFO - 
=== Training/Retraining Models for Islamabad ===
2025-10-03 01:40:41,819 - INFO - Processing Islamabad with data from data/Islamabad_historical_aq.csv
2025-10-03 01:40:41,824 - INFO - Training random_forest for Islamabad...
2025-10-03 01:40:42,089 - INFO - random_forest Fold 1 RMSE: 14.36, MAE: 10.79, R2: 0.80
2025-10-03 01:40:42,587 - INFO - random_forest Fold 2 RMSE: 9.10, MAE: 6.66, R2: 0.85
2025-10-03 01:40:43,339 - INFO - random_forest Fold 3 RMSE: 11.41, MAE: 8.30, R2: 0.77
2025-10-03 01:40:44,349 - INFO - random_forest Fold 4 RMSE: 6.52, MAE: 4.88, R2: 0.89
2025-10-03 01:40:45,642 - INFO - random_forest Fold 5 RMSE: 7.19, MAE: 4.03, R2: 0.88
2025-10-03 01:40:45,642 - INFO - random_forest Average RMSE: 9.72, MAE: 6.93, R2: 0.84
2025-10-03 01:40:47,275 - INFO - Training ridge for Islamabad...
2025-10-03 01:40:47,281 - INFO - ridge Fold 1 RMSE: 8.57, MAE: 6.43, R2: 0.93
2025-10-03 01:40:47,286 - INFO - ridge Fold 2 RMSE: 7.68, MAE: 5.88, R2: 0.90
2025-10-03 01:40:47,292 - INFO - ridge Fold 3 RMSE: 7.12, MAE: 4.95, R2: 0.91
2025-10-03 01:40:47,298 - INFO - ridge Fold 4 RMSE: 5.41, MAE: 3.70, R2: 0.92
2025-10-03 01:40:47,303 - INFO - ridge Fold 5 RMSE: 4.99, MAE: 3.69, R2: 0.94
2025-10-03 01:40:47,303 - INFO - ridge Average RMSE: 6.75, MAE: 4.93, R2: 0.92
2025-10-03 01:40:47,307 - INFO - Training svr for Islamabad...
2025-10-03 01:40:47,357 - INFO - svr Fold 1 RMSE: 14.13, MAE: 10.86, R2: 0.81
2025-10-03 01:40:47,558 - INFO - svr Fold 2 RMSE: 13.72, MAE: 10.99, R2: 0.67
2025-10-03 01:40:47,940 - INFO - svr Fold 3 RMSE: 16.35, MAE: 11.51, R2: 0.54
2025-10-03 01:40:48,783 - INFO - svr Fold 4 RMSE: 8.82, MAE: 6.53, R2: 0.80
2025-10-03 01:40:50,037 - INFO - svr Fold 5 RMSE: 6.30, MAE: 4.03, R2: 0.91
2025-10-03 01:40:50,038 - INFO - svr Average RMSE: 11.86, MAE: 8.78, R2: 0.74
2025-10-03 01:40:51,610 - INFO - Metrics for Islamabad:
2025-10-03 01:40:51,610 - INFO - random_forest: avg_rmse=9.72, avg_mae=6.93, avg_r2=0.84
2025-10-03 01:40:51,610 - INFO - ridge: avg_rmse=6.75, avg_mae=4.93, avg_r2=0.92
2025-10-03 01:40:51,610 - INFO - svr: avg_rmse=11.86, avg_mae=8.78, avg_r2=0.74
2025-10-04 01:37:14,813 - INFO - 
=== Training/Retraining Models for Karachi ===
2025-10-04 01:37:14,813 - INFO - Processing Karachi with data from data/Karachi_historical_aq.csv
2025-10-04 01:37:14,821 - INFO - Training random_forest for Karachi...
2025-10-04 01:37:15,098 - INFO - random_forest Fold 1 RMSE: 6.95, MAE: 5.34, R2: -0.39
2025-10-04 01:37:15,580 - INFO - random_forest Fold 2 RMSE: 4.33, MAE: 2.23, R2: 0.79
2025-10-04 01:37:16,336 - INFO - random_forest Fold 3 RMSE: 4.52, MAE: 3.29, R2: 0.80
2025-10-04 01:37:17,318 - INFO - random_forest Fold 4 RMSE: 6.70, MAE: 4.98, R2: 0.66
2025-10-04 01:37:18,604 - INFO - random_forest Fold 5 RMSE: 4.97, MAE: 3.20, R2: 0.89
2025-10-04 01:37:18,604 - INFO - random_forest Average RMSE: 5.49, MAE: 3.81, R2: 0.55
2025-10-04 01:37:20,259 - INFO - Training ridge for Karachi...
2025-10-04 01:37:20,266 - INFO - ridge Fold 1 RMSE: 0.77, MAE: 0.63, R2: 0.98
2025-10-04 01:37:20,272 - INFO - ridge Fold 2 RMSE: 1.03, MAE: 0.73, R2: 0.99
2025-10-04 01:37:20,278 - INFO - ridge Fold 3 RMSE: 1.67, MAE: 1.04, R2: 0.97
2025-10-04 01:37:20,283 - INFO - ridge Fold 4 RMSE: 1.97, MAE: 1.42, R2: 0.97
2025-10-04 01:37:20,289 - INFO - ridge Fold 5 RMSE: 1.91, MAE: 1.24, R2: 0.98
2025-10-04 01:37:20,290 - INFO - ridge Average RMSE: 1.47, MAE: 1.01, R2: 0.98
2025-10-04 01:37:20,304 - INFO - Training svr for Karachi...
2025-10-04 01:37:20,325 - INFO - svr Fold 1 RMSE: 9.33, MAE: 7.21, R2: -1.51
2025-10-04 01:37:20,389 - INFO - svr Fold 2 RMSE: 5.87, MAE: 3.81, R2: 0.61
2025-10-04 01:37:20,514 - INFO - svr Fold 3 RMSE: 6.97, MAE: 4.48, R2: 0.51
2025-10-04 01:37:20,765 - INFO - svr Fold 4 RMSE: 12.64, MAE: 9.70, R2: -0.19
2025-10-04 01:37:21,160 - INFO - svr Fold 5 RMSE: 10.69, MAE: 5.94, R2: 0.49
2025-10-04 01:37:21,160 - INFO - svr Average RMSE: 9.10, MAE: 6.23, R2: -0.02
2025-10-04 01:37:21,713 - INFO - Metrics for Karachi:
2025-10-04 01:37:21,714 - INFO - random_forest: avg_rmse=5.49, avg_mae=3.81, avg_r2=0.55
2025-10-04 01:37:21,714 - INFO - ridge: avg_rmse=1.47, avg_mae=1.01, avg_r2=0.98
2025-10-04 01:37:21,714 - INFO - svr: avg_rmse=9.10, avg_mae=6.23, avg_r2=-0.02
2025-10-04 01:37:21,714 - INFO - 
=== Training/Retraining Models for Lahore ===
2025-10-04 01:37:21,714 - INFO - Processing Lahore with data from data/Lahore_historical_aq.csv
2025-10-04 01:37:21,721 - INFO - Training random_forest for Lahore...
2025-10-04 01:37:21,997 - INFO - random_forest Fold 1 RMSE: 11.70, MAE: 8.42, R2: 0.58
2025-10-04 01:37:22,504 - INFO - random_forest Fold 2 RMSE: 6.26, MAE: 4.58, R2: 0.87
2025-10-04 01:37:23,291 - INFO - random_forest Fold 3 RMSE: 20.94, MAE: 17.36, R2: 0.53
2025-10-04 01:37:24,347 - INFO - random_forest Fold 4 RMSE: 12.95, MAE: 9.35, R2: 0.66
2025-10-04 01:37:25,692 - INFO - random_forest Fold 5 RMSE: 7.88, MAE: 5.66, R2: 0.88
2025-10-04 01:37:25,692 - INFO - random_forest Average RMSE: 11.95, MAE: 9.07, R2: 0.70
2025-10-04 01:37:27,362 - INFO - Training ridge for Lahore...
2025-10-04 01:37:27,369 - INFO - ridge Fold 1 RMSE: 5.56, MAE: 4.35, R2: 0.91
2025-10-04 01:37:27,374 - INFO - ridge Fold 2 RMSE: 4.37, MAE: 3.37, R2: 0.94
2025-10-04 01:37:27,380 - INFO - ridge Fold 3 RMSE: 12.01, MAE: 8.42, R2: 0.84
2025-10-04 01:37:27,386 - INFO - ridge Fold 4 RMSE: 6.96, MAE: 4.74, R2: 0.90
2025-10-04 01:37:27,392 - INFO - ridge Fold 5 RMSE: 6.45, MAE: 4.69, R2: 0.92
2025-10-04 01:37:27,392 - INFO - ridge Average RMSE: 7.07, MAE: 5.12, R2: 0.90
2025-10-04 01:37:27,396 - INFO - Training svr for Lahore...
2025-10-04 01:37:27,447 - INFO - svr Fold 1 RMSE: 6.86, MAE: 4.29, R2: 0.86
2025-10-04 01:37:27,621 - INFO - svr Fold 2 RMSE: 6.98, MAE: 5.41, R2: 0.84
2025-10-04 01:37:27,977 - INFO - svr Fold 3 RMSE: 38.65, MAE: 30.20, R2: -0.61
2025-10-04 01:37:28,658 - INFO - svr Fold 4 RMSE: 8.85, MAE: 6.31, R2: 0.84
2025-10-04 01:37:29,812 - INFO - svr Fold 5 RMSE: 8.92, MAE: 6.37, R2: 0.85
2025-10-04 01:37:29,812 - INFO - svr Average RMSE: 14.05, MAE: 10.52, R2: 0.55
2025-10-04 01:37:31,549 - INFO - Metrics for Lahore:
2025-10-04 01:37:31,550 - INFO - random_forest: avg_rmse=11.95, avg_mae=9.07, avg_r2=0.70
2025-10-04 01:37:31,550 - INFO - ridge: avg_rmse=7.07, avg_mae=5.12, avg_r2=0.90
2025-10-04 01:37:31,550 - INFO - svr: avg_rmse=14.05, avg_mae=10.52, avg_r2=0.55
2025-10-04 01:37:31,550 - INFO - 
=== Training/Retraining Models for Islamabad ===
2025-10-04 01:37:31,550 - INFO - Processing Islamabad with data from data/Islamabad_historical_aq.csv
2025-10-04 01:37:31,555 - INFO - Training random_forest for Islamabad...
2025-10-04 01:37:31,823 - INFO - random_forest Fold 1 RMSE: 15.35, MAE: 11.99, R2: 0.76
2025-10-04 01:37:32,322 - INFO - random_forest Fold 2 RMSE: 9.26, MAE: 6.72, R2: 0.84
2025-10-04 01:37:33,083 - INFO - random_forest Fold 3 RMSE: 11.65, MAE: 8.69, R2: 0.76
2025-10-04 01:37:34,091 - INFO - random_forest Fold 4 RMSE: 5.84, MAE: 4.23, R2: 0.91
2025-10-04 01:37:35,381 - INFO - random_forest Fold 5 RMSE: 6.68, MAE: 3.63, R2: 0.89
2025-10-04 01:37:35,381 - INFO - random_forest Average RMSE: 9.76, MAE: 7.05, R2: 0.83
2025-10-04 01:37:37,017 - INFO - Training ridge for Islamabad...
2025-10-04 01:37:37,024 - INFO - ridge Fold 1 RMSE: 8.37, MAE: 6.21, R2: 0.93
2025-10-04 01:37:37,029 - INFO - ridge Fold 2 RMSE: 7.19, MAE: 5.38, R2: 0.90
2025-10-04 01:37:37,035 - INFO - ridge Fold 3 RMSE: 7.08, MAE: 4.87, R2: 0.91
2025-10-04 01:37:37,041 - INFO - ridge Fold 4 RMSE: 5.12, MAE: 3.51, R2: 0.93
2025-10-04 01:37:37,047 - INFO - ridge Fold 5 RMSE: 4.96, MAE: 3.65, R2: 0.94
2025-10-04 01:37:37,047 - INFO - ridge Average RMSE: 6.55, MAE: 4.72, R2: 0.92
2025-10-04 01:37:37,051 - INFO - Training svr for Islamabad...
2025-10-04 01:37:37,107 - INFO - svr Fold 1 RMSE: 15.35, MAE: 11.63, R2: 0.76
2025-10-04 01:37:37,317 - INFO - svr Fold 2 RMSE: 12.13, MAE: 9.45, R2: 0.72
2025-10-04 01:37:37,726 - INFO - svr Fold 3 RMSE: 18.07, MAE: 13.20, R2: 0.42
2025-10-04 01:37:38,520 - INFO - svr Fold 4 RMSE: 9.18, MAE: 6.86, R2: 0.77
2025-10-04 01:37:39,751 - INFO - svr Fold 5 RMSE: 6.56, MAE: 4.11, R2: 0.90
2025-10-04 01:37:39,751 - INFO - svr Average RMSE: 12.26, MAE: 9.05, R2: 0.71
2025-10-04 01:37:41,545 - INFO - Metrics for Islamabad:
2025-10-04 01:37:41,545 - INFO - random_forest: avg_rmse=9.76, avg_mae=7.05, avg_r2=0.83
2025-10-04 01:37:41,545 - INFO - ridge: avg_rmse=6.55, avg_mae=4.72, avg_r2=0.92
2025-10-04 01:37:41,545 - INFO - svr: avg_rmse=12.26, avg_mae=9.05, avg_r2=0.71
2025-10-05 01:50:18,768 - INFO - 
=== Training/Retraining Models for Karachi ===
2025-10-05 01:50:18,768 - INFO - Processing Karachi with data from data/Karachi_historical_aq.csv
2025-10-05 01:50:18,776 - INFO - Training random_forest for Karachi...
2025-10-05 01:50:19,050 - INFO - random_forest Fold 1 RMSE: 7.90, MAE: 6.26, R2: -0.89
2025-10-05 01:50:19,543 - INFO - random_forest Fold 2 RMSE: 4.43, MAE: 2.36, R2: 0.80
2025-10-05 01:50:20,287 - INFO - random_forest Fold 3 RMSE: 4.32, MAE: 3.16, R2: 0.81
2025-10-05 01:50:21,267 - INFO - random_forest Fold 4 RMSE: 6.56, MAE: 4.81, R2: 0.70
2025-10-05 01:50:22,543 - INFO - random_forest Fold 5 RMSE: 5.42, MAE: 3.71, R2: 0.88
2025-10-05 01:50:22,544 - INFO - random_forest Average RMSE: 5.73, MAE: 4.06, R2: 0.46
2025-10-05 01:50:24,124 - INFO - Training ridge for Karachi...
2025-10-05 01:50:24,131 - INFO - ridge Fold 1 RMSE: 0.72, MAE: 0.59, R2: 0.98
2025-10-05 01:50:24,136 - INFO - ridge Fold 2 RMSE: 1.15, MAE: 0.75, R2: 0.99
2025-10-05 01:50:24,142 - INFO - ridge Fold 3 RMSE: 1.56, MAE: 1.03, R2: 0.98
2025-10-05 01:50:24,148 - INFO - ridge Fold 4 RMSE: 1.95, MAE: 1.41, R2: 0.97
2025-10-05 01:50:24,154 - INFO - ridge Fold 5 RMSE: 3.04, MAE: 1.75, R2: 0.96
2025-10-05 01:50:24,154 - INFO - ridge Average RMSE: 1.69, MAE: 1.11, R2: 0.98
2025-10-05 01:50:24,158 - INFO - Training svr for Karachi...
2025-10-05 01:50:24,176 - INFO - svr Fold 1 RMSE: 9.31, MAE: 7.24, R2: -1.62
2025-10-05 01:50:24,238 - INFO - svr Fold 2 RMSE: 6.27, MAE: 4.11, R2: 0.60
2025-10-05 01:50:24,358 - INFO - svr Fold 3 RMSE: 6.93, MAE: 4.26, R2: 0.51
2025-10-05 01:50:24,595 - INFO - svr Fold 4 RMSE: 12.48, MAE: 9.55, R2: -0.07
2025-10-05 01:50:24,960 - INFO - svr Fold 5 RMSE: 12.28, MAE: 7.48, R2: 0.39
2025-10-05 01:50:24,960 - INFO - svr Average RMSE: 9.45, MAE: 6.53, R2: -0.04
2025-10-05 01:50:25,512 - INFO - Metrics for Karachi:
2025-10-05 01:50:25,512 - INFO - random_forest: avg_rmse=5.73, avg_mae=4.06, avg_r2=0.46
2025-10-05 01:50:25,512 - INFO - ridge: avg_rmse=1.69, avg_mae=1.11, avg_r2=0.98
2025-10-05 01:50:25,512 - INFO - svr: avg_rmse=9.45, avg_mae=6.53, avg_r2=-0.04
2025-10-05 01:50:25,512 - INFO - 
=== Training/Retraining Models for Lahore ===
2025-10-05 01:50:25,513 - INFO - Processing Lahore with data from data/Lahore_historical_aq.csv
2025-10-05 01:50:25,519 - INFO - Training random_forest for Lahore...
2025-10-05 01:50:25,792 - INFO - random_forest Fold 1 RMSE: 14.06, MAE: 10.53, R2: 0.40
2025-10-05 01:50:26,309 - INFO - random_forest Fold 2 RMSE: 8.80, MAE: 5.54, R2: 0.78
2025-10-05 01:50:27,107 - INFO - random_forest Fold 3 RMSE: 21.03, MAE: 17.62, R2: 0.44
2025-10-05 01:50:28,158 - INFO - random_forest Fold 4 RMSE: 13.28, MAE: 9.76, R2: 0.63
2025-10-05 01:50:29,487 - INFO - random_forest Fold 5 RMSE: 6.93, MAE: 4.75, R2: 0.91
2025-10-05 01:50:29,487 - INFO - random_forest Average RMSE: 12.82, MAE: 9.64, R2: 0.63
2025-10-05 01:50:31,158 - INFO - Training ridge for Lahore...
2025-10-05 01:50:31,164 - INFO - ridge Fold 1 RMSE: 6.19, MAE: 4.83, R2: 0.88
2025-10-05 01:50:31,170 - INFO - ridge Fold 2 RMSE: 5.23, MAE: 3.80, R2: 0.92
2025-10-05 01:50:31,178 - INFO - ridge Fold 3 RMSE: 12.51, MAE: 8.57, R2: 0.80
2025-10-05 01:50:31,186 - INFO - ridge Fold 4 RMSE: 7.03, MAE: 4.73, R2: 0.90
2025-10-05 01:50:31,194 - INFO - ridge Fold 5 RMSE: 6.26, MAE: 4.62, R2: 0.92
2025-10-05 01:50:31,194 - INFO - ridge Average RMSE: 7.44, MAE: 5.31, R2: 0.89
2025-10-05 01:50:31,200 - INFO - Training svr for Lahore...
2025-10-05 01:50:31,269 - INFO - svr Fold 1 RMSE: 7.73, MAE: 5.23, R2: 0.82
2025-10-05 01:50:31,459 - INFO - svr Fold 2 RMSE: 7.71, MAE: 5.10, R2: 0.83
2025-10-05 01:50:31,806 - INFO - svr Fold 3 RMSE: 40.33, MAE: 32.35, R2: -1.04
2025-10-05 01:50:32,451 - INFO - svr Fold 4 RMSE: 8.73, MAE: 6.17, R2: 0.84
2025-10-05 01:50:33,577 - INFO - svr Fold 5 RMSE: 7.95, MAE: 5.92, R2: 0.88
2025-10-05 01:50:33,577 - INFO - svr Average RMSE: 14.49, MAE: 10.95, R2: 0.47
2025-10-05 01:50:35,204 - INFO - Metrics for Lahore:
2025-10-05 01:50:35,204 - INFO - random_forest: avg_rmse=12.82, avg_mae=9.64, avg_r2=0.63
2025-10-05 01:50:35,204 - INFO - ridge: avg_rmse=7.44, avg_mae=5.31, avg_r2=0.89
2025-10-05 01:50:35,204 - INFO - svr: avg_rmse=14.49, avg_mae=10.95, avg_r2=0.47
2025-10-05 01:50:35,204 - INFO - 
=== Training/Retraining Models for Islamabad ===
2025-10-05 01:50:35,204 - INFO - Processing Islamabad with data from data/Islamabad_historical_aq.csv
2025-10-05 01:50:35,210 - INFO - Training random_forest for Islamabad...
2025-10-05 01:50:35,480 - INFO - random_forest Fold 1 RMSE: 15.44, MAE: 12.22, R2: 0.74
2025-10-05 01:50:35,977 - INFO - random_forest Fold 2 RMSE: 8.00, MAE: 6.08, R2: 0.88
2025-10-05 01:50:36,741 - INFO - random_forest Fold 3 RMSE: 11.42, MAE: 8.67, R2: 0.77
2025-10-05 01:50:37,748 - INFO - random_forest Fold 4 RMSE: 5.54, MAE: 3.87, R2: 0.90
2025-10-05 01:50:39,045 - INFO - random_forest Fold 5 RMSE: 6.55, MAE: 3.60, R2: 0.90
2025-10-05 01:50:39,045 - INFO - random_forest Average RMSE: 9.39, MAE: 6.89, R2: 0.84
2025-10-05 01:50:40,687 - INFO - Training ridge for Islamabad...
2025-10-05 01:50:40,694 - INFO - ridge Fold 1 RMSE: 8.73, MAE: 6.40, R2: 0.92
2025-10-05 01:50:40,700 - INFO - ridge Fold 2 RMSE: 7.23, MAE: 5.40, R2: 0.91
2025-10-05 01:50:40,706 - INFO - ridge Fold 3 RMSE: 7.01, MAE: 4.76, R2: 0.91
2025-10-05 01:50:40,712 - INFO - ridge Fold 4 RMSE: 5.21, MAE: 3.62, R2: 0.91
2025-10-05 01:50:40,717 - INFO - ridge Fold 5 RMSE: 4.98, MAE: 3.62, R2: 0.94
2025-10-05 01:50:40,718 - INFO - ridge Average RMSE: 6.63, MAE: 4.76, R2: 0.92
2025-10-05 01:50:40,722 - INFO - Training svr for Islamabad...
2025-10-05 01:50:40,766 - INFO - svr Fold 1 RMSE: 14.75, MAE: 11.00, R2: 0.76
2025-10-05 01:50:40,946 - INFO - svr Fold 2 RMSE: 11.98, MAE: 9.19, R2: 0.74
2025-10-05 01:50:41,317 - INFO - svr Fold 3 RMSE: 18.93, MAE: 14.55, R2: 0.36
2025-10-05 01:50:42,043 - INFO - svr Fold 4 RMSE: 9.04, MAE: 6.62, R2: 0.73
2025-10-05 01:50:43,265 - INFO - svr Fold 5 RMSE: 6.66, MAE: 4.23, R2: 0.89
2025-10-05 01:50:43,265 - INFO - svr Average RMSE: 12.27, MAE: 9.12, R2: 0.70
2025-10-05 01:50:44,922 - INFO - Metrics for Islamabad:
2025-10-05 01:50:44,922 - INFO - random_forest: avg_rmse=9.39, avg_mae=6.89, avg_r2=0.84
2025-10-05 01:50:44,922 - INFO - ridge: avg_rmse=6.63, avg_mae=4.76, avg_r2=0.92
2025-10-05 01:50:44,922 - INFO - svr: avg_rmse=12.27, avg_mae=9.12, avg_r2=0.70
2025-10-06 01:44:07,576 - INFO - 
=== Training/Retraining Models for Karachi ===
2025-10-06 01:44:07,577 - INFO - Processing Karachi with data from data/Karachi_historical_aq.csv
2025-10-06 01:44:07,585 - INFO - Training random_forest for Karachi...
2025-10-06 01:44:07,856 - INFO - random_forest Fold 1 RMSE: 7.81, MAE: 6.27, R2: -0.82
2025-10-06 01:44:08,344 - INFO - random_forest Fold 2 RMSE: 4.48, MAE: 2.42, R2: 0.80
2025-10-06 01:44:09,087 - INFO - random_forest Fold 3 RMSE: 5.68, MAE: 3.81, R2: 0.67
2025-10-06 01:44:10,069 - INFO - random_forest Fold 4 RMSE: 6.53, MAE: 4.82, R2: 0.70
2025-10-06 01:44:11,352 - INFO - random_forest Fold 5 RMSE: 5.44, MAE: 3.82, R2: 0.88
2025-10-06 01:44:11,352 - INFO - random_forest Average RMSE: 5.99, MAE: 4.23, R2: 0.45
2025-10-06 01:44:12,931 - INFO - Training ridge for Karachi...
2025-10-06 01:44:12,938 - INFO - ridge Fold 1 RMSE: 0.69, MAE: 0.55, R2: 0.99
2025-10-06 01:44:12,944 - INFO - ridge Fold 2 RMSE: 1.18, MAE: 0.77, R2: 0.99
2025-10-06 01:44:12,950 - INFO - ridge Fold 3 RMSE: 1.52, MAE: 0.99, R2: 0.98
2025-10-06 01:44:12,956 - INFO - ridge Fold 4 RMSE: 1.94, MAE: 1.40, R2: 0.97
2025-10-06 01:44:12,961 - INFO - ridge Fold 5 RMSE: 3.25, MAE: 1.97, R2: 0.96
2025-10-06 01:44:12,962 - INFO - ridge Average RMSE: 1.72, MAE: 1.13, R2: 0.98
2025-10-06 01:44:12,966 - INFO - Training svr for Karachi...
2025-10-06 01:44:12,983 - INFO - svr Fold 1 RMSE: 9.24, MAE: 7.32, R2: -1.55
2025-10-06 01:44:13,039 - INFO - svr Fold 2 RMSE: 6.45, MAE: 4.22, R2: 0.58
2025-10-06 01:44:13,159 - INFO - svr Fold 3 RMSE: 7.27, MAE: 4.33, R2: 0.46
2025-10-06 01:44:13,371 - INFO - svr Fold 4 RMSE: 12.47, MAE: 9.58, R2: -0.08
2025-10-06 01:44:13,729 - INFO - svr Fold 5 RMSE: 12.75, MAE: 8.22, R2: 0.36
2025-10-06 01:44:13,729 - INFO - svr Average RMSE: 9.64, MAE: 6.73, R2: -0.05
2025-10-06 01:44:14,316 - INFO - Metrics for Karachi:
2025-10-06 01:44:14,316 - INFO - random_forest: avg_rmse=5.99, avg_mae=4.23, avg_r2=0.45
2025-10-06 01:44:14,316 - INFO - ridge: avg_rmse=1.72, avg_mae=1.13, avg_r2=0.98
2025-10-06 01:44:14,316 - INFO - svr: avg_rmse=9.64, avg_mae=6.73, avg_r2=-0.05
2025-10-06 01:44:14,316 - INFO - 
=== Training/Retraining Models for Lahore ===
2025-10-06 01:44:14,316 - INFO - Processing Lahore with data from data/Lahore_historical_aq.csv
2025-10-06 01:44:14,323 - INFO - Training random_forest for Lahore...
2025-10-06 01:44:14,597 - INFO - random_forest Fold 1 RMSE: 16.24, MAE: 13.03, R2: 0.23
2025-10-06 01:44:15,115 - INFO - random_forest Fold 2 RMSE: 10.19, MAE: 6.62, R2: 0.71
2025-10-06 01:44:15,907 - INFO - random_forest Fold 3 RMSE: 21.24, MAE: 18.04, R2: 0.28
2025-10-06 01:44:16,945 - INFO - random_forest Fold 4 RMSE: 12.34, MAE: 8.92, R2: 0.72
2025-10-06 01:44:18,273 - INFO - random_forest Fold 5 RMSE: 7.18, MAE: 4.97, R2: 0.90
2025-10-06 01:44:18,273 - INFO - random_forest Average RMSE: 13.44, MAE: 10.31, R2: 0.57
2025-10-06 01:44:19,939 - INFO - Training ridge for Lahore...
2025-10-06 01:44:19,946 - INFO - ridge Fold 1 RMSE: 6.14, MAE: 4.71, R2: 0.89
2025-10-06 01:44:19,951 - INFO - ridge Fold 2 RMSE: 5.58, MAE: 4.03, R2: 0.91
2025-10-06 01:44:19,957 - INFO - ridge Fold 3 RMSE: 13.20, MAE: 9.39, R2: 0.72
2025-10-06 01:44:19,963 - INFO - ridge Fold 4 RMSE: 6.49, MAE: 4.34, R2: 0.92
2025-10-06 01:44:19,969 - INFO - ridge Fold 5 RMSE: 6.41, MAE: 4.71, R2: 0.92
2025-10-06 01:44:19,969 - INFO - ridge Average RMSE: 7.56, MAE: 5.43, R2: 0.87
2025-10-06 01:44:19,973 - INFO - Training svr for Lahore...
2025-10-06 01:44:20,031 - INFO - svr Fold 1 RMSE: 7.81, MAE: 5.37, R2: 0.82
2025-10-06 01:44:20,202 - INFO - svr Fold 2 RMSE: 7.76, MAE: 5.25, R2: 0.83
2025-10-06 01:44:20,551 - INFO - svr Fold 3 RMSE: 40.52, MAE: 33.13, R2: -1.62
2025-10-06 01:44:21,201 - INFO - svr Fold 4 RMSE: 8.03, MAE: 5.71, R2: 0.88
2025-10-06 01:44:22,333 - INFO - svr Fold 5 RMSE: 7.64, MAE: 5.65, R2: 0.89
2025-10-06 01:44:22,333 - INFO - svr Average RMSE: 14.35, MAE: 11.02, R2: 0.36
2025-10-06 01:44:24,073 - INFO - Metrics for Lahore:
2025-10-06 01:44:24,073 - INFO - random_forest: avg_rmse=13.44, avg_mae=10.31, avg_r2=0.57
2025-10-06 01:44:24,073 - INFO - ridge: avg_rmse=7.56, avg_mae=5.43, avg_r2=0.87
2025-10-06 01:44:24,073 - INFO - svr: avg_rmse=14.35, avg_mae=11.02, avg_r2=0.36
2025-10-06 01:44:24,073 - INFO - 
=== Training/Retraining Models for Islamabad ===
2025-10-06 01:44:24,073 - INFO - Processing Islamabad with data from data/Islamabad_historical_aq.csv
2025-10-06 01:44:24,079 - INFO - Training random_forest for Islamabad...
2025-10-06 01:44:24,351 - INFO - random_forest Fold 1 RMSE: 15.46, MAE: 12.47, R2: 0.73
2025-10-06 01:44:24,859 - INFO - random_forest Fold 2 RMSE: 7.57, MAE: 5.62, R2: 0.91
2025-10-06 01:44:25,624 - INFO - random_forest Fold 3 RMSE: 11.13, MAE: 7.73, R2: 0.79
2025-10-06 01:44:26,640 - INFO - random_forest Fold 4 RMSE: 5.48, MAE: 3.93, R2: 0.87
2025-10-06 01:44:27,927 - INFO - random_forest Fold 5 RMSE: 6.43, MAE: 3.56, R2: 0.90
2025-10-06 01:44:27,927 - INFO - random_forest Average RMSE: 9.21, MAE: 6.66, R2: 0.84
2025-10-06 01:44:29,565 - INFO - Training ridge for Islamabad...
2025-10-06 01:44:29,572 - INFO - ridge Fold 1 RMSE: 9.09, MAE: 6.50, R2: 0.91
2025-10-06 01:44:29,578 - INFO - ridge Fold 2 RMSE: 7.06, MAE: 5.28, R2: 0.92
2025-10-06 01:44:29,583 - INFO - ridge Fold 3 RMSE: 7.07, MAE: 4.85, R2: 0.92
2025-10-06 01:44:29,589 - INFO - ridge Fold 4 RMSE: 4.81, MAE: 3.32, R2: 0.90
2025-10-06 01:44:29,595 - INFO - ridge Fold 5 RMSE: 5.00, MAE: 3.65, R2: 0.94
2025-10-06 01:44:29,595 - INFO - ridge Average RMSE: 6.60, MAE: 4.72, R2: 0.92
2025-10-06 01:44:29,599 - INFO - Training svr for Islamabad...
2025-10-06 01:44:29,646 - INFO - svr Fold 1 RMSE: 14.98, MAE: 11.42, R2: 0.75
2025-10-06 01:44:29,826 - INFO - svr Fold 2 RMSE: 11.66, MAE: 9.04, R2: 0.78
2025-10-06 01:44:30,209 - INFO - svr Fold 3 RMSE: 19.34, MAE: 15.02, R2: 0.37
2025-10-06 01:44:30,944 - INFO - svr Fold 4 RMSE: 8.25, MAE: 6.16, R2: 0.71
2025-10-06 01:44:32,153 - INFO - svr Fold 5 RMSE: 6.52, MAE: 4.30, R2: 0.90
2025-10-06 01:44:32,153 - INFO - svr Average RMSE: 12.15, MAE: 9.19, R2: 0.70
2025-10-06 01:44:33,855 - INFO - Metrics for Islamabad:
2025-10-06 01:44:33,855 - INFO - random_forest: avg_rmse=9.21, avg_mae=6.66, avg_r2=0.84
2025-10-06 01:44:33,855 - INFO - ridge: avg_rmse=6.60, avg_mae=4.72, avg_r2=0.92
2025-10-06 01:44:33,855 - INFO - svr: avg_rmse=12.15, avg_mae=9.19, avg_r2=0.70
2025-10-07 01:41:25,138 - INFO - 
=== Training/Retraining Models for Karachi ===
2025-10-07 01:41:25,138 - INFO - Processing Karachi with data from data/Karachi_historical_aq.csv
2025-10-07 01:41:25,146 - INFO - Training random_forest for Karachi...
2025-10-07 01:41:25,416 - INFO - random_forest Fold 1 RMSE: 7.96, MAE: 6.56, R2: -0.81
2025-10-07 01:41:25,897 - INFO - random_forest Fold 2 RMSE: 4.52, MAE: 2.54, R2: 0.78
2025-10-07 01:41:26,643 - INFO - random_forest Fold 3 RMSE: 5.54, MAE: 3.45, R2: 0.67
2025-10-07 01:41:27,631 - INFO - random_forest Fold 4 RMSE: 6.48, MAE: 4.80, R2: 0.70
2025-10-07 01:41:28,910 - INFO - random_forest Fold 5 RMSE: 6.29, MAE: 4.36, R2: 0.86
2025-10-07 01:41:28,910 - INFO - random_forest Average RMSE: 6.16, MAE: 4.34, R2: 0.44
2025-10-07 01:41:30,499 - INFO - Training ridge for Karachi...
2025-10-07 01:41:30,506 - INFO - ridge Fold 1 RMSE: 0.70, MAE: 0.56, R2: 0.99
2025-10-07 01:41:30,512 - INFO - ridge Fold 2 RMSE: 1.26, MAE: 0.79, R2: 0.98
2025-10-07 01:41:30,517 - INFO - ridge Fold 3 RMSE: 1.52, MAE: 0.97, R2: 0.98
2025-10-07 01:41:30,523 - INFO - ridge Fold 4 RMSE: 1.94, MAE: 1.41, R2: 0.97
2025-10-07 01:41:30,529 - INFO - ridge Fold 5 RMSE: 3.58, MAE: 2.27, R2: 0.95
2025-10-07 01:41:30,529 - INFO - ridge Average RMSE: 1.80, MAE: 1.20, R2: 0.97
2025-10-07 01:41:30,533 - INFO - Training svr for Karachi...
2025-10-07 01:41:30,551 - INFO - svr Fold 1 RMSE: 9.81, MAE: 7.91, R2: -1.75
2025-10-07 01:41:30,604 - INFO - svr Fold 2 RMSE: 6.82, MAE: 4.51, R2: 0.49
2025-10-07 01:41:30,718 - INFO - svr Fold 3 RMSE: 7.67, MAE: 4.49, R2: 0.37
2025-10-07 01:41:30,931 - INFO - svr Fold 4 RMSE: 12.31, MAE: 9.33, R2: -0.08
2025-10-07 01:41:31,278 - INFO - svr Fold 5 RMSE: 13.23, MAE: 9.03, R2: 0.36
2025-10-07 01:41:31,278 - INFO - svr Average RMSE: 9.97, MAE: 7.05, R2: -0.12
2025-10-07 01:41:31,839 - INFO - Metrics for Karachi:
2025-10-07 01:41:31,839 - INFO - random_forest: avg_rmse=6.16, avg_mae=4.34, avg_r2=0.44
2025-10-07 01:41:31,839 - INFO - ridge: avg_rmse=1.80, avg_mae=1.20, avg_r2=0.97
2025-10-07 01:41:31,839 - INFO - svr: avg_rmse=9.97, avg_mae=7.05, avg_r2=-0.12
2025-10-07 01:41:31,840 - INFO - 
=== Training/Retraining Models for Lahore ===
2025-10-07 01:41:31,840 - INFO - Processing Lahore with data from data/Lahore_historical_aq.csv
2025-10-07 01:41:31,846 - INFO - Training random_forest for Lahore...
2025-10-07 01:41:32,117 - INFO - random_forest Fold 1 RMSE: 15.94, MAE: 12.50, R2: 0.26
2025-10-07 01:41:32,640 - INFO - random_forest Fold 2 RMSE: 10.33, MAE: 6.79, R2: 0.74
2025-10-07 01:41:33,431 - INFO - random_forest Fold 3 RMSE: 21.53, MAE: 18.73, R2: 0.29
2025-10-07 01:41:34,470 - INFO - random_forest Fold 4 RMSE: 12.08, MAE: 8.65, R2: 0.78
2025-10-07 01:41:35,802 - INFO - random_forest Fold 5 RMSE: 7.16, MAE: 4.91, R2: 0.91
2025-10-07 01:41:35,803 - INFO - random_forest Average RMSE: 13.40, MAE: 10.32, R2: 0.59
2025-10-07 01:41:37,484 - INFO - Training ridge for Lahore...
2025-10-07 01:41:37,491 - INFO - ridge Fold 1 RMSE: 5.69, MAE: 4.31, R2: 0.91
2025-10-07 01:41:37,496 - INFO - ridge Fold 2 RMSE: 5.74, MAE: 4.16, R2: 0.92
2025-10-07 01:41:37,502 - INFO - ridge Fold 3 RMSE: 13.53, MAE: 9.71, R2: 0.72
2025-10-07 01:41:37,508 - INFO - ridge Fold 4 RMSE: 6.65, MAE: 4.44, R2: 0.93
2025-10-07 01:41:37,514 - INFO - ridge Fold 5 RMSE: 6.64, MAE: 4.97, R2: 0.92
2025-10-07 01:41:37,514 - INFO - ridge Average RMSE: 7.65, MAE: 5.52, R2: 0.88
2025-10-07 01:41:37,518 - INFO - Training svr for Lahore...
2025-10-07 01:41:37,571 - INFO - svr Fold 1 RMSE: 7.68, MAE: 5.06, R2: 0.83
2025-10-07 01:41:37,751 - INFO - svr Fold 2 RMSE: 8.23, MAE: 5.40, R2: 0.83
2025-10-07 01:41:38,110 - INFO - svr Fold 3 RMSE: 40.44, MAE: 33.19, R2: -1.51
2025-10-07 01:41:38,764 - INFO - svr Fold 4 RMSE: 8.29, MAE: 5.77, R2: 0.90
2025-10-07 01:41:39,989 - INFO - svr Fold 5 RMSE: 7.18, MAE: 4.94, R2: 0.90
2025-10-07 01:41:39,989 - INFO - svr Average RMSE: 14.36, MAE: 10.87, R2: 0.39
2025-10-07 01:41:41,599 - INFO - Metrics for Lahore:
2025-10-07 01:41:41,599 - INFO - random_forest: avg_rmse=13.40, avg_mae=10.32, avg_r2=0.59
2025-10-07 01:41:41,599 - INFO - ridge: avg_rmse=7.65, avg_mae=5.52, avg_r2=0.88
2025-10-07 01:41:41,599 - INFO - svr: avg_rmse=14.36, avg_mae=10.87, avg_r2=0.39
2025-10-07 01:41:41,599 - INFO - 
=== Training/Retraining Models for Islamabad ===
2025-10-07 01:41:41,599 - INFO - Processing Islamabad with data from data/Islamabad_historical_aq.csv
2025-10-07 01:41:41,605 - INFO - Training random_forest for Islamabad...
2025-10-07 01:41:41,868 - INFO - random_forest Fold 1 RMSE: 14.82, MAE: 12.10, R2: 0.74
2025-10-07 01:41:42,367 - INFO - random_forest Fold 2 RMSE: 9.18, MAE: 6.53, R2: 0.86
2025-10-07 01:41:43,125 - INFO - random_forest Fold 3 RMSE: 11.46, MAE: 7.94, R2: 0.78
2025-10-07 01:41:44,127 - INFO - random_forest Fold 4 RMSE: 5.41, MAE: 3.78, R2: 0.86
2025-10-07 01:41:45,412 - INFO - random_forest Fold 5 RMSE: 6.30, MAE: 3.50, R2: 0.92
2025-10-07 01:41:45,412 - INFO - random_forest Average RMSE: 9.44, MAE: 6.77, R2: 0.83
2025-10-07 01:41:47,039 - INFO - Training ridge for Islamabad...
2025-10-07 01:41:47,045 - INFO - ridge Fold 1 RMSE: 8.65, MAE: 6.35, R2: 0.91
2025-10-07 01:41:47,051 - INFO - ridge Fold 2 RMSE: 7.23, MAE: 5.46, R2: 0.92
2025-10-07 01:41:47,057 - INFO - ridge Fold 3 RMSE: 7.59, MAE: 5.12, R2: 0.90
2025-10-07 01:41:47,062 - INFO - ridge Fold 4 RMSE: 4.17, MAE: 3.15, R2: 0.92
2025-10-07 01:41:47,068 - INFO - ridge Fold 5 RMSE: 4.93, MAE: 3.61, R2: 0.95
2025-10-07 01:41:47,068 - INFO - ridge Average RMSE: 6.51, MAE: 4.74, R2: 0.92
2025-10-07 01:41:47,072 - INFO - Training svr for Islamabad...
2025-10-07 01:41:47,122 - INFO - svr Fold 1 RMSE: 14.31, MAE: 11.10, R2: 0.76
2025-10-07 01:41:47,305 - INFO - svr Fold 2 RMSE: 10.69, MAE: 8.04, R2: 0.82
2025-10-07 01:41:47,708 - INFO - svr Fold 3 RMSE: 20.80, MAE: 16.79, R2: 0.27
2025-10-07 01:41:48,438 - INFO - svr Fold 4 RMSE: 7.94, MAE: 6.02, R2: 0.70
2025-10-07 01:41:49,583 - INFO - svr Fold 5 RMSE: 7.15, MAE: 4.75, R2: 0.89
2025-10-07 01:41:49,583 - INFO - svr Average RMSE: 12.18, MAE: 9.34, R2: 0.69
2025-10-07 01:41:51,298 - INFO - Metrics for Islamabad:
2025-10-07 01:41:51,299 - INFO - random_forest: avg_rmse=9.44, avg_mae=6.77, avg_r2=0.83
2025-10-07 01:41:51,299 - INFO - ridge: avg_rmse=6.51, avg_mae=4.74, avg_r2=0.92
2025-10-07 01:41:51,299 - INFO - svr: avg_rmse=12.18, avg_mae=9.34, avg_r2=0.69
2025-10-08 01:42:13,920 - INFO - 
=== Training/Retraining Models for Karachi ===
2025-10-08 01:42:13,920 - INFO - Processing Karachi with data from data/Karachi_historical_aq.csv
2025-10-08 01:42:13,928 - INFO - Training random_forest for Karachi...
2025-10-08 01:42:14,194 - INFO - random_forest Fold 1 RMSE: 8.95, MAE: 7.63, R2: -1.04
2025-10-08 01:42:14,669 - INFO - random_forest Fold 2 RMSE: 4.60, MAE: 2.57, R2: 0.73
2025-10-08 01:42:15,408 - INFO - random_forest Fold 3 RMSE: 6.31, MAE: 3.68, R2: 0.56
2025-10-08 01:42:16,420 - INFO - random_forest Fold 4 RMSE: 6.74, MAE: 5.07, R2: 0.66
2025-10-08 01:42:17,710 - INFO - random_forest Fold 5 RMSE: 6.54, MAE: 4.72, R2: 0.87
2025-10-08 01:42:17,710 - INFO - random_forest Average RMSE: 6.63, MAE: 4.73, R2: 0.36
2025-10-08 01:42:19,316 - INFO - Training ridge for Karachi...
2025-10-08 01:42:19,323 - INFO - ridge Fold 1 RMSE: 0.69, MAE: 0.55, R2: 0.99
2025-10-08 01:42:19,328 - INFO - ridge Fold 2 RMSE: 1.32, MAE: 0.80, R2: 0.98
2025-10-08 01:42:19,334 - INFO - ridge Fold 3 RMSE: 1.55, MAE: 0.95, R2: 0.97
2025-10-08 01:42:19,339 - INFO - ridge Fold 4 RMSE: 1.94, MAE: 1.43, R2: 0.97
2025-10-08 01:42:19,345 - INFO - ridge Fold 5 RMSE: 3.85, MAE: 2.52, R2: 0.96
2025-10-08 01:42:19,345 - INFO - ridge Average RMSE: 1.87, MAE: 1.25, R2: 0.97
2025-10-08 01:42:19,349 - INFO - Training svr for Karachi...
2025-10-08 01:42:19,365 - INFO - svr Fold 1 RMSE: 10.55, MAE: 8.62, R2: -1.84
2025-10-08 01:42:19,416 - INFO - svr Fold 2 RMSE: 7.23, MAE: 4.52, R2: 0.33
2025-10-08 01:42:19,523 - INFO - svr Fold 3 RMSE: 8.24, MAE: 4.80, R2: 0.24
2025-10-08 01:42:19,728 - INFO - svr Fold 4 RMSE: 12.40, MAE: 9.59, R2: -0.14
2025-10-08 01:42:20,061 - INFO - svr Fold 5 RMSE: 14.35, MAE: 10.43, R2: 0.39
2025-10-08 01:42:20,062 - INFO - svr Average RMSE: 10.55, MAE: 7.60, R2: -0.20
2025-10-08 01:42:20,622 - INFO - Metrics for Karachi:
2025-10-08 01:42:20,622 - INFO - random_forest: avg_rmse=6.63, avg_mae=4.73, avg_r2=0.36
2025-10-08 01:42:20,622 - INFO - ridge: avg_rmse=1.87, avg_mae=1.25, avg_r2=0.97
2025-10-08 01:42:20,622 - INFO - svr: avg_rmse=10.55, avg_mae=7.60, avg_r2=-0.20
2025-10-08 01:42:20,622 - INFO - 
=== Training/Retraining Models for Lahore ===
2025-10-08 01:42:20,622 - INFO - Processing Lahore with data from data/Lahore_historical_aq.csv
2025-10-08 01:42:20,629 - INFO - Training random_forest for Lahore...
2025-10-08 01:42:20,904 - INFO - random_forest Fold 1 RMSE: 17.69, MAE: 14.67, R2: 0.07
2025-10-08 01:42:21,438 - INFO - random_forest Fold 2 RMSE: 11.84, MAE: 7.91, R2: 0.75
2025-10-08 01:42:22,257 - INFO - random_forest Fold 3 RMSE: 21.44, MAE: 18.50, R2: 0.29
2025-10-08 01:42:23,299 - INFO - random_forest Fold 4 RMSE: 11.80, MAE: 8.51, R2: 0.79
2025-10-08 01:42:24,627 - INFO - random_forest Fold 5 RMSE: 6.98, MAE: 4.81, R2: 0.92
2025-10-08 01:42:24,627 - INFO - random_forest Average RMSE: 13.95, MAE: 10.88, R2: 0.56
2025-10-08 01:42:26,303 - INFO - Training ridge for Lahore...
2025-10-08 01:42:26,309 - INFO - ridge Fold 1 RMSE: 5.69, MAE: 4.41, R2: 0.90
2025-10-08 01:42:26,315 - INFO - ridge Fold 2 RMSE: 5.14, MAE: 3.96, R2: 0.95
2025-10-08 01:42:26,320 - INFO - ridge Fold 3 RMSE: 14.64, MAE: 10.38, R2: 0.67
2025-10-08 01:42:26,326 - INFO - ridge Fold 4 RMSE: 6.69, MAE: 4.63, R2: 0.93
2025-10-08 01:42:26,332 - INFO - ridge Fold 5 RMSE: 6.34, MAE: 4.62, R2: 0.93
2025-10-08 01:42:26,332 - INFO - ridge Average RMSE: 7.70, MAE: 5.60, R2: 0.88
2025-10-08 01:42:26,336 - INFO - Training svr for Lahore...
2025-10-08 01:42:26,388 - INFO - svr Fold 1 RMSE: 7.41, MAE: 4.78, R2: 0.84
2025-10-08 01:42:26,562 - INFO - svr Fold 2 RMSE: 11.70, MAE: 7.25, R2: 0.75
2025-10-08 01:42:26,909 - INFO - svr Fold 3 RMSE: 38.31, MAE: 30.76, R2: -1.27
2025-10-08 01:42:27,537 - INFO - svr Fold 4 RMSE: 7.72, MAE: 5.61, R2: 0.91
2025-10-08 01:42:28,618 - INFO - svr Fold 5 RMSE: 6.69, MAE: 4.59, R2: 0.92
2025-10-08 01:42:28,618 - INFO - svr Average RMSE: 14.37, MAE: 10.60, R2: 0.43
2025-10-08 01:42:30,277 - INFO - Metrics for Lahore:
2025-10-08 01:42:30,277 - INFO - random_forest: avg_rmse=13.95, avg_mae=10.88, avg_r2=0.56
2025-10-08 01:42:30,277 - INFO - ridge: avg_rmse=7.70, avg_mae=5.60, avg_r2=0.88
2025-10-08 01:42:30,277 - INFO - svr: avg_rmse=14.37, avg_mae=10.60, avg_r2=0.43
2025-10-08 01:42:30,278 - INFO - 
=== Training/Retraining Models for Islamabad ===
2025-10-08 01:42:30,278 - INFO - Processing Islamabad with data from data/Islamabad_historical_aq.csv
2025-10-08 01:42:30,283 - INFO - Training random_forest for Islamabad...
2025-10-08 01:42:30,554 - INFO - random_forest Fold 1 RMSE: 13.60, MAE: 10.20, R2: 0.78
2025-10-08 01:42:31,057 - INFO - random_forest Fold 2 RMSE: 8.44, MAE: 6.21, R2: 0.89
2025-10-08 01:42:31,810 - INFO - random_forest Fold 3 RMSE: 11.86, MAE: 8.48, R2: 0.76
2025-10-08 01:42:32,825 - INFO - random_forest Fold 4 RMSE: 5.91, MAE: 4.14, R2: 0.84
2025-10-08 01:42:34,126 - INFO - random_forest Fold 5 RMSE: 6.09, MAE: 3.58, R2: 0.94
2025-10-08 01:42:34,126 - INFO - random_forest Average RMSE: 9.18, MAE: 6.52, R2: 0.84
2025-10-08 01:42:35,757 - INFO - Training ridge for Islamabad...
2025-10-08 01:42:35,764 - INFO - ridge Fold 1 RMSE: 9.01, MAE: 6.68, R2: 0.90
2025-10-08 01:42:35,769 - INFO - ridge Fold 2 RMSE: 7.35, MAE: 5.58, R2: 0.92
2025-10-08 01:42:35,775 - INFO - ridge Fold 3 RMSE: 7.52, MAE: 5.13, R2: 0.91
2025-10-08 01:42:35,781 - INFO - ridge Fold 4 RMSE: 4.24, MAE: 3.22, R2: 0.92
2025-10-08 01:42:35,787 - INFO - ridge Fold 5 RMSE: 4.86, MAE: 3.60, R2: 0.96
2025-10-08 01:42:35,787 - INFO - ridge Average RMSE: 6.60, MAE: 4.84, R2: 0.92
2025-10-08 01:42:35,791 - INFO - Training svr for Islamabad...
2025-10-08 01:42:35,847 - INFO - svr Fold 1 RMSE: 14.47, MAE: 11.31, R2: 0.75
2025-10-08 01:42:36,050 - INFO - svr Fold 2 RMSE: 9.46, MAE: 6.86, R2: 0.86
2025-10-08 01:42:36,442 - INFO - svr Fold 3 RMSE: 20.22, MAE: 16.33, R2: 0.32
2025-10-08 01:42:37,226 - INFO - svr Fold 4 RMSE: 7.20, MAE: 5.43, R2: 0.76
2025-10-08 01:42:38,398 - INFO - svr Fold 5 RMSE: 8.73, MAE: 5.69, R2: 0.87
2025-10-08 01:42:38,398 - INFO - svr Average RMSE: 12.01, MAE: 9.12, R2: 0.71
2025-10-08 01:42:40,167 - INFO - Metrics for Islamabad:
2025-10-08 01:42:40,168 - INFO - random_forest: avg_rmse=9.18, avg_mae=6.52, avg_r2=0.84
2025-10-08 01:42:40,168 - INFO - ridge: avg_rmse=6.60, avg_mae=4.84, avg_r2=0.92
2025-10-08 01:42:40,168 - INFO - svr: avg_rmse=12.01, avg_mae=9.12, avg_r2=0.71
2025-10-09 01:42:35,594 - INFO - 
=== Training/Retraining Models for Karachi ===
2025-10-09 01:42:35,595 - INFO - Processing Karachi with data from data/Karachi_historical_aq.csv
2025-10-09 01:42:35,602 - INFO - Training random_forest for Karachi...
2025-10-09 01:42:35,907 - INFO - random_forest Fold 1 RMSE: 9.49, MAE: 8.21, R2: -1.94
2025-10-09 01:42:36,471 - INFO - random_forest Fold 2 RMSE: 4.70, MAE: 2.81, R2: 0.69
2025-10-09 01:42:37,367 - INFO - random_forest Fold 3 RMSE: 6.37, MAE: 3.70, R2: 0.50
2025-10-09 01:42:38,574 - INFO - random_forest Fold 4 RMSE: 6.69, MAE: 5.00, R2: 0.64
2025-10-09 01:42:40,090 - INFO - random_forest Fold 5 RMSE: 7.51, MAE: 5.66, R2: 0.88
2025-10-09 01:42:40,091 - INFO - random_forest Average RMSE: 6.95, MAE: 5.08, R2: 0.15
2025-10-09 01:42:41,987 - INFO - Training ridge for Karachi...
2025-10-09 01:42:41,994 - INFO - ridge Fold 1 RMSE: 0.70, MAE: 0.55, R2: 0.98
2025-10-09 01:42:42,001 - INFO - ridge Fold 2 RMSE: 1.54, MAE: 0.95, R2: 0.97
2025-10-09 01:42:42,008 - INFO - ridge Fold 3 RMSE: 1.61, MAE: 1.00, R2: 0.97
2025-10-09 01:42:42,015 - INFO - ridge Fold 4 RMSE: 1.96, MAE: 1.49, R2: 0.97
2025-10-09 01:42:42,020 - INFO - ridge Fold 5 RMSE: 4.10, MAE: 2.78, R2: 0.96
2025-10-09 01:42:42,020 - INFO - ridge Average RMSE: 1.98, MAE: 1.35, R2: 0.97
2025-10-09 01:42:42,025 - INFO - Training svr for Karachi...
2025-10-09 01:42:42,038 - INFO - svr Fold 1 RMSE: 11.46, MAE: 9.79, R2: -3.29
2025-10-09 01:42:42,080 - INFO - svr Fold 2 RMSE: 7.49, MAE: 4.61, R2: 0.21
2025-10-09 01:42:42,171 - INFO - svr Fold 3 RMSE: 8.31, MAE: 4.84, R2: 0.15
2025-10-09 01:42:42,345 - INFO - svr Fold 4 RMSE: 12.39, MAE: 9.72, R2: -0.22
2025-10-09 01:42:42,643 - INFO - svr Fold 5 RMSE: 17.26, MAE: 12.92, R2: 0.35
2025-10-09 01:42:42,643 - INFO - svr Average RMSE: 11.38, MAE: 8.38, R2: -0.56
2025-10-09 01:42:43,163 - INFO - Metrics for Karachi:
2025-10-09 01:42:43,163 - INFO - random_forest: avg_rmse=6.95, avg_mae=5.08, avg_r2=0.15
2025-10-09 01:42:43,163 - INFO - ridge: avg_rmse=1.98, avg_mae=1.35, avg_r2=0.97
2025-10-09 01:42:43,163 - INFO - svr: avg_rmse=11.38, avg_mae=8.38, avg_r2=-0.56
2025-10-09 01:42:43,163 - INFO - 
=== Training/Retraining Models for Lahore ===
2025-10-09 01:42:43,163 - INFO - Processing Lahore with data from data/Lahore_historical_aq.csv
2025-10-09 01:42:43,170 - INFO - Training random_forest for Lahore...
2025-10-09 01:42:43,483 - INFO - random_forest Fold 1 RMSE: 17.07, MAE: 14.53, R2: 0.05
2025-10-09 01:42:44,135 - INFO - random_forest Fold 2 RMSE: 12.85, MAE: 9.07, R2: 0.77
2025-10-09 01:42:45,117 - INFO - random_forest Fold 3 RMSE: 17.50, MAE: 13.86, R2: 0.56
2025-10-09 01:42:46,379 - INFO - random_forest Fold 4 RMSE: 10.51, MAE: 7.41, R2: 0.82
2025-10-09 01:42:47,998 - INFO - random_forest Fold 5 RMSE: 7.22, MAE: 4.70, R2: 0.91
2025-10-09 01:42:47,999 - INFO - random_forest Average RMSE: 13.03, MAE: 9.91, R2: 0.62
2025-10-09 01:42:49,976 - INFO - Training ridge for Lahore...
2025-10-09 01:42:49,982 - INFO - ridge Fold 1 RMSE: 5.96, MAE: 4.70, R2: 0.88
2025-10-09 01:42:49,988 - INFO - ridge Fold 2 RMSE: 5.51, MAE: 4.22, R2: 0.96
2025-10-09 01:42:49,993 - INFO - ridge Fold 3 RMSE: 15.09, MAE: 10.79, R2: 0.67
2025-10-09 01:42:49,998 - INFO - ridge Fold 4 RMSE: 6.77, MAE: 4.68, R2: 0.93
2025-10-09 01:42:50,004 - INFO - ridge Fold 5 RMSE: 6.31, MAE: 4.59, R2: 0.93
2025-10-09 01:42:50,004 - INFO - ridge Average RMSE: 7.93, MAE: 5.80, R2: 0.87
2025-10-09 01:42:50,008 - INFO - Training svr for Lahore...
2025-10-09 01:42:50,049 - INFO - svr Fold 1 RMSE: 7.15, MAE: 4.97, R2: 0.83
2025-10-09 01:42:50,197 - INFO - svr Fold 2 RMSE: 15.92, MAE: 9.66, R2: 0.64
2025-10-09 01:42:50,503 - INFO - svr Fold 3 RMSE: 29.69, MAE: 23.82, R2: -0.28
2025-10-09 01:42:51,038 - INFO - svr Fold 4 RMSE: 8.22, MAE: 6.07, R2: 0.89
2025-10-09 01:42:52,027 - INFO - svr Fold 5 RMSE: 6.18, MAE: 4.37, R2: 0.93
2025-10-09 01:42:52,027 - INFO - svr Average RMSE: 13.43, MAE: 9.78, R2: 0.60
2025-10-09 01:42:53,514 - INFO - Metrics for Lahore:
2025-10-09 01:42:53,514 - INFO - random_forest: avg_rmse=13.03, avg_mae=9.91, avg_r2=0.62
2025-10-09 01:42:53,514 - INFO - ridge: avg_rmse=7.93, avg_mae=5.80, avg_r2=0.87
2025-10-09 01:42:53,514 - INFO - svr: avg_rmse=13.43, avg_mae=9.78, avg_r2=0.60
2025-10-09 01:42:53,514 - INFO - 
=== Training/Retraining Models for Islamabad ===
2025-10-09 01:42:53,514 - INFO - Processing Islamabad with data from data/Islamabad_historical_aq.csv
2025-10-09 01:42:53,520 - INFO - Training random_forest for Islamabad...
2025-10-09 01:42:53,837 - INFO - random_forest Fold 1 RMSE: 12.96, MAE: 9.71, R2: 0.80
2025-10-09 01:42:54,447 - INFO - random_forest Fold 2 RMSE: 9.88, MAE: 7.00, R2: 0.83
2025-10-09 01:42:55,380 - INFO - random_forest Fold 3 RMSE: 11.31, MAE: 8.38, R2: 0.80
2025-10-09 01:42:56,632 - INFO - random_forest Fold 4 RMSE: 5.23, MAE: 3.57, R2: 0.88
2025-10-09 01:42:58,213 - INFO - random_forest Fold 5 RMSE: 6.72, MAE: 4.02, R2: 0.92
2025-10-09 01:42:58,213 - INFO - random_forest Average RMSE: 9.22, MAE: 6.54, R2: 0.85
2025-10-09 01:43:00,138 - INFO - Training ridge for Islamabad...
2025-10-09 01:43:00,144 - INFO - ridge Fold 1 RMSE: 8.70, MAE: 6.34, R2: 0.91
2025-10-09 01:43:00,149 - INFO - ridge Fold 2 RMSE: 7.43, MAE: 5.49, R2: 0.91
2025-10-09 01:43:00,155 - INFO - ridge Fold 3 RMSE: 7.36, MAE: 4.81, R2: 0.92
2025-10-09 01:43:00,160 - INFO - ridge Fold 4 RMSE: 4.51, MAE: 3.46, R2: 0.91
2025-10-09 01:43:00,165 - INFO - ridge Fold 5 RMSE: 6.26, MAE: 4.38, R2: 0.93
2025-10-09 01:43:00,166 - INFO - ridge Average RMSE: 6.85, MAE: 4.90, R2: 0.91
2025-10-09 01:43:00,170 - INFO - Training svr for Islamabad...
2025-10-09 01:43:00,214 - INFO - svr Fold 1 RMSE: 11.80, MAE: 9.39, R2: 0.84
2025-10-09 01:43:00,383 - INFO - svr Fold 2 RMSE: 8.86, MAE: 5.73, R2: 0.86
2025-10-09 01:43:00,701 - INFO - svr Fold 3 RMSE: 19.69, MAE: 16.12, R2: 0.40
2025-10-09 01:43:01,350 - INFO - svr Fold 4 RMSE: 4.71, MAE: 3.46, R2: 0.90
2025-10-09 01:43:02,355 - INFO - svr Fold 5 RMSE: 9.15, MAE: 6.30, R2: 0.84
2025-10-09 01:43:02,355 - INFO - svr Average RMSE: 10.85, MAE: 8.20, R2: 0.77
2025-10-09 01:43:03,887 - INFO - Metrics for Islamabad:
2025-10-09 01:43:03,887 - INFO - random_forest: avg_rmse=9.22, avg_mae=6.54, avg_r2=0.85
2025-10-09 01:43:03,887 - INFO - ridge: avg_rmse=6.85, avg_mae=4.90, avg_r2=0.91
2025-10-09 01:43:03,887 - INFO - svr: avg_rmse=10.85, avg_mae=8.20, avg_r2=0.77
2025-10-10 01:43:09,716 - INFO - 
=== Training/Retraining Models for Karachi ===
2025-10-10 01:43:09,717 - INFO - Processing Karachi with data from data/Karachi_historical_aq.csv
2025-10-10 01:43:09,725 - INFO - Training random_forest for Karachi...
2025-10-10 01:43:09,993 - INFO - random_forest Fold 1 RMSE: 9.94, MAE: 8.81, R2: -2.57
2025-10-10 01:43:10,470 - INFO - random_forest Fold 2 RMSE: 4.65, MAE: 2.70, R2: 0.66
2025-10-10 01:43:11,208 - INFO - random_forest Fold 3 RMSE: 6.56, MAE: 3.98, R2: 0.61
2025-10-10 01:43:12,265 - INFO - random_forest Fold 4 RMSE: 6.36, MAE: 4.62, R2: 0.67
2025-10-10 01:43:13,538 - INFO - random_forest Fold 5 RMSE: 8.68, MAE: 6.60, R2: 0.86
2025-10-10 01:43:13,538 - INFO - random_forest Average RMSE: 7.24, MAE: 5.34, R2: 0.05
2025-10-10 01:43:15,164 - INFO - Training ridge for Karachi...
2025-10-10 01:43:15,171 - INFO - ridge Fold 1 RMSE: 0.72, MAE: 0.58, R2: 0.98
2025-10-10 01:43:15,177 - INFO - ridge Fold 2 RMSE: 1.55, MAE: 0.94, R2: 0.96
2025-10-10 01:43:15,183 - INFO - ridge Fold 3 RMSE: 1.62, MAE: 1.00, R2: 0.98
2025-10-10 01:43:15,188 - INFO - ridge Fold 4 RMSE: 1.90, MAE: 1.42, R2: 0.97
2025-10-10 01:43:15,194 - INFO - ridge Fold 5 RMSE: 4.05, MAE: 2.72, R2: 0.97
2025-10-10 01:43:15,194 - INFO - ridge Average RMSE: 1.97, MAE: 1.33, R2: 0.97
2025-10-10 01:43:15,199 - INFO - Training svr for Karachi...
2025-10-10 01:43:15,215 - INFO - svr Fold 1 RMSE: 12.07, MAE: 10.62, R2: -4.27
2025-10-10 01:43:15,266 - INFO - svr Fold 2 RMSE: 7.62, MAE: 4.71, R2: 0.08
2025-10-10 01:43:15,375 - INFO - svr Fold 3 RMSE: 9.23, MAE: 5.77, R2: 0.24
2025-10-10 01:43:15,587 - INFO - svr Fold 4 RMSE: 10.91, MAE: 7.95, R2: 0.04
2025-10-10 01:43:15,947 - INFO - svr Fold 5 RMSE: 19.30, MAE: 15.13, R2: 0.33
2025-10-10 01:43:15,947 - INFO - svr Average RMSE: 11.83, MAE: 8.84, R2: -0.72
2025-10-10 01:43:16,579 - INFO - Metrics for Karachi:
2025-10-10 01:43:16,580 - INFO - random_forest: avg_rmse=7.24, avg_mae=5.34, avg_r2=0.05
2025-10-10 01:43:16,580 - INFO - ridge: avg_rmse=1.97, avg_mae=1.33, avg_r2=0.97
2025-10-10 01:43:16,580 - INFO - svr: avg_rmse=11.83, avg_mae=8.84, avg_r2=-0.72
2025-10-10 01:43:16,580 - INFO - 
=== Training/Retraining Models for Lahore ===
2025-10-10 01:43:16,580 - INFO - Processing Lahore with data from data/Lahore_historical_aq.csv
2025-10-10 01:43:16,586 - INFO - Training random_forest for Lahore...
2025-10-10 01:43:16,859 - INFO - random_forest Fold 1 RMSE: 10.91, MAE: 8.24, R2: 0.60
2025-10-10 01:43:17,388 - INFO - random_forest Fold 2 RMSE: 15.59, MAE: 10.25, R2: 0.76
2025-10-10 01:43:18,201 - INFO - random_forest Fold 3 RMSE: 17.75, MAE: 13.94, R2: 0.47
2025-10-10 01:43:19,257 - INFO - random_forest Fold 4 RMSE: 9.65, MAE: 6.48, R2: 0.85
2025-10-10 01:43:20,598 - INFO - random_forest Fold 5 RMSE: 5.46, MAE: 4.08, R2: 0.94
2025-10-10 01:43:20,598 - INFO - random_forest Average RMSE: 11.87, MAE: 8.60, R2: 0.72
2025-10-10 01:43:22,274 - INFO - Training ridge for Lahore...
2025-10-10 01:43:22,280 - INFO - ridge Fold 1 RMSE: 4.12, MAE: 3.20, R2: 0.94
2025-10-10 01:43:22,286 - INFO - ridge Fold 2 RMSE: 7.90, MAE: 5.43, R2: 0.94
2025-10-10 01:43:22,292 - INFO - ridge Fold 3 RMSE: 15.43, MAE: 10.79, R2: 0.60
2025-10-10 01:43:22,298 - INFO - ridge Fold 4 RMSE: 7.05, MAE: 4.84, R2: 0.92
2025-10-10 01:43:22,304 - INFO - ridge Fold 5 RMSE: 6.07, MAE: 4.53, R2: 0.93
2025-10-10 01:43:22,304 - INFO - ridge Average RMSE: 8.11, MAE: 5.76, R2: 0.87
2025-10-10 01:43:22,308 - INFO - Training svr for Lahore...
2025-10-10 01:43:22,357 - INFO - svr Fold 1 RMSE: 5.62, MAE: 4.13, R2: 0.89
2025-10-10 01:43:22,531 - INFO - svr Fold 2 RMSE: 23.32, MAE: 13.96, R2: 0.46
2025-10-10 01:43:22,885 - INFO - svr Fold 3 RMSE: 22.92, MAE: 18.29, R2: 0.12
2025-10-10 01:43:23,528 - INFO - svr Fold 4 RMSE: 8.29, MAE: 6.10, R2: 0.89
2025-10-10 01:43:24,682 - INFO - svr Fold 5 RMSE: 6.38, MAE: 4.50, R2: 0.92
2025-10-10 01:43:24,683 - INFO - svr Average RMSE: 13.30, MAE: 9.40, R2: 0.66
2025-10-10 01:43:26,401 - INFO - Metrics for Lahore:
2025-10-10 01:43:26,401 - INFO - random_forest: avg_rmse=11.87, avg_mae=8.60, avg_r2=0.72
2025-10-10 01:43:26,402 - INFO - ridge: avg_rmse=8.11, avg_mae=5.76, avg_r2=0.87
2025-10-10 01:43:26,402 - INFO - svr: avg_rmse=13.30, avg_mae=9.40, avg_r2=0.66
2025-10-10 01:43:26,402 - INFO - 
=== Training/Retraining Models for Islamabad ===
2025-10-10 01:43:26,402 - INFO - Processing Islamabad with data from data/Islamabad_historical_aq.csv
2025-10-10 01:43:26,407 - INFO - Training random_forest for Islamabad...
2025-10-10 01:43:26,672 - INFO - random_forest Fold 1 RMSE: 14.04, MAE: 10.18, R2: 0.76
2025-10-10 01:43:27,176 - INFO - random_forest Fold 2 RMSE: 10.60, MAE: 7.74, R2: 0.78
2025-10-10 01:43:27,930 - INFO - random_forest Fold 3 RMSE: 10.98, MAE: 8.04, R2: 0.84
2025-10-10 01:43:28,946 - INFO - random_forest Fold 4 RMSE: 5.12, MAE: 3.64, R2: 0.90
2025-10-10 01:43:30,268 - INFO - random_forest Fold 5 RMSE: 6.57, MAE: 3.90, R2: 0.89
2025-10-10 01:43:30,268 - INFO - random_forest Average RMSE: 9.46, MAE: 6.70, R2: 0.83
2025-10-10 01:43:31,926 - INFO - Training ridge for Islamabad...
2025-10-10 01:43:31,933 - INFO - ridge Fold 1 RMSE: 8.49, MAE: 6.02, R2: 0.91
2025-10-10 01:43:31,938 - INFO - ridge Fold 2 RMSE: 7.60, MAE: 5.56, R2: 0.89
2025-10-10 01:43:31,944 - INFO - ridge Fold 3 RMSE: 7.03, MAE: 4.58, R2: 0.93
2025-10-10 01:43:31,949 - INFO - ridge Fold 4 RMSE: 4.68, MAE: 3.51, R2: 0.92
2025-10-10 01:43:31,955 - INFO - ridge Fold 5 RMSE: 6.25, MAE: 4.38, R2: 0.90
2025-10-10 01:43:31,955 - INFO - ridge Average RMSE: 6.81, MAE: 4.81, R2: 0.91
2025-10-10 01:43:31,959 - INFO - Training svr for Islamabad...
2025-10-10 01:43:32,011 - INFO - svr Fold 1 RMSE: 11.39, MAE: 9.24, R2: 0.84
2025-10-10 01:43:32,217 - INFO - svr Fold 2 RMSE: 9.20, MAE: 6.20, R2: 0.83
2025-10-10 01:43:32,598 - INFO - svr Fold 3 RMSE: 19.40, MAE: 16.03, R2: 0.49
2025-10-10 01:43:33,315 - INFO - svr Fold 4 RMSE: 5.28, MAE: 3.35, R2: 0.89
2025-10-10 01:43:34,513 - INFO - svr Fold 5 RMSE: 9.06, MAE: 6.30, R2: 0.80
2025-10-10 01:43:34,513 - INFO - svr Average RMSE: 10.86, MAE: 8.22, R2: 0.77
2025-10-10 01:43:36,376 - INFO - Metrics for Islamabad:
2025-10-10 01:43:36,376 - INFO - random_forest: avg_rmse=9.46, avg_mae=6.70, avg_r2=0.83
2025-10-10 01:43:36,376 - INFO - ridge: avg_rmse=6.81, avg_mae=4.81, avg_r2=0.91
2025-10-10 01:43:36,376 - INFO - svr: avg_rmse=10.86, avg_mae=8.22, avg_r2=0.77
2025-10-11 01:39:20,864 - INFO - 
=== Training/Retraining Models for Karachi ===
2025-10-11 01:39:20,864 - INFO - Processing Karachi with data from data/Karachi_historical_aq.csv
2025-10-11 01:39:20,872 - INFO - Training random_forest for Karachi...
2025-10-11 01:39:21,135 - INFO - random_forest Fold 1 RMSE: 9.49, MAE: 8.28, R2: -2.16
2025-10-11 01:39:21,606 - INFO - random_forest Fold 2 RMSE: 4.65, MAE: 2.72, R2: 0.59
2025-10-11 01:39:22,339 - INFO - random_forest Fold 3 RMSE: 6.57, MAE: 4.11, R2: 0.66
2025-10-11 01:39:23,356 - INFO - random_forest Fold 4 RMSE: 5.70, MAE: 3.95, R2: 0.76
2025-10-11 01:39:24,630 - INFO - random_forest Fold 5 RMSE: 8.93, MAE: 7.18, R2: 0.87
2025-10-11 01:39:24,630 - INFO - random_forest Average RMSE: 7.07, MAE: 5.25, R2: 0.14
2025-10-11 01:39:26,240 - INFO - Training ridge for Karachi...
2025-10-11 01:39:26,247 - INFO - ridge Fold 1 RMSE: 0.74, MAE: 0.57, R2: 0.98
2025-10-11 01:39:26,253 - INFO - ridge Fold 2 RMSE: 1.49, MAE: 0.93, R2: 0.96
2025-10-11 01:39:26,259 - INFO - ridge Fold 3 RMSE: 1.82, MAE: 1.18, R2: 0.97
2025-10-11 01:39:26,265 - INFO - ridge Fold 4 RMSE: 1.68, MAE: 1.24, R2: 0.98
2025-10-11 01:39:26,270 - INFO - ridge Fold 5 RMSE: 4.07, MAE: 2.80, R2: 0.97
2025-10-11 01:39:26,271 - INFO - ridge Average RMSE: 1.96, MAE: 1.34, R2: 0.97
2025-10-11 01:39:26,275 - INFO - Training svr for Karachi...
2025-10-11 01:39:26,292 - INFO - svr Fold 1 RMSE: 11.40, MAE: 10.01, R2: -3.57
2025-10-11 01:39:26,346 - INFO - svr Fold 2 RMSE: 7.85, MAE: 5.07, R2: -0.16
2025-10-11 01:39:26,456 - INFO - svr Fold 3 RMSE: 9.64, MAE: 6.43, R2: 0.28
2025-10-11 01:39:26,682 - INFO - svr Fold 4 RMSE: 9.85, MAE: 6.69, R2: 0.28
2025-10-11 01:39:27,060 - INFO - svr Fold 5 RMSE: 20.59, MAE: 16.95, R2: 0.30
2025-10-11 01:39:27,060 - INFO - svr Average RMSE: 11.87, MAE: 9.03, R2: -0.57
2025-10-11 01:39:27,750 - INFO - Metrics for Karachi:
2025-10-11 01:39:27,750 - INFO - random_forest: avg_rmse=7.07, avg_mae=5.25, avg_r2=0.14
2025-10-11 01:39:27,750 - INFO - ridge: avg_rmse=1.96, avg_mae=1.34, avg_r2=0.97
2025-10-11 01:39:27,750 - INFO - svr: avg_rmse=11.87, avg_mae=9.03, avg_r2=-0.57
2025-10-11 01:39:27,750 - INFO - 
=== Training/Retraining Models for Lahore ===
2025-10-11 01:39:27,751 - INFO - Processing Lahore with data from data/Lahore_historical_aq.csv
2025-10-11 01:39:27,757 - INFO - Training random_forest for Lahore...
2025-10-11 01:39:28,037 - INFO - random_forest Fold 1 RMSE: 7.70, MAE: 6.34, R2: 0.79
2025-10-11 01:39:28,570 - INFO - random_forest Fold 2 RMSE: 17.71, MAE: 12.09, R2: 0.71
2025-10-11 01:39:29,382 - INFO - random_forest Fold 3 RMSE: 15.47, MAE: 12.03, R2: 0.59
2025-10-11 01:39:30,429 - INFO - random_forest Fold 4 RMSE: 10.36, MAE: 7.19, R2: 0.80
2025-10-11 01:39:31,778 - INFO - random_forest Fold 5 RMSE: 5.81, MAE: 4.35, R2: 0.93
2025-10-11 01:39:31,778 - INFO - random_forest Average RMSE: 11.41, MAE: 8.40, R2: 0.77
2025-10-11 01:39:33,450 - INFO - Training ridge for Lahore...
2025-10-11 01:39:33,457 - INFO - ridge Fold 1 RMSE: 4.35, MAE: 3.34, R2: 0.93
2025-10-11 01:39:33,462 - INFO - ridge Fold 2 RMSE: 10.52, MAE: 6.50, R2: 0.90
2025-10-11 01:39:33,468 - INFO - ridge Fold 3 RMSE: 8.41, MAE: 6.05, R2: 0.88
2025-10-11 01:39:33,474 - INFO - ridge Fold 4 RMSE: 7.18, MAE: 4.80, R2: 0.90
2025-10-11 01:39:33,480 - INFO - ridge Fold 5 RMSE: 5.95, MAE: 4.55, R2: 0.93
2025-10-11 01:39:33,480 - INFO - ridge Average RMSE: 7.28, MAE: 5.05, R2: 0.91
2025-10-11 01:39:33,484 - INFO - Training svr for Lahore...
2025-10-11 01:39:33,531 - INFO - svr Fold 1 RMSE: 5.01, MAE: 3.57, R2: 0.91
2025-10-11 01:39:33,693 - INFO - svr Fold 2 RMSE: 27.07, MAE: 17.44, R2: 0.32
2025-10-11 01:39:34,045 - INFO - svr Fold 3 RMSE: 19.40, MAE: 15.70, R2: 0.36
2025-10-11 01:39:34,708 - INFO - svr Fold 4 RMSE: 8.22, MAE: 5.98, R2: 0.88
2025-10-11 01:39:35,817 - INFO - svr Fold 5 RMSE: 6.67, MAE: 4.82, R2: 0.91
2025-10-11 01:39:35,817 - INFO - svr Average RMSE: 13.27, MAE: 9.50, R2: 0.68
2025-10-11 01:39:37,384 - INFO - Metrics for Lahore:
2025-10-11 01:39:37,385 - INFO - random_forest: avg_rmse=11.41, avg_mae=8.40, avg_r2=0.77
2025-10-11 01:39:37,385 - INFO - ridge: avg_rmse=7.28, avg_mae=5.05, avg_r2=0.91
2025-10-11 01:39:37,385 - INFO - svr: avg_rmse=13.27, avg_mae=9.50, avg_r2=0.68
2025-10-11 01:39:37,385 - INFO - 
=== Training/Retraining Models for Islamabad ===
2025-10-11 01:39:37,385 - INFO - Processing Islamabad with data from data/Islamabad_historical_aq.csv
2025-10-11 01:39:37,390 - INFO - Training random_forest for Islamabad...
2025-10-11 01:39:37,656 - INFO - random_forest Fold 1 RMSE: 13.37, MAE: 9.29, R2: 0.78
2025-10-11 01:39:38,153 - INFO - random_forest Fold 2 RMSE: 10.76, MAE: 7.99, R2: 0.76
2025-10-11 01:39:38,903 - INFO - random_forest Fold 3 RMSE: 10.59, MAE: 7.70, R2: 0.84
2025-10-11 01:39:39,907 - INFO - random_forest Fold 4 RMSE: 4.67, MAE: 3.12, R2: 0.92
2025-10-11 01:39:41,212 - INFO - random_forest Fold 5 RMSE: 6.48, MAE: 3.92, R2: 0.88
2025-10-11 01:39:41,212 - INFO - random_forest Average RMSE: 9.17, MAE: 6.40, R2: 0.84
2025-10-11 01:39:42,837 - INFO - Training ridge for Islamabad...
2025-10-11 01:39:42,843 - INFO - ridge Fold 1 RMSE: 8.27, MAE: 5.85, R2: 0.92
2025-10-11 01:39:42,850 - INFO - ridge Fold 2 RMSE: 8.27, MAE: 6.12, R2: 0.86
2025-10-11 01:39:42,855 - INFO - ridge Fold 3 RMSE: 7.28, MAE: 4.88, R2: 0.93
2025-10-11 01:39:42,861 - INFO - ridge Fold 4 RMSE: 4.36, MAE: 3.23, R2: 0.93
2025-10-11 01:39:42,867 - INFO - ridge Fold 5 RMSE: 6.25, MAE: 4.33, R2: 0.89
2025-10-11 01:39:42,867 - INFO - ridge Average RMSE: 6.89, MAE: 4.88, R2: 0.90
2025-10-11 01:39:42,871 - INFO - Training svr for Islamabad...
2025-10-11 01:39:42,922 - INFO - svr Fold 1 RMSE: 11.26, MAE: 8.90, R2: 0.84
2025-10-11 01:39:43,127 - INFO - svr Fold 2 RMSE: 9.30, MAE: 6.24, R2: 0.82
2025-10-11 01:39:43,549 - INFO - svr Fold 3 RMSE: 19.14, MAE: 15.98, R2: 0.48
2025-10-11 01:39:44,242 - INFO - svr Fold 4 RMSE: 5.48, MAE: 3.11, R2: 0.89
2025-10-11 01:39:45,326 - INFO - svr Fold 5 RMSE: 9.11, MAE: 6.49, R2: 0.77
2025-10-11 01:39:45,326 - INFO - svr Average RMSE: 10.86, MAE: 8.14, R2: 0.76
2025-10-11 01:39:47,002 - INFO - Metrics for Islamabad:
2025-10-11 01:39:47,002 - INFO - random_forest: avg_rmse=9.17, avg_mae=6.40, avg_r2=0.84
2025-10-11 01:39:47,002 - INFO - ridge: avg_rmse=6.89, avg_mae=4.88, avg_r2=0.90
2025-10-11 01:39:47,002 - INFO - svr: avg_rmse=10.86, avg_mae=8.14, avg_r2=0.76
2025-10-12 01:46:18,467 - INFO - 
=== Training/Retraining Models for Karachi ===
2025-10-12 01:46:18,467 - INFO - Processing Karachi with data from data/Karachi_historical_aq.csv
2025-10-12 01:46:18,475 - INFO - Training random_forest for Karachi...
2025-10-12 01:46:18,747 - INFO - random_forest Fold 1 RMSE: 4.72, MAE: 3.79, R2: 0.21
2025-10-12 01:46:19,224 - INFO - random_forest Fold 2 RMSE: 4.67, MAE: 2.67, R2: 0.56
2025-10-12 01:46:19,975 - INFO - random_forest Fold 3 RMSE: 6.96, MAE: 4.59, R2: 0.71
2025-10-12 01:46:21,007 - INFO - random_forest Fold 4 RMSE: 5.61, MAE: 3.75, R2: 0.79
2025-10-12 01:46:22,293 - INFO - random_forest Fold 5 RMSE: 9.56, MAE: 7.92, R2: 0.87
2025-10-12 01:46:22,293 - INFO - random_forest Average RMSE: 6.30, MAE: 4.54, R2: 0.63
2025-10-12 01:46:23,920 - INFO - Training ridge for Karachi...
2025-10-12 01:46:23,927 - INFO - ridge Fold 1 RMSE: 0.75, MAE: 0.59, R2: 0.98
2025-10-12 01:46:23,933 - INFO - ridge Fold 2 RMSE: 1.48, MAE: 0.92, R2: 0.96
2025-10-12 01:46:23,938 - INFO - ridge Fold 3 RMSE: 1.97, MAE: 1.36, R2: 0.98
2025-10-12 01:46:23,944 - INFO - ridge Fold 4 RMSE: 1.54, MAE: 1.08, R2: 0.98
2025-10-12 01:46:23,950 - INFO - ridge Fold 5 RMSE: 4.09, MAE: 2.86, R2: 0.98
2025-10-12 01:46:23,950 - INFO - ridge Average RMSE: 1.97, MAE: 1.36, R2: 0.97
2025-10-12 01:46:23,954 - INFO - Training svr for Karachi...
2025-10-12 01:46:23,972 - INFO - svr Fold 1 RMSE: 9.90, MAE: 8.74, R2: -2.46
2025-10-12 01:46:24,025 - INFO - svr Fold 2 RMSE: 8.19, MAE: 5.46, R2: -0.34
2025-10-12 01:46:24,132 - INFO - svr Fold 3 RMSE: 10.56, MAE: 7.36, R2: 0.34
2025-10-12 01:46:24,346 - INFO - svr Fold 4 RMSE: 7.72, MAE: 5.01, R2: 0.59
2025-10-12 01:46:24,721 - INFO - svr Fold 5 RMSE: 22.19, MAE: 19.02, R2: 0.27
2025-10-12 01:46:24,722 - INFO - svr Average RMSE: 11.71, MAE: 9.12, R2: -0.32
2025-10-12 01:46:25,438 - INFO - Metrics for Karachi:
2025-10-12 01:46:25,438 - INFO - random_forest: avg_rmse=6.30, avg_mae=4.54, avg_r2=0.63
2025-10-12 01:46:25,438 - INFO - ridge: avg_rmse=1.97, avg_mae=1.36, avg_r2=0.97
2025-10-12 01:46:25,438 - INFO - svr: avg_rmse=11.71, avg_mae=9.12, avg_r2=-0.32
2025-10-12 01:46:25,439 - INFO - 
=== Training/Retraining Models for Lahore ===
2025-10-12 01:46:25,439 - INFO - Processing Lahore with data from data/Lahore_historical_aq.csv
2025-10-12 01:46:25,445 - INFO - Training random_forest for Lahore...
2025-10-12 01:46:25,725 - INFO - random_forest Fold 1 RMSE: 10.81, MAE: 8.01, R2: 0.59
2025-10-12 01:46:26,281 - INFO - random_forest Fold 2 RMSE: 19.54, MAE: 13.18, R2: 0.63
2025-10-12 01:46:27,102 - INFO - random_forest Fold 3 RMSE: 14.03, MAE: 11.14, R2: 0.59
2025-10-12 01:46:28,166 - INFO - random_forest Fold 4 RMSE: 11.32, MAE: 7.55, R2: 0.75
2025-10-12 01:46:29,540 - INFO - random_forest Fold 5 RMSE: 5.32, MAE: 3.98, R2: 0.94
2025-10-12 01:46:29,540 - INFO - random_forest Average RMSE: 12.21, MAE: 8.77, R2: 0.70
2025-10-12 01:46:31,237 - INFO - Training ridge for Lahore...
2025-10-12 01:46:31,244 - INFO - ridge Fold 1 RMSE: 4.64, MAE: 3.52, R2: 0.92
2025-10-12 01:46:31,250 - INFO - ridge Fold 2 RMSE: 13.54, MAE: 8.97, R2: 0.82
2025-10-12 01:46:31,255 - INFO - ridge Fold 3 RMSE: 6.59, MAE: 4.81, R2: 0.91
2025-10-12 01:46:31,261 - INFO - ridge Fold 4 RMSE: 7.37, MAE: 4.87, R2: 0.89
2025-10-12 01:46:31,267 - INFO - ridge Fold 5 RMSE: 6.18, MAE: 4.94, R2: 0.92
2025-10-12 01:46:31,267 - INFO - ridge Average RMSE: 7.66, MAE: 5.42, R2: 0.89
2025-10-12 01:46:31,271 - INFO - Training svr for Lahore...
2025-10-12 01:46:31,325 - INFO - svr Fold 1 RMSE: 5.34, MAE: 3.74, R2: 0.90
2025-10-12 01:46:31,482 - INFO - svr Fold 2 RMSE: 28.84, MAE: 19.20, R2: 0.20
2025-10-12 01:46:31,835 - INFO - svr Fold 3 RMSE: 19.83, MAE: 16.40, R2: 0.19
2025-10-12 01:46:32,543 - INFO - svr Fold 4 RMSE: 8.29, MAE: 6.07, R2: 0.86
2025-10-12 01:46:33,672 - INFO - svr Fold 5 RMSE: 6.72, MAE: 4.90, R2: 0.91
2025-10-12 01:46:33,672 - INFO - svr Average RMSE: 13.80, MAE: 10.06, R2: 0.61
2025-10-12 01:46:35,429 - INFO - Metrics for Lahore:
2025-10-12 01:46:35,430 - INFO - random_forest: avg_rmse=12.21, avg_mae=8.77, avg_r2=0.70
2025-10-12 01:46:35,430 - INFO - ridge: avg_rmse=7.66, avg_mae=5.42, avg_r2=0.89
2025-10-12 01:46:35,430 - INFO - svr: avg_rmse=13.80, avg_mae=10.06, avg_r2=0.61
2025-10-12 01:46:35,430 - INFO - 
=== Training/Retraining Models for Islamabad ===
2025-10-12 01:46:35,430 - INFO - Processing Islamabad with data from data/Islamabad_historical_aq.csv
2025-10-12 01:46:35,436 - INFO - Training random_forest for Islamabad...
2025-10-12 01:46:35,704 - INFO - random_forest Fold 1 RMSE: 11.87, MAE: 8.03, R2: 0.82
2025-10-12 01:46:36,211 - INFO - random_forest Fold 2 RMSE: 12.01, MAE: 8.43, R2: 0.72
2025-10-12 01:46:36,978 - INFO - random_forest Fold 3 RMSE: 8.71, MAE: 6.82, R2: 0.86
2025-10-12 01:46:37,995 - INFO - random_forest Fold 4 RMSE: 4.84, MAE: 3.34, R2: 0.92
2025-10-12 01:46:39,317 - INFO - random_forest Fold 5 RMSE: 6.72, MAE: 3.89, R2: 0.88
2025-10-12 01:46:39,317 - INFO - random_forest Average RMSE: 8.83, MAE: 6.10, R2: 0.84
2025-10-12 01:46:40,974 - INFO - Training ridge for Islamabad...
2025-10-12 01:46:40,981 - INFO - ridge Fold 1 RMSE: 7.43, MAE: 5.16, R2: 0.93
2025-10-12 01:46:40,987 - INFO - ridge Fold 2 RMSE: 8.83, MAE: 6.36, R2: 0.85
2025-10-12 01:46:40,993 - INFO - ridge Fold 3 RMSE: 6.69, MAE: 4.65, R2: 0.92
2025-10-12 01:46:40,999 - INFO - ridge Fold 4 RMSE: 4.40, MAE: 3.33, R2: 0.93
2025-10-12 01:46:41,005 - INFO - ridge Fold 5 RMSE: 5.99, MAE: 4.14, R2: 0.90
2025-10-12 01:46:41,005 - INFO - ridge Average RMSE: 6.67, MAE: 4.73, R2: 0.91
2025-10-12 01:46:41,009 - INFO - Training svr for Islamabad...
2025-10-12 01:46:41,057 - INFO - svr Fold 1 RMSE: 11.35, MAE: 9.20, R2: 0.83
2025-10-12 01:46:41,262 - INFO - svr Fold 2 RMSE: 10.70, MAE: 6.97, R2: 0.77
2025-10-12 01:46:41,671 - INFO - svr Fold 3 RMSE: 18.97, MAE: 16.03, R2: 0.33
2025-10-12 01:46:42,398 - INFO - svr Fold 4 RMSE: 5.06, MAE: 2.84, R2: 0.91
2025-10-12 01:46:43,613 - INFO - svr Fold 5 RMSE: 9.42, MAE: 6.92, R2: 0.76
2025-10-12 01:46:43,613 - INFO - svr Average RMSE: 11.10, MAE: 8.39, R2: 0.72
2025-10-12 01:46:45,517 - INFO - Metrics for Islamabad:
2025-10-12 01:46:45,517 - INFO - random_forest: avg_rmse=8.83, avg_mae=6.10, avg_r2=0.84
2025-10-12 01:46:45,517 - INFO - ridge: avg_rmse=6.67, avg_mae=4.73, avg_r2=0.91
2025-10-12 01:46:45,517 - INFO - svr: avg_rmse=11.10, avg_mae=8.39, avg_r2=0.72
2025-10-13 01:49:47,395 - INFO - 
=== Training/Retraining Models for Karachi ===
2025-10-13 01:49:47,395 - INFO - Processing Karachi with data from data/Karachi_historical_aq.csv
2025-10-13 01:49:47,403 - INFO - Training random_forest for Karachi...
2025-10-13 01:49:47,708 - INFO - random_forest Fold 1 RMSE: 5.97, MAE: 4.96, R2: -0.74
2025-10-13 01:49:48,269 - INFO - random_forest Fold 2 RMSE: 5.22, MAE: 3.11, R2: 0.51
2025-10-13 01:49:49,162 - INFO - random_forest Fold 3 RMSE: 6.23, MAE: 4.30, R2: 0.80
2025-10-13 01:49:50,375 - INFO - random_forest Fold 4 RMSE: 3.03, MAE: 2.07, R2: 0.93
2025-10-13 01:49:51,888 - INFO - random_forest Fold 5 RMSE: 10.24, MAE: 8.62, R2: 0.86
2025-10-13 01:49:51,888 - INFO - random_forest Average RMSE: 6.14, MAE: 4.61, R2: 0.47
2025-10-13 01:49:53,789 - INFO - Training ridge for Karachi...
2025-10-13 01:49:53,797 - INFO - ridge Fold 1 RMSE: 0.59, MAE: 0.47, R2: 0.98
2025-10-13 01:49:53,803 - INFO - ridge Fold 2 RMSE: 1.45, MAE: 0.96, R2: 0.96
2025-10-13 01:49:53,808 - INFO - ridge Fold 3 RMSE: 2.05, MAE: 1.48, R2: 0.98
2025-10-13 01:49:53,814 - INFO - ridge Fold 4 RMSE: 1.52, MAE: 1.05, R2: 0.98
2025-10-13 01:49:53,819 - INFO - ridge Fold 5 RMSE: 4.16, MAE: 2.97, R2: 0.98
2025-10-13 01:49:53,820 - INFO - ridge Average RMSE: 1.96, MAE: 1.39, R2: 0.98
2025-10-13 01:49:53,824 - INFO - Training svr for Karachi...
2025-10-13 01:49:53,841 - INFO - svr Fold 1 RMSE: 9.53, MAE: 8.60, R2: -3.43
2025-10-13 01:49:53,881 - INFO - svr Fold 2 RMSE: 9.28, MAE: 6.53, R2: -0.55
2025-10-13 01:49:53,977 - INFO - svr Fold 3 RMSE: 10.64, MAE: 7.68, R2: 0.41
2025-10-13 01:49:54,170 - INFO - svr Fold 4 RMSE: 5.38, MAE: 3.34, R2: 0.78
2025-10-13 01:49:54,486 - INFO - svr Fold 5 RMSE: 23.74, MAE: 21.01, R2: 0.23
2025-10-13 01:49:54,486 - INFO - svr Average RMSE: 11.71, MAE: 9.44, R2: -0.51
2025-10-13 01:49:55,137 - INFO - Metrics for Karachi:
2025-10-13 01:49:55,137 - INFO - random_forest: avg_rmse=6.14, avg_mae=4.61, avg_r2=0.47
2025-10-13 01:49:55,137 - INFO - ridge: avg_rmse=1.96, avg_mae=1.39, avg_r2=0.98
2025-10-13 01:49:55,137 - INFO - svr: avg_rmse=11.71, avg_mae=9.44, avg_r2=-0.51
2025-10-13 01:49:55,137 - INFO - 
=== Training/Retraining Models for Lahore ===
2025-10-13 01:49:55,137 - INFO - Processing Lahore with data from data/Lahore_historical_aq.csv
2025-10-13 01:49:55,145 - INFO - Training random_forest for Lahore...
2025-10-13 01:49:55,467 - INFO - random_forest Fold 1 RMSE: 11.85, MAE: 8.43, R2: 0.48
2025-10-13 01:49:56,107 - INFO - random_forest Fold 2 RMSE: 21.61, MAE: 14.59, R2: 0.55
2025-10-13 01:49:57,088 - INFO - random_forest Fold 3 RMSE: 12.25, MAE: 9.37, R2: 0.68
2025-10-13 01:49:58,359 - INFO - random_forest Fold 4 RMSE: 13.02, MAE: 9.80, R2: 0.67
2025-10-13 01:50:00,006 - INFO - random_forest Fold 5 RMSE: 5.12, MAE: 3.75, R2: 0.94
2025-10-13 01:50:00,006 - INFO - random_forest Average RMSE: 12.77, MAE: 9.19, R2: 0.67
2025-10-13 01:50:02,062 - INFO - Training ridge for Lahore...
2025-10-13 01:50:02,069 - INFO - ridge Fold 1 RMSE: 4.82, MAE: 3.59, R2: 0.91
2025-10-13 01:50:02,075 - INFO - ridge Fold 2 RMSE: 14.01, MAE: 9.68, R2: 0.81
2025-10-13 01:50:02,081 - INFO - ridge Fold 3 RMSE: 6.68, MAE: 4.95, R2: 0.91
2025-10-13 01:50:02,087 - INFO - ridge Fold 4 RMSE: 7.79, MAE: 5.05, R2: 0.88
2025-10-13 01:50:02,093 - INFO - ridge Fold 5 RMSE: 6.13, MAE: 5.10, R2: 0.92
2025-10-13 01:50:02,093 - INFO - ridge Average RMSE: 7.89, MAE: 5.68, R2: 0.89
2025-10-13 01:50:02,097 - INFO - Training svr for Lahore...
2025-10-13 01:50:02,144 - INFO - svr Fold 1 RMSE: 5.65, MAE: 4.09, R2: 0.88
2025-10-13 01:50:02,285 - INFO - svr Fold 2 RMSE: 32.36, MAE: 21.64, R2: -0.01
2025-10-13 01:50:02,588 - INFO - svr Fold 3 RMSE: 19.92, MAE: 16.98, R2: 0.16
2025-10-13 01:50:03,170 - INFO - svr Fold 4 RMSE: 8.33, MAE: 6.11, R2: 0.87
2025-10-13 01:50:04,274 - INFO - svr Fold 5 RMSE: 6.91, MAE: 5.19, R2: 0.90
2025-10-13 01:50:04,274 - INFO - svr Average RMSE: 14.63, MAE: 10.80, R2: 0.56
2025-10-13 01:50:05,944 - INFO - Metrics for Lahore:
2025-10-13 01:50:05,944 - INFO - random_forest: avg_rmse=12.77, avg_mae=9.19, avg_r2=0.67
2025-10-13 01:50:05,944 - INFO - ridge: avg_rmse=7.89, avg_mae=5.68, avg_r2=0.89
2025-10-13 01:50:05,944 - INFO - svr: avg_rmse=14.63, avg_mae=10.80, avg_r2=0.56
2025-10-13 01:50:05,944 - INFO - 
=== Training/Retraining Models for Islamabad ===
2025-10-13 01:50:05,944 - INFO - Processing Islamabad with data from data/Islamabad_historical_aq.csv
2025-10-13 01:50:05,951 - INFO - Training random_forest for Islamabad...
2025-10-13 01:50:06,261 - INFO - random_forest Fold 1 RMSE: 12.12, MAE: 8.16, R2: 0.75
2025-10-13 01:50:06,866 - INFO - random_forest Fold 2 RMSE: 11.87, MAE: 8.55, R2: 0.71
2025-10-13 01:50:07,780 - INFO - random_forest Fold 3 RMSE: 8.16, MAE: 6.39, R2: 0.88
2025-10-13 01:50:09,002 - INFO - random_forest Fold 4 RMSE: 4.66, MAE: 3.39, R2: 0.93
2025-10-13 01:50:10,581 - INFO - random_forest Fold 5 RMSE: 7.35, MAE: 4.36, R2: 0.85
2025-10-13 01:50:10,581 - INFO - random_forest Average RMSE: 8.83, MAE: 6.17, R2: 0.82
2025-10-13 01:50:12,534 - INFO - Training ridge for Islamabad...
2025-10-13 01:50:12,541 - INFO - ridge Fold 1 RMSE: 7.52, MAE: 5.01, R2: 0.90
2025-10-13 01:50:12,546 - INFO - ridge Fold 2 RMSE: 9.39, MAE: 6.67, R2: 0.82
2025-10-13 01:50:12,551 - INFO - ridge Fold 3 RMSE: 5.69, MAE: 4.16, R2: 0.94
2025-10-13 01:50:12,557 - INFO - ridge Fold 4 RMSE: 4.47, MAE: 3.40, R2: 0.93
2025-10-13 01:50:12,562 - INFO - ridge Fold 5 RMSE: 5.96, MAE: 4.09, R2: 0.90
2025-10-13 01:50:12,563 - INFO - ridge Average RMSE: 6.61, MAE: 4.67, R2: 0.90
2025-10-13 01:50:12,567 - INFO - Training svr for Islamabad...
2025-10-13 01:50:12,611 - INFO - svr Fold 1 RMSE: 11.31, MAE: 9.16, R2: 0.78
2025-10-13 01:50:12,764 - INFO - svr Fold 2 RMSE: 11.19, MAE: 7.62, R2: 0.75
2025-10-13 01:50:13,117 - INFO - svr Fold 3 RMSE: 18.93, MAE: 16.00, R2: 0.35
2025-10-13 01:50:13,778 - INFO - svr Fold 4 RMSE: 4.95, MAE: 2.75, R2: 0.92
2025-10-13 01:50:14,812 - INFO - svr Fold 5 RMSE: 10.67, MAE: 8.21, R2: 0.69
2025-10-13 01:50:14,812 - INFO - svr Average RMSE: 11.41, MAE: 8.75, R2: 0.70
2025-10-13 01:50:16,531 - INFO - Metrics for Islamabad:
2025-10-13 01:50:16,531 - INFO - random_forest: avg_rmse=8.83, avg_mae=6.17, avg_r2=0.82
2025-10-13 01:50:16,531 - INFO - ridge: avg_rmse=6.61, avg_mae=4.67, avg_r2=0.90
2025-10-13 01:50:16,531 - INFO - svr: avg_rmse=11.41, avg_mae=8.75, avg_r2=0.70
2025-10-14 01:43:09,401 - INFO - 
=== Training/Retraining Models for Karachi ===
2025-10-14 01:43:09,402 - INFO - Processing Karachi with data from data/Karachi_historical_aq.csv
2025-10-14 01:43:09,411 - INFO - Training random_forest for Karachi...
2025-10-14 01:43:09,693 - INFO - random_forest Fold 1 RMSE: 6.29, MAE: 5.24, R2: -0.50
2025-10-14 01:43:10,170 - INFO - random_forest Fold 2 RMSE: 7.92, MAE: 4.67, R2: 0.36
2025-10-14 01:43:10,905 - INFO - random_forest Fold 3 RMSE: 5.41, MAE: 3.95, R2: 0.82
2025-10-14 01:43:11,919 - INFO - random_forest Fold 4 RMSE: 3.68, MAE: 2.52, R2: 0.88
2025-10-14 01:43:13,200 - INFO - random_forest Fold 5 RMSE: 10.82, MAE: 9.48, R2: 0.85
2025-10-14 01:43:13,200 - INFO - random_forest Average RMSE: 6.82, MAE: 5.17, R2: 0.48
2025-10-14 01:43:14,876 - INFO - Training ridge for Karachi...
2025-10-14 01:43:14,883 - INFO - ridge Fold 1 RMSE: 0.58, MAE: 0.47, R2: 0.99
2025-10-14 01:43:14,889 - INFO - ridge Fold 2 RMSE: 1.70, MAE: 1.14, R2: 0.97
2025-10-14 01:43:14,895 - INFO - ridge Fold 3 RMSE: 2.24, MAE: 1.74, R2: 0.97
2025-10-14 01:43:14,901 - INFO - ridge Fold 4 RMSE: 1.57, MAE: 1.08, R2: 0.98
2025-10-14 01:43:14,907 - INFO - ridge Fold 5 RMSE: 4.16, MAE: 3.01, R2: 0.98
2025-10-14 01:43:14,907 - INFO - ridge Average RMSE: 2.05, MAE: 1.49, R2: 0.98
2025-10-14 01:43:14,911 - INFO - Training svr for Karachi...
2025-10-14 01:43:14,928 - INFO - svr Fold 1 RMSE: 10.87, MAE: 10.11, R2: -3.49
2025-10-14 01:43:14,977 - INFO - svr Fold 2 RMSE: 11.76, MAE: 7.48, R2: -0.42
2025-10-14 01:43:15,107 - INFO - svr Fold 3 RMSE: 11.12, MAE: 8.03, R2: 0.24
2025-10-14 01:43:15,343 - INFO - svr Fold 4 RMSE: 4.80, MAE: 2.88, R2: 0.79
2025-10-14 01:43:15,702 - INFO - svr Fold 5 RMSE: 24.90, MAE: 22.87, R2: 0.18
2025-10-14 01:43:15,702 - INFO - svr Average RMSE: 12.69, MAE: 10.27, R2: -0.54
2025-10-14 01:43:16,432 - INFO - Metrics for Karachi:
2025-10-14 01:43:16,432 - INFO - random_forest: avg_rmse=6.82, avg_mae=5.17, avg_r2=0.48
2025-10-14 01:43:16,432 - INFO - ridge: avg_rmse=2.05, avg_mae=1.49, avg_r2=0.98
2025-10-14 01:43:16,432 - INFO - svr: avg_rmse=12.69, avg_mae=10.27, avg_r2=-0.54
2025-10-14 01:43:16,432 - INFO - 
=== Training/Retraining Models for Lahore ===
2025-10-14 01:43:16,433 - INFO - Processing Lahore with data from data/Lahore_historical_aq.csv
2025-10-14 01:43:16,439 - INFO - Training random_forest for Lahore...
2025-10-14 01:43:16,718 - INFO - random_forest Fold 1 RMSE: 9.46, MAE: 6.86, R2: 0.50
2025-10-14 01:43:17,265 - INFO - random_forest Fold 2 RMSE: 22.82, MAE: 16.20, R2: 0.47
2025-10-14 01:43:18,076 - INFO - random_forest Fold 3 RMSE: 12.40, MAE: 9.69, R2: 0.68
2025-10-14 01:43:19,130 - INFO - random_forest Fold 4 RMSE: 13.70, MAE: 10.51, R2: 0.65
2025-10-14 01:43:20,479 - INFO - random_forest Fold 5 RMSE: 5.24, MAE: 3.83, R2: 0.94
2025-10-14 01:43:20,480 - INFO - random_forest Average RMSE: 12.72, MAE: 9.42, R2: 0.65
2025-10-14 01:43:22,177 - INFO - Training ridge for Lahore...
2025-10-14 01:43:22,184 - INFO - ridge Fold 1 RMSE: 7.91, MAE: 7.13, R2: 0.65
2025-10-14 01:43:22,190 - INFO - ridge Fold 2 RMSE: 14.93, MAE: 10.54, R2: 0.77
2025-10-14 01:43:22,196 - INFO - ridge Fold 3 RMSE: 6.80, MAE: 5.20, R2: 0.90
2025-10-14 01:43:22,202 - INFO - ridge Fold 4 RMSE: 8.07, MAE: 5.23, R2: 0.88
2025-10-14 01:43:22,208 - INFO - ridge Fold 5 RMSE: 6.35, MAE: 5.32, R2: 0.91
2025-10-14 01:43:22,208 - INFO - ridge Average RMSE: 8.81, MAE: 6.69, R2: 0.82
2025-10-14 01:43:22,212 - INFO - Training svr for Lahore...
2025-10-14 01:43:22,268 - INFO - svr Fold 1 RMSE: 17.23, MAE: 14.53, R2: -0.66
2025-10-14 01:43:22,416 - INFO - svr Fold 2 RMSE: 33.79, MAE: 23.32, R2: -0.15
2025-10-14 01:43:22,769 - INFO - svr Fold 3 RMSE: 20.53, MAE: 18.00, R2: 0.13
2025-10-14 01:43:23,423 - INFO - svr Fold 4 RMSE: 8.73, MAE: 6.37, R2: 0.86
2025-10-14 01:43:24,656 - INFO - svr Fold 5 RMSE: 7.35, MAE: 5.65, R2: 0.88
2025-10-14 01:43:24,657 - INFO - svr Average RMSE: 17.53, MAE: 13.57, R2: 0.21
2025-10-14 01:43:26,418 - INFO - Metrics for Lahore:
2025-10-14 01:43:26,418 - INFO - random_forest: avg_rmse=12.72, avg_mae=9.42, avg_r2=0.65
2025-10-14 01:43:26,418 - INFO - ridge: avg_rmse=8.81, avg_mae=6.69, avg_r2=0.82
2025-10-14 01:43:26,418 - INFO - svr: avg_rmse=17.53, avg_mae=13.57, avg_r2=0.21
2025-10-14 01:43:26,419 - INFO - 
=== Training/Retraining Models for Islamabad ===
2025-10-14 01:43:26,419 - INFO - Processing Islamabad with data from data/Islamabad_historical_aq.csv
2025-10-14 01:43:26,424 - INFO - Training random_forest for Islamabad...
2025-10-14 01:43:26,696 - INFO - random_forest Fold 1 RMSE: 11.89, MAE: 8.05, R2: 0.75
2025-10-14 01:43:27,205 - INFO - random_forest Fold 2 RMSE: 12.57, MAE: 9.10, R2: 0.72
2025-10-14 01:43:27,971 - INFO - random_forest Fold 3 RMSE: 9.55, MAE: 7.38, R2: 0.82
2025-10-14 01:43:29,017 - INFO - random_forest Fold 4 RMSE: 5.04, MAE: 3.61, R2: 0.92
2025-10-14 01:43:30,339 - INFO - random_forest Fold 5 RMSE: 8.13, MAE: 5.01, R2: 0.80
2025-10-14 01:43:30,339 - INFO - random_forest Average RMSE: 9.44, MAE: 6.63, R2: 0.80
2025-10-14 01:43:32,008 - INFO - Training ridge for Islamabad...
2025-10-14 01:43:32,015 - INFO - ridge Fold 1 RMSE: 8.30, MAE: 5.57, R2: 0.88
2025-10-14 01:43:32,021 - INFO - ridge Fold 2 RMSE: 8.12, MAE: 5.70, R2: 0.88
2025-10-14 01:43:32,026 - INFO - ridge Fold 3 RMSE: 5.74, MAE: 4.19, R2: 0.94
2025-10-14 01:43:32,032 - INFO - ridge Fold 4 RMSE: 4.59, MAE: 3.50, R2: 0.94
2025-10-14 01:43:32,038 - INFO - ridge Fold 5 RMSE: 5.90, MAE: 4.03, R2: 0.90
2025-10-14 01:43:32,039 - INFO - ridge Average RMSE: 6.53, MAE: 4.60, R2: 0.91
2025-10-14 01:43:32,043 - INFO - Training svr for Islamabad...
2025-10-14 01:43:32,088 - INFO - svr Fold 1 RMSE: 21.53, MAE: 18.42, R2: 0.17
2025-10-14 01:43:32,270 - INFO - svr Fold 2 RMSE: 11.63, MAE: 8.11, R2: 0.76
2025-10-14 01:43:32,708 - INFO - svr Fold 3 RMSE: 18.46, MAE: 15.60, R2: 0.33
2025-10-14 01:43:33,458 - INFO - svr Fold 4 RMSE: 5.24, MAE: 2.97, R2: 0.92
2025-10-14 01:43:34,523 - INFO - svr Fold 5 RMSE: 11.13, MAE: 8.65, R2: 0.63
2025-10-14 01:43:34,523 - INFO - svr Average RMSE: 13.60, MAE: 10.75, R2: 0.56
2025-10-14 01:43:36,399 - INFO - Metrics for Islamabad:
2025-10-14 01:43:36,399 - INFO - random_forest: avg_rmse=9.44, avg_mae=6.63, avg_r2=0.80
2025-10-14 01:43:36,400 - INFO - ridge: avg_rmse=6.53, avg_mae=4.60, avg_r2=0.91
2025-10-14 01:43:36,400 - INFO - svr: avg_rmse=13.60, avg_mae=10.75, avg_r2=0.56
2025-10-15 01:46:02,276 - INFO - 
=== Training/Retraining Models for Karachi ===
2025-10-15 01:46:02,276 - INFO - Processing Karachi with data from data/Karachi_historical_aq.csv
2025-10-15 01:46:02,285 - INFO - Training random_forest for Karachi...
2025-10-15 01:46:02,558 - INFO - random_forest Fold 1 RMSE: 5.09, MAE: 4.31, R2: 0.31
2025-10-15 01:46:03,032 - INFO - random_forest Fold 2 RMSE: 8.97, MAE: 5.52, R2: 0.28
2025-10-15 01:46:03,775 - INFO - random_forest Fold 3 RMSE: 6.16, MAE: 4.57, R2: 0.75
2025-10-15 01:46:04,814 - INFO - random_forest Fold 4 RMSE: 3.07, MAE: 2.16, R2: 0.92
2025-10-15 01:46:06,102 - INFO - random_forest Fold 5 RMSE: 11.10, MAE: 9.63, R2: 0.84
2025-10-15 01:46:06,102 - INFO - random_forest Average RMSE: 6.88, MAE: 5.24, R2: 0.62
2025-10-15 01:46:07,754 - INFO - Training ridge for Karachi...
2025-10-15 01:46:07,762 - INFO - ridge Fold 1 RMSE: 0.61, MAE: 0.49, R2: 0.99
2025-10-15 01:46:07,768 - INFO - ridge Fold 2 RMSE: 1.95, MAE: 1.28, R2: 0.97
2025-10-15 01:46:07,774 - INFO - ridge Fold 3 RMSE: 1.76, MAE: 1.30, R2: 0.98
2025-10-15 01:46:07,780 - INFO - ridge Fold 4 RMSE: 1.61, MAE: 1.14, R2: 0.98
2025-10-15 01:46:07,786 - INFO - ridge Fold 5 RMSE: 4.25, MAE: 3.06, R2: 0.98
2025-10-15 01:46:07,786 - INFO - ridge Average RMSE: 2.03, MAE: 1.45, R2: 0.98
2025-10-15 01:46:07,790 - INFO - Training svr for Karachi...
2025-10-15 01:46:07,809 - INFO - svr Fold 1 RMSE: 9.80, MAE: 9.06, R2: -1.55
2025-10-15 01:46:07,859 - INFO - svr Fold 2 RMSE: 12.77, MAE: 8.23, R2: -0.46
2025-10-15 01:46:07,994 - INFO - svr Fold 3 RMSE: 12.55, MAE: 9.23, R2: -0.03
2025-10-15 01:46:08,232 - INFO - svr Fold 4 RMSE: 4.62, MAE: 2.30, R2: 0.82
2025-10-15 01:46:08,596 - INFO - svr Fold 5 RMSE: 24.60, MAE: 22.94, R2: 0.22
2025-10-15 01:46:08,596 - INFO - svr Average RMSE: 12.87, MAE: 10.35, R2: -0.20
2025-10-15 01:46:09,408 - INFO - Metrics for Karachi:
2025-10-15 01:46:09,408 - INFO - random_forest: avg_rmse=6.88, avg_mae=5.24, avg_r2=0.62
2025-10-15 01:46:09,408 - INFO - ridge: avg_rmse=2.03, avg_mae=1.45, avg_r2=0.98
2025-10-15 01:46:09,408 - INFO - svr: avg_rmse=12.87, avg_mae=10.35, avg_r2=-0.20
2025-10-15 01:46:09,408 - INFO - 
=== Training/Retraining Models for Lahore ===
2025-10-15 01:46:09,408 - INFO - Processing Lahore with data from data/Lahore_historical_aq.csv
2025-10-15 01:46:09,415 - INFO - Training random_forest for Lahore...
2025-10-15 01:46:09,721 - INFO - random_forest Fold 1 RMSE: 7.30, MAE: 5.57, R2: 0.68
2025-10-15 01:46:10,273 - INFO - random_forest Fold 2 RMSE: 25.18, MAE: 18.72, R2: 0.25
2025-10-15 01:46:11,077 - INFO - random_forest Fold 3 RMSE: 13.04, MAE: 9.73, R2: 0.67
2025-10-15 01:46:12,130 - INFO - random_forest Fold 4 RMSE: 13.27, MAE: 10.40, R2: 0.66
2025-10-15 01:46:13,499 - INFO - random_forest Fold 5 RMSE: 5.19, MAE: 3.77, R2: 0.94
2025-10-15 01:46:13,499 - INFO - random_forest Average RMSE: 12.80, MAE: 9.64, R2: 0.64
2025-10-15 01:46:15,239 - INFO - Training ridge for Lahore...
2025-10-15 01:46:15,247 - INFO - ridge Fold 1 RMSE: 4.57, MAE: 3.58, R2: 0.87
2025-10-15 01:46:15,252 - INFO - ridge Fold 2 RMSE: 15.78, MAE: 11.43, R2: 0.71
2025-10-15 01:46:15,258 - INFO - ridge Fold 3 RMSE: 7.00, MAE: 5.28, R2: 0.91
2025-10-15 01:46:15,264 - INFO - ridge Fold 4 RMSE: 7.92, MAE: 5.12, R2: 0.88
2025-10-15 01:46:15,271 - INFO - ridge Fold 5 RMSE: 6.55, MAE: 5.70, R2: 0.90
2025-10-15 01:46:15,271 - INFO - ridge Average RMSE: 8.36, MAE: 6.22, R2: 0.85
2025-10-15 01:46:15,275 - INFO - Training svr for Lahore...
2025-10-15 01:46:15,328 - INFO - svr Fold 1 RMSE: 13.85, MAE: 12.22, R2: -0.17
2025-10-15 01:46:15,480 - INFO - svr Fold 2 RMSE: 34.67, MAE: 25.03, R2: -0.42
2025-10-15 01:46:15,847 - INFO - svr Fold 3 RMSE: 21.34, MAE: 19.03, R2: 0.12
2025-10-15 01:46:16,534 - INFO - svr Fold 4 RMSE: 9.96, MAE: 7.11, R2: 0.81
2025-10-15 01:46:17,702 - INFO - svr Fold 5 RMSE: 8.03, MAE: 6.18, R2: 0.86
2025-10-15 01:46:17,703 - INFO - svr Average RMSE: 17.57, MAE: 13.91, R2: 0.24
2025-10-15 01:46:19,494 - INFO - Metrics for Lahore:
2025-10-15 01:46:19,494 - INFO - random_forest: avg_rmse=12.80, avg_mae=9.64, avg_r2=0.64
2025-10-15 01:46:19,494 - INFO - ridge: avg_rmse=8.36, avg_mae=6.22, avg_r2=0.85
2025-10-15 01:46:19,494 - INFO - svr: avg_rmse=17.57, avg_mae=13.91, avg_r2=0.24
2025-10-15 01:46:19,494 - INFO - 
=== Training/Retraining Models for Islamabad ===
2025-10-15 01:46:19,494 - INFO - Processing Islamabad with data from data/Islamabad_historical_aq.csv
2025-10-15 01:46:19,500 - INFO - Training random_forest for Islamabad...
2025-10-15 01:46:19,773 - INFO - random_forest Fold 1 RMSE: 11.81, MAE: 8.58, R2: 0.72
2025-10-15 01:46:20,291 - INFO - random_forest Fold 2 RMSE: 12.59, MAE: 8.93, R2: 0.69
2025-10-15 01:46:21,068 - INFO - random_forest Fold 3 RMSE: 8.19, MAE: 6.35, R2: 0.87
2025-10-15 01:46:22,111 - INFO - random_forest Fold 4 RMSE: 6.17, MAE: 4.07, R2: 0.90
2025-10-15 01:46:23,447 - INFO - random_forest Fold 5 RMSE: 7.56, MAE: 4.90, R2: 0.82
2025-10-15 01:46:23,447 - INFO - random_forest Average RMSE: 9.26, MAE: 6.57, R2: 0.80
2025-10-15 01:46:25,169 - INFO - Training ridge for Islamabad...
2025-10-15 01:46:25,176 - INFO - ridge Fold 1 RMSE: 4.96, MAE: 3.86, R2: 0.95
2025-10-15 01:46:25,182 - INFO - ridge Fold 2 RMSE: 7.56, MAE: 5.63, R2: 0.89
2025-10-15 01:46:25,188 - INFO - ridge Fold 3 RMSE: 5.79, MAE: 4.38, R2: 0.94
2025-10-15 01:46:25,195 - INFO - ridge Fold 4 RMSE: 4.09, MAE: 2.93, R2: 0.96
2025-10-15 01:46:25,202 - INFO - ridge Fold 5 RMSE: 6.10, MAE: 3.79, R2: 0.88
2025-10-15 01:46:25,202 - INFO - ridge Average RMSE: 5.70, MAE: 4.12, R2: 0.92
2025-10-15 01:46:25,207 - INFO - Training svr for Islamabad...
2025-10-15 01:46:25,250 - INFO - svr Fold 1 RMSE: 15.88, MAE: 13.34, R2: 0.49
2025-10-15 01:46:25,428 - INFO - svr Fold 2 RMSE: 11.93, MAE: 8.34, R2: 0.72
2025-10-15 01:46:25,852 - INFO - svr Fold 3 RMSE: 18.73, MAE: 15.81, R2: 0.33
2025-10-15 01:46:26,668 - INFO - svr Fold 4 RMSE: 5.88, MAE: 3.37, R2: 0.91
2025-10-15 01:46:27,913 - INFO - svr Fold 5 RMSE: 11.02, MAE: 8.54, R2: 0.61
2025-10-15 01:46:27,913 - INFO - svr Average RMSE: 12.69, MAE: 9.88, R2: 0.61
2025-10-15 01:46:29,812 - INFO - Metrics for Islamabad:
2025-10-15 01:46:29,812 - INFO - random_forest: avg_rmse=9.26, avg_mae=6.57, avg_r2=0.80
2025-10-15 01:46:29,812 - INFO - ridge: avg_rmse=5.70, avg_mae=4.12, avg_r2=0.92
2025-10-15 01:46:29,812 - INFO - svr: avg_rmse=12.69, avg_mae=9.88, avg_r2=0.61
2025-10-16 01:45:11,858 - INFO - 
=== Training/Retraining Models for Karachi ===
2025-10-16 01:45:11,858 - INFO - Processing Karachi with data from data/Karachi_historical_aq.csv
2025-10-16 01:45:11,866 - INFO - Training random_forest for Karachi...
2025-10-16 01:45:12,133 - INFO - random_forest Fold 1 RMSE: 5.69, MAE: 4.76, R2: 0.19
2025-10-16 01:45:12,608 - INFO - random_forest Fold 2 RMSE: 9.01, MAE: 5.65, R2: 0.27
2025-10-16 01:45:13,330 - INFO - random_forest Fold 3 RMSE: 6.52, MAE: 4.88, R2: 0.75
2025-10-16 01:45:14,351 - INFO - random_forest Fold 4 RMSE: 3.70, MAE: 2.62, R2: 0.86
2025-10-16 01:45:15,623 - INFO - random_forest Fold 5 RMSE: 11.47, MAE: 9.86, R2: 0.83
2025-10-16 01:45:15,624 - INFO - random_forest Average RMSE: 7.28, MAE: 5.55, R2: 0.58
2025-10-16 01:45:17,245 - INFO - Training ridge for Karachi...
2025-10-16 01:45:17,252 - INFO - ridge Fold 1 RMSE: 0.68, MAE: 0.54, R2: 0.99
2025-10-16 01:45:17,258 - INFO - ridge Fold 2 RMSE: 2.12, MAE: 1.43, R2: 0.96
2025-10-16 01:45:17,263 - INFO - ridge Fold 3 RMSE: 1.64, MAE: 1.11, R2: 0.98
2025-10-16 01:45:17,269 - INFO - ridge Fold 4 RMSE: 1.46, MAE: 1.04, R2: 0.98
2025-10-16 01:45:17,275 - INFO - ridge Fold 5 RMSE: 4.57, MAE: 3.24, R2: 0.97
2025-10-16 01:45:17,275 - INFO - ridge Average RMSE: 2.10, MAE: 1.47, R2: 0.98
2025-10-16 01:45:17,280 - INFO - Training svr for Karachi...
2025-10-16 01:45:17,297 - INFO - svr Fold 1 RMSE: 8.62, MAE: 7.88, R2: -0.87
2025-10-16 01:45:17,345 - INFO - svr Fold 2 RMSE: 12.88, MAE: 8.40, R2: -0.49
2025-10-16 01:45:17,487 - INFO - svr Fold 3 RMSE: 12.78, MAE: 9.38, R2: 0.02
2025-10-16 01:45:17,738 - INFO - svr Fold 4 RMSE: 5.09, MAE: 2.58, R2: 0.74
2025-10-16 01:45:18,100 - INFO - svr Fold 5 RMSE: 24.84, MAE: 23.14, R2: 0.22
2025-10-16 01:45:18,100 - INFO - svr Average RMSE: 12.84, MAE: 10.28, R2: -0.07
2025-10-16 01:45:18,838 - INFO - Metrics for Karachi:
2025-10-16 01:45:18,839 - INFO - random_forest: avg_rmse=7.28, avg_mae=5.55, avg_r2=0.58
2025-10-16 01:45:18,839 - INFO - ridge: avg_rmse=2.10, avg_mae=1.47, avg_r2=0.98
2025-10-16 01:45:18,839 - INFO - svr: avg_rmse=12.84, avg_mae=10.28, avg_r2=-0.07
2025-10-16 01:45:18,839 - INFO - 
=== Training/Retraining Models for Lahore ===
2025-10-16 01:45:18,839 - INFO - Processing Lahore with data from data/Lahore_historical_aq.csv
2025-10-16 01:45:18,846 - INFO - Training random_forest for Lahore...
2025-10-16 01:45:19,130 - INFO - random_forest Fold 1 RMSE: 7.07, MAE: 5.15, R2: 0.77
2025-10-16 01:45:19,681 - INFO - random_forest Fold 2 RMSE: 29.09, MAE: 21.97, R2: 0.03
2025-10-16 01:45:20,476 - INFO - random_forest Fold 3 RMSE: 12.95, MAE: 8.87, R2: 0.69
2025-10-16 01:45:21,515 - INFO - random_forest Fold 4 RMSE: 12.82, MAE: 9.75, R2: 0.67
2025-10-16 01:45:22,855 - INFO - random_forest Fold 5 RMSE: 4.99, MAE: 3.46, R2: 0.94
2025-10-16 01:45:22,855 - INFO - random_forest Average RMSE: 13.38, MAE: 9.84, R2: 0.62
2025-10-16 01:45:24,570 - INFO - Training ridge for Lahore...
2025-10-16 01:45:24,577 - INFO - ridge Fold 1 RMSE: 4.73, MAE: 3.59, R2: 0.89
2025-10-16 01:45:24,583 - INFO - ridge Fold 2 RMSE: 16.39, MAE: 12.23, R2: 0.69
2025-10-16 01:45:24,588 - INFO - ridge Fold 3 RMSE: 7.54, MAE: 5.49, R2: 0.89
2025-10-16 01:45:24,594 - INFO - ridge Fold 4 RMSE: 6.79, MAE: 4.60, R2: 0.91
2025-10-16 01:45:24,600 - INFO - ridge Fold 5 RMSE: 6.62, MAE: 5.80, R2: 0.90
2025-10-16 01:45:24,600 - INFO - ridge Average RMSE: 8.42, MAE: 6.34, R2: 0.86
2025-10-16 01:45:24,605 - INFO - Training svr for Lahore...
2025-10-16 01:45:24,652 - INFO - svr Fold 1 RMSE: 9.63, MAE: 8.11, R2: 0.56
2025-10-16 01:45:24,818 - INFO - svr Fold 2 RMSE: 36.14, MAE: 26.26, R2: -0.50
2025-10-16 01:45:25,158 - INFO - svr Fold 3 RMSE: 15.69, MAE: 12.97, R2: 0.54
2025-10-16 01:45:25,820 - INFO - svr Fold 4 RMSE: 10.42, MAE: 7.07, R2: 0.78
2025-10-16 01:45:26,941 - INFO - svr Fold 5 RMSE: 8.06, MAE: 6.26, R2: 0.85
2025-10-16 01:45:26,941 - INFO - svr Average RMSE: 15.99, MAE: 12.13, R2: 0.45
2025-10-16 01:45:28,569 - INFO - Metrics for Lahore:
2025-10-16 01:45:28,569 - INFO - random_forest: avg_rmse=13.38, avg_mae=9.84, avg_r2=0.62
2025-10-16 01:45:28,569 - INFO - ridge: avg_rmse=8.42, avg_mae=6.34, avg_r2=0.86
2025-10-16 01:45:28,569 - INFO - svr: avg_rmse=15.99, avg_mae=12.13, avg_r2=0.45
2025-10-16 01:45:28,569 - INFO - 
=== Training/Retraining Models for Islamabad ===
2025-10-16 01:45:28,569 - INFO - Processing Islamabad with data from data/Islamabad_historical_aq.csv
2025-10-16 01:45:28,575 - INFO - Training random_forest for Islamabad...
2025-10-16 01:45:28,846 - INFO - random_forest Fold 1 RMSE: 10.47, MAE: 7.87, R2: 0.78
2025-10-16 01:45:29,351 - INFO - random_forest Fold 2 RMSE: 12.19, MAE: 8.55, R2: 0.70
2025-10-16 01:45:30,109 - INFO - random_forest Fold 3 RMSE: 8.51, MAE: 6.47, R2: 0.86
2025-10-16 01:45:31,136 - INFO - random_forest Fold 4 RMSE: 7.50, MAE: 4.58, R2: 0.86
2025-10-16 01:45:32,448 - INFO - random_forest Fold 5 RMSE: 6.46, MAE: 4.30, R2: 0.86
2025-10-16 01:45:32,448 - INFO - random_forest Average RMSE: 9.02, MAE: 6.36, R2: 0.81
2025-10-16 01:45:34,085 - INFO - Training ridge for Islamabad...
2025-10-16 01:45:34,091 - INFO - ridge Fold 1 RMSE: 4.59, MAE: 3.45, R2: 0.96
2025-10-16 01:45:34,097 - INFO - ridge Fold 2 RMSE: 7.99, MAE: 6.19, R2: 0.87
2025-10-16 01:45:34,102 - INFO - ridge Fold 3 RMSE: 5.39, MAE: 3.66, R2: 0.94
2025-10-16 01:45:34,108 - INFO - ridge Fold 4 RMSE: 4.13, MAE: 2.98, R2: 0.96
2025-10-16 01:45:34,114 - INFO - ridge Fold 5 RMSE: 6.16, MAE: 3.93, R2: 0.87
2025-10-16 01:45:34,114 - INFO - ridge Average RMSE: 5.65, MAE: 4.04, R2: 0.92
2025-10-16 01:45:34,118 - INFO - Training svr for Islamabad...
2025-10-16 01:45:34,162 - INFO - svr Fold 1 RMSE: 13.62, MAE: 11.12, R2: 0.63
2025-10-16 01:45:34,327 - INFO - svr Fold 2 RMSE: 13.84, MAE: 9.68, R2: 0.62
2025-10-16 01:45:34,754 - INFO - svr Fold 3 RMSE: 11.90, MAE: 9.66, R2: 0.72
2025-10-16 01:45:35,562 - INFO - svr Fold 4 RMSE: 6.29, MAE: 3.80, R2: 0.90
2025-10-16 01:45:36,726 - INFO - svr Fold 5 RMSE: 10.55, MAE: 8.01, R2: 0.62
2025-10-16 01:45:36,726 - INFO - svr Average RMSE: 11.24, MAE: 8.45, R2: 0.70
2025-10-16 01:45:38,431 - INFO - Metrics for Islamabad:
2025-10-16 01:45:38,431 - INFO - random_forest: avg_rmse=9.02, avg_mae=6.36, avg_r2=0.81
2025-10-16 01:45:38,431 - INFO - ridge: avg_rmse=5.65, avg_mae=4.04, avg_r2=0.92
2025-10-16 01:45:38,431 - INFO - svr: avg_rmse=11.24, avg_mae=8.45, avg_r2=0.70
2025-10-17 01:44:00,637 - INFO - 
=== Training/Retraining Models for Karachi ===
2025-10-17 01:44:00,638 - INFO - Processing Karachi with data from data/Karachi_historical_aq.csv
2025-10-17 01:44:00,645 - INFO - Training random_forest for Karachi...
2025-10-17 01:44:00,912 - INFO - random_forest Fold 1 RMSE: 4.02, MAE: 2.51, R2: 0.73
2025-10-17 01:44:01,403 - INFO - random_forest Fold 2 RMSE: 7.59, MAE: 4.66, R2: 0.46
2025-10-17 01:44:02,132 - INFO - random_forest Fold 3 RMSE: 6.66, MAE: 5.08, R2: 0.73
2025-10-17 01:44:03,153 - INFO - random_forest Fold 4 RMSE: 3.38, MAE: 2.31, R2: 0.90
2025-10-17 01:44:04,460 - INFO - random_forest Fold 5 RMSE: 12.17, MAE: 9.73, R2: 0.81
2025-10-17 01:44:04,460 - INFO - random_forest Average RMSE: 6.76, MAE: 4.86, R2: 0.72
2025-10-17 01:44:06,089 - INFO - Training ridge for Karachi...
2025-10-17 01:44:06,096 - INFO - ridge Fold 1 RMSE: 0.81, MAE: 0.62, R2: 0.99
2025-10-17 01:44:06,102 - INFO - ridge Fold 2 RMSE: 2.24, MAE: 1.32, R2: 0.95
2025-10-17 01:44:06,107 - INFO - ridge Fold 3 RMSE: 1.86, MAE: 1.28, R2: 0.98
2025-10-17 01:44:06,113 - INFO - ridge Fold 4 RMSE: 1.15, MAE: 0.85, R2: 0.99
2025-10-17 01:44:06,119 - INFO - ridge Fold 5 RMSE: 5.05, MAE: 3.42, R2: 0.97
2025-10-17 01:44:06,119 - INFO - ridge Average RMSE: 2.22, MAE: 1.50, R2: 0.98
2025-10-17 01:44:06,123 - INFO - Training svr for Karachi...
2025-10-17 01:44:06,142 - INFO - svr Fold 1 RMSE: 6.70, MAE: 5.40, R2: 0.24
2025-10-17 01:44:06,195 - INFO - svr Fold 2 RMSE: 10.99, MAE: 6.83, R2: -0.14
2025-10-17 01:44:06,329 - INFO - svr Fold 3 RMSE: 12.88, MAE: 9.80, R2: -0.01
2025-10-17 01:44:06,590 - INFO - svr Fold 4 RMSE: 6.57, MAE: 3.53, R2: 0.61
2025-10-17 01:44:06,987 - INFO - svr Fold 5 RMSE: 25.36, MAE: 22.98, R2: 0.16
2025-10-17 01:44:06,987 - INFO - svr Average RMSE: 12.50, MAE: 9.71, R2: 0.17
2025-10-17 01:44:07,790 - INFO - Metrics for Karachi:
2025-10-17 01:44:07,791 - INFO - random_forest: avg_rmse=6.76, avg_mae=4.86, avg_r2=0.72
2025-10-17 01:44:07,791 - INFO - ridge: avg_rmse=2.22, avg_mae=1.50, avg_r2=0.98
2025-10-17 01:44:07,791 - INFO - svr: avg_rmse=12.50, avg_mae=9.71, avg_r2=0.17
2025-10-17 01:44:07,791 - INFO - 
=== Training/Retraining Models for Lahore ===
2025-10-17 01:44:07,791 - INFO - Processing Lahore with data from data/Lahore_historical_aq.csv
2025-10-17 01:44:07,797 - INFO - Training random_forest for Lahore...
2025-10-17 01:44:08,076 - INFO - random_forest Fold 1 RMSE: 6.16, MAE: 5.07, R2: 0.85
2025-10-17 01:44:08,624 - INFO - random_forest Fold 2 RMSE: 26.95, MAE: 21.48, R2: 0.23
2025-10-17 01:44:09,406 - INFO - random_forest Fold 3 RMSE: 13.44, MAE: 9.44, R2: 0.65
2025-10-17 01:44:10,457 - INFO - random_forest Fold 4 RMSE: 10.81, MAE: 8.07, R2: 0.76
2025-10-17 01:44:11,822 - INFO - random_forest Fold 5 RMSE: 5.39, MAE: 3.92, R2: 0.94
2025-10-17 01:44:11,822 - INFO - random_forest Average RMSE: 12.55, MAE: 9.59, R2: 0.68
2025-10-17 01:44:13,541 - INFO - Training ridge for Lahore...
2025-10-17 01:44:13,548 - INFO - ridge Fold 1 RMSE: 4.93, MAE: 3.95, R2: 0.90
2025-10-17 01:44:13,554 - INFO - ridge Fold 2 RMSE: 13.01, MAE: 9.59, R2: 0.82
2025-10-17 01:44:13,559 - INFO - ridge Fold 3 RMSE: 8.00, MAE: 6.02, R2: 0.88
2025-10-17 01:44:13,565 - INFO - ridge Fold 4 RMSE: 6.87, MAE: 4.97, R2: 0.90
2025-10-17 01:44:13,571 - INFO - ridge Fold 5 RMSE: 7.89, MAE: 7.20, R2: 0.87
2025-10-17 01:44:13,571 - INFO - ridge Average RMSE: 8.14, MAE: 6.35, R2: 0.87
2025-10-17 01:44:13,575 - INFO - Training svr for Lahore...
2025-10-17 01:44:13,622 - INFO - svr Fold 1 RMSE: 8.46, MAE: 6.74, R2: 0.71
2025-10-17 01:44:13,777 - INFO - svr Fold 2 RMSE: 38.17, MAE: 28.53, R2: -0.54
2025-10-17 01:44:14,122 - INFO - svr Fold 3 RMSE: 11.93, MAE: 8.77, R2: 0.73
2025-10-17 01:44:14,820 - INFO - svr Fold 4 RMSE: 9.07, MAE: 6.37, R2: 0.83
2025-10-17 01:44:15,965 - INFO - svr Fold 5 RMSE: 10.48, MAE: 8.00, R2: 0.76
2025-10-17 01:44:15,965 - INFO - svr Average RMSE: 15.62, MAE: 11.68, R2: 0.50
2025-10-17 01:44:17,539 - INFO - Metrics for Lahore:
2025-10-17 01:44:17,539 - INFO - random_forest: avg_rmse=12.55, avg_mae=9.59, avg_r2=0.68
2025-10-17 01:44:17,539 - INFO - ridge: avg_rmse=8.14, avg_mae=6.35, avg_r2=0.87
2025-10-17 01:44:17,539 - INFO - svr: avg_rmse=15.62, avg_mae=11.68, avg_r2=0.50
2025-10-17 01:44:17,539 - INFO - 
=== Training/Retraining Models for Islamabad ===
2025-10-17 01:44:17,539 - INFO - Processing Islamabad with data from data/Islamabad_historical_aq.csv
2025-10-17 01:44:17,544 - INFO - Training random_forest for Islamabad...
2025-10-17 01:44:17,820 - INFO - random_forest Fold 1 RMSE: 10.09, MAE: 7.42, R2: 0.82
2025-10-17 01:44:18,328 - INFO - random_forest Fold 2 RMSE: 12.57, MAE: 8.92, R2: 0.71
2025-10-17 01:44:19,093 - INFO - random_forest Fold 3 RMSE: 7.56, MAE: 5.88, R2: 0.87
2025-10-17 01:44:20,120 - INFO - random_forest Fold 4 RMSE: 7.30, MAE: 4.53, R2: 0.87
2025-10-17 01:44:21,438 - INFO - random_forest Fold 5 RMSE: 6.44, MAE: 4.35, R2: 0.85
2025-10-17 01:44:21,438 - INFO - random_forest Average RMSE: 8.79, MAE: 6.22, R2: 0.82
2025-10-17 01:44:23,087 - INFO - Training ridge for Islamabad...
2025-10-17 01:44:23,093 - INFO - ridge Fold 1 RMSE: 4.85, MAE: 3.60, R2: 0.96
2025-10-17 01:44:23,099 - INFO - ridge Fold 2 RMSE: 8.23, MAE: 6.38, R2: 0.87
2025-10-17 01:44:23,104 - INFO - ridge Fold 3 RMSE: 5.30, MAE: 3.37, R2: 0.94
2025-10-17 01:44:23,110 - INFO - ridge Fold 4 RMSE: 4.25, MAE: 3.02, R2: 0.96
2025-10-17 01:44:23,116 - INFO - ridge Fold 5 RMSE: 6.10, MAE: 3.90, R2: 0.87
2025-10-17 01:44:23,116 - INFO - ridge Average RMSE: 5.75, MAE: 4.05, R2: 0.92
2025-10-17 01:44:23,120 - INFO - Training svr for Islamabad...
2025-10-17 01:44:23,164 - INFO - svr Fold 1 RMSE: 14.02, MAE: 11.18, R2: 0.65
2025-10-17 01:44:23,330 - INFO - svr Fold 2 RMSE: 15.81, MAE: 11.27, R2: 0.54
2025-10-17 01:44:23,773 - INFO - svr Fold 3 RMSE: 10.01, MAE: 7.54, R2: 0.78
2025-10-17 01:44:24,650 - INFO - svr Fold 4 RMSE: 6.45, MAE: 4.07, R2: 0.90
2025-10-17 01:44:25,758 - INFO - svr Fold 5 RMSE: 10.41, MAE: 7.79, R2: 0.61
2025-10-17 01:44:25,758 - INFO - svr Average RMSE: 11.34, MAE: 8.37, R2: 0.70
2025-10-17 01:44:27,613 - INFO - Metrics for Islamabad:
2025-10-17 01:44:27,613 - INFO - random_forest: avg_rmse=8.79, avg_mae=6.22, avg_r2=0.82
2025-10-17 01:44:27,613 - INFO - ridge: avg_rmse=5.75, avg_mae=4.05, avg_r2=0.92
2025-10-17 01:44:27,613 - INFO - svr: avg_rmse=11.34, avg_mae=8.37, avg_r2=0.70
2025-10-18 01:39:13,117 - INFO - 
=== Training/Retraining Models for Karachi ===
2025-10-18 01:39:13,117 - INFO - Processing Karachi with data from data/Karachi_historical_aq.csv
2025-10-18 01:39:13,126 - INFO - Training random_forest for Karachi...
2025-10-18 01:39:13,395 - INFO - random_forest Fold 1 RMSE: 3.95, MAE: 2.66, R2: 0.77
2025-10-18 01:39:13,888 - INFO - random_forest Fold 2 RMSE: 7.69, MAE: 4.90, R2: 0.45
2025-10-18 01:39:14,614 - INFO - random_forest Fold 3 RMSE: 6.64, MAE: 4.98, R2: 0.69
2025-10-18 01:39:15,624 - INFO - random_forest Fold 4 RMSE: 3.96, MAE: 2.72, R2: 0.91
2025-10-18 01:39:16,900 - INFO - random_forest Fold 5 RMSE: 13.13, MAE: 9.84, R2: 0.74
2025-10-18 01:39:16,900 - INFO - random_forest Average RMSE: 7.07, MAE: 5.02, R2: 0.71
2025-10-18 01:39:18,523 - INFO - Training ridge for Karachi...
2025-10-18 01:39:18,530 - INFO - ridge Fold 1 RMSE: 1.08, MAE: 0.73, R2: 0.98
2025-10-18 01:39:18,536 - INFO - ridge Fold 2 RMSE: 1.93, MAE: 1.26, R2: 0.97
2025-10-18 01:39:18,542 - INFO - ridge Fold 3 RMSE: 1.93, MAE: 1.39, R2: 0.97
2025-10-18 01:39:18,547 - INFO - ridge Fold 4 RMSE: 1.38, MAE: 1.01, R2: 0.99
2025-10-18 01:39:18,553 - INFO - ridge Fold 5 RMSE: 5.50, MAE: 3.58, R2: 0.95
2025-10-18 01:39:18,553 - INFO - ridge Average RMSE: 2.36, MAE: 1.59, R2: 0.97
2025-10-18 01:39:18,558 - INFO - Training svr for Karachi...
2025-10-18 01:39:18,578 - INFO - svr Fold 1 RMSE: 5.78, MAE: 3.79, R2: 0.50
2025-10-18 01:39:18,634 - INFO - svr Fold 2 RMSE: 10.80, MAE: 6.75, R2: -0.09
2025-10-18 01:39:18,772 - INFO - svr Fold 3 RMSE: 12.85, MAE: 9.89, R2: -0.18
2025-10-18 01:39:19,018 - INFO - svr Fold 4 RMSE: 8.76, MAE: 4.76, R2: 0.54
2025-10-18 01:39:19,389 - INFO - svr Fold 5 RMSE: 26.08, MAE: 23.16, R2: -0.03
2025-10-18 01:39:19,389 - INFO - svr Average RMSE: 12.85, MAE: 9.67, R2: 0.15
2025-10-18 01:39:20,161 - INFO - Metrics for Karachi:
2025-10-18 01:39:20,162 - INFO - random_forest: avg_rmse=7.07, avg_mae=5.02, avg_r2=0.71
2025-10-18 01:39:20,162 - INFO - ridge: avg_rmse=2.36, avg_mae=1.59, avg_r2=0.97
2025-10-18 01:39:20,162 - INFO - svr: avg_rmse=12.85, avg_mae=9.67, avg_r2=0.15
2025-10-18 01:39:20,162 - INFO - 
=== Training/Retraining Models for Lahore ===
2025-10-18 01:39:20,162 - INFO - Processing Lahore with data from data/Lahore_historical_aq.csv
2025-10-18 01:39:20,169 - INFO - Training random_forest for Lahore...
2025-10-18 01:39:20,447 - INFO - random_forest Fold 1 RMSE: 7.78, MAE: 5.82, R2: 0.76
2025-10-18 01:39:20,971 - INFO - random_forest Fold 2 RMSE: 28.16, MAE: 22.95, R2: 0.14
2025-10-18 01:39:21,752 - INFO - random_forest Fold 3 RMSE: 13.79, MAE: 9.95, R2: 0.64
2025-10-18 01:39:22,801 - INFO - random_forest Fold 4 RMSE: 11.05, MAE: 7.96, R2: 0.76
2025-10-18 01:39:24,162 - INFO - random_forest Fold 5 RMSE: 5.07, MAE: 3.71, R2: 0.95
2025-10-18 01:39:24,162 - INFO - random_forest Average RMSE: 13.17, MAE: 10.08, R2: 0.65
2025-10-18 01:39:25,854 - INFO - Training ridge for Lahore...
2025-10-18 01:39:25,861 - INFO - ridge Fold 1 RMSE: 3.19, MAE: 2.54, R2: 0.96
2025-10-18 01:39:25,867 - INFO - ridge Fold 2 RMSE: 13.71, MAE: 8.99, R2: 0.80
2025-10-18 01:39:25,872 - INFO - ridge Fold 3 RMSE: 5.87, MAE: 3.93, R2: 0.93
2025-10-18 01:39:25,878 - INFO - ridge Fold 4 RMSE: 5.93, MAE: 4.28, R2: 0.93
2025-10-18 01:39:25,884 - INFO - ridge Fold 5 RMSE: 4.99, MAE: 3.90, R2: 0.95
2025-10-18 01:39:25,884 - INFO - ridge Average RMSE: 6.74, MAE: 4.73, R2: 0.91
2025-10-18 01:39:25,888 - INFO - Training svr for Lahore...
2025-10-18 01:39:25,930 - INFO - svr Fold 1 RMSE: 8.82, MAE: 6.85, R2: 0.69
2025-10-18 01:39:26,084 - INFO - svr Fold 2 RMSE: 43.45, MAE: 34.05, R2: -1.04
2025-10-18 01:39:26,427 - INFO - svr Fold 3 RMSE: 11.48, MAE: 8.29, R2: 0.75
2025-10-18 01:39:27,073 - INFO - svr Fold 4 RMSE: 10.23, MAE: 7.27, R2: 0.79
2025-10-18 01:39:28,124 - INFO - svr Fold 5 RMSE: 11.15, MAE: 8.73, R2: 0.74
2025-10-18 01:39:28,124 - INFO - svr Average RMSE: 17.03, MAE: 13.04, R2: 0.39
2025-10-18 01:39:29,648 - INFO - Metrics for Lahore:
2025-10-18 01:39:29,648 - INFO - random_forest: avg_rmse=13.17, avg_mae=10.08, avg_r2=0.65
2025-10-18 01:39:29,648 - INFO - ridge: avg_rmse=6.74, avg_mae=4.73, avg_r2=0.91
2025-10-18 01:39:29,648 - INFO - svr: avg_rmse=17.03, avg_mae=13.04, avg_r2=0.39
2025-10-18 01:39:29,648 - INFO - 
=== Training/Retraining Models for Islamabad ===
2025-10-18 01:39:29,649 - INFO - Processing Islamabad with data from data/Islamabad_historical_aq.csv
2025-10-18 01:39:29,654 - INFO - Training random_forest for Islamabad...
2025-10-18 01:39:29,931 - INFO - random_forest Fold 1 RMSE: 14.61, MAE: 10.42, R2: 0.62
2025-10-18 01:39:30,431 - INFO - random_forest Fold 2 RMSE: 16.39, MAE: 12.92, R2: 0.54
2025-10-18 01:39:31,184 - INFO - random_forest Fold 3 RMSE: 7.66, MAE: 5.69, R2: 0.84
2025-10-18 01:39:32,205 - INFO - random_forest Fold 4 RMSE: 6.98, MAE: 4.32, R2: 0.89
2025-10-18 01:39:33,520 - INFO - random_forest Fold 5 RMSE: 6.31, MAE: 4.24, R2: 0.87
2025-10-18 01:39:33,520 - INFO - random_forest Average RMSE: 10.39, MAE: 7.52, R2: 0.75
2025-10-18 01:39:35,148 - INFO - Training ridge for Islamabad...
2025-10-18 01:39:35,154 - INFO - ridge Fold 1 RMSE: 5.00, MAE: 3.77, R2: 0.96
2025-10-18 01:39:35,160 - INFO - ridge Fold 2 RMSE: 8.45, MAE: 6.70, R2: 0.88
2025-10-18 01:39:35,166 - INFO - ridge Fold 3 RMSE: 5.37, MAE: 3.34, R2: 0.92
2025-10-18 01:39:35,172 - INFO - ridge Fold 4 RMSE: 4.20, MAE: 2.98, R2: 0.96
2025-10-18 01:39:35,177 - INFO - ridge Fold 5 RMSE: 6.05, MAE: 3.90, R2: 0.88
2025-10-18 01:39:35,177 - INFO - ridge Average RMSE: 5.81, MAE: 4.14, R2: 0.92
2025-10-18 01:39:35,182 - INFO - Training svr for Islamabad...
2025-10-18 01:39:35,233 - INFO - svr Fold 1 RMSE: 13.83, MAE: 11.13, R2: 0.66
2025-10-18 01:39:35,407 - INFO - svr Fold 2 RMSE: 19.59, MAE: 14.24, R2: 0.34
2025-10-18 01:39:35,842 - INFO - svr Fold 3 RMSE: 8.93, MAE: 6.57, R2: 0.79
2025-10-18 01:39:36,613 - INFO - svr Fold 4 RMSE: 6.81, MAE: 4.33, R2: 0.89
2025-10-18 01:39:37,685 - INFO - svr Fold 5 RMSE: 9.92, MAE: 7.28, R2: 0.69
2025-10-18 01:39:37,685 - INFO - svr Average RMSE: 11.81, MAE: 8.71, R2: 0.67
2025-10-18 01:39:39,357 - INFO - Metrics for Islamabad:
2025-10-18 01:39:39,357 - INFO - random_forest: avg_rmse=10.39, avg_mae=7.52, avg_r2=0.75
2025-10-18 01:39:39,357 - INFO - ridge: avg_rmse=5.81, avg_mae=4.14, avg_r2=0.92
2025-10-18 01:39:39,357 - INFO - svr: avg_rmse=11.81, avg_mae=8.71, avg_r2=0.67
