date,pm10,pm2_5,carbon_monoxide,nitrogen_dioxide,sulphur_dioxide,ozone,dust,uv_index,us_aqi,city,hour,day_of_week,month,aqi_lag_24,aqi_lag_48,aqi_rolling_24_mean,aqi_rolling_24_std,aqi_change_rate
2025-11-12 00:00:00+00:00,25.2,24.2,492.0,32.3,2.5,20.0,2.0,0.0,109.80208,Islamabad,0,2,11,101.81249,90.700356,109.18098545074463,2.3983286220934557,0.07847353
2025-11-12 01:00:00+00:00,26.0,24.8,1175.0,40.6,3.3,15.0,2.0,0.0,108.875015,Islamabad,1,2,11,102.885414,90.76241,109.43055216471355,1.9919417932693915,0.058216233
2025-11-12 02:00:00+00:00,32.6,31.2,2063.0,51.6,4.7,10.0,3.0,0.1,107.916664,Islamabad,2,2,11,103.92708,90.99291,109.59678490956624,1.6497769349449836,0.03838832
2025-11-12 03:00:00+00:00,36.7,35.3,2495.0,56.3,6.9,16.0,3.0,0.55,106.8125,Islamabad,3,2,11,105.0625,91.4539,109.66970157623291,1.4694788954593534,0.016656753
2025-11-12 04:00:00+00:00,33.1,31.3,2012.0,48.7,10.9,44.0,4.0,1.5,105.67709,Islamabad,4,2,11,106.31249,91.94149,109.64322662353516,1.5367768720814756,-0.0059767095
2025-11-12 05:00:00+00:00,23.9,21.1,1073.0,34.9,15.8,84.0,4.0,2.65,104.8125,Islamabad,5,2,11,107.20832,92.17198,109.54340076446533,1.7629853652702006,-0.022347338
2025-11-12 06:00:00+00:00,24.2,21.7,395.0,23.6,19.4,116.0,5.0,3.45,104.40625,Islamabad,6,2,11,108.04166,92.02127,109.39192549387614,2.0331075817746593,-0.033648193
2025-11-12 07:00:00+00:00,24.2,21.8,254.0,16.5,20.5,135.0,5.0,3.6,104.53125,Islamabad,7,2,11,108.71875,91.77305,109.21744632720947,2.2603720124697158,-0.038516816
2025-11-12 08:00:00+00:00,24.6,22.1,373.0,11.9,20.2,146.0,5.0,3.05,104.91667,Islamabad,8,2,11,109.20832,91.4805,109.03862762451172,2.4248947012294564,-0.03929782
2025-11-12 09:00:00+00:00,24.4,21.9,639.0,14.4,19.6,145.0,5.0,2.0,105.33333,Islamabad,9,2,11,109.67708,91.17907,108.85763804117839,2.534784785938522,-0.039604902
2025-11-12 10:00:00+00:00,24.2,21.5,1136.0,28.1,18.7,126.0,5.0,0.95,105.67708,Islamabad,10,2,11,110.14582,90.91312,108.67144044240315,2.599352403531526,-0.04057115
2025-11-12 11:00:00+00:00,26.4,24.3,1780.0,48.8,17.4,94.0,4.0,0.25,105.93751,Islamabad,11,2,11,110.61456,90.67376,108.47656313578288,2.622559060176594,-0.042282455
2025-11-12 12:00:00+00:00,42.5,41.3,2200.0,94.1,24.4,49.0,2.0,0.0,106.08332,Islamabad,12,2,11,111.0729,90.48759,108.26866404215495,2.605504960592536,-0.04492165
2025-11-12 13:00:00+00:00,60.8,59.6,2212.0,103.2,24.3,36.0,2.0,0.0,106.19791,Islamabad,13,2,11,111.48957,91.524826,108.04817803700765,2.5442702042698166,-0.04746331
2025-11-12 14:00:00+00:00,72.6,71.2,2001.0,115.3,24.1,19.0,3.0,0.0,106.72915,Islamabad,14,2,11,111.40624,92.783676,107.85329914093018,2.453373233566315,-0.04198233
2025-11-12 15:00:00+00:00,79.2,77.5,1751.0,120.7,22.7,6.0,3.0,0.0,107.71874,Islamabad,15,2,11,111.11457,93.99822,107.71180629730225,2.352978257234192,-0.030561503
2025-11-12 16:00:00+00:00,81.7,79.9,1502.0,113.6,19.3,3.0,3.0,0.0,108.927086,Islamabad,16,2,11,110.67708,95.283676,107.63888994852702,2.2831720619499976,-0.015811697
2025-11-12 17:00:00+00:00,80.1,78.0,1214.0,99.8,14.7,4.0,3.0,0.0,110.114586,Islamabad,17,2,11,110.322914,96.524826,107.6302096048991,2.272896958945211,-0.0018883498
2025-11-12 18:00:00+00:00,75.0,72.9,950.0,87.4,10.8,6.0,3.0,0.0,111.28125,Islamabad,18,2,11,110.29167,97.606384,107.67144203186035,2.331497988008895,0.008972375
2025-11-12 19:00:00+00:00,66.1,64.5,711.0,80.0,8.2,5.0,3.0,0.0,112.57292,Islamabad,19,2,11,110.45835,98.50178,107.75954914093018,2.476819826059281,0.019143602
2025-11-12 20:00:00+00:00,56.9,55.4,496.0,74.1,6.4,3.0,2.0,0.0,113.895836,Islamabad,20,2,11,110.614586,99.23759,107.89626789093018,2.719900974128478,0.029663809
2025-11-12 21:00:00+00:00,48.7,47.4,364.0,66.8,5.1,5.0,2.0,0.0,115.13542,Islamabad,21,2,11,110.62501,99.85816,108.08420181274414,3.0521729848028123,0.040772103
2025-11-12 22:00:00+00:00,42.0,40.9,277.0,54.7,4.4,13.0,2.0,0.0,116.22918,Islamabad,22,2,11,110.47918,100.5,108.32378514607747,3.448311598538738,0.052046005
2025-11-12 23:00:00+00:00,36.7,35.6,273.0,41.4,4.2,24.0,2.0,0.0,117.208336,Islamabad,23,2,11,110.18751,101.14583,108.61631965637207,3.883619792248236,0.0637171
2025-11-13 00:00:00+00:00,28.5,27.4,520.0,36.2,3.9,26.0,2.0,0.0,118.06252,Islamabad,0,3,11,109.80208,101.81249,108.96050484975179,4.333284582172393,0.075230315
2025-11-13 01:00:00+00:00,27.5,26.0,1332.0,40.4,4.6,25.0,2.0,0.0,118.39584,Islamabad,1,3,11,108.875015,102.885414,109.35720602671306,4.741677168545148,0.08744732
2025-11-13 02:00:00+00:00,30.7,29.0,2394.0,45.8,5.7,25.0,2.0,0.1,118.52084,Islamabad,2,3,11,107.916664,103.92708,109.79904683430989,5.083358553496627,0.09826267
2025-11-13 03:00:00+00:00,33.5,31.9,2932.0,47.1,8.0,34.0,3.0,0.55,118.29168,Islamabad,3,3,11,106.8125,105.0625,110.27734597524007,5.324460169343498,0.10747038
2025-11-13 04:00:00+00:00,35.3,33.9,2430.0,40.3,12.8,59.0,5.0,1.5,117.93751,Islamabad,4,3,11,105.67709,106.31249,110.7881965637207,5.450567039504253,0.11601771
2025-11-13 05:00:00+00:00,28.5,24.6,1403.0,29.3,18.9,93.0,7.0,2.7,118.20835,Islamabad,5,3,11,104.8125,107.20832,111.34635702768962,5.497716419837469,0.12780777
2025-11-13 06:00:00+00:00,26.6,22.1,623.0,20.6,23.2,120.0,9.0,3.55,118.57293,Islamabad,6,3,11,104.40625,108.04166,111.93663533528645,5.480670988232299,0.13568804
2025-11-13 07:00:00+00:00,24.9,20.3,360.0,14.7,24.2,135.0,10.0,3.75,118.61459,Islamabad,7,3,11,104.53125,108.71875,112.52344131469727,5.40675727076087,0.13472855
2025-11-13 08:00:00+00:00,25.6,21.0,344.0,11.0,23.4,143.0,9.0,3.15,118.45834,Islamabad,8,3,11,104.91667,109.20832,113.08767763773601,5.283604558601204,0.12907073
2025-11-13 09:00:00+00:00,26.2,21.7,532.0,14.6,22.6,139.0,9.0,2.1,118.34376,Islamabad,9,3,11,105.33333,109.67708,113.62977886199951,5.11826417050311,0.12351674
2025-11-13 10:00:00+00:00,27.1,22.8,1065.0,30.2,22.2,118.0,8.0,1.0,118.32292,Islamabad,10,3,11,105.67708,110.14582,114.15668900807698,4.910677658953486,0.11966496
2025-11-13 11:00:00+00:00,30.2,26.9,1803.0,53.0,21.7,86.0,7.0,0.25,118.45834,Islamabad,11,3,11,105.93751,110.61456,114.67839050292969,4.658122950485834,0.11819077
2025-11-13 12:00:00+00:00,36.4,34.9,2286.0,78.6,23.6,60.0,3.0,0.0,118.72917,Islamabad,12,3,11,106.08332,111.0729,115.2053009668986,4.348547422722747,0.11920678
2025-11-13 13:00:00+00:00,54.8,53.2,2294.0,92.3,24.2,44.0,3.0,0.0,118.06251,Islamabad,13,3,11,106.19791,111.48957,115.69965934753418,3.9347504066282477,0.11172161
2025-11-13 14:00:00+00:00,64.7,63.1,2048.0,110.7,24.8,23.0,4.0,0.0,117.39584,Islamabad,14,3,11,106.72915,111.40624,116.14410495758057,3.45000450098509,0.09994172
2025-11-13 15:00:00+00:00,70.3,68.5,1748.0,120.9,24.0,7.0,4.0,0.0,116.55209,Islamabad,15,3,11,107.71874,111.11457,116.51216125488281,2.946529009800555,0.08200385
2025-11-13 16:00:00+00:00,75.7,73.3,1424.0,115.6,20.5,2.0,4.0,0.0,115.61458,Islamabad,16,3,11,108.927086,110.67708,116.7908067703247,2.4768108064318355,0.06139421
2025-11-13 17:00:00+00:00,76.1,74.3,1047.0,102.1,15.5,2.0,3.0,0.0,114.92708,Islamabad,17,3,11,110.114586,110.322914,116.9913272857666,2.0750292388069824,0.043704405
2025-11-13 18:00:00+00:00,71.0,69.2,733.0,89.5,11.3,4.0,3.0,0.0,114.541664,Islamabad,18,3,11,111.28125,110.29167,117.12717787424724,1.7691204359103854,0.029298862
2025-11-13 19:00:00+00:00,61.7,59.8,519.0,81.5,8.7,5.0,3.0,0.0,114.15626,Islamabad,19,3,11,112.57292,110.45835,117.19315020243327,1.614684861082786,0.01406498
2025-11-13 20:00:00+00:00,52.2,50.5,369.0,74.4,7.0,7.0,3.0,0.0,113.66666,Islamabad,20,3,11,113.895836,110.614586,117.1836010615031,1.635575331007403,-0.0020121841
2025-11-13 21:00:00+00:00,44.2,42.7,291.0,65.7,5.7,11.0,3.0,0.0,113.15625,Islamabad,21,3,11,115.13542,110.62501,117.10113557179768,1.7862854095788097,-0.017189946
2025-11-13 22:00:00+00:00,38.1,36.7,227.0,51.6,4.7,19.0,3.0,0.0,112.666664,Islamabad,22,3,11,116.22918,110.47918,116.95269743601482,1.997435032281754,-0.030650781
2025-11-13 23:00:00+00:00,33.1,31.5,236.0,36.0,4.2,28.0,3.0,0.0,112.22917,Islamabad,23,3,11,117.208336,110.18751,116.74523226420085,2.2163180886761182,-0.042481314
2025-11-14 00:00:00+00:00,23.8,21.8,496.0,17.5,4.8,56.0,4.0,0.0,111.802086,Islamabad,0,4,11,118.06252,109.80208,116.4843807220459,2.4141243077745504,-0.053026456
2025-11-14 01:00:00+00:00,23.1,21.0,1298.0,26.7,5.0,44.0,3.0,0.0,111.21875,Islamabad,1,4,11,118.39584,108.875015,116.18533515930176,2.604100536934566,-0.060619473
2025-11-14 02:00:00+00:00,26.5,24.6,2353.0,38.9,5.4,29.0,3.0,0.1,110.697914,Islamabad,2,4,11,118.52084,107.916664,115.85937976837158,2.7825393104809115,-0.06600467
2025-11-14 03:00:00+00:00,31.4,29.9,2968.0,45.5,7.2,26.0,3.0,0.6,110.23958,Islamabad,3,4,11,118.29168,106.8125,115.52387555440266,2.956515643052697,-0.06806988
2025-11-14 04:00:00+00:00,34.1,32.6,2739.0,40.9,11.5,48.0,5.0,1.55,110.03125,Islamabad,4,4,11,117.93751,105.67709,115.1944481531779,3.1122578619160195,-0.06703769
2025-11-14 05:00:00+00:00,27.2,23.1,2071.0,30.6,17.1,82.0,8.0,2.8,109.89583,Islamabad,5,4,11,118.20835,104.8125,114.84809303283691,3.2228403880475125,-0.07032094
2025-11-14 06:00:00+00:00,26.0,21.1,1491.0,22.3,22.0,110.0,10.0,3.7,109.73958,Islamabad,6,4,11,118.57293,104.40625,114.48003673553467,3.2827973941337345,-0.0744972
2025-11-14 07:00:00+00:00,26.4,21.7,1090.0,16.6,25.5,127.0,10.0,3.9,109.635414,Islamabad,7,4,11,118.61459,104.53125,114.10590426127116,3.302712039586714,-0.07570046
2025-11-14 08:00:00+00:00,27.0,22.9,776.0,12.9,28.3,137.0,8.0,3.25,109.78124,Islamabad,8,4,11,118.45834,104.91667,113.74435838063557,3.280400689320358,-0.073250234
2025-11-14 09:00:00+00:00,27.7,24.4,802.0,17.5,30.3,135.0,7.0,2.1,109.979164,Islamabad,9,4,11,118.34376,105.33333,113.39583365122478,3.2141711106294077,-0.07068048
2025-11-14 10:00:00+00:00,28.3,25.6,1501.0,36.7,31.2,112.0,6.0,1.0,110.260414,Islamabad,10,4,11,118.32292,105.67708,113.05989583333333,3.095977499540555,-0.068139866
2025-11-14 11:00:00+00:00,31.8,29.8,2539.0,64.2,31.3,76.0,4.0,0.25,110.552086,Islamabad,11,4,11,118.45834,105.93751,112.73046843210857,2.9117311389612004,-0.066742934
2025-11-14 12:00:00+00:00,44.4,42.8,3170.0,92.3,31.5,40.0,3.0,0.0,110.854164,Islamabad,12,4,11,118.72917,106.08332,112.40234311421712,2.6371112829898418,-0.06632749
2025-11-14 13:00:00+00:00,62.2,60.8,2998.0,102.4,32.1,29.0,3.0,0.0,111.677086,Islamabad,13,4,11,118.06251,106.19791,112.13628387451172,2.3474298748549947,-0.054085094
2025-11-14 14:00:00+00:00,71.9,70.5,2418.0,115.9,32.8,15.0,3.0,0.0,112.46874,Islamabad,14,4,11,117.39584,106.72915,111.93098799387614,2.0660387319983706,-0.04196998
2025-11-14 15:00:00+00:00,77.1,75.4,1872.0,122.4,31.5,4.0,3.0,0.0,113.23958,Islamabad,15,4,11,116.55209,107.71874,111.79296652475993,1.8424518522891604,-0.028420899
2025-11-14 16:00:00+00:00,81.0,79.4,1498.0,115.9,26.7,1.0,3.0,0.0,113.958336,Islamabad,16,4,11,115.61458,108.927086,111.7239564259847,1.7200388502652093,-0.01432555
2025-11-14 17:00:00+00:00,78.9,77.8,1157.0,102.5,20.0,3.0,2.0,0.0,114.59376,Islamabad,17,4,11,114.92708,110.114586,111.71006806691487,1.6942025716575253,-0.0029002791
2025-11-14 18:00:00+00:00,73.3,72.2,875.0,90.1,14.3,4.0,2.0,0.0,114.958336,Islamabad,18,4,11,114.541664,111.28125,111.72742938995361,1.7263115706922862,0.0036377308
2025-11-14 19:00:00+00:00,65.0,64.0,658.0,82.0,10.8,4.0,2.0,0.0,115.27083,Islamabad,19,4,11,114.15626,112.57292,111.77386983235677,1.807570978710707,0.009763553
2025-11-14 20:00:00+00:00,56.0,55.1,500.0,74.8,8.3,4.0,2.0,0.0,115.708336,Islamabad,20,4,11,113.66666,113.895836,111.85893980662028,1.9434605116006995,0.01796199
2025-11-14 21:00:00+00:00,47.6,46.8,409.0,66.3,6.6,6.0,2.0,0.0,116.1875,Islamabad,21,4,11,113.15625,115.13542,111.98524188995361,2.1217554043275086,0.02678818
2025-11-14 22:00:00+00:00,40.7,39.8,339.0,53.0,5.5,13.0,2.0,0.0,116.61458,Islamabad,22,4,11,112.666664,116.22918,112.14973831176758,2.320602048974352,0.035040658
2025-11-14 23:00:00+00:00,35.3,34.3,336.0,38.3,5.1,23.0,2.0,0.0,116.93749,Islamabad,23,4,11,112.22917,117.208336,112.34591833750407,2.518212442255358,0.041952733
2025-11-15 00:00:00+00:00,31.2,30.3,546.0,32.8,5.0,25.0,2.0,0.0,117.22915,Islamabad,0,5,11,111.802086,118.06252,112.57204596201579,2.7040632676422267,0.0485417
2025-11-15 01:00:00+00:00,29.8,28.8,1233.0,39.7,5.6,22.0,2.0,0.0,118.11458,Islamabad,1,5,11,111.21875,118.39584,112.85937213897705,2.91235702972341,0.06200239
2025-11-15 02:00:00+00:00,33.6,32.5,2134.0,48.8,6.5,19.0,2.0,0.1,118.92707,Islamabad,2,5,11,110.697914,118.52084,113.20225365956624,3.123580569191679,0.07433886
2025-11-15 03:00:00+00:00,36.8,35.9,2602.0,52.5,8.5,25.0,2.0,0.6,119.749985,Islamabad,3,5,11,110.23958,118.29168,113.5985205968221,3.3279583454330828,0.08627035
2025-11-15 04:00:00+00:00,34.7,33.8,2217.0,45.9,12.3,49.0,2.0,1.65,120.37499,Islamabad,4,5,11,110.03125,117.93751,114.02950986226399,3.5106617949702716,0.09400731
2025-11-15 05:00:00+00:00,26.7,25.1,1400.0,33.9,17.2,83.0,2.0,2.85,120.49999,Islamabad,5,5,11,109.89583,118.20835,114.47135003407796,3.6329628463372914,0.09649287
2025-11-15 06:00:00+00:00,24.6,23.5,763.0,24.2,21.4,111.0,2.0,3.8,120.70832,Islamabad,6,5,11,109.73958,118.57293,114.92838096618652,3.701120401766667,0.099952474
2025-11-15 07:00:00+00:00,23.5,22.7,473.0,17.1,24.4,131.0,2.0,4.0,120.95833,Islamabad,7,5,11,109.635414,118.61459,115.40016905466716,3.718715717153167,0.10327789
2025-11-15 08:00:00+00:00,23.1,22.5,364.0,12.3,26.8,146.0,1.0,3.35,121.062485,Islamabad,8,5,11,109.78124,118.45834,115.87022082010905,3.690470603993258,0.10276111
2025-11-15 09:00:00+00:00,23.1,22.7,548.0,16.4,28.3,146.0,1.0,2.2,121.02082,Islamabad,9,5,11,109.979164,118.34376,116.33028984069824,3.6115418277895217,0.10039771
2025-11-15 10:00:00+00:00,23.6,23.3,1271.0,36.0,28.4,123.0,1.0,1.0,120.843735,Islamabad,10,5,11,110.260414,118.32292,116.7712615331014,3.4819736996935227,0.09598477
2025-11-15 11:00:00+00:00,27.8,27.5,2287.0,64.5,27.7,85.0,0.0,0.25,120.60416,Islamabad,11,5,11,110.552086,118.45834,117.19009780883789,3.301238275955212,0.0909261
2025-11-15 12:00:00+00:00,44.8,43.9,2968.0,89.9,27.0,49.0,2.0,0.0,120.364586,Islamabad,12,5,11,110.854164,118.72917,117.58636538187663,3.0703537017381324,0.08579219
2025-11-15 13:00:00+00:00,64.3,63.3,3017.0,101.3,27.4,37.0,2.0,0.0,120.479164,Islamabad,13,5,11,111.677086,118.06251,117.95311864217122,2.8517207774548052,0.078817226
2025-11-15 14:00:00+00:00,75.2,74.3,2732.0,116.4,27.8,20.0,2.0,0.0,120.73958,Islamabad,14,5,11,112.46874,117.39584,118.2977368036906,2.6529627065725956,0.073538974
2025-11-15 15:00:00+00:00,80.1,78.9,2378.0,124.3,26.7,7.0,2.0,0.0,121.135414,Islamabad,15,5,11,113.23958,116.55209,118.62672996520996,2.482535733763629,0.069726825
2025-11-15 16:00:00+00:00,84.1,82.9,2003.0,118.7,22.7,3.0,2.0,0.0,121.5,Islamabad,16,5,11,113.958336,115.61458,118.94096597035725,2.3390869578344167,0.066179134
2025-11-15 17:00:00+00:00,84.5,83.4,1558.0,105.7,17.2,4.0,2.0,0.0,121.86458,Islamabad,17,5,11,114.59376,114.92708,119.24391682942708,2.2193528859801828,0.06344866
2025-11-15 18:00:00+00:00,78.7,77.8,1165.0,92.7,12.6,6.0,2.0,0.0,122.44792,Islamabad,18,5,11,114.958336,114.541664,119.55598290761311,2.1146417530022097,0.06515044
2025-11-15 19:00:00+00:00,68.7,68.0,851.0,82.1,9.8,10.0,2.0,0.0,123.03126,Islamabad,19,5,11,115.27083,114.15626,119.87933413187663,2.0222132051931165,0.067323446
2025-11-15 20:00:00+00:00,58.8,58.1,588.0,71.4,8.0,15.0,1.0,0.0,123.44792,Islamabad,20,5,11,115.708336,113.66666,120.20181687672932,1.9437376808158595,0.06688875
2025-11-15 21:00:00+00:00,50.6,49.9,412.0,60.5,6.6,21.0,1.0,0.0,123.76043,Islamabad,21,5,11,116.1875,113.15625,120.51735560099284,1.8772795123689352,0.06517852
2025-11-15 22:00:00+00:00,44.4,43.5,277.0,46.6,5.5,29.0,1.0,0.0,124.08334,Islamabad,22,5,11,116.61458,112.666664,120.82855415344238,1.8203730169597159,0.064046584
2025-11-15 23:00:00+00:00,39.7,38.9,229.0,32.4,4.8,37.0,1.0,0.0,124.46876,Islamabad,23,5,11,116.93749,112.22917,121.1423568725586,1.7688588831074947,0.0644042
2025-11-16 00:00:00+00:00,32.8,32.0,441.0,36.7,3.9,23.0,2.0,0.0,124.94793,Islamabad,0,6,11,117.22915,111.802086,121.46397272745769,1.727658924065165,0.06584352
2025-11-16 01:00:00+00:00,31.3,30.3,1203.0,42.4,4.3,21.0,2.0,0.0,125.125,Islamabad,1,6,11,118.11458,111.21875,121.75607363382976,1.729381015034404,0.059352722
2025-11-16 02:00:00+00:00,34.2,33.2,2226.0,49.9,5.1,20.0,2.0,0.1,125.281265,Islamabad,2,6,11,118.92707,110.697914,122.02083174387614,1.7635049506462557,0.05342934
2025-11-16 03:00:00+00:00,36.3,35.3,2817.0,52.6,7.1,28.0,2.0,0.6,125.35417,Islamabad,3,6,11,119.749985,110.23958,122.25433953603108,1.81987375962624,0.046799064
2025-11-16 04:00:00+00:00,38.1,37.4,2569.0,45.9,11.3,54.0,3.0,1.65,125.29167,Islamabad,4,6,11,120.37499,110.03125,122.45920117696126,1.8750169128962069,0.04084469
2025-11-16 05:00:00+00:00,31.7,29.8,1889.0,34.4,16.6,89.0,4.0,3.0,125.666664,Islamabad,5,6,11,120.49999,109.89583,122.67447916666667,1.9359065109723705,0.042876948
2025-11-16 06:00:00+00:00,31.4,29.6,1300.0,25.3,21.2,119.0,4.0,3.95,126.15626,Islamabad,6,6,11,120.70832,109.73958,122.90147654215495,2.013197941222082,0.04513307
2025-11-16 07:00:00+00:00,31.9,30.5,885.0,18.9,24.3,141.0,3.0,4.1,126.79168,Islamabad,7,6,11,120.95833,109.635414,123.1445328394572,2.1178150859010345,0.04822612
2025-11-16 08:00:00+00:00,31.1,30.2,563.0,15.0,26.6,158.0,2.0,3.45,127.60417,Islamabad,8,6,11,121.062485,109.78124,123.41710313161214,2.2547401507547318,0.054035626
2025-11-16 09:00:00+00:00,31.7,31.0,607.0,19.8,28.1,160.0,1.0,2.25,128.40625,Islamabad,9,6,11,121.02082,109.979164,123.72482935587566,2.4119750943279743,0.061026104
2025-11-16 10:00:00+00:00,32.4,32.0,1359.0,39.4,28.4,137.0,0.0,1.0,129.27083,Islamabad,10,6,11,120.843735,110.260414,124.07595825195312,2.581739809093782,0.06973546
2025-11-16 11:00:00+00:00,36.9,36.7,2478.0,67.7,27.8,100.0,0.0,0.25,130.17708,Islamabad,11,6,11,120.60416,110.552086,124.47482999165852,2.7556711480964906,0.07937472
2025-11-16 12:00:00+00:00,47.5,46.9,3221.0,96.9,24.8,56.0,1.0,0.0,131.1354,Islamabad,12,6,11,120.364586,110.854164,124.92361418406169,2.9288003077747233,0.08948497
2025-11-16 13:00:00+00:00,67.1,66.6,3233.0,109.4,25.3,41.0,1.0,0.0,131.4479,Islamabad,13,6,11,120.479164,111.677086,125.38064511617024,3.058070134848709,0.09104265
2025-11-16 14:00:00+00:00,76.8,76.4,2868.0,126.0,25.9,21.0,1.0,0.0,131.79166,Islamabad,14,6,11,120.73958,112.46874,125.84114837646484,3.1592740290276162,0.0915365
2025-11-16 15:00:00+00:00,81.0,80.6,2447.0,134.0,25.0,6.0,1.0,0.0,132.01042,Islamabad,15,6,11,121.135414,113.23958,126.29427369435628,3.2340010407519784,0.08977563
2025-11-16 16:00:00+00:00,85.7,84.8,2036.0,125.8,21.4,2.0,1.0,0.0,132.1875,Islamabad,16,6,11,121.5,113.958336,126.73958619435628,3.280623757735549,0.08796296
2025-11-16 17:00:00+00:00,87.1,85.7,1569.0,109.0,16.3,3.0,1.0,0.0,132.38542,Islamabad,17,6,11,121.86458,114.59376,127.17795467376709,3.303720379882691,0.086332254
2025-11-16 18:00:00+00:00,82.9,81.0,1169.0,93.7,11.9,5.0,1.0,0.0,132.625,Islamabad,18,6,11,122.44792,114.958336,127.60199960072835,3.3232816741122155,0.08311352
2025-11-16 19:00:00+00:00,73.1,71.5,871.0,84.1,9.0,5.0,1.0,0.0,132.95834,Islamabad,19,6,11,123.03126,115.27083,128.0156281789144,3.3473496096436843,0.08068751
2025-11-16 20:00:00+00:00,61.7,60.3,641.0,76.1,6.9,4.0,1.0,0.0,133.3229,Islamabad,20,6,11,123.44792,115.708336,128.42708587646484,3.36832663297566,0.07999312
2025-11-16 21:00:00+00:00,51.5,50.8,498.0,67.5,5.3,6.0,1.0,0.0,133.5521,Islamabad,21,6,11,123.76043,116.1875,128.83507188161215,3.3715079678996087,0.079117894
2025-11-16 22:00:00+00:00,44.0,43.4,399.0,55.2,4.3,12.0,1.0,0.0,133.64584,Islamabad,22,6,11,124.08334,116.61458,129.23350938161215,3.3505162480547828,0.07706514
2025-11-16 23:00:00+00:00,38.3,37.7,386.0,42.2,3.9,20.0,1.0,0.0,133.63544,Islamabad,23,6,11,124.46876,116.93749,129.61545435587564,3.3059235402050877,0.073646426
2025-11-17 00:00:00+00:00,30.7,30.0,614.0,33.4,4.1,23.0,1.0,0.0,133.51042,Islamabad,0,0,11,124.94793,117.22915,129.97222487131754,3.241712760278774,0.06852849
2025-11-17 01:00:00+00:00,30.2,29.3,1332.0,41.0,5.0,19.0,1.0,0.0,133.30208,Islamabad,1,0,11,125.125,118.11458,130.31293646494547,3.138169270060236,0.06535128
2025-11-17 02:00:00+00:00,35.2,34.3,2290.0,51.1,6.5,15.0,1.0,0.1,133.19792,Islamabad,2,0,11,125.281265,118.92707,130.64279715220133,2.9992787371136984,0.06319106
2025-11-17 03:00:00+00:00,38.9,38.1,2886.0,55.7,8.7,21.0,1.0,0.6,133.3125,Islamabad,3,0,11,125.35417,119.749985,130.97439416249594,2.8239601742696454,0.06348675
2025-11-17 04:00:00+00:00,39.3,38.5,2781.0,49.7,12.2,44.0,1.0,1.65,133.60417,Islamabad,4,0,11,125.29167,120.37499,131.3207483291626,2.5973448122478335,0.06634519
2025-11-17 05:00:00+00:00,32.0,30.4,2315.0,38.2,16.4,77.0,2.0,2.9,133.71875,Islamabad,5,0,11,125.666664,120.49999,131.65625190734863,2.3428229152488065,0.064074956
2025-11-17 06:00:00+00:00,31.8,30.5,1901.0,28.9,20.1,105.0,2.0,3.9,133.78125,Islamabad,6,0,11,126.15626,120.70832,131.97395992279053,2.0650929079358598,0.060440857
2025-11-17 07:00:00+00:00,32.1,31.1,1571.0,21.7,23.0,128.0,2.0,4.05,133.87502,Islamabad,7,0,11,126.79168,120.95833,132.26909891764322,1.7785364242277113,0.055865936
2025-11-17 08:00:00+00:00,31.5,30.9,1295.0,16.7,25.5,148.0,1.0,3.4,133.9375,Islamabad,8,0,11,127.60417,121.062485,132.5329875946045,1.5051236377158488,0.049632613
2025-11-17 09:00:00+00:00,31.1,30.4,1394.0,21.8,27.2,150.0,1.0,2.2,134.01042,Islamabad,9,0,11,128.40625,121.02082,132.76649475097656,1.2501890135055254,0.043644074
2025-11-17 10:00:00+00:00,30.7,30.3,2296.0,44.9,27.8,123.0,1.0,1.0,133.94792,Islamabad,10,0,11,129.27083,120.843735,132.96137364705405,1.0260305049581142,0.03618058
2025-11-17 11:00:00+00:00,35.3,34.8,3574.0,78.1,27.7,80.0,1.0,0.25,133.77083,Islamabad,11,0,11,130.17708,120.60416,133.11111323038736,0.8489834581508751,0.027606627
2025-11-17 12:00:00+00:00,54.2,53.4,4267.0,112.8,29.6,36.0,1.0,0.0,133.57294,Islamabad,12,0,11,131.1354,120.364586,133.21267700195312,0.7413288974243691,0.01858789
2025-11-17 13:00:00+00:00,69.2,68.2,3803.0,120.2,29.9,26.0,1.0,0.0,134.25002,Islamabad,13,0,11,131.4479,120.479164,133.32943153381348,0.6683715805373399,0.021317257
2025-11-17 14:00:00+00:00,75.0,74.0,2754.0,130.0,30.2,13.0,2.0,0.0,134.41666,Islamabad,14,0,11,131.79166,120.73958,133.43880653381348,0.6187213241181714,0.019917801
2025-11-17 15:00:00+00:00,80.1,79.2,1877.0,134.0,29.3,3.0,2.0,0.0,134.16664,Islamabad,15,0,11,132.01042,121.135414,133.5286490122477,0.5556238146083933,0.016333707
2025-11-17 16:00:00+00:00,81.5,80.6,1464.0,128.7,26.3,0.0,2.0,0.0,134.02081,Islamabad,16,0,11,132.1875,121.5,133.60503705342612,0.48472365302705334,0.013869034
2025-11-17 17:00:00+00:00,82.2,81.3,1223.0,117.6,22.1,1.0,2.0,0.0,133.58333,Islamabad,17,0,11,132.38542,121.86458,133.6549498240153,0.4095188276463996,0.009048629
2025-11-17 18:00:00+00:00,79.9,78.9,1036.0,103.7,18.4,5.0,2.0,0.0,133.125,Islamabad,18,0,11,132.625,122.44792,133.67578315734863,0.3651601151994046,0.0037700282
2025-11-17 19:00:00+00:00,73.6,72.6,867.0,85.4,15.8,14.0,2.0,0.0,132.90627,Islamabad,19,0,11,132.95834,123.03126,133.67361323038736,0.36973486743460066,-0.00039168846
2025-11-17 20:00:00+00:00,67.3,66.6,753.0,64.2,13.8,26.0,1.0,0.0,133.02083,Islamabad,20,0,11,133.3229,123.44792,133.66102663675943,0.3869344368676552,-0.002265764
2025-11-17 21:00:00+00:00,62.4,61.7,683.0,47.6,12.0,33.0,1.0,0.0,133.67708,Islamabad,21,0,11,133.5521,123.76043,133.6662343343099,0.38624503871524557,0.0009358501
2025-11-17 22:00:00+00:00,58.6,58.0,588.0,38.4,10.3,32.0,1.0,0.0,134.8125,Islamabad,22,0,11,133.64584,124.08334,133.71484502156576,0.4514737945557137,0.008729463
2025-11-17 23:00:00+00:00,55.6,55.1,537.0,33.7,8.9,27.0,1.0,0.0,136.33333,Islamabad,23,0,11,133.63544,124.46876,133.82725715637207,0.6989100384325546,0.020188442
2025-11-18 00:00:00+00:00,56.2,55.6,728.0,36.1,7.4,17.0,1.0,0.0,138.14581,Islamabad,0,1,11,133.51042,124.94793,134.02039845784506,1.1207370413823756,0.034719322
2025-11-18 01:00:00+00:00,55.1,54.6,1467.0,45.2,9.3,12.0,1.0,0.0,140.81248,Islamabad,1,1,11,133.30208,125.125,134.33333206176758,1.77121155354737,0.056341257
2025-11-18 02:00:00+00:00,61.0,60.5,2448.0,57.1,12.3,6.0,1.0,0.05,143.4479,Islamabad,2,1,11,133.19792,125.281265,134.76041475931802,2.550056246876475,0.07695304
2025-11-18 03:00:00+00:00,63.6,63.1,2946.0,61.8,17.0,14.0,1.0,0.6,146.17708,Islamabad,3,1,11,133.3125,125.35417,135.29643885294595,3.432023879888708,0.09649941
2025-11-18 04:00:00+00:00,57.3,56.7,2486.0,52.3,25.3,47.0,1.0,1.65,148.78123,Islamabad,4,1,11,133.60417,125.29167,135.92881647745767,4.3752785707569695,0.11359722
2025-11-18 05:00:00+00:00,40.7,39.9,1543.0,35.5,35.2,94.0,1.0,2.95,150.14253,Islamabad,5,1,11,133.71875,125.666664,136.61314074198404,5.2178480130385525,0.12282333
2025-11-18 06:00:00+00:00,31.9,31.3,823.0,22.5,41.7,131.0,1.0,3.9,150.35088,Islamabad,6,1,11,133.78125,126.15626,137.30354181925455,5.880929550570946,0.12385611
2025-11-18 07:00:00+00:00,28.7,28.2,540.0,14.9,41.9,152.0,1.0,4.1,150.36842,Islamabad,7,1,11,133.87502,126.79168,137.99076716105142,6.403342519079557,0.123200044
2025-11-18 08:00:00+00:00,26.1,25.6,479.0,10.9,38.7,164.0,1.0,3.45,150.30482,Islamabad,8,1,11,133.9375,127.60417,138.67273902893066,6.81146501853377,0.12220121
2025-11-18 09:00:00+00:00,26.1,25.7,699.0,16.4,35.5,161.0,1.0,2.2,150.18858,Islamabad,9,1,11,134.01042,128.40625,139.34682909647623,7.123388335215968,0.12072316
2025-11-18 10:00:00+00:00,26.5,26.2,1414.0,37.6,33.2,135.0,1.0,1.0,150.08553,Islamabad,10,1,11,133.94792,129.27083,140.01922925313315,7.349657444037694,0.1204767
2025-11-18 11:00:00+00:00,31.4,31.2,2410.0,68.2,30.9,94.0,0.0,0.25,149.97914,Islamabad,11,1,11,133.77083,130.17708,140.69457562764487,7.493802629870525,0.12116478
2025-11-18 12:00:00+00:00,55.9,55.2,3107.0,95.7,32.1,56.0,1.0,0.0,149.60414,Islamabad,12,1,11,133.57294,131.1354,141.36254247029623,7.545707390553021,0.120018356
2025-11-18 13:00:00+00:00,75.0,74.3,3236.0,110.1,32.7,41.0,1.0,0.0,149.79164,Islamabad,13,1,11,134.25002,131.4479,142.01011021931967,7.575603025087054,0.11576629
2025-11-18 14:00:00+00:00,83.4,82.7,3067.0,129.4,33.3,20.0,1.0,0.0,150.0899,Islamabad,14,1,11,134.41666,131.79166,142.6631622314453,7.5681012548148106,0.11660198
2025-11-18 15:00:00+00:00,87.3,86.4,2824.0,139.4,32.1,5.0,1.0,0.0,150.2807,Islamabad,15,1,11,134.16664,132.01042,143.33458137512207,7.4959941096358085,0.12010481
2025-11-18 16:00:00+00:00,92.4,91.5,2557.0,132.1,27.7,1.0,1.0,0.0,150.4386,Islamabad,16,1,11,134.02081,132.1875,144.01865577697754,7.356919634360951,0.12250176
2025-11-18 17:00:00+00:00,97.3,96.6,2216.0,115.5,21.6,4.0,1.0,0.0,150.67763,Islamabad,17,1,11,133.58333,132.38542,144.73091824849448,7.126583260749987,0.12796731
2025-11-18 18:00:00+00:00,96.4,95.5,1884.0,99.9,16.3,6.0,1.0,0.0,151.01315,Islamabad,18,1,11,133.125,132.625,145.47625796000162,6.787343501443143,0.1343711
2025-11-18 19:00:00+00:00,88.9,88.2,1567.0,89.2,12.8,7.0,1.0,0.0,151.37718,Islamabad,19,1,11,132.90627,132.95834,146.24587949117026,6.331993656852419,0.13897702
2025-11-18 20:00:00+00:00,78.5,77.8,1258.0,79.5,10.2,8.0,1.0,0.0,151.7193,Islamabad,20,1,11,133.02083,133.3229,147.02498245239258,5.758372408987017,0.14056799
2025-11-18 21:00:00+00:00,68.7,68.0,1019.0,69.5,8.3,9.0,1.0,0.0,151.96492,Islamabad,21,1,11,133.67708,133.5521,147.7869758605957,5.086020209947622,0.13680612
2025-11-18 22:00:00+00:00,61.0,60.5,799.0,57.3,7.0,12.0,1.0,0.0,152.10307,Islamabad,22,1,11,134.8125,133.64584,148.50741640726724,4.337849988352994,0.12825646
2025-11-18 23:00:00+00:00,55.5,54.9,648.0,44.9,6.3,16.0,1.0,0.0,152.1579,Islamabad,23,1,11,136.33333,133.63544,149.1667734781901,3.5353692939253762,0.11607264
2025-11-19 00:00:00+00:00,52.5,52.0,787.0,40.4,5.6,11.0,1.0,0.0,152.15352,Islamabad,0,2,11,138.14581,133.51042,149.75042788187662,2.6926360663395528,0.10139798
2025-11-19 01:00:00+00:00,50.2,49.7,1525.0,47.2,7.3,6.0,1.0,0.0,152.07457,Islamabad,1,2,11,140.81248,133.30208,150.21968142191568,1.944744099083138,0.07997931
2025-11-19 02:00:00+00:00,56.5,55.9,2551.0,55.9,10.1,2.0,1.0,0.05,151.9671,Islamabad,2,2,11,143.4479,133.19792,150.57464790344238,1.3377332443628502,0.059388775
2025-11-19 03:00:00+00:00,63.6,63.1,3153.0,58.8,15.4,10.0,1.0,0.55,151.86623,Islamabad,3,2,11,146.17708,133.3125,150.81169573465982,0.9811295793018089,0.038919564
2025-11-19 04:00:00+00:00,59.5,58.8,2916.0,50.0,25.4,44.0,2.0,1.5,151.86623,Islamabad,4,2,11,148.78123,133.60417,150.9402370452881,0.9024812315387972,0.020735085
2025-11-19 05:00:00+00:00,45.8,44.0,2255.0,35.3,37.8,91.0,2.0,2.7,151.91228,Islamabad,5,2,11,150.14253,133.71875,151.01397641499838,0.906759496309745,0.011787099
2025-11-19 06:00:00+00:00,38.3,36.4,1704.0,23.7,47.1,128.0,3.0,3.6,152.0022,Islamabad,6,2,11,150.35088,133.78125,151.08278147379556,0.9168507740911381,0.010983118
2025-11-19 07:00:00+00:00,35.4,33.6,1362.0,16.1,50.9,150.0,3.0,3.75,152.11403,Islamabad,7,2,11,150.36842,133.87502,151.1555150349935,0.9269011651935403,0.011608857
2025-11-19 08:00:00+00:00,36.1,34.5,1131.0,11.7,51.5,162.0,2.0,3.15,152.23245,Islamabad,8,2,11,150.30482,133.9375,151.23583285013834,0.9334752767342367,0.012824789
2025-11-19 09:00:00+00:00,37.3,35.9,1248.0,17.2,50.8,159.0,2.0,2.0,152.42763,Islamabad,9,2,11,150.18858,134.01042,151.32912635803223,0.9361439179829179,0.014908219
2025-11-19 10:00:00+00:00,38.5,37.4,2087.0,40.0,48.6,132.0,2.0,0.9,152.65132,Islamabad,10,2,11,150.08553,133.94792,151.43603452046713,0.93445536754078,0.017095558
2025-11-19 11:00:00+00:00,45.3,44.4,3274.0,72.6,45.1,90.0,2.0,0.25,152.89693,Islamabad,11,2,11,149.97914,133.77083,151.5576089223226,0.9264400676878106,0.01945461
2025-11-19 12:00:00+00:00,58.2,57.2,3929.0,89.8,43.1,60.0,2.0,0.0,153.1864,Islamabad,12,2,11,149.60414,133.57294,151.70686976114908,0.8857061847115753,0.023944926
2025-11-19 13:00:00+00:00,74.5,73.6,3529.0,103.6,43.8,45.0,2.0,0.0,153.23026,Islamabad,13,2,11,149.79164,134.25002,151.85014533996582,0.8393286271648963,0.02295598
2025-11-19 14:00:00+00:00,82.4,81.3,2597.0,122.0,44.4,25.0,2.0,0.0,153.21492,Islamabad,14,2,11,150.0899,134.41666,151.98035430908203,0.7956437559614894,0.020820955
2025-11-19 15:00:00+00:00,89.9,88.7,1825.0,132.2,43.0,10.0,2.0,0.0,153.1842,Islamabad,15,2,11,150.2807,134.16664,152.10133361816406,0.7451085338510919,0.019320535
2025-11-19 16:00:00+00:00,97.3,96.2,1488.0,126.7,37.8,5.0,2.0,0.0,153.23465,Islamabad,16,2,11,150.4386,134.02081,152.21783574422201,0.6904083999967705,0.018585995
2025-11-19 17:00:00+00:00,99.9,99.0,1310.0,113.0,30.4,5.0,1.0,0.0,153.33772,Islamabad,17,2,11,150.67763,133.58333,152.32867304484049,0.6443849243973965,0.017654214
2025-11-19 18:00:00+00:00,98.0,97.3,1160.0,100.1,24.1,6.0,1.0,0.0,153.39035,Islamabad,18,2,11,151.01315,133.125,152.4277229309082,0.6154333639191141,0.015741657
2025-11-19 19:00:00+00:00,90.1,89.4,990.0,92.1,19.7,5.0,1.0,0.0,153.42982,Islamabad,19,2,11,151.37718,132.90627,152.51324971516928,0.6056421394992809,0.01355979
2025-11-19 20:00:00+00:00,80.1,79.6,848.0,84.9,16.3,4.0,1.0,0.0,153.45615,Islamabad,20,2,11,151.7193,133.02083,152.58561833699545,0.6103975407822788,0.011447765
2025-11-19 21:00:00+00:00,70.8,70.1,743.0,75.3,14.2,8.0,1.0,0.0,153.4956,Islamabad,21,2,11,151.96492,133.67708,152.6493968963623,0.6225698468572773,0.010072623
2025-11-19 22:00:00+00:00,62.4,61.9,623.0,58.2,13.8,20.0,1.0,0.0,153.54167,Islamabad,22,2,11,152.10307,134.8125,152.70933850606283,0.6367750527794783,0.009458051
2025-11-19 23:00:00+00:00,56.0,55.4,539.0,38.5,14.6,36.0,1.0,0.0,153.57237,Islamabad,23,2,11,152.1579,136.33333,152.76827494303384,0.6488609937320042,0.009296097
2025-11-20 00:00:00+00:00,55.2,54.6,658.0,30.2,12.2,31.0,1.0,0.0,153.58334,Islamabad,0,3,11,152.15352,138.14581,152.82785097757974,0.6555681821425108,0.0093972515
2025-11-20 01:00:00+00:00,52.4,51.8,1227.0,41.4,14.5,25.0,1.0,0.0,153.64035,Islamabad,1,3,11,152.07457,140.81248,152.8930918375651,0.6552553904535476,0.010296137
2025-11-20 02:00:00+00:00,58.1,57.4,1999.0,56.2,17.8,17.0,1.0,0.05,153.6864,Islamabad,2,3,11,151.9671,143.4479,152.96472930908203,0.643495484369043,0.011313628
2025-11-20 03:00:00+00:00,64.5,63.8,2394.0,63.2,22.2,25.0,1.0,0.5,153.7193,Islamabad,3,3,11,151.86623,146.17708,153.0419406890869,0.6165675165807847,0.01220201
2025-11-20 04:00:00+00:00,63.6,62.9,2035.0,54.8,28.7,60.0,1.0,1.35,153.73465,Islamabad,4,3,11,151.86623,148.78123,153.11979166666666,0.578440899684337,0.012303088
2025-11-20 05:00:00+00:00,57.6,56.3,1300.0,38.6,36.2,110.0,2.0,2.45,153.82457,Islamabad,5,3,11,151.91228,150.14253,153.19947052001953,0.5349486275278817,0.012588137
2025-11-20 06:00:00+00:00,56.9,55.6,744.0,25.6,41.4,151.0,2.0,3.25,154.0943,Islamabad,6,3,11,152.0022,150.35088,153.2866414388021,0.5007297134036399,0.013763631
2025-11-20 07:00:00+00:00,54.0,52.7,484.0,17.0,42.5,179.0,2.0,3.4,154.51535,Islamabad,7,3,11,152.11403,150.36842,153.38669649759927,0.49612571927215826,0.015786324
2025-11-20 08:00:00+00:00,51.0,49.8,403.0,11.5,41.4,199.0,2.0,2.8,154.93422,Islamabad,8,3,11,152.23245,150.30482,153.4992701212565,0.5283130097140211,0.01774764
2025-11-20 09:00:00+00:00,48.2,47.0,712.0,16.5,40.2,200.0,2.0,1.8,155.26974,Islamabad,9,3,11,152.42763,150.18858,153.61769167582193,0.5923142437997564,0.018645683
2025-11-20 10:00:00+00:00,46.8,45.8,1815.0,39.1,39.4,171.0,2.0,0.85,155.51315,Islamabad,10,3,11,152.65132,150.08553,153.73693466186523,0.6720145196682504,0.018747507
2025-11-20 11:00:00+00:00,52.2,51.3,3307.0,72.3,38.6,123.0,2.0,0.2,155.69737,Islamabad,11,3,11,152.89693,149.97914,153.85361989339194,0.7575077383216283,0.018315906
2025-11-20 12:00:00+00:00,75.4,74.3,4183.0,100.7,42.7,80.0,2.0,0.0,155.8487,Islamabad,12,3,11,153.1864,149.60414,153.96454874674478,0.8453871730010645,0.017379431
2025-11-20 13:00:00+00:00,95.2,94.1,3862.0,117.1,44.4,62.0,2.0,0.0,156.2237,Islamabad,13,3,11,153.23026,149.79164,154.08927536010742,0.9470507046542769,0.019535558
2025-11-20 14:00:00+00:00,105.9,104.8,2924.0,139.1,46.4,36.0,2.0,0.0,156.67325,Islamabad,14,3,11,153.21492,150.0899,154.233372370402,1.0640958599966484,0.022571746
2025-11-20 15:00:00+00:00,110.4,109.2,2106.0,151.2,45.9,17.0,2.0,0.0,157.1886,Islamabad,15,3,11,153.1842,150.2807,154.40022214253744,1.1979579704038923,0.02614104
2025-11-20 16:00:00+00:00,114.8,113.6,1671.0,145.4,40.8,10.0,2.0,0.0,157.63815,Islamabad,16,3,11,153.23465,150.4386,154.58370145161948,1.340425980696895,0.028736996
2025-11-20 17:00:00+00:00,112.0,111.1,1356.0,129.7,33.1,9.0,2.0,0.0,158.01973,Islamabad,17,3,11,153.33772,150.67763,154.77878506978354,1.484199469045291,0.030533953
2025-11-20 18:00:00+00:00,106.9,105.9,1100.0,112.4,26.3,11.0,2.0,0.0,158.2851,Islamabad,18,3,11,153.39035,151.01315,154.98273277282715,1.6155991395798834,0.031910382
2025-11-20 19:00:00+00:00,98.7,98.0,882.0,94.6,21.3,15.0,2.0,0.0,158.47368,Islamabad,19,3,11,153.42982,151.37718,155.19289334615073,1.7288957740933062,0.03287401
2025-11-20 20:00:00+00:00,90.6,89.9,725.0,75.1,17.2,21.0,1.0,0.0,158.66228,Islamabad,20,3,11,153.45615,151.7193,155.4098154703776,1.8254226755438117,0.033925854
2025-11-20 21:00:00+00:00,82.7,82.0,636.0,58.8,14.0,26.0,1.0,0.0,158.88815,Islamabad,21,3,11,153.4956,151.96492,155.63450495402017,1.909505359955592,0.03513161
2025-11-20 22:00:00+00:00,74.5,73.8,556.0,46.0,11.6,28.0,1.0,0.0,159.14912,Islamabad,22,3,11,153.54167,152.10307,155.86814880371094,1.9839058647319068,0.03652072
2025-11-20 23:00:00+00:00,66.8,66.1,546.0,36.4,10.2,29.0,1.0,0.0,159.41008,Islamabad,23,3,11,153.57237,152.1579,156.11138661702475,2.047055499244404,0.038012747
2025-11-21 00:00:00+00:00,61.9,61.5,793.0,24.3,10.9,36.0,1.0,0.0,159.64473,Islamabad,0,4,11,153.58334,152.15352,156.36394437154135,2.094949347629703,0.03946643
2025-11-21 01:00:00+00:00,58.8,58.4,1611.0,36.5,11.1,23.0,1.0,0.0,159.79605,Islamabad,1,4,11,153.64035,152.07457,156.6204319000244,2.1236271768123136,0.04006565
2025-11-21 02:00:00+00:00,64.3,63.8,2687.0,52.8,11.8,6.0,1.0,0.05,159.9408,Islamabad,2,4,11,153.6864,151.9671,156.88103167215982,2.1316620684630228,0.040695824
2025-11-21 03:00:00+00:00,73.1,72.6,3269.0,60.5,15.7,10.0,1.0,0.4,160.08113,Islamabad,3,4,11,153.7193,151.86623,157.14610799153647,2.1169022300076388,0.04138603
2025-11-21 04:00:00+00:00,68.0,67.5,2890.0,51.3,26.0,53.0,1.0,1.15,160.27412,Islamabad,4,4,11,153.73465,151.86623,157.41858609517416,2.0792337601480635,0.042537414
2025-11-21 05:00:00+00:00,57.7,56.9,2018.0,33.5,39.3,117.0,1.0,2.05,160.375,Islamabad,5,4,11,153.82457,151.91228,157.69152069091797,2.01590943952938,0.04258377
2025-11-21 06:00:00+00:00,50.8,49.9,1306.0,19.4,48.8,166.0,1.0,2.75,160.38815,Islamabad,6,4,11,154.0943,152.0022,157.95376459757486,1.935377614866335,0.04084417
2025-11-21 07:00:00+00:00,46.4,45.6,934.0,10.9,50.8,191.0,2.0,2.9,160.26315,Islamabad,7,4,11,154.51535,152.11403,158.19325637817383,1.8449086323345978,0.037198912
2025-11-21 08:00:00+00:00,43.5,42.5,722.0,6.1,48.8,203.0,2.0,2.4,160.10745,Islamabad,8,4,11,154.93422,152.23245,158.4088077545166,1.7472033232771775,0.033389866
2025-11-21 09:00:00+00:00,43.9,42.5,790.0,12.2,46.4,197.0,3.0,1.55,159.94737,Islamabad,9,4,11,155.26974,152.42763,158.60370890299478,1.6393840033305562,0.030125815
2025-11-21 10:00:00+00:00,44.1,42.6,1358.0,36.9,44.3,164.0,3.0,0.7,159.8487,Islamabad,10,4,11,155.51315,152.65132,158.78435643513998,1.5184314760489301,0.027878933
2025-11-21 11:00:00+00:00,49.4,47.8,2206.0,72.5,41.7,112.0,3.0,0.2,159.77852,Islamabad,11,4,11,155.69737,152.89693,158.95440419514975,1.3798941983703308,0.026212042
2025-11-21 12:00:00+00:00,66.4,65.4,2790.0,99.0,39.4,65.0,2.0,0.0,159.70175,Islamabad,12,4,11,155.8487,153.1864,159.11494827270508,1.2174276140217513,0.024723068
2025-11-21 13:00:00+00:00,86.8,85.7,2867.0,113.8,42.6,49.0,2.0,0.0,159.50658,Islamabad,13,4,11,156.2237,153.23026,159.251735051473,1.051581738090922,0.021013986
2025-11-21 14:00:00+00:00,99.2,98.3,2680.0,133.8,46.6,28.0,2.0,0.0,159.32237,Islamabad,14,4,11,156.67325,153.21492,159.36211522420248,0.8968044811133581,0.016908593
2025-11-21 15:00:00+00:00,105.2,104.1,2411.0,144.7,47.5,12.0,2.0,0.0,159.17982,Islamabad,15,4,11,157.1886,153.1842,159.4450829823812,0.7701436404842149,0.012667752
2025-11-21 16:00:00+00:00,110.4,109.2,2076.0,140.1,42.3,6.0,2.0,0.0,159.06798,Islamabad,16,4,11,157.63815,153.23465,159.5046590169271,0.6735311709746779,0.009070297
2025-11-21 17:00:00+00:00,110.1,109.2,1659.0,126.5,33.9,5.0,2.0,0.0,158.97148,Islamabad,17,4,11,158.01973,153.33772,159.54431533813477,0.6070361937122765,0.006022993
2025-11-21 18:00:00+00:00,103.1,102.4,1295.0,109.4,26.9,10.0,2.0,0.0,158.92982,Islamabad,18,4,11,158.2851,153.39035,159.57117907206217,0.5614415085467218,0.0040732175
2025-11-21 19:00:00+00:00,91.7,91.0,1030.0,88.0,23.1,23.0,2.0,0.0,158.85307,Islamabad,19,4,11,158.47368,153.42982,159.58698717753092,0.5338601181299342,0.0023940539
2025-11-21 20:00:00+00:00,80.8,79.9,818.0,63.1,20.6,41.0,1.0,0.0,158.69955,Islamabad,20,4,11,158.66228,153.45615,159.58854039510092,0.53109987791442,0.00023494697
2025-11-21 21:00:00+00:00,72.2,71.2,662.0,42.4,18.6,56.0,1.0,0.0,158.48026,Islamabad,21,4,11,158.88815,153.4956,159.5715446472168,0.5602159581938364,-0.0025672019
2025-11-21 22:00:00+00:00,65.0,64.0,517.0,27.1,16.6,66.0,1.0,0.0,158.24342,Islamabad,22,4,11,159.14912,153.54167,159.53380711873373,0.6174862101254681,-0.005690893
2025-11-21 23:00:00+00:00,58.4,57.6,427.0,16.1,15.1,74.0,2.0,0.0,158.0285,Islamabad,23,4,11,159.41008,153.57237,159.47624142964682,0.6896990984826419,-0.008666808
2025-11-22 00:00:00+00:00,49.4,48.7,525.0,27.4,8.3,31.0,1.0,0.0,157.8421,Islamabad,0,5,11,159.64473,153.58334,159.4011319478353,0.7646363241071067,-0.011291495
2025-11-22 01:00:00+00:00,43.9,43.0,1032.0,38.5,10.3,28.0,1.0,0.0,157.5614,Islamabad,1,5,11,159.79605,153.64035,159.30802154541016,0.84616677074275,-0.013984386
2025-11-22 02:00:00+00:00,46.9,46.0,1727.0,53.3,13.2,27.0,1.0,0.05,157.22368,Islamabad,2,5,11,159.9408,153.6864,159.19480832417807,0.9349361118714808,-0.01698827
2025-11-22 03:00:00+00:00,52.6,51.7,2075.0,60.2,16.3,37.0,2.0,0.4,156.83333,Islamabad,3,5,11,160.08113,153.7193,159.05948321024576,1.0311651976664293,-0.020288479
2025-11-22 04:00:00+00:00,52.4,51.3,1714.0,51.8,20.0,71.0,3.0,1.2,156.375,Islamabad,4,5,11,160.27412,153.73465,158.89701970418295,1.1335509888117166,-0.024327846
2025-11-22 05:00:00+00:00,50.3,48.3,1007.0,35.6,23.9,118.0,4.0,2.15,156.01973,Islamabad,5,5,11,160.375,153.82457,158.715550104777,1.2310757711993168,-0.02715679
2025-11-22 06:00:00+00:00,50.6,48.1,511.0,22.6,26.3,153.0,5.0,2.85,155.83113,Islamabad,6,5,11,160.38815,154.0943,158.52567418416342,1.3107349077921482,-0.028412461
2025-11-22 07:00:00+00:00,47.1,44.1,425.0,14.8,25.9,170.0,6.0,3.05,155.79166,Islamabad,7,5,11,160.26315,154.51535,158.33936182657877,1.3695051903113828,-0.027900964
2025-11-22 08:00:00+00:00,42.3,39.1,549.0,10.2,23.9,176.0,6.0,2.55,155.75877,Islamabad,8,5,11,160.10745,154.93422,158.15816688537598,1.4124116664590227,-0.027161
2025-11-22 09:00:00+00:00,39.7,36.4,848.0,13.9,22.1,169.0,6.0,1.65,155.6842,Islamabad,9,5,11,159.94737,155.26974,157.98053487141928,1.4453044606572452,-0.02665357
2025-11-22 10:00:00+00:00,38.4,35.2,1453.0,31.1,20.9,141.0,6.0,0.8,155.55043,Islamabad,10,5,11,159.8487,155.51315,157.80144055684408,1.4698478233205874,-0.026889576
2025-11-22 11:00:00+00:00,40.4,37.7,2232.0,56.7,20.0,99.0,6.0,0.2,155.38815,Islamabad,11,5,11,159.77852,155.69737,157.61850865681967,1.486203084557029,-0.027477821
2025-11-22 12:00:00+00:00,68.2,64.7,2751.0,102.4,27.4,53.0,7.0,0.0,155.16666,Islamabad,12,5,11,159.70175,155.8487,157.42954635620117,1.498072767497393,-0.028397279
2025-11-22 13:00:00+00:00,85.7,82.0,2796.0,115.3,30.0,40.0,7.0,0.0,155.15132,Islamabad,13,5,11,159.50658,156.2237,157.24807739257812,1.4993189363140476,-0.027304549
2025-11-22 14:00:00+00:00,96.6,92.7,2581.0,132.5,33.4,21.0,8.0,0.0,155.07018,Islamabad,14,5,11,159.32237,156.67325,157.0709025065104,1.494776308202412,-0.026689267
2025-11-22 15:00:00+00:00,103.6,99.4,2311.0,141.7,34.5,8.0,8.0,0.0,154.94736,Islamabad,15,5,11,159.17982,157.1886,156.89454968770346,1.4847877416123043,-0.026589222
2025-11-22 16:00:00+00:00,108.7,105.0,2028.0,137.4,31.2,3.0,7.0,0.0,154.8443,Islamabad,16,5,11,159.06798,157.63815,156.71856307983398,1.4661707321878696,-0.026552664
2025-11-22 17:00:00+00:00,108.5,105.2,1690.0,124.9,25.6,2.0,6.0,0.0,154.75218,Islamabad,17,5,11,158.97148,158.01973,156.5427589416504,1.436955504423872,-0.026541235
2025-11-22 18:00:00+00:00,104.1,101.5,1379.0,108.2,20.8,7.0,5.0,0.0,154.66447,Islamabad,18,5,11,158.92982,158.2851,156.3650360107422,1.391951463660202,-0.026837949
2025-11-22 19:00:00+00:00,92.4,90.3,1113.0,84.9,18.0,21.0,4.0,0.0,154.64474,Islamabad,19,5,11,158.85307,158.47368,156.1896890004476,1.3285218876895875,-0.026491953
2025-11-22 20:00:00+00:00,82.0,80.3,875.0,57.3,15.9,39.0,4.0,0.0,154.62938,Islamabad,20,5,11,158.69955,158.66228,156.0200983683268,1.2517674055592005,-0.025647048
2025-11-22 21:00:00+00:00,75.4,73.8,694.0,36.0,14.2,52.0,3.0,0.0,154.63815,Islamabad,21,5,11,158.48026,158.88815,155.8600107828776,1.1662188313259925,-0.02424341
2025-11-22 22:00:00+00:00,70.1,68.7,518.0,24.8,12.6,54.0,3.0,0.0,154.69518,Islamabad,22,5,11,158.24342,159.14912,155.7121671040853,1.0720384131286191,-0.022422722
2025-11-22 23:00:00+00:00,65.2,63.8,399.0,19.9,11.3,50.0,2.0,0.0,154.79825,Islamabad,23,5,11,158.0285,159.41008,155.57757314046225,0.9661259954503619,-0.020440966
2025-11-23 00:00:00+00:00,63.3,62.2,525.0,26.5,8.4,31.0,2.0,0.0,154.93422,Islamabad,0,6,11,157.8421,159.64473,155.45641136169434,0.8444621586611605,-0.018422732
2025-11-23 01:00:00+00:00,59.6,58.6,1170.0,35.5,8.6,19.0,2.0,0.0,155.23027,Islamabad,1,6,11,157.5614,159.79605,155.35928090413412,0.7161311745083827,-0.014795064
2025-11-23 02:00:00+00:00,65.4,64.3,2061.0,47.4,9.4,4.0,1.0,0.05,155.57237,Islamabad,2,6,11,157.22368,159.9408,155.29047648111978,0.5989563701418121,-0.01050291
2025-11-23 03:00:00+00:00,74.3,73.3,2563.0,52.5,13.3,8.0,2.0,0.45,155.9737,Islamabad,3,6,11,156.83333,160.08113,155.2546583811442,0.523650430778316,-0.005481197
2025-11-23 04:00:00+00:00,68.9,67.3,2298.0,44.3,23.8,48.0,4.0,1.25,156.44737,Islamabad,4,6,11,156.375,160.27412,155.25767389933267,0.5305455776269707,0.00046281333
2025-11-23 05:00:00+00:00,56.6,52.9,1645.0,29.4,37.6,107.0,7.0,2.3,156.79825,Islamabad,5,6,11,156.01973,160.375,155.29011217753092,0.5985996254610773,0.004989873
2025-11-23 06:00:00+00:00,48.4,43.9,1110.0,17.7,46.8,151.0,9.0,3.15,156.89912,Islamabad,6,6,11,155.83113,160.38815,155.3346118927002,0.6753449212825646,0.006853529
2025-11-23 07:00:00+00:00,43.1,38.4,802.0,10.9,47.5,170.0,9.0,3.35,156.80702,Islamabad,7,6,11,155.79166,160.26315,155.3769187927246,0.7344395262204363,0.0065174582
2025-11-23 08:00:00+00:00,39.8,35.5,613.0,7.3,43.7,175.0,9.0,2.85,156.682,Islamabad,8,6,11,155.75877,160.10745,155.41538683573404,0.7781851570677554,0.005927326
2025-11-23 09:00:00+00:00,38.2,34.3,724.0,12.2,40.0,167.0,8.0,1.9,156.60307,Islamabad,9,6,11,155.6842,159.94737,155.45367304484049,0.8137758255027445,0.005902134
2025-11-23 10:00:00+00:00,38.0,34.5,1408.0,30.8,37.8,141.0,7.0,0.85,156.55702,Islamabad,10,6,11,155.55043,159.8487,155.4956143697103,0.8443447300378432,0.0064711603
2025-11-23 11:00:00+00:00,42.0,39.2,2392.0,57.8,35.8,103.0,6.0,0.2,156.54167,Islamabad,11,6,11,155.38815,159.77852,155.54367764790854,0.8703912354346233,0.007423466
2025-11-23 12:00:00+00:00,69.2,65.7,3040.0,103.4,40.2,53.0,7.0,0.0,156.57457,Islamabad,12,6,11,155.16666,159.70175,155.6023406982422,0.8910756020312208,0.0090735555
2025-11-23 13:00:00+00:00,87.1,83.6,3040.0,115.9,42.5,40.0,7.0,0.0,156.5965,Islamabad,13,6,11,155.15132,159.50658,155.66255633036295,0.9079424216516836,0.009314617
2025-11-23 14:00:00+00:00,98.0,94.5,2703.0,132.5,45.5,21.0,7.0,0.0,156.63158,Islamabad,14,6,11,155.07018,159.32237,155.72761472066244,0.9195171135633404,0.010068999
2025-11-23 15:00:00+00:00,103.8,100.1,2325.0,140.7,45.3,8.0,7.0,0.0,156.67105,Islamabad,15,6,11,154.94736,159.17982,155.7994352976481,0.9232325805753093,0.011124384
2025-11-23 16:00:00+00:00,109.0,105.2,1971.0,133.0,39.5,5.0,6.0,0.0,156.6864,Islamabad,16,6,11,154.8443,159.06798,155.876189549764,0.916924871296404,0.01189648
2025-11-23 17:00:00+00:00,111.1,107.8,1577.0,116.8,30.7,6.0,6.0,0.0,156.6908,Islamabad,17,6,11,154.75218,158.97148,155.95696512858072,0.8988126452349531,0.012527215
2025-11-23 18:00:00+00:00,108.7,106.2,1245.0,101.6,22.8,8.0,5.0,0.0,156.7478,Islamabad,18,6,11,154.66447,158.92982,156.04377047220865,0.8686552319274438,0.013469986
2025-11-23 19:00:00+00:00,100.8,98.5,1009.0,90.7,17.2,7.0,4.0,0.0,156.85088,Islamabad,19,6,11,154.64474,158.85307,156.13569259643555,0.830041334744104,0.0142658
2025-11-23 20:00:00+00:00,90.3,88.5,835.0,80.8,12.6,6.0,4.0,0.0,157.0307,Islamabad,20,6,11,154.62938,158.69955,156.23574765523276,0.7840273256922647,0.015529529
2025-11-23 21:00:00+00:00,79.9,78.0,725.0,70.8,9.3,7.0,3.0,0.0,157.21053,Islamabad,21,6,11,154.63815,158.48026,156.3429298400879,0.730105544046361,0.016634785
2025-11-23 22:00:00+00:00,70.5,68.9,617.0,58.5,7.5,12.0,3.0,0.0,157.30263,Islamabad,22,6,11,154.69518,158.24342,156.45157368977866,0.6653826956987502,0.016855422
2025-11-23 23:00:00+00:00,62.2,60.8,573.0,46.2,7.0,18.0,3.0,0.0,157.30702,Islamabad,23,6,11,154.79825,158.0285,156.55610593159994,0.586772468283658,0.016206732
2025-11-24 00:00:00+00:00,61.0,59.4,779.0,38.1,5.7,16.0,3.0,0.0,157.24123,Islamabad,0,0,11,154.93422,157.8421,156.65223121643066,0.4906099317132963,0.014890234
2025-11-24 01:00:00+00:00,54.7,53.3,1522.0,46.8,7.8,13.0,3.0,0.0,157.17984,Islamabad,1,0,11,155.23027,157.5614,156.73346328735352,0.3974969154990233,0.012559211
2025-11-24 02:00:00+00:00,59.3,57.5,2515.0,58.3,11.2,10.0,3.0,0.05,157.0636,Islamabad,2,0,11,155.57237,157.22368,156.79559771219888,0.3163850330748981,0.009585418
2025-11-24 03:00:00+00:00,66.8,65.0,3079.0,62.6,17.0,21.0,3.0,0.45,156.91447,Islamabad,3,0,11,155.9737,156.83333,156.83479690551758,0.2640830018962841,0.006031662
2025-11-24 04:00:00+00:00,66.4,64.5,2812.0,52.8,28.0,58.0,5.0,1.3,156.73247,Islamabad,4,0,11,156.44737,156.375,156.84667587280273,0.2520354576359004,0.0018223075
2025-11-24 05:00:00+00:00,61.9,58.0,2115.0,35.9,41.4,109.0,7.0,2.35,156.67107,Islamabad,5,0,11,156.79825,156.01973,156.8413766225179,0.25442369501736495,-0.0008111188
2025-11-24 06:00:00+00:00,56.9,52.5,1515.0,22.6,50.5,148.0,9.0,3.15,156.7829,Islamabad,6,0,11,156.89912,155.83113,156.8365338643392,0.25438285977100933,-0.0007407702
2025-11-24 07:00:00+00:00,50.4,46.0,1126.0,14.6,51.8,167.0,9.0,3.3,156.9715,Islamabad,7,0,11,156.80702,155.79166,156.8433869679769,0.2557649680991311,0.0010488975
2025-11-24 08:00:00+00:00,46.0,41.8,834.0,10.2,48.8,174.0,9.0,2.75,157.13815,Islamabad,8,0,11,156.682,155.75877,156.86239306131998,0.26016177979818983,0.0029112867
2025-11-24 09:00:00+00:00,43.4,39.5,817.0,15.0,45.4,168.0,8.0,1.8,157.27632,Islamabad,9,0,11,156.60307,155.6842,156.89044507344565,0.26718657916768523,0.0042990744
2025-11-24 10:00:00+00:00,43.1,39.3,1317.0,35.2,42.7,141.0,7.0,0.8,157.39035,Islamabad,10,0,11,156.55702,155.55043,156.92516708374023,0.2759756549299464,0.005322842
2025-11-24 11:00:00+00:00,47.7,44.8,2093.0,64.6,39.6,100.0,7.0,0.2,157.49562,Islamabad,11,0,11,156.54167,155.38815,156.96491495768228,0.286824455933991,0.006093898
2025-11-24 12:00:00+00:00,59.8,57.4,2598.0,81.1,36.4,74.0,5.0,0.0,157.61842,Islamabad,12,0,11,156.57457,155.16666,157.0084088643392,0.3037070130324164,0.0066668154
2025-11-24 13:00:00+00:00,80.1,77.3,2570.0,96.9,35.8,54.0,5.0,0.0,157.4364,Islamabad,13,0,11,156.5965,155.15132,157.04340489705405,0.3025676613827231,0.0053634965
2025-11-24 14:00:00+00:00,92.9,90.1,2272.0,118.3,34.7,28.0,5.0,0.0,157.29825,Islamabad,14,0,11,156.63158,155.07018,157.07118288675943,0.29358423134275297,0.004256305
2025-11-24 15:00:00+00:00,100.8,98.0,1939.0,130.8,32.4,8.0,5.0,0.0,157.20175,Islamabad,15,0,11,156.67105,154.94736,157.09329541524252,0.28188933207865996,0.0033873564
2025-11-24 16:00:00+00:00,103.8,101.3,1626.0,127.4,27.9,2.0,4.0,0.0,157.1557,Islamabad,16,0,11,156.6864,154.8443,157.11284955342612,0.26839066310034254,0.0029951502
2025-11-24 17:00:00+00:00,102.2,100.1,1279.0,115.2,22.1,3.0,4.0,0.0,157.07019,Islamabad,17,0,11,156.6908,154.75218,157.12865765889487,0.25319391170746425,0.0024212943
2025-11-24 18:00:00+00:00,96.4,94.5,975.0,101.4,17.1,7.0,3.0,0.0,156.9013,Islamabad,18,0,11,156.7478,154.66447,157.13505363464355,0.2449597162226313,0.0009793019
2025-11-24 19:00:00+00:00,85.7,84.3,728.0,87.4,13.5,13.0,3.0,0.0,156.64474,Islamabad,19,0,11,156.85088,154.64474,157.12646484375,0.2585911910654988,-0.0013141844
2025-11-24 20:00:00+00:00,75.0,73.3,522.0,71.6,10.6,23.0,3.0,0.0,156.33333,Islamabad,20,0,11,157.0307,154.62938,157.09740765889487,0.3048611587795082,-0.0044409945
2025-11-24 21:00:00+00:00,65.9,64.5,391.0,56.9,8.5,32.0,3.0,0.0,156.0,Islamabad,21,0,11,157.21053,154.63815,157.04696909586588,0.37694874836885345,-0.0077000284
2025-11-24 22:00:00+00:00,59.0,57.5,292.0,41.6,7.1,42.0,3.0,0.0,155.70395,Islamabad,22,0,11,157.30263,154.69518,156.98035748799643,0.461563010790773,-0.010163076
2025-11-24 23:00:00+00:00,53.3,51.9,268.0,27.4,6.5,52.0,3.0,0.0,155.45395,Islamabad,23,0,11,157.30702,154.79825,156.90314610799155,0.5508911495493702,-0.011779977
2025-11-25 00:00:00+00:00,47.1,46.0,471.0,31.4,5.7,38.0,2.0,0.0,155.25877,Islamabad,0,1,11,157.24123,154.93422,156.82054392496744,0.6394961189876439,-0.012607714
2025-11-25 01:00:00+00:00,42.5,41.0,1181.0,39.9,6.3,32.0,2.0,0.0,154.9649,Islamabad,1,1,11,157.17984,155.23027,156.72825495402017,0.7376773292280074,-0.014091726
2025-11-25 02:00:00+00:00,45.3,43.5,2118.0,51.2,7.3,24.0,2.0,0.05,154.69518,Islamabad,2,1,11,157.0636,155.57237,156.6295706431071,0.8419204793507297,-0.015079391
2025-11-25 03:00:00+00:00,51.0,49.5,2606.0,56.3,9.2,29.0,3.0,0.45,154.38815,Islamabad,3,1,11,156.91447,155.9737,156.52430725097656,0.9550767212349691,-0.01609999
2025-11-25 04:00:00+00:00,49.8,47.8,2194.0,49.6,12.5,57.0,4.0,1.3,154.04823,Islamabad,4,1,11,156.73247,156.44737,156.4124641418457,1.078794519223642,-0.01712622
2025-11-25 05:00:00+00:00,46.9,43.7,1331.0,36.8,16.6,97.0,6.0,2.4,153.68202,Islamabad,5,1,11,156.67107,156.79825,156.2879206339518,1.2119606428233276,-0.019078469
2025-11-25 06:00:00+00:00,47.4,43.8,688.0,26.2,20.2,130.0,7.0,3.25,153.36842,Islamabad,6,1,11,156.7829,156.89912,156.14565086364746,1.3444928329105803,-0.02177836
2025-11-25 07:00:00+00:00,46.9,43.5,511.0,18.9,22.9,153.0,7.0,3.4,153.17763,Islamabad,7,1,11,156.9715,156.80702,155.98757298787436,1.461143341665857,-0.024169158
2025-11-25 08:00:00+00:00,45.5,42.6,553.0,13.9,25.0,170.0,6.0,2.85,153.1228,Islamabad,8,1,11,157.13815,156.682,155.8202667236328,1.55080480779181,-0.025552994
2025-11-25 09:00:00+00:00,43.3,40.7,749.0,16.6,26.3,172.0,5.0,1.85,153.14035,Islamabad,9,1,11,157.27632,156.60307,155.6479345957438,1.6106168620909767,-0.026297482
2025-11-25 10:00:00+00:00,42.0,39.8,1190.0,31.3,26.1,151.0,4.0,0.85,153.16666,Islamabad,10,1,11,157.39035,156.55702,155.47194735209146,1.6423922862638012,-0.026835786
2025-11-25 11:00:00+00:00,45.3,43.5,1784.0,53.6,25.0,115.0,3.0,0.2,153.17763,Islamabad,11,1,11,157.49562,156.54167,155.29203097025552,1.6475697169464611,-0.027416592
2025-11-25 12:00:00+00:00,61.9,59.5,2188.0,75.0,24.7,83.0,5.0,0.0,153.14912,Islamabad,12,1,11,157.61842,156.57457,155.10581016540527,1.6256215998953574,-0.028355183
2025-11-25 13:00:00+00:00,81.3,78.7,2234.0,93.8,25.9,60.0,5.0,0.0,153.19518,Islamabad,13,1,11,157.4364,156.5965,154.92909240722656,1.5914201919114332,-0.026939299
2025-11-25 14:00:00+00:00,92.9,90.1,2091.0,119.3,27.3,29.0,5.0,0.0,153.22588,Islamabad,14,1,11,157.29825,156.63158,154.75941022237143,1.5442355249144861,-0.025889497
2025-11-25 15:00:00+00:00,98.5,95.7,1921.0,134.2,27.2,7.0,5.0,0.0,153.22588,Islamabad,15,1,11,157.20175,156.67105,154.59374872843424,1.4828776868240472,-0.025291549
2025-11-25 16:00:00+00:00,102.9,100.1,1783.0,129.3,24.4,2.0,5.0,0.0,153.17543,Islamabad,16,1,11,157.1557,156.6864,154.42790412902832,1.4043910390998242,-0.025326923
2025-11-25 17:00:00+00:00,105.7,102.7,1619.0,113.9,20.0,5.0,5.0,0.0,153.14911,Islamabad,17,1,11,157.07019,156.6908,154.26452573140463,1.3084382782513984,-0.024963882
2025-11-25 18:00:00+00:00,103.6,101.0,1420.0,99.1,15.8,8.0,5.0,0.0,153.20613,Islamabad,18,1,11,156.9013,156.7478,154.11056009928384,1.1973685862605001,-0.023550952
2025-11-25 19:00:00+00:00,94.8,92.7,1142.0,88.5,12.1,7.0,4.0,0.0,153.34868,Islamabad,19,1,11,156.64474,156.85088,153.9732240041097,1.0770452196069518,-0.021041665
2025-11-25 20:00:00+00:00,83.6,81.7,830.0,78.5,8.5,6.0,4.0,0.0,153.53288,Islamabad,20,1,11,156.33333,157.0307,153.856538772583,0.9550243592053128,-0.017913299
2025-11-25 21:00:00+00:00,73.6,71.7,610.0,69.1,5.9,6.0,3.0,0.0,153.7171,Islamabad,21,1,11,156.0,157.21053,153.76141802469888,0.8388789289027406,-0.014633961
2025-11-25 22:00:00+00:00,64.5,62.9,482.0,59.4,4.5,8.0,3.0,0.0,153.875,Islamabad,22,1,11,155.70395,157.30263,153.6852118174235,0.7308603574557915,-0.011746324
2025-11-25 23:00:00+00:00,56.7,55.1,446.0,50.4,4.1,10.0,3.0,0.0,153.99341,Islamabad,23,1,11,155.45395,157.30702,153.62435595194498,0.6311920825447012,-0.009395327
2025-11-26 00:00:00+00:00,46.4,44.8,623.0,44.8,4.2,7.0,2.0,0.0,154.0636,Islamabad,0,2,11,155.25877,157.24123,153.57455698649088,0.5367119366638299,-0.0076979557
2025-11-26 01:00:00+00:00,40.7,39.0,1253.0,47.7,5.4,3.0,2.0,0.0,154.03728,Islamabad,1,2,11,154.9649,157.17984,153.5359058380127,0.4601777686811511,-0.0059860493
2025-11-26 02:00:00+00:00,45.3,43.0,2097.0,51.2,7.5,0.0,2.0,0.05,153.99341,Islamabad,2,2,11,154.69518,157.0636,153.5066655476888,0.40192176775916555,-0.0045364504
2025-11-26 03:00:00+00:00,54.7,52.6,2559.0,50.5,11.6,9.0,2.0,0.45,153.98245,Islamabad,3,2,11,154.38815,156.91447,153.48976135253906,0.37054250976805186,-0.0026277967
2025-11-26 04:00:00+00:00,51.9,49.1,2264.0,41.7,19.5,42.0,4.0,1.25,154.05043,Islamabad,4,2,11,154.04823,156.73247,153.48985290527344,0.37068673834190824,1.4263491e-05
2025-11-26 05:00:00+00:00,42.3,38.6,1588.0,28.7,29.5,87.0,6.0,2.3,154.07895,Islamabad,5,2,11,153.68202,156.67107,153.50639152526855,0.3880799834804697,0.00258278
2025-11-26 06:00:00+00:00,44.0,40.0,1061.0,18.8,37.4,124.0,8.0,3.1,153.9671,Islamabad,6,2,11,153.36842,156.7829,153.53133646647134,0.39794169836866167,0.0039035322
2025-11-26 07:00:00+00:00,44.5,40.6,820.0,12.2,41.4,148.0,8.0,3.3,153.88377,Islamabad,7,2,11,153.17763,156.9715,153.5607592264811,0.39675586673708296,0.004609983
2025-11-26 08:00:00+00:00,44.6,40.9,728.0,8.7,43.2,164.0,8.0,2.75,153.82018,Islamabad,8,2,11,153.1228,157.13815,153.58981641133627,0.38874251412425065,0.004554334
2025-11-26 09:00:00+00:00,45.5,42.1,909.0,15.4,44.3,163.0,7.0,1.8,153.7829,Islamabad,9,2,11,153.14035,157.27632,153.61658922831217,0.3784312582300216,0.0041958084
2025-11-26 10:00:00+00:00,46.4,43.4,1605.0,40.1,44.8,134.0,6.0,0.8,153.8136,Islamabad,10,2,11,153.16666,157.39035,153.64354515075684,0.3678828566975037,0.0042237793
2025-11-26 11:00:00+00:00,53.0,50.4,2574.0,75.0,44.5,89.0,6.0,0.2,153.89255,Islamabad,11,2,11,153.17763,157.49562,153.67333348592123,0.35730854169066073,0.0046672616
2025-11-26 12:00:00+00:00,74.0,70.3,3210.0,102.1,44.8,42.0,7.0,0.0,154.04387,Islamabad,12,2,11,153.14912,157.61842,153.7106145222982,0.34675766462201557,0.0058423113
2025-11-26 13:00:00+00:00,94.3,90.6,3212.0,110.8,45.2,31.0,7.0,0.0,154.2807,Islamabad,13,2,11,153.19518,157.4364,153.7558447519938,0.3473979131532475,0.007085899
2025-11-26 14:00:00+00:00,105.0,100.8,2882.0,122.2,45.4,17.0,8.0,0.0,154.54167,Islamabad,14,2,11,153.22588,157.29825,153.81066958109537,0.3635740992156453,0.008587296
2025-11-26 15:00:00+00:00,112.0,107.8,2521.0,126.8,43.2,6.0,8.0,0.0,154.77632,Islamabad,15,2,11,153.22588,157.20175,153.87527147928873,0.3917973587503663,0.010118693
2025-11-26 16:00:00+00:00,119.7,115.5,2208.0,118.7,36.5,3.0,8.0,0.0,155.04167,Islamabad,16,2,11,153.17543,157.1557,153.953031539917,0.43017750572176705,0.012183687
2025-11-26 17:00:00+00:00,122.0,118.3,1865.0,103.8,27.4,4.0,7.0,0.0,155.3794,Islamabad,17,2,11,153.14911,157.07019,154.04596010843912,0.4862086815459263,0.014562838
2025-11-26 18:00:00+00:00,119.2,115.9,1560.0,90.2,19.7,5.0,6.0,0.0,155.7215,Islamabad,18,2,11,153.20613,156.9013,154.15076700846353,0.5624347740737269,0.016418178
2025-11-26 19:00:00+00:00,109.7,106.9,1302.0,81.3,14.6,4.0,5.0,0.0,156.04825,Islamabad,19,2,11,153.34868,156.64474,154.26324907938638,0.6570385575707217,0.017604128
2025-11-26 20:00:00+00:00,97.1,94.5,1082.0,73.7,10.9,3.0,5.0,0.0,156.35965,Islamabad,20,2,11,153.53288,156.33333,154.38103103637695,0.7649271207234739,0.018411476
2025-11-26 21:00:00+00:00,83.4,81.3,938.0,65.2,8.5,6.0,4.0,0.0,156.64035,Islamabad,21,2,11,153.7171,156.0,154.5028330485026,0.8788647569341534,0.019017067
2025-11-26 22:00:00+00:00,71.2,69.2,838.0,52.4,7.9,16.0,4.0,0.0,156.85088,Islamabad,22,2,11,153.875,155.70395,154.6268278757731,0.9894094082038415,0.019339567
2025-11-26 23:00:00+00:00,61.7,59.6,813.0,38.7,8.6,30.0,4.0,0.0,156.98904,Islamabad,23,2,11,153.99341,155.45395,154.75164604187012,1.089881288166244,0.019453015
2025-11-27 00:00:00+00:00,53.1,51.0,996.0,22.4,10.6,48.0,4.0,0.0,157.08772,Islamabad,0,3,11,154.0636,155.25877,154.8776512145996,1.1781182141346858,0.019629063
2025-11-27 01:00:00+00:00,49.8,47.6,1642.0,32.6,10.7,37.0,4.0,0.0,157.22368,Islamabad,1,3,11,154.03728,154.9649,155.01041793823242,1.2562488335634954,0.020685911
2025-11-27 02:00:00+00:00,53.3,51.1,2497.0,46.3,10.9,23.0,3.0,0.05,157.41228,Islamabad,2,3,11,153.99341,154.69518,155.15287081400552,1.3277194819735016,0.022201398
2025-11-27 03:00:00+00:00,59.6,57.5,2926.0,53.4,12.5,23.0,4.0,0.4,157.5899,Islamabad,3,3,11,153.98245,154.38815,155.30318133036295,1.3920943681802125,0.023427686
2025-11-27 04:00:00+00:00,61.5,59.5,2515.0,47.7,16.4,49.0,6.0,1.25,157.69737,Islamabad,4,3,11,154.05043,154.04823,155.45513725280762,1.4473499957525664,0.02367369
2025-11-27 05:00:00+00:00,59.8,56.0,1680.0,35.4,21.7,89.0,9.0,2.35,157.92545,Islamabad,5,3,11,154.07895,153.68202,155.6154079437256,1.5003326371585834,0.024964452
2025-11-27 06:00:00+00:00,57.5,51.8,1033.0,25.4,26.3,122.0,11.0,3.2,158.30702,Islamabad,6,3,11,153.9671,153.36842,155.79623794555664,1.5536218719144859,0.02818732
2025-11-27 07:00:00+00:00,55.6,50.2,770.0,18.4,29.7,144.0,11.0,3.4,158.5658,Islamabad,7,3,11,153.88377,153.17763,155.99132219950357,1.5964033563757956,0.030425703
2025-11-27 08:00:00+00:00,53.6,48.4,696.0,13.7,32.3,159.0,9.0,2.85,158.7763,Islamabad,8,3,11,153.82018,153.1228,156.1978276570638,1.6236616248388078,0.032220293
2025-11-27 09:00:00+00:00,51.0,46.6,842.0,18.4,33.9,159.0,8.0,1.85,158.9408,Islamabad,9,3,11,153.7829,153.14035,156.4127400716146,1.631455280370016,0.033540126
2025-11-27 10:00:00+00:00,50.5,46.7,1373.0,39.6,33.8,133.0,7.0,0.85,159.03947,Islamabad,10,3,11,153.8136,153.16666,156.6304848988851,1.618159927454976,0.03397538
2025-11-27 11:00:00+00:00,57.2,54.2,2123.0,70.1,32.6,92.0,6.0,0.2,159.11183,Islamabad,11,3,11,153.89255,153.17763,156.84795506795248,1.5845709643496908,0.033915117
2025-11-27 12:00:00+00:00,68.5,65.4,2627.0,89.3,34.3,63.0,6.0,0.0,159.19518,Islamabad,12,3,11,154.04387,153.14912,157.06259282430014,1.5363816482500603,0.033440515
2025-11-27 13:00:00+00:00,87.1,84.1,2662.0,100.8,33.2,46.0,6.0,0.0,159.08772,Islamabad,13,3,11,154.2807,153.19518,157.2628854115804,1.469844618296512,0.031157637
2025-11-27 14:00:00+00:00,99.0,95.9,2449.0,116.2,31.4,23.0,6.0,0.0,158.94516,Islamabad,14,3,11,154.54167,153.22588,157.44636408487955,1.387949554249911,0.028493857
2025-11-27 15:00:00+00:00,106.4,103.4,2193.0,123.9,28.7,6.0,6.0,0.0,158.83772,Islamabad,15,3,11,154.77632,153.22588,157.6155891418457,1.2925665646762803,0.026240457
2025-11-27 16:00:00+00:00,108.5,105.7,1931.0,117.2,24.4,1.0,5.0,0.0,158.74123,Islamabad,16,3,11,155.04167,153.17543,157.76973724365234,1.188687259362657,0.023861678
2025-11-27 17:00:00+00:00,106.2,104.1,1625.0,102.7,19.2,3.0,4.0,0.0,158.5263,Islamabad,17,3,11,155.3794,153.14911,157.9008585611979,1.082358761667466,0.020253083
2025-11-27 18:00:00+00:00,99.9,98.0,1359.0,89.2,14.6,5.0,3.0,0.0,158.21492,Islamabad,18,3,11,155.7215,153.20613,158.00475120544434,0.9787853801271618,0.016012069
2025-11-27 19:00:00+00:00,89.4,87.8,1164.0,79.3,11.0,5.0,3.0,0.0,157.82237,Islamabad,19,3,11,156.04825,153.34868,158.07867304484049,0.8873186455025112,0.011369075
2025-11-27 20:00:00+00:00,78.5,76.6,1010.0,70.3,7.9,5.0,3.0,0.0,157.40352,Islamabad,20,3,11,156.35965,153.53288,158.12216758728027,0.8226172473773871,0.006676077
2025-11-27 21:00:00+00:00,68.5,66.8,886.0,63.0,5.7,5.0,3.0,0.0,157.01097,Islamabad,21,3,11,156.64035,153.7171,158.1376101175944,0.7966596608820119,0.0023660616
2025-11-27 22:00:00+00:00,59.6,58.0,712.0,57.4,4.5,4.0,3.0,0.0,156.69298,Islamabad,22,3,11,156.85088,153.875,158.13103103637695,0.8083146850879986,-0.0010066757
2025-11-27 23:00:00+00:00,51.6,49.9,569.0,53.4,4.1,4.0,2.0,0.0,156.44736,Islamabad,23,3,11,156.98904,153.99341,158.10846074422201,0.8481685682176144,-0.0034504766
2025-11-28 00:00:00+00:00,36.4,35.0,693.0,30.3,5.2,32.0,2.0,0.0,156.23466,Islamabad,0,4,11,157.08772,154.0636,158.07291666666666,0.9085308689190363,-0.0054304553
2025-11-28 01:00:00+00:00,33.4,31.9,1389.0,37.8,6.9,26.0,2.0,0.0,155.88377,Islamabad,1,4,11,157.22368,154.03728,158.0170873006185,0.9995909368083763,-0.008522283
2025-11-28 02:00:00+00:00,37.5,35.9,2352.0,47.7,9.3,18.0,2.0,0.05,155.53947,Islamabad,2,4,11,157.41228,153.99341,157.93905385335287,1.1152659209030247,-0.011897437
2025-11-28 03:00:00+00:00,44.6,43.2,2901.0,52.7,11.3,20.0,3.0,0.45,155.20615,Islamabad,3,4,11,157.5899,153.98245,157.8397305806478,1.2461755748922503,-0.01512634
2025-11-28 04:00:00+00:00,46.6,45.3,2634.0,47.9,11.9,41.0,5.0,1.3,154.89255,Islamabad,4,4,11,157.69737,154.05043,157.7228628794352,1.3840042750299646,-0.017786123
2025-11-28 05:00:00+00:00,40.9,38.3,1954.0,38.2,12.2,71.0,7.0,2.45,154.58115,Islamabad,5,4,11,157.92545,154.07895,157.58351707458496,1.5239977431506617,-0.021176444
2025-11-28 06:00:00+00:00,37.7,33.5,1388.0,30.2,13.9,98.0,8.0,3.35,154.19298,Islamabad,6,4,11,158.30702,153.9671,157.41209856669107,1.6640203125595958,-0.025987756
2025-11-28 07:00:00+00:00,40.2,36.3,1054.0,23.4,18.8,121.0,8.0,3.6,153.79167,Islamabad,7,4,11,158.5658,153.88377,157.21317672729492,1.7999149501410097,-0.03010816
2025-11-28 08:00:00+00:00,41.8,38.5,834.0,18.5,25.2,141.0,6.0,3.0,153.48685,Islamabad,8,4,11,158.7763,153.82018,156.99278259277344,1.920024370928233,-0.033313908
2025-11-28 09:00:00+00:00,41.3,38.5,907.0,23.8,30.0,144.0,5.0,1.95,153.26974,Islamabad,9,4,11,158.9408,153.7829,156.75648880004883,2.0164063203585205,-0.03568027
2025-11-28 10:00:00+00:00,42.3,39.8,1545.0,48.2,31.5,118.0,4.0,0.9,153.09212,Islamabad,10,4,11,159.03947,153.8136,156.50868225097656,2.087825715653196,-0.037395477
2025-11-28 11:00:00+00:00,49.1,47.3,2476.0,83.0,31.3,75.0,4.0,0.2,152.9408,Islamabad,11,4,11,159.11183,153.89255,156.2515557607015,2.1328085425433665,-0.038784266
2025-11-28 12:00:00+00:00,63.6,61.5,3058.0,104.7,33.0,32.0,4.0,0.0,152.78947,Islamabad,12,4,11,159.19518,154.04387,155.98465156555176,2.14917037124389,-0.040238034
2025-11-28 13:00:00+00:00,83.8,81.3,2950.0,109.7,33.5,23.0,4.0,0.0,152.70395,Islamabad,13,4,11,159.08772,154.2807,155.71866099039713,2.143457187324573,-0.04012738
2025-11-28 14:00:00+00:00,95.7,93.1,2494.0,116.1,33.9,12.0,5.0,0.0,152.64255,Islamabad,14,4,11,158.94516,154.54167,155.4560521443685,2.1168933033468353,-0.039652746
2025-11-28 15:00:00+00:00,103.1,100.4,2074.0,117.5,32.7,3.0,5.0,0.0,152.58115,Islamabad,15,4,11,158.83772,154.77632,155.19536145528158,2.0669954393043306,-0.03938974
2025-11-28 16:00:00+00:00,105.5,102.9,1828.0,109.6,28.4,1.0,5.0,0.0,152.51535,Islamabad,16,4,11,158.74123,155.04167,154.9359499613444,1.9919517674754148,-0.039220285
2025-11-28 17:00:00+00:00,102.0,100.1,1618.0,96.6,22.4,2.0,4.0,0.0,152.45395,Islamabad,17,4,11,158.5263,155.3794,154.6829350789388,1.8995917981809054,-0.038305044
2025-11-28 18:00:00+00:00,94.5,93.1,1422.0,84.9,17.2,3.0,3.0,0.0,152.36623,Islamabad,18,4,11,158.21492,155.7215,154.43923950195312,1.799290300012897,-0.036966767
2025-11-28 19:00:00+00:00,83.4,82.2,1220.0,77.1,13.5,3.0,3.0,0.0,152.25877,Islamabad,19,4,11,157.82237,156.04825,154.2074228922526,1.7001324252899888,-0.03525228
2025-11-28 20:00:00+00:00,72.2,71.0,1032.0,70.6,10.4,3.0,2.0,0.0,152.13596,Islamabad,20,4,11,157.40352,156.35965,153.9879411061605,1.607051980459147,-0.033465344
2025-11-28 21:00:00+00:00,61.9,60.8,890.0,64.0,8.3,5.0,2.0,0.0,152.01315,Islamabad,21,4,11,157.01097,156.64035,153.77969868977866,1.519732377344682,-0.03183101
2025-11-28 22:00:00+00:00,53.6,52.4,727.0,55.5,7.1,10.0,2.0,0.0,151.88158,Islamabad,22,4,11,156.69298,156.85088,153.5792236328125,1.4336271333712913,-0.030705916
2025-11-28 23:00:00+00:00,46.9,45.8,610.0,46.9,6.8,15.0,2.0,0.0,151.75876,Islamabad,23,4,11,156.44736,156.98904,153.3838653564453,1.3423461288327476,-0.029969178
2025-11-29 00:00:00+00:00,35.3,34.5,774.0,29.2,7.8,27.0,2.0,0.0,151.66885,Islamabad,0,5,11,156.23466,157.08772,153.1936232248942,1.2404266267514859,-0.02922406
2025-11-29 01:00:00+00:00,33.1,32.1,1549.0,37.0,9.5,22.0,2.0,0.0,151.6579,Islamabad,1,5,11,155.88377,157.22368,153.01754506429037,1.1376290469443664,-0.027109144
2025-11-29 02:00:00+00:00,38.4,37.3,2606.0,47.4,11.9,17.0,2.0,0.05,151.66228,Islamabad,2,5,11,155.53947,157.41228,152.85599517822266,1.0345521746653785,-0.024927417
2025-11-29 03:00:00+00:00,46.4,45.3,3191.0,52.4,14.3,20.0,2.0,0.4,151.693,Islamabad,3,5,11,155.20615,157.5899,152.70961380004883,0.9309173159484835,-0.022635398
2025-11-29 04:00:00+00:00,48.2,47.0,2843.0,46.8,16.3,41.0,4.0,1.25,151.73904,Islamabad,4,5,11,154.89255,157.69737,152.57821782430014,0.8260542626944998,-0.020359296
2025-11-29 05:00:00+00:00,41.2,39.0,2023.0,35.9,18.3,71.0,6.0,2.35,151.77632,Islamabad,5,5,11,154.58115,157.92545,152.46135012308756,0.7222528769812147,-0.018144676
2025-11-29 06:00:00+00:00,37.4,33.8,1360.0,27.4,20.8,95.0,7.0,3.25,151.79167,Islamabad,6,5,11,154.19298,158.30702,152.36129570007324,0.6327168836932764,-0.015573382
2025-11-29 07:00:00+00:00,39.0,35.4,1013.0,21.8,24.4,112.0,7.0,3.5,151.79825,Islamabad,7,5,11,153.79167,158.5658,152.27823638916016,0.5638793972233931,-0.012961843
2025-11-29 08:00:00+00:00,39.5,36.1,823.0,18.7,28.4,123.0,7.0,2.95,151.77852,Islamabad,8,5,11,153.48685,158.7763,152.20705604553223,0.5099214940438614,-0.011130128
2025-11-29 09:00:00+00:00,39.6,36.6,937.0,24.3,31.2,121.0,6.0,1.9,151.72588,Islamabad,9,5,11,153.26974,158.9408,152.14272816975912,0.46547644640882546,-0.010072888
2025-11-29 10:00:00+00:00,40.0,37.3,1613.0,46.1,31.6,97.0,5.0,0.85,151.68422,Islamabad,10,5,11,153.09212,159.03947,152.08406575520834,0.4278191057222613,-0.009196411
2025-11-29 11:00:00+00:00,45.5,43.3,2593.0,76.7,30.6,59.0,5.0,0.2,151.6294,Islamabad,11,5,11,152.9408,159.11183,152.02942403157553,0.39621872849222917,-0.008574569
2025-11-29 12:00:00+00:00,53.6,51.8,3257.0,91.8,30.1,34.0,3.0,0.0,151.54167,Islamabad,12,5,11,152.78947,159.19518,151.97743225097656,0.3733574789288212,-0.0081668105
2025-11-29 13:00:00+00:00,75.0,73.3,3312.0,97.1,30.5,25.0,3.0,0.0,151.32895,Islamabad,13,5,11,152.70395,159.08772,151.9201405843099,0.362361309660936,-0.009004352
2025-11-29 14:00:00+00:00,88.9,87.1,3050.0,104.0,30.8,12.0,3.0,0.0,151.15352,Islamabad,14,5,11,152.64255,158.94516,151.85809771219888,0.36076519773248794,-0.009755006
2025-11-29 15:00:00+00:00,96.9,94.8,2724.0,106.3,29.6,3.0,3.0,0.0,151.02193,Islamabad,15,5,11,152.58115,158.83772,151.79313023885092,0.36526161477642727,-0.010218952
2025-11-29 16:00:00+00:00,100.4,98.7,2380.0,99.7,25.8,1.0,3.0,0.0,150.89912,Islamabad,16,5,11,152.51535,158.74123,151.7257874806722,0.3751737553515603,-0.010597138
2025-11-29 17:00:00+00:00,99.7,98.3,1971.0,88.5,20.4,2.0,2.0,0.0,150.807,Islamabad,17,5,11,152.45395,158.5263,151.65716489156088,0.3866407304631021,-0.010802883
2025-11-29 18:00:00+00:00,92.7,91.7,1610.0,78.9,15.8,3.0,2.0,0.0,150.76755,Islamabad,18,5,11,152.36623,158.21492,151.5905532836914,0.39675064338049554,-0.0104923425
2025-11-29 19:00:00+00:00,78.7,77.8,1339.0,74.3,12.5,3.0,2.0,0.0,150.73685,Islamabad,19,5,11,152.25877,157.82237,151.5271396636963,0.4068030007264011,-0.00999566
2025-11-29 20:00:00+00:00,65.9,65.2,1117.0,71.3,9.9,4.0,1.0,0.0,150.64035,Islamabad,20,5,11,152.13596,157.40352,151.46482276916504,0.42368858460742076,-0.009830717
2025-11-29 21:00:00+00:00,56.2,55.5,931.0,66.7,8.0,5.0,1.0,0.0,150.51315,Islamabad,21,5,11,152.01315,157.01097,151.40232276916504,0.4491555101904626,-0.009867568
2025-11-29 22:00:00+00:00,49.1,48.4,705.0,57.2,6.6,9.0,1.0,0.0,150.39693,Islamabad,22,5,11,151.88158,156.69298,151.3404623667399,0.48136270142968257,-0.009775048
2025-11-29 23:00:00+00:00,44.5,43.8,516.0,46.1,5.9,14.0,1.0,0.0,150.3092,Islamabad,23,5,11,151.75876,156.44736,151.28006426493326,0.5162701827829806,-0.009551702
2025-11-30 00:00:00+00:00,35.5,34.9,579.0,29.3,6.2,28.0,1.0,0.0,150.26535,Islamabad,0,6,11,151.66885,156.23466,151.22158495585123,0.5487818090947408,-0.009253736
2025-11-30 01:00:00+00:00,33.6,33.1,1169.0,37.0,7.5,22.0,1.0,0.0,150.27412,Islamabad,1,6,11,151.6579,155.88377,151.16392771402994,0.5731014888487438,-0.009124311
2025-11-30 02:00:00+00:00,40.4,39.7,2011.0,47.3,9.4,15.0,1.0,0.05,150.29605,Islamabad,2,6,11,151.66228,155.53947,151.1070016225179,0.5890790925492119,-0.009008345
2025-11-30 03:00:00+00:00,47.5,46.8,2499.0,52.1,12.1,18.0,1.0,0.4,150.3487,Islamabad,3,6,11,151.693,155.20615,151.05098915100098,0.5948208771259192,-0.008861974
2025-11-30 04:00:00+00:00,47.8,47.3,2275.0,46.3,16.0,39.0,2.0,1.3,150.38158,Islamabad,4,6,11,151.73904,154.89255,150.9944279988607,0.5910781130210305,-0.008946067
2025-11-30 05:00:00+00:00,40.0,38.9,1697.0,35.1,20.6,70.0,2.0,2.5,150.38815,Islamabad,5,6,11,151.77632,154.58115,150.93658765157065,0.5790361765398448,-0.009146146
2025-11-30 06:00:00+00:00,31.2,29.5,1236.0,26.3,25.2,96.0,3.0,3.45,150.38597,Islamabad,6,6,11,151.79167,154.19298,150.87801678975424,0.559548857710749,-0.009260723
2025-11-30 07:00:00+00:00,29.6,27.8,1018.0,20.2,30.0,114.0,3.0,3.7,150.29167,Islamabad,7,6,11,151.79825,153.79167,150.81524276733398,0.5358286501225614,-0.009924862
2025-11-30 08:00:00+00:00,30.6,29.0,916.0,16.5,34.7,127.0,2.0,3.1,150.125,Islamabad,8,6,11,151.77852,153.48685,150.7463461558024,0.5123770961418684,-0.010894286
2025-11-30 09:00:00+00:00,32.5,31.1,1018.0,22.2,37.8,126.0,2.0,2.05,149.85417,Islamabad,9,6,11,151.72588,153.26974,150.66835848490396,0.499074078756898,-0.01233609
2025-11-30 10:00:00+00:00,34.9,33.6,1495.0,45.1,38.0,102.0,2.0,0.9,149.28127,Islamabad,10,6,11,151.68422,153.09212,150.56823539733887,0.5266872120910403,-0.01584182
2025-11-30 11:00:00+00:00,43.9,43.0,2177.0,77.4,36.5,64.0,2.0,0.2,148.89584,Islamabad,11,6,11,151.6294,152.9408,150.4543374379476,0.5800928221551042,-0.018027844
2025-11-30 12:00:00+00:00,56.3,55.8,2638.0,89.7,30.5,44.0,1.0,0.0,148.8646,Islamabad,12,6,11,151.54167,152.78947,150.34279251098633,0.6180633164694543,-0.017665625
2025-11-30 13:00:00+00:00,77.5,76.8,2682.0,98.1,30.4,32.0,1.0,0.0,149.28127,Islamabad,13,6,11,151.32895,152.70395,150.2574723561605,0.6173463159412766,-0.013531342
2025-11-30 14:00:00+00:00,90.8,89.9,2505.0,109.1,30.1,16.0,2.0,0.0,149.64584,Islamabad,14,6,11,151.15352,152.64255,150.19465255737305,0.598627338839387,-0.009974463
2025-11-30 15:00:00+00:00,99.9,99.0,2272.0,114.1,28.6,4.0,2.0,0.0,149.93752,Islamabad,15,6,11,151.02193,152.58115,150.14946873982748,0.5738844307737484,-0.007180491
2025-11-30 16:00:00+00:00,104.3,103.4,2013.0,107.7,25.1,1.0,2.0,0.0,150.07895,Islamabad,16,6,11,150.89912,152.51535,150.11529477437338,0.5512774882984889,-0.005435255
2025-11-30 17:00:00+00:00,105.0,104.3,1697.0,95.1,20.3,2.0,1.0,0.0,150.18202,Islamabad,17,6,11,150.807,152.45395,150.0892537434896,0.5315919365710151,-0.0041442686
2025-11-30 18:00:00+00:00,101.7,101.3,1401.0,83.4,16.0,4.0,1.0,0.0,150.3136,Islamabad,18,6,11,150.76755,152.36623,150.07033920288086,0.514199738252307,-0.0030109198
2025-11-30 19:00:00+00:00,93.6,92.9,1131.0,74.6,12.4,4.0,1.0,0.0,150.52412,Islamabad,19,6,11,150.73685,152.25877,150.06147575378418,0.5039424701200633,-0.0014112195
2025-11-30 20:00:00+00:00,84.5,84.1,880.0,66.5,9.2,5.0,1.0,0.0,150.85527,Islamabad,20,6,11,150.64035,152.13596,150.07043075561523,0.5164310561788368,0.0014267097
2025-11-30 21:00:00+00:00,75.9,75.4,707.0,59.9,6.9,5.0,1.0,0.0,151.26973,Islamabad,21,6,11,150.51315,152.01315,150.1019547780355,0.5654005193147048,0.0050266474
2025-11-30 22:00:00+00:00,67.3,66.8,574.0,54.7,5.6,5.0,1.0,0.0,151.70615,Islamabad,22,6,11,150.39693,151.88158,150.1565055847168,0.6516731282810929,0.0087050935
2025-11-30 23:00:00+00:00,59.1,58.7,518.0,51.0,5.3,5.0,1.0,0.0,152.10965,Islamabad,23,6,11,150.3092,151.75876,150.2315241495768,0.7639707202966745,0.011978279
2025-12-01 00:00:00+00:00,52.4,52.0,711.0,47.7,5.6,5.0,1.0,0.0,152.4364,Islamabad,0,0,12,150.26535,151.66885,150.3219846089681,0.8868097211270202,0.014448115
2025-12-01 01:00:00+00:00,46.0,45.8,1423.0,52.5,7.3,4.0,1.0,0.0,152.8114,Islamabad,1,0,12,150.27412,151.6579,150.42770449320474,1.0218182556036477,0.016884325
2025-12-01 02:00:00+00:00,50.6,50.3,2384.0,58.6,10.0,5.0,1.0,0.05,153.08992,Islamabad,2,0,12,150.29605,151.66228,150.5441157023112,1.1564452641163556,0.018589105
2025-12-01 03:00:00+00:00,59.3,58.9,2947.0,59.9,13.8,15.0,1.0,0.4,153.32237,Islamabad,3,0,12,150.3487,151.693,150.66801897684732,1.2865775663933794,0.019778546
2025-12-01 04:00:00+00:00,58.6,58.2,2711.0,51.9,19.6,43.0,1.0,1.25,153.58772,Islamabad,4,0,12,150.38158,151.73904,150.80160840352377,1.4155317939008027,0.021320073
2025-12-01 05:00:00+00:00,51.2,50.4,2079.0,39.1,26.5,81.0,2.0,2.35,153.82677,Islamabad,5,0,12,150.38815,151.77632,150.94488398234049,1.5403806080345352,0.022864925
2025-12-01 06:00:00+00:00,46.1,45.1,1607.0,28.7,32.4,112.0,2.0,3.2,154.07895,Islamabad,6,0,12,150.38597,151.79167,151.0987580617269,1.661789132244772,0.024556665
2025-12-01 07:00:00+00:00,42.8,42.0,1432.0,20.7,36.6,134.0,2.0,3.35,154.42105,Islamabad,7,0,12,150.29167,151.79825,151.27081553141275,1.7838800339690168,0.027475769
2025-12-01 08:00:00+00:00,39.8,39.1,1418.0,15.2,39.8,150.0,1.0,2.8,154.73245,Islamabad,8,0,12,150.125,151.77852,151.46279271443686,1.899390683006955,0.030690774
2025-12-01 09:00:00+00:00,38.6,38.2,1719.0,19.8,41.8,150.0,1.0,1.85,154.95395,Islamabad,9,0,12,149.85417,151.72588,151.67528343200684,1.9944881608618208,0.0340316
2025-12-01 10:00:00+00:00,40.6,40.2,2680.0,41.9,41.8,125.0,1.0,0.85,155.10965,Islamabad,10,0,12,149.28127,151.68422,151.91813278198242,2.044523315836179,0.039042972
2025-12-01 11:00:00+00:00,49.8,49.4,3957.0,74.1,40.7,85.0,1.0,0.2,155.2544,Islamabad,11,0,12,148.89584,151.6294,152.18307240804037,2.0478357229361492,0.04270469
2025-12-01 12:00:00+00:00,63.8,63.6,4671.0,90.6,37.8,57.0,1.0,0.0,155.39473,Islamabad,12,0,12,148.8646,151.54167,152.45516141255698,2.0213983317625384,0.04386628
2025-12-01 13:00:00+00:00,86.1,85.7,4292.0,102.0,39.0,43.0,1.0,0.0,155.56578,Islamabad,13,0,12,149.28127,151.32895,152.71701622009277,1.9993029500036101,0.04209849
2025-12-01 14:00:00+00:00,100.6,100.1,3349.0,117.2,40.3,23.0,1.0,0.0,155.76096,Islamabad,14,0,12,149.64584,151.15352,152.97181256612143,1.9804615260791572,0.040863898
2025-12-01 15:00:00+00:00,109.9,109.4,2552.0,125.1,39.4,8.0,1.0,0.0,155.98463,Islamabad,15,0,12,149.93752,151.02193,153.22377586364746,1.9622272600853872,0.040330928
2025-12-01 16:00:00+00:00,115.0,114.6,2187.0,119.2,34.4,3.0,1.0,0.0,156.2127,Islamabad,16,0,12,150.07895,150.89912,153.47934913635254,1.9340639281881753,0.040870212
2025-12-01 17:00:00+00:00,115.5,115.3,1969.0,106.0,27.1,4.0,1.0,0.0,156.45833,Islamabad,17,0,12,150.18202,150.807,153.7408618927002,1.8927147767668133,0.041791327
2025-12-01 18:00:00+00:00,112.2,112.0,1750.0,93.3,20.6,5.0,1.0,0.0,156.69955,Islamabad,18,0,12,150.3136,150.76755,154.0069433848063,1.8380404938123314,0.04248422
2025-12-01 19:00:00+00:00,104.3,104.1,1454.0,83.6,15.8,5.0,1.0,0.0,156.93422,Islamabad,19,0,12,150.52412,150.73685,154.2740306854248,1.7745776651789507,0.042585168
2025-12-01 20:00:00+00:00,95.9,95.7,1158.0,74.4,11.7,6.0,1.0,0.0,157.17984,Islamabad,20,0,12,150.85527,150.64035,154.5375544230143,1.7133621601796045,0.041924752
2025-12-01 21:00:00+00:00,88.5,88.2,946.0,66.2,8.6,6.0,1.0,0.0,157.4342,Islamabad,21,0,12,151.26973,150.51315,154.794407526652,1.6635159659936263,0.04075154
2025-12-01 22:00:00+00:00,82.2,82.0,818.0,58.4,6.4,6.0,1.0,0.0,157.71492,Islamabad,22,0,12,151.70615,150.39693,155.04477310180664,1.6303535088893768,0.03960798
2025-12-01 23:00:00+00:00,75.4,75.2,775.0,51.6,5.3,5.0,0.0,0.0,158.04825,Islamabad,23,0,12,152.10965,150.3092,155.29221471150717,1.6161100122467462,0.039041564
2025-12-02 00:00:00+00:00,57.9,57.6,903.0,29.7,10.3,35.0,0.0,0.0,158.41008,Islamabad,0,1,12,152.4364,150.26535,155.5411179860433,1.6171662253904642,0.039188005
2025-12-02 01:00:00+00:00,53.8,53.7,1396.0,38.6,11.2,23.0,0.0,0.0,158.5329,Islamabad,1,1,12,152.8114,150.27412,155.77951367696127,1.6189855413397685,0.037441555
2025-12-02 02:00:00+00:00,60.5,60.3,2059.0,50.2,12.7,7.0,0.0,0.0,158.70615,Islamabad,2,1,12,153.08992,150.29605,156.01352310180664,1.6192139880362448,0.0366858
2025-12-02 03:00:00+00:00,71.2,71.2,2396.0,54.9,16.3,10.0,0.0,0.35,158.92545,Islamabad,3,1,12,153.32237,150.3487,156.24698448181152,1.6182591276218496,0.036544394
2025-12-02 04:00:00+00:00,71.5,71.5,2079.0,45.8,23.9,47.0,0.0,1.1,159.19518,Islamabad,4,1,12,153.58772,150.38158,156.4806283315023,1.6224183326753872,0.03650977
2025-12-02 05:00:00+00:00,57.0,56.8,1435.0,29.7,33.6,101.0,0.0,2.1,159.48683,Islamabad,5,1,12,153.82677,150.38815,156.71646436055502,1.6312302615819658,0.036795057
2025-12-02 06:00:00+00:00,46.9,46.7,946.0,17.3,40.3,144.0,0.0,2.85,159.62718,Islamabad,6,1,12,154.07895,150.38597,156.9476407368978,1.634334716697921,0.03600903
2025-12-02 07:00:00+00:00,44.2,44.1,737.0,9.9,41.4,169.0,0.0,3.0,159.66228,Islamabad,7,1,12,154.42105,150.29167,157.16602516174316,1.6322183188445265,0.03394114
2025-12-02 08:00:00+00:00,43.8,43.5,682.0,6.1,39.6,182.0,1.0,2.55,159.70833,Islamabad,8,1,12,154.73245,150.125,157.37335332234701,1.625670859449905,0.03215793
2025-12-02 09:00:00+00:00,43.1,42.7,887.0,13.0,38.3,179.0,1.0,1.65,159.80482,Islamabad,9,1,12,154.95395,149.85417,157.57547314961752,1.6132954417639087,0.031305276
2025-12-02 10:00:00+00:00,43.7,43.2,1584.0,38.1,38.5,148.0,1.0,0.75,159.9035,Islamabad,10,1,12,155.10965,149.28127,157.7752170562744,1.5913421537536223,0.030906225
2025-12-02 11:00:00+00:00,53.0,52.6,2539.0,73.8,39.2,99.0,1.0,0.2,159.9693,Islamabad,11,1,12,155.2544,148.89584,157.9716714223226,1.5572787537492607,0.030368898
2025-12-02 12:00:00+00:00,64.5,64.3,3159.0,95.8,45.9,70.0,0.0,0.0,160.03947,Islamabad,12,1,12,155.39473,148.8646,158.16520245869955,1.511031490947759,0.029889977
2025-12-02 13:00:00+00:00,86.4,86.1,3145.0,109.1,46.8,53.0,0.0,0.0,160.05481,Islamabad,13,1,12,155.56578,149.28127,158.35224533081055,1.451954488018046,0.028856147
2025-12-02 14:00:00+00:00,98.0,97.8,2795.0,126.9,47.7,29.0,1.0,0.0,160.06358,Islamabad,14,1,12,155.76096,149.64584,158.53152147928873,1.3820352074063327,0.027623273
2025-12-02 15:00:00+00:00,104.1,103.6,2407.0,136.7,46.0,11.0,1.0,0.0,160.01315,Islamabad,15,1,12,155.98463,149.93752,158.69937642415366,1.3015522813434974,0.025826382
2025-12-02 16:00:00+00:00,109.2,108.7,2058.0,132.7,39.6,5.0,1.0,0.0,159.88597,Islamabad,16,1,12,156.2127,150.07895,158.85242907206217,1.209116884748254,0.0235145
2025-12-02 17:00:00+00:00,107.6,107.3,1671.0,120.7,30.6,4.0,0.0,0.0,159.75658,Islamabad,17,1,12,156.45833,150.18202,158.98985608418783,1.1084195410156714,0.021080682
2025-12-02 18:00:00+00:00,99.4,99.2,1319.0,105.7,22.9,8.0,0.0,0.0,159.58113,Islamabad,18,1,12,156.69955,150.3136,159.10992177327475,1.0003435309990376,0.018389182
2025-12-02 19:00:00+00:00,86.6,86.4,1009.0,87.0,17.8,17.0,0.0,0.0,159.30043,Islamabad,19,1,12,156.93422,150.52412,159.20851389567056,0.8867411732130672,0.015077724
2025-12-02 20:00:00+00:00,75.4,75.2,733.0,65.3,13.9,30.0,0.0,0.0,158.91228,Islamabad,20,1,12,157.17984,150.85527,159.28069877624512,0.7783011284697854,0.011022006
2025-12-02 21:00:00+00:00,67.3,67.1,544.0,47.4,10.9,40.0,0.0,0.0,158.4627,Islamabad,21,1,12,157.4342,151.26973,159.32355308532715,0.6961946935442941,0.0065329093
2025-12-02 22:00:00+00:00,60.5,60.3,416.0,34.6,8.7,45.0,0.0,0.0,158.0,Islamabad,22,1,12,157.71492,151.70615,159.33543141682944,0.6694744341637262,0.0018075649
2025-12-02 23:00:00+00:00,54.4,54.2,373.0,25.7,7.4,47.0,0.0,0.0,157.52412,Islamabad,23,1,12,158.04825,152.10965,159.3135929107666,0.719935261503988,-0.0033162287
2025-12-03 00:00:00+00:00,51.5,51.3,543.0,43.3,6.0,18.0,0.0,0.0,157.0636,Islamabad,0,2,12,158.41008,152.4364,159.2574895222982,0.8364431003844529,-0.0084999725
2025-12-03 01:00:00+00:00,44.6,44.4,1170.0,49.8,7.8,17.0,0.0,0.0,156.92545,Islamabad,1,2,12,158.5329,152.8114,159.19051233927408,0.9531956745381464,-0.010139551
2025-12-03 02:00:00+00:00,47.5,47.4,2009.0,58.3,10.3,18.0,0.0,0.0,156.7215,Islamabad,2,2,12,158.70615,153.08992,159.10781860351562,1.0753097846514688,-0.012505185
2025-12-03 03:00:00+00:00,53.6,53.2,2452.0,61.1,13.2,29.0,0.0,0.35,156.43858,Islamabad,3,2,12,158.92545,153.32237,159.00419934590658,1.20557700468611,-0.01564798
2025-12-03 04:00:00+00:00,53.9,53.7,2106.0,52.8,16.3,59.0,0.0,1.15,156.04387,Islamabad,4,2,12,159.19518,153.58772,158.87289492289224,1.347168842464686,-0.019795237
2025-12-03 05:00:00+00:00,48.5,48.2,1363.0,38.7,19.7,98.0,1.0,2.25,155.6535,Islamabad,5,2,12,159.48683,153.82677,158.71317291259766,1.4908002799394113,-0.02403539
2025-12-03 06:00:00+00:00,46.0,45.5,793.0,27.5,23.0,131.0,1.0,3.05,155.4649,Islamabad,6,2,12,159.62718,154.07895,158.53974469502768,1.6166409458741064,-0.02607499
2025-12-03 07:00:00+00:00,45.3,44.8,565.0,19.9,26.6,154.0,1.0,3.25,155.4386,Islamabad,7,2,12,159.66228,154.42105,158.3637580871582,1.715971768788,-0.026453828
2025-12-03 08:00:00+00:00,44.9,44.6,510.0,15.1,30.1,169.0,1.0,2.75,155.45395,Islamabad,8,2,12,159.70833,154.73245,158.186492284139,1.7892167798016423,-0.026638431
2025-12-03 09:00:00+00:00,44.8,44.5,688.0,19.6,32.4,168.0,1.0,1.8,155.47807,Islamabad,9,2,12,159.80482,154.95395,158.0062109629313,1.8364228624665901,-0.027075225
2025-12-03 10:00:00+00:00,45.8,45.3,1286.0,40.4,32.6,140.0,1.0,0.8,155.51755,Islamabad,10,2,12,159.9035,155.10965,157.82346280415854,1.857517355217043,-0.027428767
2025-12-03 11:00:00+00:00,52.9,52.5,2117.0,70.6,31.5,97.0,1.0,0.2,155.5636,Islamabad,11,2,12,159.9693,155.2544,157.63989194234213,1.8539281461815371,-0.027540915
2025-12-03 12:00:00+00:00,65.0,64.7,2687.0,103.7,36.3,58.0,0.0,0.0,155.5614,Islamabad,12,2,12,160.03947,155.39473,157.45330556233725,1.8270755840453052,-0.027981054
2025-12-03 13:00:00+00:00,85.2,85.0,2771.0,113.7,36.6,43.0,0.0,0.0,155.57018,Islamabad,13,2,12,160.05481,155.56578,157.26644579569498,1.7781167198451135,-0.028019367
2025-12-03 14:00:00+00:00,97.8,97.6,2593.0,126.9,36.7,22.0,0.0,0.0,155.54605,Islamabad,14,2,12,160.06358,155.76096,157.0782152811686,1.7068216163543741,-0.028223362
2025-12-03 15:00:00+00:00,106.4,106.2,2332.0,133.0,35.1,7.0,0.0,0.0,155.54167,Islamabad,15,2,12,160.01315,155.98463,156.89190355936685,1.6140488848336407,-0.02794446
2025-12-03 16:00:00+00:00,110.4,110.1,2007.0,125.7,30.3,3.0,0.0,0.0,155.5987,Islamabad,16,2,12,159.88597,156.2127,156.71326700846353,1.5016023926505178,-0.026814593
2025-12-03 17:00:00+00:00,107.8,107.6,1598.0,111.3,23.8,4.0,0.0,0.0,155.62938,Islamabad,17,2,12,159.75658,156.45833,156.54130045572916,1.3683370420372607,-0.025834287
2025-12-03 18:00:00+00:00,98.5,98.3,1230.0,98.5,18.1,6.0,0.0,0.0,155.63597,Islamabad,18,2,12,159.58113,156.69955,156.3769187927246,1.215739240485255,-0.02472197
2025-12-03 19:00:00+00:00,85.2,85.0,928.0,91.8,14.3,6.0,0.0,0.0,155.61623,Islamabad,19,2,12,159.30043,156.93422,156.22341028849283,1.0521340789996858,-0.023127396
2025-12-03 20:00:00+00:00,75.0,74.7,665.0,86.7,11.3,7.0,0.0,0.0,155.58553,Islamabad,20,2,12,158.91228,157.17984,156.0847956339518,0.8889768380694888,-0.020934517
2025-12-03 21:00:00+00:00,67.3,67.1,487.0,78.9,9.2,10.0,0.0,0.0,155.57455,Islamabad,21,2,12,158.4627,157.4342,155.96445592244467,0.735283366180373,-0.018226074
2025-12-03 22:00:00+00:00,60.1,59.8,364.0,63.4,7.9,19.0,0.0,0.0,155.57455,Islamabad,22,2,12,158.0,157.71492,155.86339569091797,0.5970297800302639,-0.015350921
2025-12-03 23:00:00+00:00,53.7,53.4,325.0,45.3,7.4,29.0,0.0,0.0,155.5636,Islamabad,23,2,12,157.52412,158.04825,155.781707127889,0.4831928053308136,-0.0124458745
2025-12-04 00:00:00+00:00,38.1,37.8,504.0,25.8,7.9,54.0,0.0,0.0,155.54605,Islamabad,0,3,12,157.0636,158.41008,155.71847597757974,0.40034025154823855,-0.009661994
2025-12-04 01:00:00+00:00,36.8,36.4,1153.0,35.8,9.0,42.0,0.0,0.0,155.25,Islamabad,1,3,12,156.92545,158.5329,155.64866574605307,0.31841961826407517,-0.010676698
2025-12-04 02:00:00+00:00,41.8,41.4,2018.0,49.2,10.6,26.0,1.0,0.0,155.07455,Islamabad,2,3,12,156.7215,158.70615,155.58004315694174,0.24650730453753225,-0.010508719
2025-12-04 03:00:00+00:00,50.3,49.9,2475.0,56.3,12.4,23.0,1.0,0.35,154.943,Islamabad,3,3,12,156.43858,158.92545,155.51772689819336,0.20569673540073258,-0.009560239
2025-12-04 04:00:00+00:00,53.8,53.4,2118.0,51.1,14.1,43.0,1.0,1.05,154.87062,Islamabad,4,3,12,156.04387,159.19518,155.46884155273438,0.2144479867229769,-0.0075187082
2025-12-04 05:00:00+00:00,48.1,47.4,1352.0,39.7,15.9,76.0,2.0,2.0,154.86404,Islamabad,5,3,12,155.6535,159.48683,155.4359474182129,0.24347429694873826,-0.0050719013
2025-12-04 06:00:00+00:00,41.9,40.9,764.0,30.5,18.3,105.0,2.0,2.8,154.8465,Islamabad,6,3,12,155.4649,159.62718,155.41018040974936,0.2713983992046104,-0.0039777993
2025-12-04 07:00:00+00:00,44.2,43.3,517.0,24.1,22.0,128.0,2.0,3.05,154.74562,Islamabad,7,3,12,155.4386,159.66228,155.38130633036295,0.3032387473704688,-0.00445821
2025-12-04 08:00:00+00:00,46.0,45.1,450.0,20.0,26.3,147.0,2.0,2.6,154.71272,Islamabad,8,3,12,155.45395,159.70833,155.35042190551758,0.3319095371386732,-0.00476814
2025-12-04 09:00:00+00:00,46.3,45.5,662.0,24.6,29.3,149.0,2.0,1.65,154.7237,Islamabad,9,3,12,155.47807,159.80482,155.3189894358317,0.35426297415484254,-0.004851998
2025-12-04 10:00:00+00:00,46.7,45.9,1372.0,44.4,29.7,123.0,2.0,0.75,154.74562,Islamabad,10,3,12,155.51755,159.9035,155.28682581583658,0.37013806043664216,-0.0049636
2025-12-04 11:00:00+00:00,52.2,51.6,2363.0,72.9,28.8,81.0,1.0,0.15,154.75877,Islamabad,11,3,12,155.5636,159.9693,155.25329144795737,0.3802914597597896,-0.0051736063
2025-12-04 12:00:00+00:00,68.7,68.0,3082.0,107.1,31.8,32.0,1.0,0.0,154.73903,Islamabad,12,3,12,155.5614,160.03947,155.2190259297689,0.38828787321124497,-0.005286481
2025-12-04 13:00:00+00:00,87.3,86.4,3314.0,115.6,34.2,23.0,1.0,0.0,154.8114,Islamabad,13,3,12,155.57018,160.05481,155.18741035461426,0.3893425222404273,-0.004877373
2025-12-04 14:00:00+00:00,99.7,98.7,3274.0,126.9,37.2,11.0,2.0,0.0,154.8421,Islamabad,14,3,12,155.54605,160.06358,155.15807914733887,0.3876619892571174,-0.004525663
2025-12-04 15:00:00+00:00,107.8,106.9,3059.0,131.9,38.2,2.0,2.0,0.0,154.86623,Islamabad,15,3,12,155.54167,160.01315,155.12993558247885,0.38309422295304835,-0.0043425374
2025-12-04 16:00:00+00:00,112.7,111.8,2617.0,125.5,35.5,1.0,2.0,0.0,154.88159,Islamabad,16,3,12,155.5987,159.88597,155.10005633036295,0.3727699532983909,-0.0046086637
2025-12-04 17:00:00+00:00,118.7,117.8,2001.0,112.8,30.6,3.0,2.0,0.0,154.91885,Islamabad,17,3,12,155.62938,159.75658,155.07045110066733,0.3567752550056484,-0.0045654974
2025-12-04 18:00:00+00:00,120.6,119.7,1461.0,100.1,25.5,5.0,2.0,0.0,155.14255,Islamabad,18,3,12,155.63597,159.58113,155.04989178975424,0.33640542468342355,-0.003170369
2025-12-04 19:00:00+00:00,112.9,112.0,1076.0,89.7,20.1,5.0,2.0,0.0,155.61183,Islamabad,19,3,12,155.61623,159.30043,155.0497086842855,0.33608480963468934,-2.8239543e-05
2025-12-04 20:00:00+00:00,101.7,100.8,769.0,79.3,14.5,5.0,1.0,0.0,156.20395,Islamabad,20,3,12,155.58553,158.91228,155.0754763285319,0.39711758425065274,0.0039748135
2025-12-04 21:00:00+00:00,89.4,88.7,552.0,68.0,10.6,7.0,1.0,0.0,156.77632,Islamabad,21,3,12,155.57455,158.4627,155.12554995218912,0.5196475747634977,0.0077247014
2025-12-04 22:00:00+00:00,78.2,77.5,403.0,53.1,9.7,15.0,1.0,0.0,157.25,Islamabad,22,3,12,155.57455,158.0,155.19536018371582,0.6726163250083271,0.010769406
2025-12-04 23:00:00+00:00,70.3,69.8,346.0,37.4,10.6,26.0,1.0,0.0,157.63815,Islamabad,23,3,12,155.5636,157.52412,155.28179995218912,0.8355629742256935,0.013335732
2025-12-05 00:00:00+00:00,60.3,59.8,466.0,34.5,9.4,23.0,1.0,0.0,157.99782,Islamabad,0,4,12,155.54605,157.0636,155.3839569091797,1.002480975557608,0.015762322
2025-12-05 01:00:00+00:00,56.8,56.3,948.0,40.5,10.2,14.0,1.0,0.0,158.48026,Islamabad,1,4,12,155.25,156.92545,155.51855087280273,1.1841087605192249,0.020806797
2025-12-05 02:00:00+00:00,61.2,60.5,1608.0,48.4,11.6,3.0,1.0,0.0,158.91666,Islamabad,2,4,12,155.07455,156.7215,155.67863845825195,1.3670585361506251,0.024775838
2025-12-05 03:00:00+00:00,73.8,73.3,1976.0,50.9,14.9,8.0,1.0,0.3,159.33553,Islamabad,3,4,12,154.943,156.43858,155.86166063944498,1.5465423710823105,0.028349346
2025-12-05 04:00:00+00:00,76.6,75.9,1767.0,42.8,21.9,42.0,1.0,1.0,159.8487,Islamabad,4,4,12,154.87062,156.04387,156.0690803527832,1.7307069330259421,0.032143433
2025-12-05 05:00:00+00:00,59.6,58.6,1268.0,29.4,30.8,91.0,2.0,1.95,160.3421,Islamabad,5,4,12,154.86404,155.6535,156.29733276367188,1.916169090153194,0.035373338
2025-12-05 06:00:00+00:00,47.3,45.9,867.0,19.0,37.9,130.0,2.0,2.75,160.58772,Islamabad,6,4,12,154.8465,155.4649,156.5365505218506,2.0786524604354453,0.037076887
2025-12-05 07:00:00+00:00,40.0,38.6,660.0,12.0,41.7,151.0,2.0,3.05,160.69736,Islamabad,7,4,12,154.74562,155.4386,156.78453954060873,2.2067803263008186,0.03846142
2025-12-05 08:00:00+00:00,37.0,35.6,552.0,8.0,43.7,163.0,3.0,2.65,160.5943,Islamabad,8,4,12,154.71272,155.45395,157.02960522969565,2.291645494268004,0.038016114
2025-12-05 09:00:00+00:00,36.7,35.2,648.0,14.4,45.0,158.0,3.0,1.75,160.38597,Islamabad,9,4,12,154.7237,155.47807,157.26553344726562,2.334986938028452,0.036596056
2025-12-05 10:00:00+00:00,37.3,35.9,1123.0,39.4,45.6,128.0,3.0,0.8,160.1601,Islamabad,10,4,12,154.74562,155.51755,157.49113655090332,2.3424882485895373,0.034989517
2025-12-05 11:00:00+00:00,47.6,46.4,1802.0,74.7,45.5,83.0,2.0,0.2,159.9408,Islamabad,11,4,12,154.75877,155.5636,157.7070541381836,2.3183850498806433,0.03348451
2025-12-05 12:00:00+00:00,82.0,80.3,2265.0,117.4,46.1,22.0,3.0,0.0,159.82675,Islamabad,12,4,12,154.73903,155.5614,157.91904258728027,2.2672365692977965,0.032879375
2025-12-05 13:00:00+00:00,99.7,97.8,2324.0,119.9,46.0,16.0,3.0,0.0,160.0965,Islamabad,13,4,12,154.8114,155.57018,158.13925488789877,2.2081700782882847,0.03413893
2025-12-05 14:00:00+00:00,107.3,105.2,2167.0,123.0,45.4,7.0,4.0,0.0,160.3465,Islamabad,14,4,12,154.8421,155.54605,158.36860466003418,2.1354829879343913,0.035548437
2025-12-05 15:00:00+00:00,112.9,110.8,1942.0,122.1,42.6,1.0,4.0,0.0,160.48903,Islamabad,15,4,12,154.86623,155.54167,158.6028881072998,2.040873951614224,0.036307484
2025-12-05 16:00:00+00:00,114.6,112.7,1663.0,114.9,35.6,0.0,3.0,0.0,160.57455,Islamabad,16,4,12,154.88159,155.5987,158.84009488423666,1.916607530268178,0.03675687
2025-12-05 17:00:00+00:00,106.9,105.2,1315.0,103.7,26.2,0.0,3.0,0.0,160.5943,Islamabad,17,4,12,154.91885,155.62938,159.07657178243002,1.7550774942553296,0.036634956
2025-12-05 18:00:00+00:00,92.9,91.7,1000.0,91.5,18.3,3.0,2.0,0.0,160.31798,Islamabad,18,4,12,155.14255,155.63597,159.29221471150717,1.5575249213300573,0.033359192
2025-12-05 19:00:00+00:00,76.8,75.7,737.0,78.4,13.1,11.0,2.0,0.0,159.70395,Islamabad,19,4,12,155.61183,155.61623,159.46271959940592,1.3468467035283909,0.026296955
2025-12-05 20:00:00+00:00,64.5,63.3,506.0,64.2,9.4,21.0,2.0,0.0,158.9079,Islamabad,20,4,12,156.20395,155.58553,159.57538414001465,1.1629331524761568,0.017310375
2025-12-05 21:00:00+00:00,55.3,54.1,348.0,51.3,6.7,30.0,2.0,0.0,158.08553,Islamabad,21,4,12,156.77632,155.57455,159.6299343109131,1.0512729376218166,0.008350777
2025-12-05 22:00:00+00:00,48.7,47.5,258.0,38.9,5.0,37.0,2.0,0.0,157.32675,Islamabad,22,4,12,157.25,155.57455,159.63313229878744,1.0438086089387975,0.0004880872
2025-12-05 23:00:00+00:00,43.7,42.5,241.0,27.7,4.4,44.0,2.0,0.0,156.66885,Islamabad,23,4,12,157.63815,155.5636,159.5927448272705,1.1387864457563757,-0.006148888
2025-12-06 00:00:00+00:00,36.8,35.7,357.0,13.5,4.2,51.0,2.0,0.0,156.07018,Islamabad,0,5,12,157.99782,155.54605,159.51242637634277,1.31110764955004,-0.012200439
2025-12-06 01:00:00+00:00,34.7,33.6,757.0,23.2,5.6,41.0,2.0,0.0,155.54166,Islamabad,1,5,12,158.48026,155.25,159.38998476664224,1.5305427341273545,-0.018542364
2025-12-06 02:00:00+00:00,39.2,38.1,1289.0,36.2,7.6,28.0,2.0,0.0,155.04385,Islamabad,2,5,12,158.91666,155.07455,159.2286179860433,1.7683052285342464,-0.024370024
2025-12-06 03:00:00+00:00,46.7,45.5,1561.0,44.2,9.0,23.0,2.0,0.35,154.55263,Islamabad,3,5,12,159.33553,154.943,159.02933057149252,2.008883137849591,-0.030017775
2025-12-06 04:00:00+00:00,49.4,48.1,1303.0,42.4,9.2,35.0,3.0,1.2,153.94298,Islamabad,4,5,12,159.8487,154.87062,158.78325907389322,2.251236013314624,-0.036945663
2025-12-06 05:00:00+00:00,47.5,46.0,783.0,35.4,8.9,55.0,5.0,2.25,153.33333,Islamabad,5,5,12,160.3421,154.86404,158.49122683207193,2.4829017839413074,-0.043711375
2025-12-06 06:00:00+00:00,34.9,31.8,415.0,29.2,9.3,73.0,6.0,3.15,153.05702,Islamabad,6,5,12,160.58772,154.8465,158.1774476369222,2.674864790206723,-0.04689462
2025-12-06 07:00:00+00:00,32.7,29.6,356.0,23.7,11.3,89.0,6.0,3.25,152.7478,Islamabad,7,5,12,160.69736,154.74562,157.84621620178223,2.8365678526537534,-0.049469106
2025-12-06 08:00:00+00:00,32.0,29.0,449.0,18.9,14.1,103.0,6.0,2.7,152.55043,Islamabad,8,5,12,160.5943,154.71272,157.51105499267578,2.969834498913443,-0.050088134
2025-12-06 09:00:00+00:00,31.5,28.9,634.0,20.3,16.0,106.0,5.0,1.65,152.4057,Islamabad,9,5,12,160.38597,154.7237,157.17854372660318,3.0787070990172283,-0.04975666
2025-12-06 10:00:00+00:00,31.1,28.7,977.0,32.6,16.2,90.0,4.0,0.7,152.26753,Islamabad,10,5,12,160.1601,154.74562,156.84968694051108,3.166653156105746,-0.04927921
2025-12-06 11:00:00+00:00,33.9,32.0,1411.0,51.2,15.7,63.0,3.0,0.15,152.10965,Islamabad,11,5,12,159.9408,154.75877,156.5233891805013,3.236978154861167,-0.048962783
2025-12-06 12:00:00+00:00,40.9,39.2,1680.0,75.8,15.6,24.0,3.0,0.0,151.79385,Islamabad,12,5,12,159.82675,154.73903,156.18868509928384,3.2953345927625004,-0.050260033
2025-12-06 13:00:00+00:00,52.5,50.9,1632.0,81.8,16.4,17.0,3.0,0.0,150.89255,Islamabad,13,5,12,160.0965,154.8114,155.8051872253418,3.355791092401166,-0.05749001
2025-12-06 14:00:00+00:00,61.2,59.5,1419.0,89.8,17.3,8.0,3.0,0.0,149.35416,Islamabad,14,5,12,160.3465,154.8421,155.34717305501303,3.457621310900963,-0.068553664
2025-12-06 15:00:00+00:00,67.8,66.1,1233.0,94.1,17.7,1.0,3.0,0.0,144.59373,Islamabad,15,5,12,160.48903,154.86623,154.68486913045248,3.921172051822076,-0.09904287
2025-12-06 16:00:00+00:00,69.8,68.0,1158.0,91.5,17.1,0.0,3.0,0.0,139.93748,Islamabad,16,5,12,160.57455,154.88159,153.8249912261963,4.748867915314079,-0.12852018
2025-12-06 17:00:00+00:00,69.8,67.8,1110.0,85.2,15.8,1.0,2.0,0.0,135.28123,Islamabad,17,5,12,160.5943,154.91885,152.77028020222983,5.8608486300109,-0.15762119
2025-12-06 18:00:00+00:00,68.0,65.9,1032.0,78.7,14.1,2.0,2.0,0.0,131.38542,Islamabad,18,5,12,160.31798,155.14255,151.56475702921549,7.087972472262298,-0.18046981
2025-12-06 19:00:00+00:00,62.6,60.5,878.0,73.0,11.8,3.0,2.0,0.0,128.69794,Islamabad,19,5,12,159.70395,155.61183,150.27283986409506,8.267518816495466,-0.19414681
2025-12-06 20:00:00+00:00,57.3,55.1,694.0,67.0,9.1,4.0,2.0,0.0,127.11459,Islamabad,20,5,12,158.9079,156.20395,148.94811884562174,9.30571548864249,-0.20007378
2025-12-06 21:00:00+00:00,54.4,52.5,557.0,61.1,6.9,5.0,2.0,0.0,126.260414,Islamabad,21,5,12,158.08553,156.77632,147.62207253774008,10.174037740802932,-0.20131579
2025-12-06 22:00:00+00:00,52.0,50.5,443.0,54.9,5.5,5.0,2.0,0.0,126.09374,Islamabad,22,5,12,157.32675,157.25,146.32069714864096,10.853563516526663,-0.1985232
2025-12-06 23:00:00+00:00,48.8,47.6,378.0,48.7,4.6,4.0,1.0,0.0,126.40625,Islamabad,23,5,12,156.66885,157.63815,145.05975532531738,11.3458244002531,-0.19316286
2025-12-07 00:00:00+00:00,34.3,33.4,512.0,43.1,4.7,5.0,1.0,0.0,126.9375,Islamabad,0,6,12,156.07018,157.99782,143.84589385986328,11.670404004623794,-0.18666396
2025-12-07 01:00:00+00:00,29.6,28.6,1079.0,46.8,6.2,4.0,1.0,0.0,126.69792,Islamabad,1,6,12,155.54166,158.48026,142.6440715789795,11.896580842781333,-0.18544059
2025-12-07 02:00:00+00:00,34.5,33.4,1846.0,51.6,8.4,4.0,1.0,0.0,126.17709,Islamabad,2,6,12,155.04385,158.91666,141.4412899017334,12.04672963132925,-0.18618448
2025-12-07 03:00:00+00:00,42.5,41.4,2269.0,52.5,10.8,11.0,1.0,0.3,125.68749,Islamabad,3,6,12,154.55263,159.33553,140.23857593536377,12.121492663091711,-0.18676573
2025-12-07 04:00:00+00:00,37.3,36.1,2010.0,45.7,13.2,32.0,2.0,1.05,125.26042,Islamabad,4,6,12,153.94298,159.8487,139.0434694290161,12.125537550890797,-0.18631935
2025-12-07 05:00:00+00:00,35.0,33.3,1406.0,35.1,15.8,60.0,3.0,1.95,124.01042,Islamabad,5,6,12,153.33333,160.3421,137.8216816584269,12.100350856383473,-0.19123635
2025-12-07 06:00:00+00:00,20.5,18.3,927.0,27.0,18.8,83.0,4.0,2.7,122.68751,Islamabad,6,6,12,153.05702,160.58772,136.55628522237143,12.025558722365272,-0.19841962
2025-12-07 07:00:00+00:00,19.4,17.5,682.0,21.8,22.8,98.0,4.0,2.9,121.28126,Islamabad,7,6,12,152.7478,160.69736,135.24517917633057,11.898170649572128,-0.20600326
2025-12-07 08:00:00+00:00,21.0,19.2,560.0,19.1,27.1,107.0,3.0,2.4,120.02084,Islamabad,8,6,12,152.55043,160.5943,133.88977972666422,11.692150445153466,-0.21323825
2025-12-07 09:00:00+00:00,23.5,21.8,705.0,24.3,30.0,105.0,3.0,1.55,118.999985,Islamabad,9,6,12,152.4057,160.38597,132.4978748957316,11.376206816370056,-0.2191894
2025-12-07 10:00:00+00:00,26.8,25.3,1369.0,43.6,30.3,84.0,3.0,0.7,118.26041,Islamabad,10,6,12,152.26753,160.1601,131.0809113184611,10.915276823633667,-0.223338
2025-12-07 11:00:00+00:00,34.9,33.8,2298.0,70.8,29.1,51.0,2.0,0.2,117.90625,Islamabad,11,6,12,152.10965,159.9408,129.65576966603598,10.263727482759526,-0.22486016
2025-12-07 12:00:00+00:00,70.1,68.2,2873.0,104.4,43.4,14.0,4.0,0.0,118.09375,Islamabad,12,6,12,151.79385,159.82675,128.25159867604575,9.369653062311146,-0.22201231
2025-12-07 13:00:00+00:00,87.8,85.7,2758.0,106.4,43.8,10.0,4.0,0.0,121.11458,Islamabad,13,6,12,150.89255,160.0965,127.01084995269775,8.130876952297996,-0.19734553
2025-12-07 14:00:00+00:00,99.4,97.3,2289.0,108.6,44.0,6.0,4.0,0.0,124.73958,Islamabad,14,6,12,149.35416,160.3465,125.9852425257365,6.597915065951213,-0.16480678
2025-12-07 15:00:00+00:00,105.5,103.4,1858.0,107.3,41.8,2.0,4.0,0.0,128.6771,Islamabad,15,6,12,144.59373,160.48903,125.32204914093018,5.322884891194428,-0.11007836
2025-12-07 16:00:00+00:00,105.5,102.4,1605.0,99.5,35.3,1.0,3.0,0.0,132.56252,Islamabad,16,6,12,139.93748,160.57455,125.01475874582927,4.607217950151863,-0.052701887
2025-12-07 17:00:00+00:00,98.5,94.8,1389.0,88.1,26.4,1.0,3.0,0.0,136.14583,Islamabad,17,6,12,135.28123,160.5943,125.05078347524007,4.693555010563384,0.0063910824
2025-12-07 18:00:00+00:00,88.7,85.9,1182.0,77.5,18.8,2.0,2.0,0.0,138.95833,Islamabad,18,6,12,131.38542,160.31798,125.36632124582927,5.347003102488493,0.057638865
2025-12-07 19:00:00+00:00,77.3,75.4,944.0,69.3,13.7,2.0,2.0,0.0,141.04167,Islamabad,19,6,12,128.69794,159.70395,125.88064352671306,6.206057567432911,0.09591245
2025-12-07 20:00:00+00:00,66.8,65.2,715.0,62.0,9.8,2.0,2.0,0.0,142.59377,Islamabad,20,6,12,127.11459,158.9079,126.52560901641846,7.08234404848942,0.12177336
2025-12-07 21:00:00+00:00,57.0,55.5,585.0,55.7,7.1,3.0,2.0,0.0,143.64583,Islamabad,21,6,12,126.260414,158.08553,127.25000127156575,7.896362549817644,0.1376949
2025-12-07 22:00:00+00:00,48.4,46.8,582.0,50.0,5.7,6.0,2.0,0.0,143.95833,Islamabad,22,6,12,126.09374,157.32675,127.99435901641846,8.593835170926756,0.14167702
2025-12-07 23:00:00+00:00,40.7,39.1,677.0,45.4,5.5,9.0,2.0,0.0,143.57292,Islamabad,23,6,12,126.40625,156.66885,128.70963700612387,9.152174015814714,0.13580556
2025-12-08 00:00:00+00:00,34.5,32.9,878.0,38.8,4.8,11.0,2.0,0.0,142.6875,Islamabad,0,0,12,126.9375,156.07018,129.36588700612387,9.574506228088982,0.124076806
2025-12-08 01:00:00+00:00,30.0,28.6,1313.0,42.1,6.1,12.0,2.0,0.0,142.63542,Islamabad,1,0,12,126.69792,155.54166,130.02994950612387,9.927598589790245,0.12579133
2025-12-08 02:00:00+00:00,33.6,31.9,1853.0,46.5,7.9,13.0,2.0,0.0,142.63542,Islamabad,2,0,12,126.17709,155.04385,130.71571318308511,10.21419052101576,0.13043833
2025-12-08 03:00:00+00:00,38.3,35.9,2116.0,47.6,9.4,21.0,3.0,0.3,142.47919,Islamabad,3,0,12,125.68749,154.55263,131.41536712646484,10.427661292253651,0.13359877
2025-12-08 04:00:00+00:00,40.3,37.8,1842.0,42.5,9.9,39.0,5.0,0.95,141.90628,Islamabad,4,0,12,125.26042,153.94298,132.10894457499185,10.553304612414285,0.13289002
2025-12-08 05:00:00+00:00,40.2,36.9,1292.0,34.2,10.0,64.0,7.0,1.8,142.08336,Islamabad,5,0,12,124.01042,153.33333,132.86198361714682,10.595024917233625,0.14573725
2025-12-08 06:00:00+00:00,30.0,25.6,863.0,27.6,11.4,85.0,9.0,2.55,142.45834,Islamabad,6,0,12,122.68751,153.05702,133.68576844533285,10.538001554991725,0.1611479
2025-12-08 07:00:00+00:00,27.7,23.6,660.0,22.5,15.4,104.0,9.0,2.75,143.21877,Islamabad,7,0,12,121.28126,152.7478,134.59983126322427,10.365267767259157,0.18088126
2025-12-08 08:00:00+00:00,28.5,25.0,579.0,19.0,20.6,119.0,7.0,2.4,143.85417,Islamabad,8,0,12,120.02084,152.55043,135.5928866068522,10.044509565144418,0.19857657
2025-12-08 09:00:00+00:00,30.5,27.6,704.0,22.7,24.4,122.0,6.0,1.6,144.45834,Islamabad,9,0,12,118.999985,152.4057,136.65365155537924,9.54801724097087,0.21393582
2025-12-08 10:00:00+00:00,31.7,29.0,1227.0,39.2,25.4,103.0,5.0,0.75,145.06252,Islamabad,10,0,12,118.26041,152.26753,137.7704060872396,8.844680820678452,0.22663637
2025-12-08 11:00:00+00:00,36.7,34.7,1957.0,62.9,25.0,72.0,4.0,0.2,145.44792,Islamabad,11,0,12,117.90625,152.10965,138.91797574361166,7.890573010001708,0.23358959
2025-12-08 12:00:00+00:00,45.3,43.8,2404.0,74.8,21.3,49.0,3.0,0.0,145.54166,Islamabad,12,0,12,118.09375,151.79385,140.06163851420084,6.62944648446189,0.23242472
2025-12-08 13:00:00+00:00,64.3,62.4,2308.0,83.9,21.7,36.0,3.0,0.0,143.0,Islamabad,13,0,12,121.11458,150.89255,140.9735310872396,5.277209480721325,0.18070014
2025-12-08 14:00:00+00:00,75.7,73.3,1930.0,96.3,22.1,17.0,4.0,0.0,140.57292,Islamabad,14,0,12,124.73958,149.35416,141.63325373331705,3.9929245331259615,0.12693119
2025-12-08 15:00:00+00:00,81.0,78.2,1563.0,103.4,21.6,4.0,4.0,0.0,138.07292,Islamabad,15,0,12,128.6771,144.59373,142.02474657694498,3.0060427690760236,0.073018655
2025-12-08 16:00:00+00:00,79.6,76.4,1301.0,101.4,19.5,0.0,4.0,0.0,135.4479,Islamabad,16,0,12,132.56252,139.93748,142.1449712117513,2.647466802581825,0.021766268
2025-12-08 17:00:00+00:00,75.0,71.9,1050.0,94.2,16.6,1.0,3.0,0.0,132.73956,Islamabad,17,0,12,136.14583,135.28123,142.0030434926351,3.0445774669953747,-0.025019241
2025-12-08 18:00:00+00:00,66.4,63.8,820.0,85.2,13.7,4.0,3.0,0.0,130.35417,Islamabad,18,0,12,138.95833,131.38542,141.6445369720459,3.825194911672398,-0.06191897
2025-12-08 19:00:00+00:00,53.3,51.2,598.0,74.6,11.1,10.0,3.0,0.0,128.0521,Islamabad,19,0,12,141.04167,128.69794,141.10330454508463,4.726885924671546,-0.09209745
2025-12-08 20:00:00+00:00,44.2,42.5,397.0,62.2,8.5,18.0,3.0,0.0,125.53124,Islamabad,20,0,12,142.59377,127.11459,140.3923660914103,5.680005381659172,-0.11965827
2025-12-08 21:00:00+00:00,38.2,36.6,264.0,50.8,6.6,26.0,3.0,0.0,123.16667,Islamabad,21,0,12,143.64583,126.260414,139.53906790415445,6.6289920161431075,-0.14256701
2025-12-08 22:00:00+00:00,33.5,32.0,206.0,39.6,5.4,33.0,3.0,0.0,121.19793,Islamabad,22,0,12,143.95833,126.09374,138.5907179514567,7.535377390404317,-0.15810408
2025-12-08 23:00:00+00:00,29.7,28.1,217.0,29.4,4.9,40.0,3.0,0.0,119.65625,Islamabad,23,0,12,143.57292,126.40625,137.5941899617513,8.381766117271466,-0.16658205
2025-12-09 00:00:00+00:00,23.2,21.7,326.0,16.7,4.6,47.0,3.0,0.0,118.51042,Islamabad,0,1,12,142.6875,126.9375,136.5868117014567,9.159777416854924,-0.16944076
2025-12-09 01:00:00+00:00,23.6,22.1,644.0,25.9,6.3,37.0,3.0,0.0,117.34376,Islamabad,1,1,12,142.63542,126.69792,135.53299236297607,9.86163319928225,-0.17731686
2025-12-09 02:00:00+00:00,30.3,28.8,1060.0,38.2,8.6,25.0,3.0,0.0,116.66667,Islamabad,2,1,12,142.63542,126.17709,134.45096111297607,10.455259060091992,-0.18206382
2025-12-09 03:00:00+00:00,39.2,37.5,1275.0,45.3,10.3,21.0,3.0,0.3,116.34375,Islamabad,3,1,12,142.47919,125.68749,133.36198457082114,10.932886113440397,-0.18343337
2025-12-09 04:00:00+00:00,40.5,38.5,1080.0,42.1,10.5,35.0,5.0,1.0,116.510414,Islamabad,4,1,12,141.90628,125.26042,132.30382347106934,11.29301724826093,-0.17896225
2025-12-09 05:00:00+00:00,39.9,38.0,683.0,33.7,10.2,57.0,7.0,1.95,116.583336,Islamabad,5,1,12,142.08336,124.01042,131.24132251739502,11.530002654917444,-0.17947227
2025-12-09 06:00:00+00:00,27.9,24.0,411.0,27.0,10.8,77.0,8.0,2.75,116.69791,Islamabad,6,1,12,142.45834,122.68751,130.16797097524008,11.638918022871755,-0.18082786
2025-12-09 07:00:00+00:00,27.9,23.9,363.0,22.2,13.5,94.0,8.0,2.9,116.53125,Islamabad,7,1,12,143.21877,121.28126,129.05599117279053,11.612666328048618,-0.18634091
2025-12-09 08:00:00+00:00,29.2,25.4,440.0,19.2,17.2,107.0,8.0,2.35,116.562485,Islamabad,8,1,12,143.85417,120.02084,127.91883754730225,11.435469527658446,-0.18971772
2025-12-09 09:00:00+00:00,31.0,27.5,664.0,24.6,20.3,107.0,7.0,1.45,116.604164,Islamabad,9,1,12,144.45834,118.999985,126.7582467397054,11.092199431216416,-0.19281808
2025-12-09 10:00:00+00:00,32.4,29.2,1166.0,45.7,21.9,81.0,7.0,0.55,116.59376,Islamabad,10,1,12,145.06252,118.26041,125.5720485051473,10.559046053581469,-0.19625165
2025-12-09 11:00:00+00:00,41.1,38.4,1816.0,75.3,22.8,42.0,6.0,0.15,116.61458,Islamabad,11,1,12,145.44792,117.90625,124.37065919240315,9.813245922336531,-0.19823827
2025-12-09 12:00:00+00:00,56.3,53.9,2243.0,92.5,23.7,14.0,5.0,0.0,116.99999,Islamabad,12,1,12,145.54166,118.09375,123.18142318725586,8.814681737989627,-0.1961065
2025-12-09 13:00:00+00:00,76.4,73.8,2265.0,95.8,26.0,10.0,5.0,0.0,118.052086,Islamabad,13,1,12,143.0,121.11458,122.1419267654419,7.787026479899805,-0.17446093
2025-12-09 14:00:00+00:00,91.0,87.5,2065.0,100.0,28.9,4.0,6.0,0.0,119.23959,Islamabad,14,1,12,140.57292,124.73958,121.25303808848064,6.738687720170159,-0.15175986
2025-12-09 15:00:00+00:00,102.0,96.6,1817.0,100.4,29.8,0.0,6.0,0.0,120.718765,Islamabad,15,1,12,138.07292,128.6771,120.5299482345581,5.707570589770901,-0.12568834
2025-12-09 16:00:00+00:00,106.9,102.2,1551.0,93.9,26.9,0.0,6.0,0.0,122.63544,Islamabad,16,1,12,135.4479,132.56252,119.9960953394572,4.774497275086205,-0.09459334
2025-12-09 17:00:00+00:00,106.6,102.9,1238.0,83.6,21.9,1.0,5.0,0.0,125.32293,Islamabad,17,1,12,132.73956,136.14583,119.68706893920898,4.107211128818814,-0.055873573
2025-12-09 18:00:00+00:00,101.3,98.3,967.0,74.3,17.2,2.0,4.0,0.0,128.5521,Islamabad,18,1,12,130.35417,138.95833,119.61198234558105,3.9157290459828973,-0.013824477
2025-12-09 19:00:00+00:00,89.2,86.8,772.0,67.6,13.3,2.0,4.0,0.0,132.14584,Islamabad,19,1,12,128.0521,141.04167,119.78255526224773,4.362993574547179,0.03196941
2025-12-09 20:00:00+00:00,76.4,74.3,620.0,61.8,9.7,3.0,3.0,0.0,135.85417,Islamabad,20,1,12,125.53124,142.59377,120.21267731984456,5.351272627803549,0.08223394
2025-12-09 21:00:00+00:00,64.5,62.2,501.0,56.6,7.1,4.0,3.0,0.0,139.16667,Islamabad,21,1,12,123.16667,143.64583,120.87934398651123,6.588830753779575,0.12990527
2025-12-09 22:00:00+00:00,53.6,51.1,357.0,51.2,5.8,8.0,3.0,0.0,141.83334,Islamabad,22,1,12,121.19793,143.95833,121.7391529083252,7.8566448535993745,0.1702621
2025-12-09 23:00:00+00:00,44.6,42.3,247.0,46.4,5.5,14.0,3.0,0.0,143.8229,Islamabad,23,1,12,119.65625,143.57292,122.74609692891438,9.037932597951565,0.20196736
2025-12-10 00:00:00+00:00,39.8,38.1,331.0,42.5,5.8,17.0,3.0,0.0,145.30208,Islamabad,0,2,12,118.51042,142.6875,123.86241594950359,10.085849974159235,0.22607005
2025-12-10 01:00:00+00:00,36.8,35.3,834.0,47.2,7.2,13.0,3.0,0.0,147.01042,Islamabad,1,2,12,117.34376,142.63542,125.09852695465088,11.026305462493081,0.25281844
2025-12-10 02:00:00+00:00,43.0,41.1,1532.0,53.3,9.2,9.0,3.0,0.0,148.38542,Islamabad,2,2,12,116.66667,142.63542,126.42014153798421,11.842425214564859,0.271875
2025-12-10 03:00:00+00:00,51.0,48.8,1916.0,55.4,10.9,13.0,3.0,0.3,149.66667,Islamabad,3,2,12,116.34375,142.47919,127.80859661102295,12.54243219771813,0.2864178
2025-12-10 04:00:00+00:00,51.2,49.1,1669.0,49.8,11.6,31.0,5.0,1.0,150.17763,Islamabad,4,2,12,116.510414,141.90628,129.2113971710205,13.09444979894708,0.28896314
2025-12-10 05:00:00+00:00,42.0,39.5,1109.0,40.3,11.9,57.0,7.0,1.95,150.4101,Islamabad,5,2,12,116.583336,142.08336,130.6208454767863,13.49061824639539,0.2901509
2025-12-10 06:00:00+00:00,34.6,30.6,681.0,32.7,13.3,81.0,8.0,2.7,150.44298,Islamabad,6,2,12,116.69791,142.45834,132.02689011891684,13.732771946430734,0.28916603
2025-12-10 07:00:00+00:00,35.9,32.1,480.0,26.7,16.7,104.0,8.0,3.0,150.58772,Islamabad,7,2,12,116.53125,143.21877,133.44590981801352,13.821235116286966,0.29225186
2025-12-10 08:00:00+00:00,38.4,35.0,411.0,22.6,21.0,125.0,7.0,2.55,150.76755,Islamabad,8,2,12,116.562485,143.85417,134.8711207707723,13.768031791324894,0.2934483
2025-12-10 09:00:00+00:00,40.3,37.4,636.0,27.5,24.5,130.0,6.0,1.65,150.97806,Islamabad,9,2,12,116.604164,144.45834,136.30336634318033,13.571661566492079,0.2947913
2025-12-10 10:00:00+00:00,41.4,39.0,1436.0,48.3,26.1,108.0,5.0,0.75,151.19518,Islamabad,10,2,12,116.59376,145.06252,137.74509207407633,13.22017806735607,0.29676905
2025-12-10 11:00:00+00:00,48.0,46.1,2530.0,78.1,26.8,71.0,4.0,0.2,151.4101,Islamabad,11,2,12,116.61458,145.44792,139.1949052810669,12.699825714740108,0.2983805
2025-12-10 12:00:00+00:00,58.0,57.7,3240.0,103.4,29.1,37.0,1.0,0.0,151.57895,Islamabad,12,2,12,116.99999,145.54166,140.63569513956705,12.01538425511922,0.29554665
2025-12-10 13:00:00+00:00,76.1,75.9,3210.0,112.2,31.5,27.0,1.0,0.0,151.66228,Islamabad,13,2,12,118.052086,143.0,142.03611977895102,11.19975760088754,0.28470647
2025-12-10 14:00:00+00:00,88.2,87.3,2795.0,123.9,34.5,13.0,1.0,0.0,151.70833,Islamabad,14,2,12,119.23959,140.57292,143.38898372650146,10.246822080434237,0.27229828
2025-12-10 15:00:00+00:00,98.5,95.7,2381.0,128.5,35.0,3.0,1.0,0.0,151.70395,Islamabad,15,2,12,120.718765,138.07292,144.680033047994,9.160728527361922,0.25667247
2025-12-10 16:00:00+00:00,102.7,98.5,2104.0,120.3,31.1,0.0,1.0,0.0,151.68422,Islamabad,16,2,12,122.63544,135.4479,145.890398979187,7.962058231536635,0.23687103
2025-12-10 17:00:00+00:00,102.2,99.0,1827.0,105.0,24.7,2.0,2.0,0.0,151.60307,Islamabad,17,2,12,125.32293,132.73956,146.98540496826172,6.720854839943763,0.2096994
2025-12-10 18:00:00+00:00,97.8,95.2,1530.0,90.6,18.7,3.0,2.0,0.0,151.51755,Islamabad,18,2,12,128.5521,130.35417,147.94229888916016,5.507644122498014,0.17864707
2025-12-10 19:00:00+00:00,86.1,84.5,1150.0,79.4,13.9,3.0,2.0,0.0,151.44955,Islamabad,19,2,12,132.14584,128.0521,148.74662017822266,4.398279110718034,0.14607884
2025-12-10 20:00:00+00:00,73.3,71.9,749.0,69.0,9.5,3.0,1.0,0.0,151.39912,Islamabad,20,2,12,135.85417,125.53124,149.39432652791342,3.462116383710599,0.11442381
2025-12-10 21:00:00+00:00,61.2,59.8,494.0,59.7,6.5,5.0,1.0,0.0,151.3465,Islamabad,21,2,12,139.16667,123.16667,149.90181922912598,2.708349571003402,0.0875197
2025-12-10 22:00:00+00:00,49.9,48.4,442.0,50.7,5.3,10.0,1.0,0.0,151.29387,Islamabad,22,2,12,141.83334,121.19793,150.29600779215494,2.1040012743146503,0.0667017
2025-12-10 23:00:00+00:00,40.5,38.9,535.0,43.0,5.3,18.0,2.0,0.0,151.23465,Islamabad,23,2,12,143.8229,119.65625,150.60483042399088,1.5949374451578386,0.051533815
2025-12-11 00:00:00+00:00,39.5,38.4,765.0,39.7,4.5,5.0,1.0,0.0,151.1601,Islamabad,0,3,12,145.30208,118.51042,150.8489144643148,1.1280470875458748,0.040316127
2025-12-11 01:00:00+00:00,34.3,33.2,1286.0,45.2,6.7,4.0,1.0,0.0,151.16667,Islamabad,1,3,12,147.01042,117.34376,151.0220915476481,0.7778021285224712,0.028271805
2025-12-11 02:00:00+00:00,38.6,37.3,1943.0,52.5,9.8,3.0,2.0,0.0,151.12062,Islamabad,2,3,12,148.38542,116.66667,151.13605817159018,0.5381292262793128,0.01843307
2025-12-11 03:00:00+00:00,44.1,42.5,2266.0,55.2,12.6,12.0,2.0,0.3,151.0373,Islamabad,3,3,12,149.66667,116.34375,151.19316736857095,0.439010430763031,0.009157822
2025-12-11 04:00:00+00:00,40.2,38.8,1932.0,49.1,14.6,37.0,3.0,1.0,150.89912,Islamabad,4,3,12,150.17763,116.510414,151.2232297261556,0.38820904691113933,0.004804288
2025-12-11 05:00:00+00:00,34.0,32.5,1264.0,38.3,16.4,70.0,4.0,1.95,150.67325,Islamabad,5,3,12,150.4101,116.583336,151.23419443766275,0.3674027834936249,0.0017495706
2025-12-11 06:00:00+00:00,26.4,24.0,760.0,29.7,18.1,100.0,4.0,2.75,150.51974,Islamabad,6,3,12,150.44298,116.69791,151.23739306131998,0.36048394723641003,0.00051027286
2025-12-11 07:00:00+00:00,27.1,24.9,587.0,23.4,20.0,124.0,4.0,3.05,150.37502,Islamabad,7,3,12,150.58772,116.53125,151.2285302480062,0.37927610475044526,-0.0014125156
2025-12-11 08:00:00+00:00,28.8,26.9,578.0,19.3,21.9,144.0,3.0,2.65,150.2171,Islamabad,8,3,12,150.76755,116.562485,151.2055950164795,0.42253972134013984,-0.0036509552
2025-12-11 09:00:00+00:00,30.7,29.2,731.0,22.7,23.2,150.0,3.0,1.75,150.03949,Islamabad,9,3,12,150.97806,116.604164,151.16648801167807,0.4835439608355765,-0.006216586
2025-12-11 10:00:00+00:00,32.8,31.4,1164.0,39.0,23.5,133.0,3.0,0.8,149.33334,Islamabad,10,3,12,151.19518,116.59376,151.08891169230142,0.6112318746536242,-0.012314094
2025-12-11 11:00:00+00:00,39.2,38.3,1759.0,62.9,23.3,101.0,2.0,0.2,148.54169,Islamabad,11,3,12,151.4101,116.61458,150.9693946838379,0.7976942984343263,-0.01894463
2025-12-11 12:00:00+00:00,56.1,54.0,2161.0,81.0,22.4,68.0,4.0,0.0,147.72919,Islamabad,12,3,12,151.57895,116.99999,150.80898793538412,1.024591837771214,-0.025397735
2025-12-11 13:00:00+00:00,74.5,72.4,2192.0,94.2,23.8,50.0,4.0,0.0,147.34378,Islamabad,13,3,12,151.66228,118.052086,150.62905057271323,1.2273625827146248,-0.02847443
2025-12-11 14:00:00+00:00,88.7,85.7,2030.0,112.0,25.6,25.0,4.0,0.0,146.97919,Islamabad,14,3,12,151.70833,119.23959,150.43200302124023,1.4122512544625776,-0.031172588
2025-12-11 15:00:00+00:00,99.0,94.1,1854.0,121.2,26.0,6.0,4.0,0.0,146.81252,Islamabad,15,3,12,151.70395,120.718765,150.22819328308105,1.5653636368923778,-0.032243285
2025-12-11 16:00:00+00:00,103.6,99.2,1738.0,114.4,23.9,1.0,4.0,0.0,146.64584,Islamabad,16,3,12,151.68422,122.63544,150.01826095581055,1.6941569184685945,-0.033216216
2025-12-11 17:00:00+00:00,106.2,102.4,1608.0,99.2,20.4,2.0,4.0,0.0,146.71875,Islamabad,17,3,12,151.60307,125.32293,149.81474749247232,1.786361053604772,-0.032217838
2025-12-11 18:00:00+00:00,103.8,100.8,1426.0,85.2,16.8,4.0,4.0,0.0,147.0729,Islamabad,18,3,12,151.51755,128.5521,149.6295541127523,1.831962827578496,-0.029334167
2025-12-11 19:00:00+00:00,93.1,90.8,1134.0,76.0,13.2,4.0,4.0,0.0,147.65627,Islamabad,19,3,12,151.44955,132.14584,149.47150039672852,1.8317483176708262,-0.025046552
2025-12-11 20:00:00+00:00,80.1,78.0,790.0,68.0,9.4,4.0,3.0,0.0,148.31252,Islamabad,20,3,12,151.39912,135.85417,149.34289169311523,1.7985802631555567,-0.02038723
2025-12-11 21:00:00+00:00,67.1,65.4,532.0,60.9,6.6,4.0,3.0,0.0,148.94794,Islamabad,21,3,12,151.3465,139.16667,149.2429517110189,1.7483450161727143,-0.015848134
2025-12-11 22:00:00+00:00,58.2,56.5,354.0,53.6,4.9,4.0,3.0,0.0,149.53125,Islamabad,22,3,12,151.29387,141.83334,149.16950925191244,1.6946429638606637,-0.011650301
2025-12-11 23:00:00+00:00,51.8,50.1,262.0,47.2,4.2,4.0,3.0,0.0,150.07895,Islamabad,23,3,12,151.23465,143.8229,149.1213550567627,1.649220681563274,-0.007641772
2025-12-12 00:00:00+00:00,29.3,27.5,409.0,34.2,4.0,20.0,3.0,0.0,150.32455,Islamabad,0,4,12,151.1601,145.30208,149.08654085795084,1.6127279393813663,-0.005527522
2025-12-12 01:00:00+00:00,22.8,20.7,1054.0,38.1,5.4,19.0,3.0,0.0,150.08553,Islamabad,1,4,12,151.16667,147.01042,149.04149309794107,1.5665362640637024,-0.0071520144
2025-12-12 02:00:00+00:00,24.7,22.4,1938.0,43.3,7.4,18.0,3.0,0.0,149.10416,Islamabad,2,4,12,151.12062,148.38542,148.9574737548828,1.502961683871699,-0.013343409
2025-12-12 03:00:00+00:00,30.2,28.3,2439.0,45.7,9.2,23.0,3.0,0.3,147.55208,Islamabad,3,4,12,151.0373,149.66667,148.81225649515787,1.4610588071794397,-0.02307519
2025-12-12 04:00:00+00:00,35.9,34.6,2174.0,42.5,10.2,36.0,4.0,1.0,146.0729,Islamabad,4,4,12,150.89912,150.17763,148.61116409301758,1.4931210587816022,-0.031983074
2025-12-12 05:00:00+00:00,36.0,33.6,1526.0,36.5,11.1,55.0,6.0,1.95,145.6354,Islamabad,5,4,12,150.67325,150.4101,148.4012540181478,1.5438783702789571,-0.033435542
2025-12-12 06:00:00+00:00,24.9,20.4,1015.0,31.7,12.9,72.0,7.0,2.75,145.75,Islamabad,6,4,12,150.51974,150.44298,148.2025146484375,1.5661514445574443,-0.0316885
2025-12-12 07:00:00+00:00,22.9,18.7,729.0,26.6,16.5,91.0,7.0,3.0,145.37498,Islamabad,7,4,12,150.37502,150.58772,147.99418004353842,1.5968526800305263,-0.033250406
2025-12-12 08:00:00+00:00,24.6,20.9,580.0,22.8,20.9,109.0,7.0,2.45,144.72916,Islamabad,8,4,12,150.2171,150.76755,147.76551564534506,1.656511313618845,-0.036533426
2025-12-12 09:00:00+00:00,27.6,24.4,830.0,28.5,24.6,113.0,6.0,1.5,144.10417,Islamabad,9,4,12,150.03949,150.97806,147.51821072896323,1.7430524376237357,-0.039558373
2025-12-12 10:00:00+00:00,32.1,29.5,1923.0,52.5,26.7,90.0,5.0,0.7,143.60416,Islamabad,10,4,12,149.33334,151.19518,147.27949460347494,1.8712562118252347,-0.03836509
2025-12-12 11:00:00+00:00,44.9,43.1,3414.0,86.1,28.1,53.0,4.0,0.2,143.40627,Islamabad,11,4,12,148.54169,151.4101,147.06551869710287,2.0091823449796906,-0.03457226
2025-12-12 12:00:00+00:00,77.5,72.6,4235.0,105.0,30.1,6.0,8.0,0.0,143.90625,Islamabad,12,4,12,147.72919,151.57895,146.9062296549479,2.103602356285935,-0.025878007
2025-12-12 13:00:00+00:00,87.8,83.1,3730.0,108.4,33.3,4.0,8.0,0.0,145.84375,Islamabad,13,4,12,147.34378,151.66228,146.84372838338217,2.1123029317147206,-0.010180481
2025-12-12 14:00:00+00:00,102.0,96.2,2554.0,112.7,37.5,2.0,8.0,0.0,146.95833,Islamabad,14,4,12,146.97919,151.70833,146.84285926818848,2.112249064002233,-0.00014191645
2025-12-12 15:00:00+00:00,111.3,104.1,1605.0,114.0,39.4,0.0,8.0,0.0,148.05208,Islamabad,15,4,12,146.81252,151.70395,146.89450772603354,2.126581035942906,0.008443169
2025-12-12 16:00:00+00:00,112.7,105.5,1242.0,110.7,37.0,0.0,8.0,0.0,149.09375,Islamabad,16,4,12,146.64584,151.68422,146.99650382995605,2.172347303043949,0.016692642
2025-12-12 17:00:00+00:00,106.2,98.5,1105.0,104.4,32.3,0.0,7.0,0.0,149.75,Islamabad,17,4,12,146.71875,151.60307,147.1228059132894,2.2424838256821618,0.020660277
2025-12-12 18:00:00+00:00,98.7,91.7,1011.0,95.4,27.8,1.0,7.0,0.0,149.34375,Islamabad,18,4,12,147.0729,151.51755,147.2174243927002,2.287737768294064,0.015440257
2025-12-12 19:00:00+00:00,87.8,81.3,905.0,82.4,24.2,7.0,7.0,0.0,148.39584,Islamabad,19,4,12,147.65627,151.44955,147.24824015299478,2.298859961821793,0.005008783
2025-12-12 20:00:00+00:00,78.9,73.1,842.0,66.7,20.8,16.0,6.0,0.0,147.40623,Islamabad,20,4,12,148.31252,151.39912,147.21047846476236,2.288035724488167,-0.0061106137
2025-12-12 21:00:00+00:00,71.2,66.1,798.0,52.8,17.9,23.0,6.0,0.0,146.89583,Islamabad,21,4,12,148.94794,151.3465,147.124973932902,2.258435875807956,-0.013777356
2025-12-12 22:00:00+00:00,64.7,60.5,704.0,41.1,15.5,26.0,5.0,0.0,146.96877,Islamabad,22,4,12,149.53125,151.29387,147.01820373535156,2.1995344325055113,-0.017136784
2025-12-12 23:00:00+00:00,59.5,55.9,630.0,31.2,13.7,28.0,5.0,0.0,147.38542,Islamabad,23,4,12,150.07895,151.23465,146.90597343444824,2.1031785658554103,-0.017947402
2025-12-13 00:00:00+00:00,54.0,51.0,759.0,31.6,10.6,20.0,3.0,0.0,147.98958,Islamabad,0,5,12,150.32455,151.1601,146.80868275960287,1.9890746559825512,-0.0155329
2025-12-13 01:00:00+00:00,51.7,49.1,1294.0,34.8,11.6,12.0,3.0,0.0,150.0921,Islamabad,1,5,12,150.08553,151.16667,146.8089567820231,1.9895461107206835,4.3818603e-05
2025-12-13 02:00:00+00:00,60.5,58.2,2033.0,39.4,13.1,3.0,3.0,0.0,150.7149,Islamabad,2,5,12,149.10416,151.12062,146.87607129414877,2.0947256665117786,0.01080284
2025-12-13 03:00:00+00:00,75.9,73.8,2556.0,43.5,15.5,1.0,3.0,0.2,151.5,Islamabad,3,5,12,147.55208,151.0373,147.04056803385416,2.2955102703748884,0.026756125
2025-12-13 04:00:00+00:00,89.2,87.1,2681.0,47.8,19.0,12.0,5.0,0.6,152.4978,Islamabad,4,5,12,146.0729,150.89912,147.30827204386392,2.5394326777061482,0.043984175
2025-12-13 05:00:00+00:00,101.7,99.4,2590.0,51.6,23.4,31.0,7.0,1.3,153.64911,Islamabad,5,5,12,145.6354,150.67325,147.64217631022134,2.821134868529014,0.055025782
2025-12-13 06:00:00+00:00,61.9,56.8,2412.0,51.6,27.7,53.0,8.0,1.95,155.0921,Islamabad,6,5,12,145.75,150.51974,148.03143056233725,3.1714559416897448,0.06409676
2025-12-13 07:00:00+00:00,58.8,54.5,2075.0,42.3,32.5,82.0,8.0,2.05,155.89035,Islamabad,7,5,12,145.37498,150.37502,148.46957079569498,3.498047686136418,0.0723327
2025-12-13 08:00:00+00:00,58.2,54.2,1650.0,29.2,37.4,113.0,8.0,1.7,156.67543,Islamabad,8,5,12,144.72916,150.2171,148.96733220418295,3.781159254493036,0.08254228
2025-12-13 09:00:00+00:00,58.1,54.5,1481.0,24.9,39.7,127.0,7.0,1.15,157.4057,Islamabad,9,5,12,144.10417,150.03949,149.52156257629395,4.0055310876829395,0.09230495
2025-12-13 10:00:00+00:00,59.6,56.5,1851.0,37.4,37.5,112.0,6.0,0.55,158.06578,Islamabad,10,5,12,143.60416,149.33334,150.12413024902344,4.161376675107033,0.100704774
2025-12-13 11:00:00+00:00,65.9,63.3,2476.0,58.7,32.8,80.0,5.0,0.15,158.6579,Islamabad,11,5,12,143.40627,148.54169,150.759614944458,4.254386923173448,0.10635263
2025-12-13 12:00:00+00:00,86.4,83.1,2848.0,92.4,29.3,31.0,6.0,0.0,159.10088,Islamabad,12,5,12,143.90625,147.72919,151.39272435506186,4.3202442966645815,0.105586976
2025-12-13 13:00:00+00:00,104.3,101.0,2706.0,100.6,31.9,23.0,6.0,0.0,159.33115,Islamabad,13,5,12,145.84375,147.34378,151.95469919840494,4.442539404295327,0.092478395
2025-12-13 14:00:00+00:00,115.5,112.5,2311.0,111.6,35.4,12.0,6.0,0.0,159.7237,Islamabad,14,5,12,146.95833,146.97919,152.4865894317627,4.580371060244317,0.086863846
2025-12-13 15:00:00+00:00,122.9,120.1,1942.0,116.8,36.9,5.0,6.0,0.0,160.08113,Islamabad,15,5,12,148.05208,146.81252,152.98779996236166,4.729732330592232,0.08124879
2025-12-13 16:00:00+00:00,128.5,125.3,1694.0,112.0,34.9,4.0,6.0,0.0,160.43202,Islamabad,16,5,12,149.09375,146.64584,153.4602279663086,4.887494080640646,0.076047935
2025-12-13 17:00:00+00:00,126.7,123.4,1472.0,101.4,30.9,7.0,5.0,0.0,160.86623,Islamabad,17,5,12,149.75,146.71875,153.92340405782065,5.044795040217076,0.07423189
2025-12-13 18:00:00+00:00,121.5,118.3,1268.0,89.6,26.8,11.0,5.0,0.0,161.4123,Islamabad,18,5,12,149.34375,147.0729,154.42625999450684,5.1684262646989065,0.080810495
2025-12-13 19:00:00+00:00,114.1,111.1,1067.0,77.0,22.8,15.0,5.0,0.0,161.99562,Islamabad,19,5,12,148.39584,147.65627,154.9929173787435,5.223747513403107,0.09164527
2025-12-13 20:00:00+00:00,106.2,103.1,885.0,63.1,18.5,19.0,4.0,0.0,162.64912,Islamabad,20,5,12,147.40623,148.31252,155.6280377705892,5.187744984884838,0.10340736
2025-12-13 21:00:00+00:00,97.3,94.8,758.0,51.3,15.1,22.0,4.0,0.0,163.30702,Islamabad,21,5,12,146.89583,148.94794,156.31183751424155,5.06688053243896,0.11171994
2025-12-13 22:00:00+00:00,87.8,85.2,654.0,42.0,12.6,23.0,4.0,0.0,163.9364,Islamabad,22,5,12,146.96877,149.53125,157.01882235209146,4.887119338693142,0.11545063
2025-12-13 23:00:00+00:00,79.4,77.3,606.0,34.8,10.9,23.0,3.0,0.0,164.47806,Islamabad,23,5,12,147.38542,150.07895,157.73101552327475,4.662500931198687,0.11597237
2025-12-14 00:00:00+00:00,64.3,61.7,752.0,33.9,9.3,19.0,3.0,0.0,164.94737,Islamabad,0,6,12,147.98958,150.32455,158.4375902811686,4.399571624592743,0.11458776
2025-12-14 01:00:00+00:00,62.4,59.8,1330.0,37.1,10.8,11.0,3.0,0.0,165.18202,Islamabad,1,6,12,150.0921,150.08553,159.06633694966635,4.23004651411813,0.10053773
2025-12-14 02:00:00+00:00,73.6,71.0,2103.0,41.3,12.9,2.0,3.0,0.0,165.41667,Islamabad,2,6,12,150.7149,149.10416,159.67891057332358,4.027730880308459,0.09754687
2025-12-14 03:00:00+00:00,89.6,87.3,2493.0,43.3,15.3,3.0,3.0,0.25,165.69737,Islamabad,3,6,12,151.5,147.55208,160.2704677581787,3.8110190145775946,0.09371203
2025-12-14 04:00:00+00:00,91.3,88.9,2104.0,41.3,17.6,24.0,4.0,0.75,165.99342,Islamabad,4,6,12,152.4978,146.0729,160.83278528849283,3.6043330968188396,0.08849715
2025-12-14 05:00:00+00:00,68.5,64.3,1332.0,37.0,20.2,57.0,6.0,1.45,166.0329,Islamabad,5,6,12,153.64911,145.6354,161.34877649943033,3.4125346400498686,0.080597855
2025-12-14 06:00:00+00:00,54.7,50.5,791.0,33.0,23.2,84.0,8.0,2.1,165.26317,Islamabad,6,6,12,155.0921,145.75,161.77257092793783,3.228339716391457,0.065580815
2025-12-14 07:00:00+00:00,51.9,47.6,656.0,26.6,27.1,105.0,9.0,2.25,165.125,Islamabad,7,6,12,155.89035,145.37498,162.15734799702963,3.0417033178047013,0.05923811
2025-12-14 08:00:00+00:00,50.3,45.9,752.0,20.4,31.5,122.0,9.0,1.95,164.9737,Islamabad,8,6,12,156.67543,144.72916,162.50310897827148,2.8575318114834016,0.052964676
2025-12-14 09:00:00+00:00,49.7,45.4,1167.0,24.7,35.2,123.0,9.0,1.3,164.79167,Islamabad,9,6,12,157.4057,144.10417,162.81085777282715,2.6766880069561134,0.04692315
2025-12-14 10:00:00+00:00,51.7,47.5,2226.0,48.9,37.5,97.0,8.0,0.6,164.59212,Islamabad,10,6,12,158.06578,143.60416,163.08278846740723,2.4993004853107066,0.041288737
2025-12-14 11:00:00+00:00,62.9,59.4,3605.0,83.6,39.3,56.0,8.0,0.15,164.39473,Islamabad,11,6,12,158.6579,143.40627,163.3218231201172,2.326032253087227,0.036158502
2025-12-14 12:00:00+00:00,92.7,88.9,4419.0,113.9,42.4,15.0,7.0,0.0,164.30922,Islamabad,12,6,12,159.10088,143.90625,163.53883743286133,2.1515219022501584,0.032736108
2025-12-14 13:00:00+00:00,111.3,107.3,4171.0,118.4,46.0,11.0,7.0,0.0,164.43642,Islamabad,13,6,12,159.33115,145.84375,163.75155703226724,1.9613999167511007,0.032041885
2025-12-14 14:00:00+00:00,121.1,117.3,3358.0,124.2,50.6,7.0,8.0,0.0,164.57457,Islamabad,14,6,12,159.7237,146.95833,163.95367685953775,1.7687661063938707,0.030370422
2025-12-14 15:00:00+00:00,130.4,126.2,2590.0,125.0,51.4,3.0,8.0,0.0,164.67982,Islamabad,15,6,12,160.08113,148.05208,164.1452891031901,1.568796058041202,0.02872727
2025-12-14 16:00:00+00:00,135.0,131.3,2049.0,116.7,45.1,2.0,7.0,0.0,164.8136,Islamabad,16,6,12,160.43202,149.09375,164.327854792277,1.3587741415953298,0.027311109
2025-12-14 17:00:00+00:00,130.9,127.1,1552.0,103.5,35.0,2.0,6.0,0.0,164.94519,Islamabad,17,6,12,160.86623,149.75,164.4978116353353,1.1452952482365957,0.02535625
2025-12-14 18:00:00+00:00,121.1,117.8,1165.0,91.3,26.1,3.0,5.0,0.0,165.02632,Islamabad,18,6,12,161.4123,149.34375,164.64839617411295,0.9414097887460582,0.022390047
2025-12-14 19:00:00+00:00,106.6,104.1,925.0,82.9,20.2,3.0,4.0,0.0,165.01535,Islamabad,19,6,12,161.99562,148.39584,164.7742182413737,0.7547327239718007,0.01864081
2025-12-14 20:00:00+00:00,93.4,91.0,794.0,75.7,15.5,3.0,3.0,0.0,164.86185,Islamabad,20,6,12,162.64912,147.40623,164.8664150238037,0.6039342785908988,0.013604271
2025-12-14 21:00:00+00:00,82.2,80.1,720.0,67.6,12.0,4.0,3.0,0.0,164.5965,Islamabad,21,6,12,163.30702,146.89583,164.9201431274414,0.5090831799624016,0.007896014
2025-12-14 22:00:00+00:00,72.9,71.0,652.0,55.9,9.7,9.0,3.0,0.0,164.27414,Islamabad,22,6,12,163.9364,146.96877,164.9342155456543,0.4847962773981348,0.0020601773
2025-12-14 23:00:00+00:00,65.7,63.8,643.0,43.3,8.5,15.0,3.0,0.0,163.96272,Islamabad,23,6,12,164.47806,147.38542,164.91274325052896,0.5162693870595215,-0.003133154
2025-12-15 00:00:00+00:00,59.6,57.0,795.0,42.6,6.7,6.0,3.0,0.0,163.66667,Islamabad,0,0,12,164.94737,147.98958,164.8593807220459,0.5753425221870543,-0.007764299
2025-12-15 01:00:00+00:00,54.6,52.2,1314.0,48.6,9.4,3.0,3.0,0.0,163.5636,Islamabad,1,0,12,165.18202,150.0921,164.7919464111328,0.6282914688725315,-0.009797818
2025-12-15 02:00:00+00:00,61.0,58.6,1996.0,56.5,13.0,1.0,3.0,0.0,163.39693,Islamabad,2,0,12,165.41667,150.7149,164.70779037475586,0.674539389497096,-0.012210044
2025-12-15 03:00:00+00:00,69.6,67.3,2328.0,59.5,15.8,8.0,3.0,0.2,163.125,Islamabad,3,0,12,165.69737,151.5,164.60060818990073,0.7136957742761548,-0.0155245215
2025-12-15 04:00:00+00:00,68.5,66.6,1961.0,53.0,16.3,33.0,5.0,0.7,162.6864,Islamabad,4,0,12,165.99342,152.4978,164.46281560262045,0.751343387788625,-0.019922609
2025-12-15 05:00:00+00:00,64.0,61.7,1245.0,41.7,15.9,67.0,7.0,1.5,162.19736,Islamabad,5,0,12,166.0329,153.64911,164.3030014038086,0.8085966859178264,-0.02310109
2025-12-15 06:00:00+00:00,54.8,50.4,720.0,32.2,16.8,95.0,9.0,2.1,162.14035,Islamabad,6,0,12,165.26317,155.0921,164.17288398742676,0.8941078595137649,-0.018896032
2025-12-15 07:00:00+00:00,50.6,45.8,576.0,24.4,20.4,116.0,10.0,2.15,162.13815,Islamabad,7,0,12,165.125,155.89035,164.04843203226724,0.9611756823219814,-0.018088399
2025-12-15 08:00:00+00:00,46.4,41.6,623.0,18.4,25.4,130.0,10.0,1.9,162.09868,Islamabad,8,0,12,164.9737,156.67543,163.92863972981772,1.0183058028819376,-0.017427113
2025-12-15 09:00:00+00:00,45.5,40.7,834.0,22.0,29.4,132.0,10.0,1.35,162.0044,Islamabad,9,0,12,164.79167,157.4057,163.8125031789144,1.0730688384370495,-0.016913945
2025-12-15 10:00:00+00:00,46.9,42.4,1323.0,42.7,31.6,111.0,9.0,0.65,161.9013,Islamabad,10,0,12,164.59212,158.06578,163.70038604736328,1.1272736385080107,-0.01634836
2025-12-15 11:00:00+00:00,53.8,50.2,1976.0,72.9,32.9,78.0,8.0,0.2,161.78946,Islamabad,11,0,12,164.39473,158.6579,163.59183311462402,1.1816324976191004,-0.015847651
2025-12-15 12:00:00+00:00,80.8,76.4,2424.0,110.6,34.2,28.0,9.0,0.0,161.5877,Islamabad,12,0,12,164.30922,159.10088,163.4784367879232,1.2389887215054092,-0.016563354
2025-12-15 13:00:00+00:00,104.8,100.1,2493.0,116.5,36.8,21.0,9.0,0.0,161.3136,Islamabad,13,0,12,164.43642,159.33115,163.34831937154135,1.2966446004141052,-0.018991036
2025-12-15 14:00:00+00:00,118.3,113.4,2357.0,124.3,40.1,10.0,10.0,0.0,161.1557,Islamabad,14,0,12,164.57457,159.7237,163.20586649576822,1.3430410846907608,-0.02077398
2025-12-15 15:00:00+00:00,126.2,121.1,2168.0,127.0,40.6,3.0,10.0,0.0,161.07018,Islamabad,15,0,12,164.67982,160.08113,163.05546442667642,1.3725918145939933,-0.021919198
2025-12-15 16:00:00+00:00,129.5,123.4,1967.0,120.8,36.0,1.0,9.0,0.0,160.95834,Islamabad,16,0,12,164.8136,160.43202,162.89482879638672,1.3834389977402601,-0.023391608
2025-12-15 17:00:00+00:00,124.8,119.0,1713.0,109.6,28.7,3.0,7.0,0.0,160.78508,Islamabad,17,0,12,164.94519,160.86623,162.72149085998535,1.3759697286869732,-0.025221169
2025-12-15 18:00:00+00:00,111.1,105.9,1433.0,98.5,22.1,5.0,6.0,0.0,160.60745,Islamabad,18,0,12,165.02632,161.4123,162.53737131754556,1.3495417353989678,-0.026776753
2025-12-15 19:00:00+00:00,94.1,90.3,1094.0,89.5,17.3,8.0,5.0,0.0,160.3465,Islamabad,19,0,12,165.01535,161.99562,162.34283574422201,1.3128187483358729,-0.028293451
2025-12-15 20:00:00+00:00,80.1,77.3,728.0,80.4,13.3,11.0,5.0,0.0,160.04385,Islamabad,20,0,12,164.86185,162.64912,162.14208602905273,1.2788077090397996,-0.029224427
2025-12-15 21:00:00+00:00,70.3,68.0,467.0,70.2,10.3,16.0,4.0,0.0,159.74342,Islamabad,21,0,12,164.5965,163.30702,161.93987464904785,1.2573459788055938,-0.029484669
2025-12-15 22:00:00+00:00,63.1,61.0,334.0,55.4,8.4,24.0,4.0,0.0,159.47807,Islamabad,22,0,12,164.27414,163.9364,161.7400385538737,1.251336374362267,-0.029195504
2025-12-15 23:00:00+00:00,57.3,55.2,306.0,39.4,7.6,33.0,3.0,0.0,159.25877,Islamabad,23,0,12,163.96272,164.47806,161.54404067993164,1.2564402475816416,-0.028689137
2025-12-16 00:00:00+00:00,46.2,44.5,435.0,33.7,7.2,30.0,3.0,0.0,159.07018,Islamabad,0,1,12,163.66667,164.94737,161.35251998901367,1.2690786093722723,-0.0280845
2025-12-16 01:00:00+00:00,41.7,39.9,891.0,41.6,8.8,23.0,3.0,0.0,158.79605,Islamabad,1,1,12,163.5636,165.18202,161.15387217203775,1.2810066312489263,-0.029147975
2025-12-16 02:00:00+00:00,45.1,42.8,1505.0,52.1,10.9,15.0,3.0,0.0,158.5263,Islamabad,2,1,12,163.39693,165.41667,160.95092964172363,1.2959275077820631,-0.029808521
2025-12-16 03:00:00+00:00,50.1,47.5,1825.0,57.2,12.5,15.0,3.0,0.25,158.17982,Islamabad,3,1,12,163.125,165.69737,160.74488067626953,1.3279657237039972,-0.03031525
2025-12-16 04:00:00+00:00,49.5,47.1,1551.0,52.2,12.8,32.0,4.0,0.9,157.74562,Islamabad,4,1,12,162.6864,165.99342,160.53901481628418,1.39516646580517,-0.030369967
2025-12-16 05:00:00+00:00,47.1,44.5,983.0,41.9,12.6,57.0,6.0,1.85,157.31798,Islamabad,5,1,12,162.19736,166.0329,160.3357073465983,1.4949512554051256,-0.030082976
2025-12-16 06:00:00+00:00,35.4,31.4,566.0,32.7,12.9,81.0,8.0,2.65,156.9408,Islamabad,6,1,12,162.14035,165.26317,160.11905924479166,1.5954342013491962,-0.032068234
2025-12-16 07:00:00+00:00,35.9,31.2,465.0,24.9,14.6,102.0,9.0,2.95,156.52412,Islamabad,7,1,12,162.13815,165.125,159.88514137268066,1.6949802288947464,-0.03462497
2025-12-16 08:00:00+00:00,36.2,31.3,515.0,18.3,17.0,122.0,10.0,2.5,156.20395,Islamabad,8,1,12,162.09868,164.9737,159.63952763875326,1.7849812734255635,-0.03636507
2025-12-16 09:00:00+00:00,36.0,30.7,669.0,18.9,18.6,127.0,11.0,1.65,155.97807,Islamabad,9,1,12,162.0044,164.79167,159.3884309132894,1.8601320847084784,-0.037198506
2025-12-16 10:00:00+00:00,36.0,30.7,1001.0,31.9,18.8,109.0,11.0,0.8,155.75877,Islamabad,10,1,12,161.9013,164.59212,159.1324920654297,1.9209356606333332,-0.03793998
2025-12-16 11:00:00+00:00,39.2,34.6,1438.0,52.0,18.3,78.0,10.0,0.2,155.5022,Islamabad,11,1,12,161.78946,164.39473,158.87052281697592,1.9709008558133827,-0.038860764
2025-12-16 12:00:00+00:00,51.9,47.4,1711.0,76.1,19.1,43.0,9.0,0.0,155.16008,Islamabad,12,1,12,161.5877,164.30922,158.60270500183105,2.021678323066404,-0.03977795
2025-12-16 13:00:00+00:00,66.8,62.2,1670.0,85.3,20.0,31.0,9.0,0.0,154.52412,Islamabad,13,1,12,161.3136,164.43642,158.3198102315267,2.0993827795071693,-0.04208867
2025-12-16 14:00:00+00:00,76.8,71.9,1466.0,97.8,21.2,14.0,9.0,0.0,153.69298,Islamabad,14,1,12,161.1557,164.57457,158.00886344909668,2.2107954337311493,-0.04630753
2025-12-16 15:00:00+00:00,83.6,78.7,1278.0,105.4,21.6,2.0,9.0,0.0,152.7829,Islamabad,15,1,12,161.07018,164.67982,157.6635602315267,2.354391279252657,-0.051451344
2025-12-16 16:00:00+00:00,84.8,79.6,1181.0,104.3,20.8,0.0,9.0,0.0,151.85307,Islamabad,16,1,12,160.95834,164.8136,157.2841739654541,2.5276246790535035,-0.05656911
2025-12-16 17:00:00+00:00,82.7,77.5,1101.0,98.4,19.2,1.0,8.0,0.0,150.89255,Islamabad,17,1,12,160.78508,164.94519,156.8719851175944,2.7303713965571315,-0.061526433
2025-12-16 18:00:00+00:00,77.8,72.9,998.0,91.2,17.2,4.0,8.0,0.0,149.91666,Islamabad,18,1,12,160.60745,165.02632,156.42653528849283,2.957113828248321,-0.06656475
2025-12-16 19:00:00+00:00,69.4,64.7,831.0,83.5,14.7,6.0,8.0,0.0,146.47917,Islamabad,19,1,12,160.3465,165.01535,155.84873008728027,3.4684625261788122,-0.08648349
2025-12-16 20:00:00+00:00,63.3,58.6,641.0,74.4,11.8,10.0,7.0,0.0,143.81252,Islamabad,20,1,12,160.04385,164.86185,155.17242431640625,4.133581454115521,-0.10141807
2025-12-16 21:00:00+00:00,58.2,53.3,505.0,65.2,9.6,13.0,7.0,0.0,141.86458,Islamabad,21,1,12,159.74342,164.5965,154.42747243245444,4.826895906232102,-0.111922264
2025-12-16 22:00:00+00:00,53.7,48.5,404.0,54.4,8.4,18.0,7.0,0.0,140.33334,Islamabad,22,1,12,159.47807,164.27414,153.6297753651937,5.49204746126962,-0.12004615
2025-12-16 23:00:00+00:00,49.2,44.2,357.0,43.4,7.8,22.0,7.0,0.0,139.03125,Islamabad,23,1,12,159.25877,163.96272,152.7869618733724,6.108165424914374,-0.12701042
2025-12-17 00:00:00+00:00,48.5,45.3,506.0,49.8,6.2,4.0,5.0,0.0,137.88542,Islamabad,0,2,12,159.07018,163.66667,151.90426381429037,6.665942444968432,-0.13317867
2025-12-17 01:00:00+00:00,43.1,39.6,1083.0,53.2,8.3,2.0,5.0,0.0,137.96875,Islamabad,1,2,12,158.79605,163.5636,151.03645960489908,7.072998055792519,-0.13115755
2025-12-17 02:00:00+00:00,49.0,45.1,1856.0,57.6,11.2,1.0,5.0,0.0,137.93752,Islamabad,2,2,12,158.5263,163.39693,150.17859331766763,7.367525826550419,-0.12987618
2025-12-17 03:00:00+00:00,58.8,54.9,2265.0,58.2,13.8,8.0,6.0,0.25,138.17708,Islamabad,3,2,12,158.17982,163.125,149.34514554341635,7.552124550444805,-0.12645574
2025-12-17 04:00:00+00:00,58.0,54.0,1955.0,51.6,15.3,30.0,9.0,0.95,138.94792,Islamabad,4,2,12,157.74562,162.6864,148.56190808614096,7.617504662368732,-0.11916463
2025-12-17 05:00:00+00:00,49.7,44.0,1281.0,41.2,16.4,61.0,14.0,1.9,139.66667,Islamabad,5,2,12,157.31798,162.19736,147.82643699645996,7.587406966248109,-0.11220145
2025-12-17 06:00:00+00:00,38.3,29.5,757.0,33.0,17.9,87.0,17.0,2.6,139.61456,Islamabad,6,2,12,156.9408,162.14035,147.10451062520346,7.506334122139744,-0.110399805
2025-12-17 07:00:00+00:00,38.5,30.0,513.0,26.7,20.5,107.0,17.0,2.8,139.41667,Islamabad,7,2,12,156.52412,162.13815,146.39170010884604,7.384223990326525,-0.10929595
2025-12-17 08:00:00+00:00,39.5,31.9,419.0,22.6,23.6,122.0,15.0,2.45,139.29166,Islamabad,8,2,12,156.20395,162.09868,145.68702125549316,7.212091981552374,-0.108270586
2025-12-17 09:00:00+00:00,40.7,34.2,592.0,27.2,25.8,122.0,13.0,1.6,139.35417,Islamabad,9,2,12,155.97807,162.0044,144.994358698527,6.975150637527307,-0.10657845
2025-12-17 10:00:00+00:00,41.7,35.7,1277.0,48.0,26.4,97.0,12.0,0.75,139.71875,Islamabad,10,2,12,155.75877,161.9013,144.3260243733724,6.660239007565032,-0.102979906
2025-12-17 11:00:00+00:00,47.8,43.0,2229.0,77.5,26.2,58.0,11.0,0.2,140.23958,Islamabad,11,2,12,155.5022,161.78946,143.69008191426596,6.26355253283377,-0.09815051
2025-12-17 12:00:00+00:00,69.4,63.1,2839.0,103.8,28.7,14.0,13.0,0.0,141.11456,Islamabad,12,2,12,155.16008,161.5877,143.10485204060873,5.782998560868028,-0.09052275
2025-12-17 13:00:00+00:00,90.6,83.6,2787.0,105.5,29.5,10.0,13.0,0.0,142.74998,Islamabad,13,2,12,154.52412,161.3136,142.61426289876303,5.2466989813188745,-0.07619613
2025-12-17 14:00:00+00:00,102.4,94.1,2392.0,107.4,30.5,5.0,14.0,0.0,144.97914,Islamabad,14,2,12,153.69298,161.1557,142.2511863708496,4.721972176416721,-0.05669639
2025-12-17 15:00:00+00:00,108.5,99.0,2003.0,106.2,30.0,1.0,14.0,0.0,147.29164,Islamabad,15,2,12,152.7829,161.07018,142.02238400777182,4.304013861503666,-0.035941567
2025-12-17 16:00:00+00:00,107.1,99.7,1736.0,99.5,27.0,0.0,13.0,0.0,149.40625,Islamabad,16,2,12,151.85307,160.95834,141.9204330444336,4.084402382733105,-0.016113095
2025-12-17 17:00:00+00:00,104.3,98.3,1475.0,89.6,22.7,1.0,11.0,0.0,150.31578,Islamabad,17,2,12,150.89255,160.78508,141.89640108744302,4.030659918068627,-0.0038223688
2025-12-17 18:00:00+00:00,97.3,91.7,1220.0,80.6,18.4,2.0,9.0,0.0,150.77193,Islamabad,18,2,12,149.91666,160.60745,141.93203735351562,4.107697060759949,0.0057049724
2025-12-17 19:00:00+00:00,84.8,79.6,940.0,73.7,14.5,3.0,8.0,0.0,151.18422,Islamabad,19,2,12,146.47917,160.3465,142.12808100382486,4.433504229024476,0.032120932
2025-12-17 20:00:00+00:00,73.1,68.5,666.0,67.6,10.8,3.0,7.0,0.0,151.51097,Islamabad,20,2,12,143.81252,160.04385,142.448849995931,4.822136255504345,0.053531196
2025-12-17 21:00:00+00:00,63.6,59.3,489.0,62.4,8.0,4.0,7.0,0.0,151.72807,Islamabad,21,2,12,141.86458,159.74342,142.8598289489746,5.1774085974279345,0.06952754
2025-12-17 22:00:00+00:00,55.8,51.5,426.0,58.1,6.4,5.0,7.0,0.0,151.85963,Islamabad,22,2,12,140.33334,159.47807,143.3400910695394,5.459756339495763,0.08213508
2025-12-17 23:00:00+00:00,48.5,44.2,462.0,54.7,5.8,6.0,7.0,0.0,151.92543,Islamabad,23,2,12,139.03125,159.25877,143.87734858194986,5.64847053813656,0.09274304
2025-12-18 00:00:00+00:00,51.0,47.6,637.0,38.6,4.7,4.0,6.0,0.0,151.92543,Islamabad,0,3,12,137.88542,159.07018,144.46234893798828,5.727413365820259,0.10182373
2025-12-18 01:00:00+00:00,47.6,44.9,1075.0,37.9,7.4,1.0,5.0,0.0,151.97588,Islamabad,1,3,12,137.96875,158.79605,145.04597918192545,5.750562717745747,0.1015239
2025-12-18 02:00:00+00:00,58.4,55.9,1653.0,37.0,11.1,0.0,4.0,0.0,152.0921,Islamabad,2,3,12,137.93752,158.5263,145.6357536315918,5.715561977876172,0.10261593
2025-12-18 03:00:00+00:00,76.1,73.8,2047.0,36.8,13.9,2.0,4.0,0.25,152.32895,Islamabad,3,3,12,138.17708,158.17982,146.22541491190592,5.642147817306694,0.10241837
2025-12-18 04:00:00+00:00,85.7,83.8,2084.0,38.1,14.2,18.0,6.0,0.8,152.74342,Islamabad,4,3,12,138.94792,157.74562,146.80022748311362,5.570773253618737,0.09928541
2025-12-18 05:00:00+00:00,69.6,66.6,1936.0,40.2,13.5,40.0,9.0,1.6,153.39693,Islamabad,5,3,12,139.66667,157.31798,147.37232144673666,5.511035041634896,0.09830731
2025-12-18 06:00:00+00:00,34.2,27.5,1797.0,41.2,14.5,59.0,11.0,2.4,153.89255,Islamabad,6,3,12,139.61456,156.9408,147.96723747253418,5.406843478864724,0.10226716
2025-12-18 07:00:00+00:00,28.6,21.9,1619.0,37.5,19.2,74.0,11.0,2.75,153.84868,Islamabad,7,3,12,139.41667,156.52412,148.56857109069824,5.213618129080875,0.10351708
2025-12-18 08:00:00+00:00,27.4,21.3,1449.0,32.8,25.5,86.0,11.0,2.4,153.67105,Islamabad,8,3,12,139.29166,156.20395,149.16771252950033,4.919086994770709,0.10323227
2025-12-18 09:00:00+00:00,27.2,22.2,1624.0,36.4,30.6,86.0,10.0,1.55,153.4386,Islamabad,9,3,12,139.35417,155.97807,149.75456364949545,4.521494614730807,0.10106929
2025-12-18 10:00:00+00:00,29.2,24.6,2543.0,56.3,32.7,67.0,9.0,0.7,153.17543,Islamabad,10,3,12,139.71875,155.75877,150.31525866190592,4.030587890908281,0.09631263
2025-12-18 11:00:00+00:00,40.2,36.4,3807.0,84.5,33.6,37.0,9.0,0.2,152.93202,Islamabad,11,3,12,140.23958,155.5022,150.8441104888916,3.44058503676233,0.090505436
2025-12-18 12:00:00+00:00,79.4,72.6,4557.0,100.5,35.2,11.0,13.0,0.0,152.78728,Islamabad,12,3,12,141.11456,155.16008,151.33047358194986,2.7638977602942782,0.082718
2025-12-18 13:00:00+00:00,101.7,93.4,4303.0,103.1,37.2,8.0,13.0,0.0,152.9956,Islamabad,13,3,12,142.74998,154.52412,151.75737444559732,2.090080300022555,0.07177319
2025-12-18 14:00:00+00:00,114.6,105.2,3534.0,106.4,39.7,3.0,13.0,0.0,153.21053,Islamabad,14,3,12,144.97914,153.69298,152.10034879048666,1.5296784136848554,0.056776334
2025-12-18 15:00:00+00:00,120.6,111.8,2858.0,106.0,39.5,0.0,12.0,0.0,153.45395,Islamabad,15,3,12,147.29164,152.7829,152.35711161295572,1.1599172143123464,0.041837458
2025-12-18 16:00:00+00:00,118.7,110.8,2522.0,99.2,34.3,0.0,10.0,0.0,153.73465,Islamabad,16,3,12,149.40625,151.85307,152.5374615987142,1.007661578453676,0.028970674
2025-12-18 17:00:00+00:00,110.8,104.8,2279.0,88.8,26.3,2.0,8.0,0.0,153.97807,Islamabad,17,3,12,150.31578,150.89255,152.69005711873373,0.930974910933429,0.024363993
2025-12-18 18:00:00+00:00,100.1,95.7,1990.0,79.2,19.3,3.0,6.0,0.0,154.1206,Islamabad,18,3,12,150.77193,149.91666,152.82958539326987,0.880573878419791,0.022210225
2025-12-18 19:00:00+00:00,87.3,83.6,1558.0,71.6,14.3,3.0,5.0,0.0,154.20834,Islamabad,19,3,12,151.18422,146.47917,152.95559056599936,0.8507573975610286,0.020002909
2025-12-18 20:00:00+00:00,75.2,71.9,1080.0,64.8,10.1,3.0,4.0,0.0,154.29605,Islamabad,20,3,12,151.51097,143.81252,153.0716355641683,0.8349392478097322,0.018382035
2025-12-18 21:00:00+00:00,63.8,60.8,713.0,59.0,7.2,4.0,4.0,0.0,154.37062,Islamabad,21,3,12,151.72807,141.86458,153.18174171447754,0.8242277878161514,0.01741634
2025-12-18 22:00:00+00:00,53.9,51.0,470.0,54.0,5.6,6.0,4.0,0.0,154.4035,Islamabad,22,3,12,151.85963,140.33334,153.28773625691733,0.8102651454848795,0.01675145
2025-12-18 23:00:00+00:00,44.9,42.3,338.0,50.0,5.2,9.0,3.0,0.0,154.39255,Islamabad,23,3,12,151.92543,139.03125,153.39053281148276,0.7860551029661587,0.016239002
2025-12-19 00:00:00+00:00,42.5,40.3,435.0,43.0,4.9,3.0,3.0,0.0,154.35088,Islamabad,0,4,12,151.92543,137.88542,153.49159304300943,0.7443093579600426,0.015964711
2025-12-19 01:00:00+00:00,36.8,34.6,984.0,46.9,7.2,2.0,3.0,0.0,154.1908,Islamabad,1,4,12,151.97588,137.96875,153.58388137817383,0.6829918970196113,0.014574155
2025-12-19 02:00:00+00:00,42.1,39.9,1762.0,52.0,10.4,1.0,3.0,0.0,153.96492,Islamabad,2,4,12,152.0921,137.93752,153.66191546122232,0.6080129321577947,0.01231371
2025-12-19 03:00:00+00:00,53.0,50.8,2216.0,54.1,12.7,6.0,3.0,0.25,153.61404,Islamabad,3,4,12,152.32895,138.17708,153.71546109517416,0.5380849479038484,0.008436317
2025-12-19 04:00:00+00:00,48.9,46.3,2028.0,50.1,12.7,21.0,5.0,0.9,153.10966,Islamabad,4,4,12,152.74342,138.94792,153.7307211558024,0.5139724844146175,0.0023977559
2025-12-19 05:00:00+00:00,45.1,41.8,1517.0,43.0,11.9,41.0,7.0,1.8,152.28728,Islamabad,5,4,12,153.39693,139.66667,153.6844857533773,0.5896448493625079,-0.0072338455
2025-12-19 06:00:00+00:00,34.3,29.0,1087.0,37.4,12.4,60.0,8.0,2.6,151.74342,Islamabad,6,4,12,153.89255,139.61456,153.5949389139811,0.7079870399902592,-0.013965095
2025-12-19 07:00:00+00:00,34.6,29.5,774.0,32.1,15.7,80.0,8.0,2.85,151.77632,Islamabad,7,4,12,153.84868,139.41667,153.5085906982422,0.7965330140446406,-0.0134701
2025-12-19 08:00:00+00:00,35.2,31.1,542.0,28.3,20.4,98.0,8.0,2.5,151.943,Islamabad,8,4,12,153.67105,139.29166,153.43658828735352,0.8570162934276736,-0.011245175
2025-12-19 09:00:00+00:00,37.5,33.6,690.0,33.7,24.3,102.0,7.0,1.7,152.1579,Islamabad,9,4,12,153.4386,139.35417,153.38322575887045,0.8958763705046057,-0.008346666
2025-12-19 10:00:00+00:00,39.6,36.0,1575.0,56.5,26.2,80.0,7.0,0.8,152.4079,Islamabad,10,4,12,153.17543,139.71875,153.35124524434408,0.9170655502978378,-0.005010806
2025-12-19 11:00:00+00:00,48.0,44.9,2841.0,88.4,27.4,44.0,6.0,0.2,152.6579,Islamabad,11,4,12,152.93202,140.23958,153.3398234049479,0.9241932689368597,-0.0017924574
2025-12-19 12:00:00+00:00,67.3,63.6,3713.0,101.4,25.4,28.0,7.0,0.0,152.8443,Islamabad,12,4,12,152.78728,141.11456,153.34219932556152,0.9227832408279864,0.00037321233
2025-12-19 13:00:00+00:00,91.0,86.1,3834.0,105.9,28.2,20.0,7.0,0.0,152.64694,Islamabad,13,4,12,152.9956,142.74998,153.32767168680826,0.9311833266276665,-0.0022789107
2025-12-19 14:00:00+00:00,106.4,99.4,3563.0,111.6,31.8,9.0,8.0,0.0,152.48683,Islamabad,14,4,12,153.21053,144.97914,153.29751777648926,0.9467294144413474,-0.0047235256
2025-12-19 15:00:00+00:00,120.6,113.6,3201.0,113.3,33.5,1.0,8.0,0.0,152.35963,Islamabad,15,4,12,153.45395,147.29164,153.2519213358561,0.9650428937428351,-0.0071312245
2025-12-19 16:00:00+00:00,127.6,121.5,2815.0,107.6,31.7,0.0,8.0,0.0,152.39912,Islamabad,16,4,12,153.73465,149.40625,153.1962744394938,0.9744563179902944,-0.008687212
2025-12-19 17:00:00+00:00,129.5,123.4,2339.0,97.9,27.8,1.0,8.0,0.0,152.63377,Islamabad,17,4,12,153.97807,150.31578,153.1402619679769,0.9661644904848643,-0.008730459
2025-12-19 18:00:00+00:00,116.6,109.2,1877.0,88.2,23.6,3.0,8.0,0.0,153.04166,Islamabad,18,4,12,154.1206,150.77193,153.0953057607015,0.9433990839724116,-0.0070006796
2025-12-19 19:00:00+00:00,104.8,98.0,1427.0,79.8,19.0,4.0,7.0,0.0,153.33772,Islamabad,19,4,12,154.20834,151.18422,153.05902989705405,0.9150522103708201,-0.005645743
2025-12-19 20:00:00+00:00,96.6,91.0,992.0,71.5,13.9,5.0,7.0,0.0,153.6535,Islamabad,20,4,12,154.29605,151.51097,153.03225708007812,0.8862315744777447,-0.0041643814
2025-12-19 21:00:00+00:00,86.6,82.2,676.0,63.8,10.1,6.0,6.0,0.0,154.07237,Islamabad,21,4,12,154.37062,151.72807,153.01983006795248,0.868563623099994,-0.0019320275
2025-12-19 22:00:00+00:00,75.9,72.2,487.0,56.4,8.1,7.0,5.0,0.0,154.54166,Islamabad,22,4,12,154.4035,151.85963,153.0255864461263,0.8785331678209926,0.0008947535
2025-12-19 23:00:00+00:00,66.1,62.9,419.0,49.6,7.3,8.0,4.0,0.0,155.00658,Islamabad,23,4,12,154.39255,151.92543,153.05117098490396,0.9276407991355873,0.003977063
2025-12-20 00:00:00+00:00,52.6,49.5,557.0,38.5,7.9,17.0,4.0,0.0,155.45833,Islamabad,0,5,12,154.35088,151.92543,153.09731483459473,1.0182246403957191,0.007174902
2025-12-20 01:00:00+00:00,50.4,47.7,1106.0,39.8,9.3,10.0,4.0,0.0,155.66008,Islamabad,1,5,12,154.1908,151.97588,153.1585350036621,1.1253615270983153,0.009529
2025-12-20 02:00:00+00:00,62.4,59.8,1861.0,41.3,11.5,1.0,4.0,0.0,155.94736,Islamabad,2,5,12,153.96492,152.0921,153.24113655090332,1.2526772536959294,0.012875902
2025-12-20 03:00:00+00:00,81.7,79.2,2293.0,41.2,14.9,3.0,4.0,0.25,156.38377,Islamabad,3,5,12,153.61404,152.32895,153.3565419514974,1.4066468606691618,0.018030446
2025-12-20 04:00:00+00:00,86.6,84.1,2066.0,38.0,20.5,26.0,6.0,0.8,157.00658,Islamabad,4,5,12,153.10966,152.74342,153.51891326904297,1.5898883133230735,0.025451768
2025-12-20 05:00:00+00:00,71.5,66.4,1514.0,33.1,27.4,61.0,8.0,1.55,157.83553,Islamabad,5,5,12,152.28728,153.39693,153.7500902811686,1.7933660114043155,0.036432777
2025-12-20 06:00:00+00:00,54.9,49.5,1115.0,28.9,32.5,89.0,10.0,2.1,158.375,Islamabad,6,5,12,151.74342,153.89255,154.02640597025552,1.9726652409188201,0.04370256
2025-12-20 07:00:00+00:00,50.5,45.6,956.0,22.9,34.7,109.0,10.0,2.15,158.82457,Islamabad,7,5,12,151.77632,153.84868,154.3200829823812,2.1406213410129067,0.046438392
2025-12-20 08:00:00+00:00,48.2,43.7,949.0,17.6,35.1,122.0,9.0,1.7,159.17764,Islamabad,8,5,12,151.943,153.67105,154.62152671813965,2.2951410439052746,0.047614235
2025-12-20 09:00:00+00:00,48.9,44.7,1305.0,22.5,34.8,120.0,8.0,1.15,159.45393,Islamabad,9,5,12,152.1579,153.4386,154.9255282084147,2.4336513129242987,0.047950424
2025-12-20 10:00:00+00:00,51.8,48.1,2387.0,47.5,33.4,90.0,7.0,0.55,159.69737,Islamabad,10,5,12,152.4079,153.17543,155.2292563120524,2.5575053006824042,0.04782872
2025-12-20 11:00:00+00:00,64.7,61.5,3833.0,82.8,31.2,44.0,6.0,0.1,159.9627,Islamabad,11,5,12,152.6579,152.93202,155.5336233774821,2.6703647397870762,0.047850847
2025-12-20 12:00:00+00:00,86.6,82.7,4764.0,106.6,33.9,13.0,8.0,0.0,160.32675,Islamabad,12,5,12,152.8443,152.78728,155.84539222717285,2.777380061370972,0.048954736
2025-12-20 13:00:00+00:00,110.1,105.5,4753.0,109.6,36.3,9.0,8.0,0.0,160.7456,Islamabad,13,5,12,152.64694,152.9956,156.18283653259277,2.862557986076592,0.05305487
2025-12-20 14:00:00+00:00,123.4,117.1,4228.0,113.5,39.4,4.0,9.0,0.0,161.17104,Islamabad,14,5,12,152.48683,153.21053,156.54467837015787,2.9232713241165866,0.056950517
2025-12-20 15:00:00+00:00,129.5,120.6,3593.0,114.9,40.9,0.0,12.0,0.0,161.55922,Islamabad,15,5,12,152.35963,153.45395,156.92799441019693,2.953638362215659,0.060380723
2025-12-20 16:00:00+00:00,170.9,136.0,2882.0,112.0,39.3,0.0,22.0,0.0,161.71272,Islamabad,16,5,12,152.39912,153.73465,157.31606101989746,2.944561628671954,0.061113205
2025-12-20 17:00:00+00:00,157.4,129.0,2061.0,106.5,36.0,1.0,34.0,0.0,162.0307,Islamabad,17,5,12,152.63377,153.97807,157.70759963989258,2.9195364957991585,0.061565187
2025-12-20 18:00:00+00:00,144.8,122.9,1431.0,100.0,32.5,2.0,42.0,0.0,162.1535,Islamabad,18,5,12,153.04166,154.1206,158.0872599283854,2.878560748388071,0.059538346
2025-12-20 19:00:00+00:00,134.1,115.3,1148.0,93.7,29.0,2.0,42.0,0.0,162.45395,Islamabad,19,5,12,153.33772,154.20834,158.46710268656412,2.82556430049763,0.05945195
2025-12-20 20:00:00+00:00,125.3,107.3,1056.0,86.3,25.4,2.0,38.0,0.0,162.83333,Islamabad,20,5,12,153.6535,154.29605,158.8495953877767,2.7663324087783843,0.059743673
2025-12-20 21:00:00+00:00,125.3,108.5,985.0,76.3,22.3,5.0,32.0,0.0,163.1908,Islamabad,21,5,12,154.07237,154.37062,159.2295296986898,2.7072322278593566,0.05918273
2025-12-20 22:00:00+00:00,111.5,101.0,838.0,59.7,20.3,16.0,25.0,0.0,163.76755,Islamabad,22,5,12,154.54166,154.4035,159.61394182840982,2.6673578575429193,0.05969841
2025-12-20 23:00:00+00:00,98.7,91.5,713.0,40.5,19.0,31.0,17.0,0.0,164.39912,Islamabad,23,5,12,155.00658,154.39255,160.00529797871908,2.650961074621588,0.06059451
2025-12-21 00:00:00+00:00,84.3,78.2,736.0,24.3,13.1,39.0,10.0,0.0,165.02632,Islamabad,0,6,12,155.45833,154.35088,160.40396436055502,2.6568695341373108,0.061546996
2025-12-21 01:00:00+00:00,78.2,73.3,1086.0,28.3,13.1,38.0,9.0,0.0,165.6557,Islamabad,1,6,12,155.66008,154.1908,160.8204485575358,2.664331702520214,0.064214416
2025-12-21 02:00:00+00:00,72.6,68.2,1584.0,33.4,13.1,37.0,8.0,0.0,166.2171,Islamabad,2,6,12,155.94736,153.96492,161.24835459391275,2.6723350983515823,0.06585392
2025-12-21 03:00:00+00:00,64.3,60.5,1824.0,35.3,12.5,40.0,7.0,0.1,166.40132,Islamabad,3,6,12,156.38377,153.61404,161.66575241088867,2.6618009630900055,0.06405746
2025-12-21 04:00:00+00:00,50.2,47.0,1537.0,30.6,10.9,50.0,7.0,0.35,165.99124,Islamabad,4,6,12,157.00658,153.10966,162.04011344909668,2.609328312827849,0.05722477
2025-12-21 05:00:00+00:00,44.0,41.0,992.0,22.6,8.8,63.0,6.0,0.95,165.17763,Islamabad,5,6,12,157.83553,152.28728,162.34603436787924,2.5239461865749635,0.046517424
2025-12-21 06:00:00+00:00,39.1,35.7,592.0,16.4,7.3,74.0,6.0,0.9,164.62062,Islamabad,6,6,12,158.375,151.74342,162.60626856486002,2.4163960333944194,0.039435647
2025-12-21 07:00:00+00:00,34.2,31.1,507.0,13.1,7.2,80.0,6.0,1.35,164.31798,Islamabad,7,6,12,158.82457,151.77632,162.83516057332358,2.299977414970383,0.034587897
2025-12-21 08:00:00+00:00,30.5,27.8,566.0,11.7,7.8,84.0,5.0,1.1,164.0,Islamabad,8,6,12,159.17764,151.943,163.03609212239584,2.173737130705026,0.030295443
2025-12-21 09:00:00+00:00,32.8,30.0,660.0,14.0,8.2,82.0,5.0,0.7,163.6513,Islamabad,9,6,12,159.45393,152.1579,163.21098264058432,2.037588199432404,0.026323417
2025-12-21 10:00:00+00:00,34.6,32.8,763.0,22.8,8.1,71.0,4.0,0.4,163.32895,Islamabad,10,6,12,159.69737,152.4079,163.36229832967123,1.895183314573529,0.022740364
2025-12-21 11:00:00+00:00,35.7,34.0,900.0,35.4,7.8,54.0,3.0,0.1,162.99342,Islamabad,11,6,12,159.9627,152.6579,163.48857816060385,1.7545678025871574,0.01894639
2025-12-21 12:00:00+00:00,52.3,48.5,1040.0,40.1,12.3,47.0,7.0,0.0,162.39035,Islamabad,12,6,12,160.32675,152.8443,163.57456143697104,1.639687282743952,0.012871206
2025-12-21 13:00:00+00:00,62.4,58.8,1202.0,48.2,12.5,35.0,7.0,0.0,161.64035,Islamabad,13,6,12,160.7456,152.64694,163.611842473348,1.5817166587056843,0.0055662165
2025-12-21 14:00:00+00:00,67.3,64.0,1366.0,59.1,12.8,20.0,6.0,0.0,160.61623,Islamabad,14,6,12,161.17104,152.48683,163.5887254079183,1.6224697821848362,-0.0034423652
2025-12-21 15:00:00+00:00,71.0,68.0,1442.0,65.5,12.8,9.0,6.0,0.0,159.45175,Islamabad,15,6,12,161.55922,152.35963,163.50091425577799,1.7858865279981728,-0.013044552
2025-12-21 16:00:00+00:00,67.8,63.8,1379.0,63.9,12.3,8.0,7.0,0.0,158.29825,Islamabad,16,6,12,161.71272,152.39912,163.35864448547363,2.0508780067824373,-0.021114446
2025-12-21 17:00:00+00:00,61.2,56.7,1227.0,57.8,11.4,13.0,7.0,0.0,156.71492,Islamabad,17,6,12,162.0307,152.63377,163.13715362548828,2.4489443747018784,-0.032807242
2025-12-21 18:00:00+00:00,64.3,59.8,1051.0,50.4,10.3,19.0,8.0,0.0,155.12938,Islamabad,18,6,12,162.1535,153.04166,162.84448178609213,2.941750999447583,-0.043317746
2025-12-21 19:00:00+00:00,56.3,52.5,842.0,41.9,8.9,25.0,8.0,0.0,153.74562,Islamabad,19,6,12,162.45395,153.33772,162.48163477579752,3.479859076982778,-0.053604905
2025-12-21 20:00:00+00:00,52.5,49.1,608.0,32.1,7.2,32.0,7.0,0.0,152.36842,Islamabad,20,6,12,162.83333,153.6535,162.04559707641602,4.043819241191633,-0.06426758
2025-12-21 21:00:00+00:00,49.2,45.5,440.0,23.3,6.1,40.0,7.0,0.0,151.0921,Islamabad,21,6,12,163.1908,154.07237,161.54148483276367,4.60942029981878,-0.074138336
2025-12-21 22:00:00+00:00,44.7,39.6,356.0,14.8,5.7,53.0,7.0,0.0,148.625,Islamabad,22,6,12,163.76755,154.54166,160.9105453491211,5.279169772913543,-0.092463665
2025-12-21 23:00:00+00:00,42.6,37.5,339.0,7.4,5.8,68.0,7.0,0.0,142.22916,Islamabad,23,6,12,164.39912,155.00658,159.9867966969808,6.451646908365348,-0.13485454
2025-12-22 00:00:00+00:00,34.9,32.7,420.0,7.5,5.4,66.0,4.0,0.0,136.60416,Islamabad,0,0,12,165.02632,155.45833,158.80253982543945,7.926395390797731,-0.17222807
2025-12-22 01:00:00+00:00,37.1,34.3,706.0,17.9,6.3,56.0,4.0,0.0,131.86458,Islamabad,1,0,12,165.6557,155.66008,157.39457639058432,9.500913926143225,-0.20398407
2025-12-22 02:00:00+00:00,41.7,39.0,1091.0,31.9,7.6,42.0,4.0,0.0,127.80207,Islamabad,2,0,12,166.2171,155.94736,155.79395008087158,11.058226789668606,-0.2311136
2025-12-22 03:00:00+00:00,45.6,43.4,1294.0,40.2,8.6,35.0,4.0,0.15,124.760414,Islamabad,3,0,12,166.40132,156.38377,154.05891227722168,12.494966313410606,-0.25024384
2025-12-22 04:00:00+00:00,47.1,45.5,1127.0,37.6,8.7,41.0,5.0,0.6,122.979164,Islamabad,4,0,12,165.99124,157.00658,152.26674238840738,13.732445757060551,-0.25912258
2025-12-22 05:00:00+00:00,45.4,42.8,778.0,29.3,8.5,55.0,7.0,1.2,122.822914,Islamabad,5,0,12,165.17763,157.83553,150.50196266174316,14.689308232600652,-0.25641918
2025-12-22 06:00:00+00:00,41.8,37.5,533.0,21.6,9.0,69.0,8.0,1.8,123.01042,Islamabad,6,0,12,164.62062,158.375,148.76820437113443,15.389365532900278,-0.2527642
2025-12-22 07:00:00+00:00,40.5,35.2,452.0,14.4,11.0,85.0,8.0,2.1,123.197914,Islamabad,7,0,12,164.31798,158.82457,147.05486838022867,15.864563938125308,-0.25024688
2025-12-22 08:00:00+00:00,40.0,35.9,475.0,7.8,13.8,102.0,7.0,1.85,123.62499,Islamabad,8,0,12,164.0,159.17764,145.37257639567056,16.12807435914086,-0.24618907
2025-12-22 09:00:00+00:00,41.1,37.3,711.0,8.6,16.3,108.0,7.0,1.2,124.46876,Islamabad,9,0,12,163.6513,159.45393,143.73997020721436,16.180406837174683,-0.23942704
2025-12-22 10:00:00+00:00,42.5,38.8,1323.0,23.5,18.5,94.0,7.0,0.6,125.22918,Islamabad,10,0,12,163.32895,159.69737,142.1524798075358,16.043373647620715,-0.23327015
2025-12-22 11:00:00+00:00,45.3,40.7,2147.0,45.8,20.4,69.0,8.0,0.15,125.85418,Islamabad,11,0,12,162.99342,159.9627,140.60501130421957,15.733907068646202,-0.22785732
2025-12-22 12:00:00+00:00,37.0,33.5,2801.0,44.3,12.5,47.0,7.0,0.0,126.55208,Islamabad,12,0,12,162.39035,160.32675,139.1117499669393,15.270249780484411,-0.22069213
2025-12-22 13:00:00+00:00,47.3,43.5,3218.0,51.5,13.9,36.0,7.0,0.0,124.98958,Islamabad,13,0,12,161.64035,160.7456,137.58463446299234,14.742839218591923,-0.22674271
2025-12-22 14:00:00+00:00,54.7,50.9,3466.0,61.4,15.8,22.0,7.0,0.0,123.39585,Islamabad,14,0,12,160.61623,161.17104,136.03378550211588,14.160914155805637,-0.23173484
2025-12-22 15:00:00+00:00,65.9,62.2,3362.0,67.7,16.7,11.0,7.0,0.0,122.03125,Islamabad,15,0,12,159.45175,161.55922,134.4745979309082,13.515769440039785,-0.23468229
2025-12-22 16:00:00+00:00,71.9,68.7,2640.0,68.7,15.9,7.0,6.0,0.0,121.427086,Islamabad,16,0,12,158.29825,161.71272,132.9382994969686,12.764718166561963,-0.2329221
2025-12-22 17:00:00+00:00,69.2,66.6,1567.0,66.2,14.1,7.0,5.0,0.0,121.93749,Islamabad,17,0,12,156.71492,162.0307,131.48924001057944,11.892398372882322,-0.22191523
2025-12-22 18:00:00+00:00,57.2,54.7,762.0,59.8,11.9,12.0,4.0,0.0,122.96876,Islamabad,18,0,12,155.12938,162.1535,130.149214108785,10.881808849060107,-0.20731483
2025-12-22 19:00:00+00:00,43.9,41.9,517.0,46.9,9.1,24.0,4.0,0.0,122.4375,Islamabad,19,0,12,153.74562,162.45395,128.84470907847086,9.747586314908077,-0.20363586
2025-12-22 20:00:00+00:00,34.6,32.6,539.0,30.2,6.0,41.0,4.0,0.0,121.333336,Islamabad,20,0,12,152.36842,162.83333,127.55158042907715,8.465475472211772,-0.20368451
2025-12-22 21:00:00+00:00,28.4,26.3,573.0,16.8,3.7,54.0,4.0,0.0,119.614586,Islamabad,21,0,12,151.0921,163.1908,126.2400172551473,6.965234468444958,-0.2083333
2025-12-22 22:00:00+00:00,24.2,22.1,481.0,8.6,2.9,61.0,4.0,0.0,117.61458,Islamabad,22,0,12,148.625,163.76755,124.94791634877522,5.3123132157457045,-0.20864876
2025-12-22 23:00:00+00:00,21.7,20.0,401.0,3.9,3.0,63.0,3.0,0.0,115.791664,Islamabad,23,0,12,142.22916,164.39912,123.84635416666667,4.197041407299448,-0.18587956
2025-12-23 00:00:00+00:00,21.4,19.7,485.0,3.2,3.0,73.0,3.0,0.0,113.96874,Islamabad,0,1,12,136.60416,165.02632,122.90321191151936,3.721885218072277,-0.16570078
2025-12-23 01:00:00+00:00,22.0,20.1,943.0,13.6,4.4,63.0,3.0,0.0,112.614586,Islamabad,1,1,12,131.86458,165.6557,122.10112889607747,3.7804734429814704,-0.14598304
2025-12-23 02:00:00+00:00,27.8,25.7,1565.0,27.7,6.3,49.0,3.0,0.0,111.135414,Islamabad,2,1,12,127.80207,166.2171,121.40668487548828,4.19568946210252,-0.13040991
2025-12-23 03:00:00+00:00,36.9,34.8,1880.0,36.4,8.0,43.0,4.0,0.2,109.75,Islamabad,3,1,12,124.760414,166.40132,120.78125095367432,4.755456416073704,-0.12031392
2025-12-23 04:00:00+00:00,42.6,40.6,1575.0,34.5,9.2,51.0,6.0,0.75,108.854164,Islamabad,4,1,12,122.979164,165.99124,120.19270928700765,5.312994073552252,-0.114856854
2025-12-23 05:00:00+00:00,42.0,39.0,962.0,27.2,10.2,67.0,9.0,1.5,108.34374,Islamabad,5,1,12,122.822914,165.17763,119.58941046396892,5.8009992048432615,-0.117886566
2025-12-23 06:00:00+00:00,35.5,29.7,505.0,20.5,11.2,82.0,11.0,2.25,107.94791,Islamabad,6,1,12,123.01042,164.62062,118.96180566151936,6.2148300908691505,-0.1224491
2025-12-23 07:00:00+00:00,32.9,26.9,393.0,15.1,12.3,94.0,12.0,2.6,107.135414,Islamabad,7,1,12,123.197914,164.31798,118.29253482818604,6.592233109434637,-0.13037965
2025-12-23 08:00:00+00:00,31.3,25.1,437.0,10.3,13.4,105.0,12.0,2.3,106.27083,Islamabad,8,1,12,123.62499,164.0,117.56944465637207,6.925256421725234,-0.14037748
2025-12-23 09:00:00+00:00,30.3,24.2,538.0,10.1,14.1,108.0,12.0,1.55,105.14582,Islamabad,9,1,12,124.46876,163.6513,116.76432228088379,7.205823868835875,-0.15524328
2025-12-23 10:00:00+00:00,28.9,23.3,709.0,16.5,14.1,100.0,10.0,0.75,103.78125,Islamabad,10,1,12,125.22918,163.32895,115.87065855662028,7.436656474966065,-0.17126942
2025-12-23 11:00:00+00:00,27.9,23.8,938.0,27.5,13.6,84.0,8.0,0.2,102.166664,Islamabad,11,1,12,125.85418,162.99342,114.88367875417073,7.623585956773407,-0.18821397
2025-12-23 12:00:00+00:00,32.1,28.8,1086.0,53.8,15.7,46.0,7.0,0.0,100.40624,Islamabad,12,1,12,126.55208,162.39035,113.7942689259847,7.75073497853317,-0.2066014
2025-12-23 13:00:00+00:00,40.3,37.3,1081.0,64.1,16.3,32.0,6.0,0.0,99.92907,Islamabad,13,1,12,124.98958,161.64035,112.7500810623169,7.86417428983256,-0.20050079
2025-12-23 14:00:00+00:00,48.2,45.3,996.0,78.2,17.1,13.0,6.0,0.0,99.37943,Islamabad,14,1,12,123.39585,160.61623,111.7493969599406,7.977820958401521,-0.19462906
2025-12-23 15:00:00+00:00,56.8,53.9,909.0,87.6,17.4,0.0,5.0,0.0,98.88297,Islamabad,15,1,12,122.03125,159.45175,110.78488540649414,8.079364526754741,-0.1896914
2025-12-23 16:00:00+00:00,63.8,60.8,850.0,88.6,17.1,0.0,5.0,0.0,98.14716,Islamabad,16,1,12,121.427086,158.29825,109.81488863627116,8.1433492571903,-0.19171935
2025-12-23 17:00:00+00:00,68.9,66.1,789.0,85.0,16.5,0.0,5.0,0.0,97.44681,Islamabad,17,1,12,121.93749,156.71492,108.7944434483846,8.09252380009038,-0.20084623
2025-12-23 18:00:00+00:00,68.9,66.4,722.0,78.8,15.3,2.0,5.0,0.0,97.40248,Islamabad,18,1,12,122.96876,155.12938,107.72918192545573,7.823811222085966,-0.20790872
2025-12-23 19:00:00+00:00,63.1,60.5,637.0,69.8,13.3,8.0,5.0,0.0,98.43972,Islamabad,19,1,12,122.4375,153.74562,106.72927443186443,7.383413922347549,-0.19600025
2025-12-23 20:00:00+00:00,57.4,54.8,545.0,58.3,10.8,17.0,5.0,0.0,100.104164,Islamabad,20,1,12,121.333336,152.36842,105.84472560882568,6.806888018611845,-0.1749657
2025-12-23 21:00:00+00:00,52.0,49.6,478.0,47.7,8.8,25.0,5.0,0.0,102.41667,Islamabad,21,1,12,119.614586,151.0921,105.12814585367839,6.169682141798862,-0.14377773
2025-12-23 22:00:00+00:00,47.6,45.3,415.0,37.5,7.5,33.0,5.0,0.0,104.843735,Islamabad,22,1,12,117.61458,148.625,104.59602737426758,5.5672520024348975,-0.10858215
2025-12-23 23:00:00+00:00,43.8,41.6,376.0,28.2,6.8,40.0,4.0,0.0,107.26041,Islamabad,23,1,12,115.791664,142.22916,104.24055830637614,5.071629604427219,-0.07367765
2025-12-24 00:00:00+00:00,40.6,39.3,453.0,20.9,6.3,53.0,2.0,0.0,109.5104,Islamabad,0,2,12,113.96874,136.60416,104.054793993632,4.772649754542675,-0.039119
2025-12-24 01:00:00+00:00,39.2,38.0,793.0,31.4,7.6,43.0,2.0,0.0,111.55207,Islamabad,1,2,12,112.614586,131.86458,104.01052252451579,4.694077448916887,-0.00943497
2025-12-24 02:00:00+00:00,43.3,42.1,1249.0,45.4,9.5,30.0,2.0,0.0,113.41665,Islamabad,2,2,12,111.135414,127.80207,104.10557397206624,4.864622282955985,0.020526623
2025-12-24 03:00:00+00:00,49.7,48.5,1476.0,52.7,11.1,27.0,2.0,0.25,115.12498,Islamabad,3,2,12,109.75,124.760414,104.32953135172527,5.244660156296287,0.048974734
2025-12-24 04:00:00+00:00,48.2,46.8,1234.0,46.9,11.9,42.0,3.0,0.85,116.55206,Islamabad,4,2,12,108.854164,122.979164,104.65027713775635,5.744931576505059,0.07071754
2025-12-24 05:00:00+00:00,44.4,42.8,763.0,34.3,12.4,67.0,5.0,1.75,117.19791,Islamabad,5,2,12,108.34374,122.822914,105.01920064290364,6.254154447440085,0.08172289
2025-12-24 06:00:00+00:00,29.8,26.8,438.0,23.8,13.1,88.0,6.0,2.55,117.59374,Islamabad,6,2,12,107.94791,123.01042,105.42111047108968,6.741491662006636,0.08935639
2025-12-24 07:00:00+00:00,26.2,23.2,414.0,16.9,14.1,103.0,6.0,2.85,117.29166,Islamabad,7,2,12,107.135414,123.197914,105.84428723653157,7.159579979610038,0.09479818
2025-12-24 08:00:00+00:00,23.5,20.8,536.0,12.1,15.3,114.0,5.0,2.5,116.906235,Islamabad,8,2,12,106.27083,123.62499,106.28742917378743,7.507799471700846,0.10007832
2025-12-24 09:00:00+00:00,22.4,20.0,713.0,13.9,16.4,115.0,4.0,1.7,116.45832,Islamabad,9,2,12,105.14582,124.46876,106.7587833404541,7.7830746845033145,0.10758868
2025-12-24 10:00:00+00:00,22.8,20.8,963.0,26.3,17.1,99.0,4.0,0.8,116.02082,Islamabad,10,2,12,103.78125,125.22918,107.26876544952393,7.978044473314432,0.11793624
2025-12-24 11:00:00+00:00,26.9,25.4,1268.0,45.3,17.6,72.0,3.0,0.2,115.7604,Islamabad,11,2,12,102.166664,125.85418,107.83517106374104,8.081939838334291,0.13305451
2025-12-24 12:00:00+00:00,33.4,33.3,1485.0,62.3,19.4,56.0,0.0,0.0,115.92706,Islamabad,12,2,12,100.40624,126.55208,108.48187192281087,8.082618740031469,0.15458024
2025-12-24 13:00:00+00:00,51.5,51.2,1551.0,74.5,21.2,39.0,0.0,0.0,116.39583,Islamabad,13,2,12,99.92907,124.98958,109.16798686981201,8.023722646482906,0.16478448
2025-12-24 14:00:00+00:00,66.1,65.7,1529.0,91.0,23.6,16.0,1.0,0.0,117.84375,Islamabad,14,2,12,99.37943,123.39585,109.93733342488606,7.929006986685402,0.18579616
2025-12-24 15:00:00+00:00,75.2,74.0,1459.0,101.8,24.5,0.0,1.0,0.0,119.96875,Islamabad,15,2,12,98.88297,122.03125,110.81590747833252,7.818304893326221,0.21323971
2025-12-24 16:00:00+00:00,78.2,76.4,1342.0,102.6,22.9,0.0,1.0,0.0,122.06249,Islamabad,16,2,12,98.14716,121.427086,111.8123795191447,7.655782527895669,0.24366806
2025-12-24 17:00:00+00:00,76.4,74.5,1177.0,97.6,19.8,0.0,1.0,0.0,123.687485,Islamabad,17,2,12,97.44681,121.93749,112.90574105580647,7.383916331002913,0.26928204
2025-12-24 18:00:00+00:00,69.6,68.2,1001.0,89.3,16.7,3.0,1.0,0.0,124.5625,Islamabad,18,2,12,97.40248,122.96876,114.03740851084392,6.9744998838985675,0.2788432
2025-12-24 19:00:00+00:00,58.7,58.0,796.0,76.8,13.7,13.0,1.0,0.0,124.74999,Islamabad,19,2,12,98.43972,122.4375,115.13366985321045,6.465401413384026,0.26727292
2025-12-24 20:00:00+00:00,50.1,49.1,579.0,60.9,10.5,27.0,2.0,0.0,124.48958,Islamabad,20,2,12,100.104164,121.333336,116.14972877502441,5.89141791763728,0.2436004
2025-12-24 21:00:00+00:00,44.9,43.9,443.0,47.0,8.2,38.0,2.0,0.0,123.895836,Islamabad,21,2,12,102.41667,119.614586,117.04469394683838,5.31807718230759,0.20972332
2025-12-24 22:00:00+00:00,42.1,40.9,378.0,35.6,6.9,45.0,2.0,0.0,123.30209,Islamabad,22,2,12,104.843735,117.61458,117.81379222869873,4.784849662726428,0.17605591
2025-12-24 23:00:00+00:00,39.9,38.8,393.0,26.1,6.4,49.0,2.0,0.0,122.84374,Islamabad,23,2,12,107.26041,115.791664,118.4630978902181,4.325798164803924,0.14528507
2025-12-25 00:00:00+00:00,37.4,36.3,607.0,18.8,5.8,47.0,2.0,0.0,122.552086,Islamabad,0,3,12,109.5104,113.96874,119.00650151570638,3.955570026786159,0.119090855
2025-12-25 01:00:00+00:00,36.4,35.4,1251.0,27.4,7.4,36.0,2.0,0.0,122.2396,Islamabad,1,3,12,111.55207,112.614586,119.45181528727214,3.6712477209627212,0.09580755
2025-12-25 02:00:00+00:00,42.4,41.3,2094.0,39.1,9.6,23.0,2.0,0.0,121.96876,Islamabad,2,3,12,113.41665,111.135414,119.80815315246582,3.469492513230775,0.07540435
2025-12-25 03:00:00+00:00,51.7,50.8,2563.0,45.7,11.5,18.0,2.0,0.2,121.88542,Islamabad,3,3,12,115.12498,109.75,120.08983834584554,3.3449396611187074,0.058722656
2025-12-25 04:00:00+00:00,53.0,51.9,2310.0,42.5,12.5,31.0,3.0,0.8,122.12501,Islamabad,4,3,12,116.55206,108.854164,120.3220443725586,3.2815046849563334,0.047815066
2025-12-25 05:00:00+00:00,50.1,48.8,1683.0,34.2,13.3,54.0,6.0,1.65,122.65625,Islamabad,5,3,12,117.19791,108.34374,120.5494753519694,3.244508142252548,0.04657373
2025-12-25 06:00:00+00:00,33.3,29.7,1155.0,27.4,14.6,73.0,7.0,2.4,123.28125,Islamabad,6,3,12,117.59374,107.94791,120.78645483652751,3.22689495121693,0.048365735
2025-12-25 07:00:00+00:00,28.9,24.9,824.0,21.9,17.2,87.0,7.0,2.7,123.58334,Islamabad,7,3,12,117.29166,107.135414,121.04860846201579,3.185941645092366,0.053641386
2025-12-25 08:00:00+00:00,28.4,24.4,593.0,17.9,20.3,97.0,7.0,2.35,123.760414,Islamabad,8,3,12,116.906235,106.27083,121.33419926961263,3.1046409516854774,0.058629718
2025-12-25 09:00:00+00:00,29.8,26.1,637.0,22.1,23.0,96.0,7.0,1.6,124.13542,Islamabad,9,3,12,116.45832,105.14582,121.65407848358154,2.973134817503723,0.06592145
2025-12-25 10:00:00+00:00,31.7,28.2,1198.0,41.8,24.5,76.0,6.0,0.8,124.77084,Islamabad,10,3,12,116.02082,103.78125,122.01866277058919,2.782708361310963,0.0754177
2025-12-25 11:00:00+00:00,38.1,35.4,2035.0,69.7,25.5,45.0,6.0,0.2,125.541664,Islamabad,11,3,12,115.7604,102.166664,122.4262154897054,2.5311881049402065,0.08449578
2025-12-25 12:00:00+00:00,38.3,38.0,2602.0,80.3,22.7,31.0,1.0,0.0,126.583336,Islamabad,12,3,12,115.92706,100.40624,122.87022686004639,2.2618784465957993,0.091922216
2025-12-25 13:00:00+00:00,58.8,58.3,2638.0,89.0,24.6,22.0,1.0,0.0,127.07292,Islamabad,13,3,12,116.39583,99.92907,123.31510575612386,1.9634149249820194,0.09173089
2025-12-25 14:00:00+00:00,72.9,71.7,2404.0,100.6,27.2,10.0,1.0,0.0,127.81251,Islamabad,14,3,12,117.84375,99.37943,123.73047065734863,1.8035613998218187,0.08459301
2025-12-25 15:00:00+00:00,81.0,78.5,2134.0,106.4,28.1,2.0,1.0,0.0,128.4375,Islamabad,15,3,12,119.96875,98.88297,124.08333524068196,1.8630554218911703,0.0705913
2025-12-25 16:00:00+00:00,85.7,83.4,1902.0,101.1,26.3,0.0,1.0,0.0,128.90625,Islamabad,16,3,12,122.06249,98.14716,124.36849180857341,2.054238408001566,0.056067653
2025-12-25 17:00:00+00:00,89.2,87.1,1635.0,90.0,22.9,2.0,1.0,0.0,129.63544,Islamabad,17,3,12,123.687485,97.44681,124.6163231531779,2.3112244748955675,0.048088554
2025-12-25 18:00:00+00:00,88.0,86.6,1349.0,80.4,19.3,4.0,1.0,0.0,130.9479,Islamabad,18,3,12,124.5625,97.40248,124.88238175710042,2.6477850096754088,0.051262673
2025-12-25 19:00:00+00:00,76.6,75.4,1009.0,75.2,15.5,4.0,1.0,0.0,132.86458,Islamabad,19,3,12,124.74999,98.43972,125.22048950195312,3.1082074733877794,0.06504679
2025-12-25 20:00:00+00:00,63.8,62.6,650.0,71.5,11.5,5.0,1.0,0.0,134.6771,Islamabad,20,3,12,124.48958,100.104164,125.64496930440266,3.6521028403838667,0.08183428
2025-12-25 21:00:00+00:00,54.4,53.3,396.0,67.2,8.5,5.0,1.0,0.0,136.08334,Islamabad,21,3,12,123.895836,102.41667,126.15278212229411,4.203941650577381,0.09836899
2025-12-25 22:00:00+00:00,49.5,48.5,245.0,60.8,6.7,5.0,1.0,0.0,137.0625,Islamabad,22,3,12,123.30209,104.843735,126.7261323928833,4.706553571674608,0.11159913
2025-12-25 23:00:00+00:00,48.2,47.4,200.0,53.9,5.9,6.0,1.0,0.0,137.85417,Islamabad,23,3,12,122.84374,107.26041,127.35156695048015,5.145112228815976,0.12219124
2025-12-26 00:00:00+00:00,37.8,37.0,388.0,25.7,7.1,38.0,2.0,0.0,138.75,Islamabad,0,4,12,122.552086,109.5104,128.02648003896078,5.53572276275551,0.13217168
2025-12-26 01:00:00+00:00,37.7,36.8,1049.0,36.3,9.0,29.0,2.0,0.0,138.82292,Islamabad,1,4,12,122.2396,111.55207,128.71745173136392,5.810162726016306,0.13566242
2025-12-26 02:00:00+00:00,43.9,43.0,1944.0,50.3,11.6,18.0,2.0,0.0,138.96877,Islamabad,2,4,12,121.96876,113.41665,129.4257853825887,5.985259684333126,0.13938002
2025-12-26 03:00:00+00:00,53.2,52.2,2487.0,57.2,14.4,17.0,2.0,0.2,139.14583,Islamabad,3,4,12,121.88542,115.12498,130.14496898651123,6.0761308431006755,0.14161174
2025-12-26 04:00:00+00:00,52.4,51.5,2346.0,50.0,17.0,37.0,2.0,0.8,139.29166,Islamabad,4,4,12,122.12501,116.55206,130.86024602254233,6.101349177208176,0.1405662
2025-12-26 05:00:00+00:00,48.1,46.9,1851.0,35.6,19.7,69.0,3.0,1.65,139.25,Islamabad,5,4,12,122.65625,117.19791,131.55165227254233,6.071379828823627,0.13528663
2025-12-26 06:00:00+00:00,21.2,19.7,1412.0,24.3,22.7,94.0,3.0,2.45,139.05208,Islamabad,6,4,12,123.28125,117.59374,132.20877011617026,5.990251366556446,0.1279256
2025-12-26 07:00:00+00:00,18.9,17.5,1093.0,18.0,26.4,109.0,3.0,2.75,138.0104,Islamabad,7,4,12,123.58334,117.29166,132.80989774068198,5.808165381762204,0.11673954
2025-12-26 08:00:00+00:00,19.8,18.5,830.0,14.7,30.3,118.0,2.0,2.45,137.23958,Islamabad,8,4,12,123.760414,116.906235,133.3715295791626,5.540595813461961,0.10891337
2025-12-26 09:00:00+00:00,21.2,20.0,830.0,19.1,33.1,116.0,2.0,1.65,136.62498,Islamabad,9,4,12,124.13542,116.45832,133.89192803700766,5.212186300279519,0.1006124
2025-12-26 10:00:00+00:00,22.7,21.7,1335.0,36.4,33.8,97.0,2.0,0.8,135.98958,Islamabad,10,4,12,124.77084,116.02082,134.35937531789145,4.849025742543675,0.08991472
2025-12-26 11:00:00+00:00,27.7,27.0,2103.0,61.3,33.4,68.0,1.0,0.2,135.31248,Islamabad,11,4,12,125.541664,115.7604,134.76649284362793,4.472032314692475,0.07782931
2025-12-26 12:00:00+00:00,46.1,45.5,2624.0,75.1,29.0,49.0,1.0,0.0,134.43748,Islamabad,12,4,12,126.583336,115.92706,135.09374904632568,4.120745758768303,0.062047258
2025-12-26 13:00:00+00:00,70.1,69.4,2666.0,87.6,30.8,35.0,1.0,0.0,135.21873,Islamabad,13,4,12,127.07292,116.39583,135.4331579208374,3.750186886522611,0.064103454
2025-12-26 14:00:00+00:00,87.3,86.1,2461.0,104.3,33.1,15.0,2.0,0.0,136.37502,Islamabad,14,4,12,127.81251,117.84375,135.78992907206217,3.3829988459220854,0.06699272
2025-12-26 15:00:00+00:00,98.5,95.5,2186.0,113.6,33.4,1.0,2.0,0.0,137.87502,Islamabad,15,4,12,128.4375,119.96875,136.18315887451172,3.0202643585006586,0.07347944
2025-12-26 16:00:00+00:00,104.3,100.8,1867.0,108.6,30.0,0.0,2.0,0.0,139.64584,Islamabad,16,4,12,128.90625,122.06249,136.63064193725586,2.670587968023281,0.08331321
2025-12-26 17:00:00+00:00,103.4,101.0,1480.0,96.1,24.6,0.0,1.0,0.0,141.45834,Islamabad,17,4,12,129.63544,123.687485,137.12326304117838,2.4009646559554176,0.09120119
2025-12-26 18:00:00+00:00,96.2,94.5,1128.0,85.1,19.5,2.0,1.0,0.0,142.90627,Islamabad,18,4,12,130.9479,124.5625,137.6215279897054,2.3025144532605144,0.0913215
2025-12-26 19:00:00+00:00,83.1,81.7,829.0,79.8,15.2,2.0,1.0,0.0,143.72917,Islamabad,19,4,12,132.86458,124.74999,138.07421938578287,2.392857197490633,0.08177193
2025-12-26 20:00:00+00:00,70.1,68.7,566.0,76.0,11.2,2.0,1.0,0.0,144.3854,Islamabad,20,4,12,134.6771,124.48958,138.47873242696127,2.6048123300124533,0.07208585
2025-12-26 21:00:00+00:00,58.4,57.0,390.0,70.1,8.3,5.0,1.0,0.0,145.02083,Islamabad,21,4,12,136.08334,123.895836,138.85112762451172,2.872576033396358,0.065676555
2025-12-26 22:00:00+00:00,48.4,47.0,273.0,57.8,6.9,15.0,1.0,0.0,145.40623,Islamabad,22,4,12,137.0625,123.30209,139.19878323872885,3.139221967176659,0.0608754
2025-12-26 23:00:00+00:00,40.9,39.7,243.0,43.4,6.5,29.0,2.0,0.0,145.24998,Islamabad,23,4,12,137.85417,122.84374,139.50694211324057,3.356942248865588,0.05364954
2025-12-27 00:00:00+00:00,28.9,28.4,437.0,17.0,5.5,53.0,1.0,0.0,144.4479,Islamabad,0,5,12,138.75,122.552086,139.74435488382974,3.4995392300069343,0.04106599
2025-12-27 01:00:00+00:00,29.5,29.0,1118.0,26.7,7.1,44.0,1.0,0.0,143.55206,Islamabad,1,5,12,138.82292,122.2396,139.94140243530273,3.5776696156261245,0.034065995
2025-12-27 02:00:00+00:00,35.5,34.9,2023.0,40.0,9.4,32.0,1.0,0.0,142.73956,Islamabad,2,5,12,138.96877,121.96876,140.0985190073649,3.6156951451254145,0.02713414
2025-12-27 03:00:00+00:00,44.7,43.9,2500.0,48.6,11.1,28.0,1.0,0.25,141.89583,Islamabad,3,5,12,139.14583,121.88542,140.21310234069824,3.6277456075953682,0.019763438
2025-12-27 04:00:00+00:00,49.6,48.5,2121.0,48.4,11.3,38.0,1.0,0.85,141.03125,Islamabad,4,5,12,139.29166,122.12501,140.28558540344238,3.6259127218439158,0.012488857
2025-12-27 05:00:00+00:00,46.7,45.6,1314.0,43.5,10.9,55.0,2.0,1.7,140.71877,Islamabad,5,5,12,139.25,122.65625,140.34678395589194,3.620064327313441,0.010547685
2025-12-27 06:00:00+00:00,34.5,33.2,705.0,38.7,11.6,70.0,2.0,2.5,140.58334,Islamabad,6,5,12,139.05208,123.28125,140.41058667500815,3.6097326803375815,0.011012171
2025-12-27 07:00:00+00:00,25.2,23.7,488.0,32.6,14.3,84.0,2.0,2.8,141.9896,Islamabad,7,5,12,138.0104,123.58334,140.57638613382974,3.5860027471471887,0.028832514
2025-12-27 08:00:00+00:00,25.4,23.9,470.0,26.6,18.1,95.0,2.0,2.4,142.63542,Islamabad,8,5,12,137.23958,123.760414,140.80121294657388,3.5365100192180168,0.039316963
2025-12-27 09:00:00+00:00,27.2,25.8,699.0,28.8,21.3,96.0,2.0,1.6,143.1979,Islamabad,9,5,12,136.62498,124.13542,141.0750846862793,3.452547213988978,0.048109222
2025-12-27 10:00:00+00:00,29.5,28.3,1356.0,46.6,23.1,77.0,2.0,0.8,143.80208,Islamabad,10,5,12,135.98958,124.77084,141.40060551961264,3.3178887912664767,0.057449255
2025-12-27 11:00:00+00:00,38.8,37.8,2260.0,72.7,24.4,47.0,2.0,0.2,144.4896,Islamabad,11,5,12,135.31248,125.541664,141.782985051473,3.1079167657939917,0.0678216
2025-12-27 12:00:00+00:00,57.2,56.1,2917.0,93.9,25.0,15.0,2.0,0.0,145.6146,Islamabad,12,5,12,134.43748,126.583336,142.24869791666666,2.779426727908442,0.08313982
2025-12-27 13:00:00+00:00,75.7,73.8,3130.0,100.5,27.9,10.0,2.0,0.0,146.71877,Islamabad,13,5,12,135.21873,127.07292,142.72786585489908,2.4911196313391346,0.08504761
2025-12-27 14:00:00+00:00,88.5,85.2,3097.0,109.2,31.7,4.0,2.0,0.0,147.17711,Islamabad,14,5,12,136.37502,127.81251,143.1779530843099,2.2583732009660675,0.07920874
2025-12-27 15:00:00+00:00,96.9,93.6,2912.0,112.5,33.2,0.0,2.0,0.0,147.08336,Islamabad,15,5,12,137.87502,128.4375,143.5616340637207,2.0945448455758977,0.066787615
2025-12-27 16:00:00+00:00,107.6,104.8,2537.0,105.7,30.6,0.0,2.0,0.0,146.88542,Islamabad,16,5,12,139.64584,128.90625,143.86328315734863,2.026284383088132,0.051842418
2025-12-27 17:00:00+00:00,113.6,111.5,2011.0,93.6,25.7,1.0,1.0,0.0,147.3021,Islamabad,17,5,12,141.45834,129.63544,144.10677274068198,2.075245850909467,0.04131075
2025-12-27 18:00:00+00:00,108.7,107.3,1550.0,83.1,20.7,2.0,1.0,0.0,148.39584,Islamabad,18,5,12,142.90627,130.9479,144.33550516764322,2.2336566638845032,0.038413838
2025-12-27 19:00:00+00:00,93.8,92.9,1213.0,77.3,16.0,2.0,1.0,0.0,149.72917,Islamabad,19,5,12,143.72917,132.86458,144.58550516764322,2.484526961731211,0.04174518
2025-12-27 20:00:00+00:00,76.8,75.9,941.0,73.1,11.3,2.0,1.0,0.0,150.1886,Islamabad,20,5,12,144.3854,134.6771,144.8273048400879,2.734064612990132,0.040192373
2025-12-27 21:00:00+00:00,61.9,61.2,771.0,68.0,7.8,5.0,1.0,0.0,150.3465,Islamabad,21,5,12,145.02083,136.08334,145.04920768737793,2.9574501303608693,0.036723472
2025-12-27 22:00:00+00:00,51.0,50.2,711.0,59.4,6.0,12.0,1.0,0.0,150.4386,Islamabad,22,5,12,145.40623,137.0625,145.25888951619467,3.1556204548988154,0.034608997
2025-12-27 23:00:00+00:00,42.7,41.9,753.0,49.8,5.3,22.0,1.0,0.0,150.50877,Islamabad,23,5,12,145.24998,137.85417,145.47800572713217,3.3325897377097964,0.03620509
2025-12-28 00:00:00+00:00,27.8,26.7,910.0,23.2,5.3,53.0,1.0,0.0,150.55702,Islamabad,0,6,12,144.4479,138.75,145.7325522104899,3.480515948867369,0.042292863
2025-12-28 01:00:00+00:00,27.0,26.0,1303.0,32.4,6.7,42.0,1.0,0.0,150.51973,Islamabad,1,6,12,143.55206,138.82292,146.02287165323892,3.5799045674201673,0.04853756
2025-12-28 02:00:00+00:00,31.5,30.7,1810.0,44.7,8.7,27.0,1.0,0.0,150.45393,Islamabad,2,6,12,142.73956,138.96877,146.34430376688638,3.618407246871424,0.054045077
2025-12-28 03:00:00+00:00,40.7,39.7,2080.0,51.6,11.3,22.0,1.0,0.2,150.36183,Islamabad,3,6,12,141.89583,139.14583,146.69705390930176,3.5783239041394186,0.05966351
2025-12-28 04:00:00+00:00,47.6,46.7,1871.0,48.1,14.7,33.0,1.0,0.75,150.26973,Islamabad,4,6,12,141.03125,139.29166,147.08199055989584,3.436426945575274,0.065506615
2025-12-28 05:00:00+00:00,54.5,53.6,1424.0,39.2,18.6,53.0,2.0,1.6,150.23026,Islamabad,5,6,12,140.71877,139.25,147.478302637736,3.211792867467682,0.067592196
2025-12-28 06:00:00+00:00,32.2,30.2,1110.0,31.2,22.1,73.0,2.0,2.4,150.4057,Islamabad,6,6,12,140.58334,139.05208,147.8875675201416,2.9062777686319663,0.06986857
2025-12-28 07:00:00+00:00,30.9,29.7,968.0,22.6,24.7,97.0,2.0,2.7,150.33992,Islamabad,7,6,12,141.9896,138.0104,148.23549779256186,2.6587915268511937,0.058809426
2025-12-28 08:00:00+00:00,30.9,29.7,959.0,14.8,26.9,121.0,2.0,2.35,150.47148,Islamabad,8,6,12,142.63542,137.23958,148.5620002746582,2.4107660934191504,0.054937683
2025-12-28 09:00:00+00:00,31.4,30.5,1334.0,18.6,29.1,127.0,2.0,1.55,150.59868,Islamabad,9,6,12,143.1979,136.62498,148.87036577860513,2.1545064628831203,0.051682126
2025-12-28 10:00:00+00:00,32.9,32.1,2488.0,44.2,31.2,100.0,2.0,0.75,150.70175,Islamabad,10,6,12,143.80208,135.98958,149.15785217285156,1.8933123716932074,0.047980346
2025-12-28 11:00:00+00:00,43.9,43.2,4026.0,81.4,33.4,55.0,1.0,0.2,150.7851,Islamabad,11,6,12,144.4896,135.31248,149.42016474405924,1.6372089405048322,0.043570623
2025-12-28 12:00:00+00:00,79.2,78.2,5018.0,105.8,39.1,9.0,2.0,0.0,150.9035,Islamabad,12,6,12,145.6146,134.43748,149.64053599039713,1.4476790892499287,0.03632129
2025-12-28 13:00:00+00:00,103.4,101.0,4996.0,107.3,43.2,7.0,2.0,0.0,151.38815,Islamabad,13,6,12,146.71877,135.21873,149.83509381612143,1.3482964206824744,0.03182543
2025-12-28 14:00:00+00:00,115.5,111.8,4428.0,109.0,48.6,3.0,2.0,0.0,151.98465,Islamabad,14,6,12,147.17711,136.37502,150.03540802001953,1.2921916255145782,0.032665003
2025-12-28 15:00:00+00:00,127.1,121.5,3790.0,108.0,51.1,1.0,2.0,0.0,152.56798,Islamabad,15,6,12,147.08336,137.87502,150.26393381754556,1.230948732490644,0.037289187
2025-12-28 16:00:00+00:00,137.8,133.2,3193.0,102.4,48.4,0.0,2.0,0.0,153.17982,Islamabad,16,6,12,146.88542,139.64584,150.52620061238608,1.1475430026376503,0.04285247
2025-12-28 17:00:00+00:00,144.4,139.7,2527.0,94.0,42.8,0.0,2.0,0.0,153.80263,Islamabad,17,6,12,147.3021,141.45834,150.79705619812012,1.1203078897159167,0.04413063
2025-12-28 18:00:00+00:00,142.5,138.3,1935.0,85.8,36.6,1.0,2.0,0.0,154.42105,Islamabad,18,6,12,148.39584,142.90627,151.04810651143393,1.2286781610212216,0.040602267
2025-12-28 19:00:00+00:00,130.9,126.7,1447.0,78.6,29.7,2.0,2.0,0.0,155.10088,Islamabad,19,6,12,149.72917,143.72917,151.27192751566568,1.4477118495106773,0.035876136
2025-12-28 20:00:00+00:00,113.4,110.1,1033.0,71.5,22.1,3.0,2.0,0.0,155.8421,Islamabad,20,6,12,150.1886,144.3854,151.50749015808105,1.7014845230596432,0.037642695
2025-12-28 21:00:00+00:00,94.1,91.3,747.0,64.9,16.3,4.0,2.0,0.0,156.5921,Islamabad,21,6,12,150.3465,145.02083,151.76772371927896,1.9722663663217408,0.04154141
2025-12-28 22:00:00+00:00,79.2,76.8,579.0,58.0,13.2,7.0,2.0,0.0,157.2522,Islamabad,22,6,12,150.4386,145.40623,152.05162366231283,2.2442650833027327,0.045291558
2025-12-28 23:00:00+00:00,67.8,65.7,539.0,51.5,11.8,10.0,1.0,0.0,157.83553,Islamabad,23,6,12,150.50877,145.24998,152.3569049835205,2.5080835145049014,0.0486799
2025-12-29 00:00:00+00:00,45.2,43.3,706.0,40.1,7.4,18.0,2.0,0.0,158.35745,Islamabad,0,0,12,150.55702,144.4479,152.68192291259766,2.7576992470525887,0.051810473
2025-12-29 01:00:00+00:00,38.5,36.2,1286.0,44.8,8.7,16.0,2.0,0.0,158.7215,Islamabad,1,0,12,150.51973,143.55206,153.02366320292154,2.977534099245194,0.054489646
2025-12-29 02:00:00+00:00,40.3,37.6,2074.0,51.1,10.5,14.0,2.0,0.0,158.94518,Islamabad,2,0,12,150.45393,142.73956,153.37746493021646,3.1579292378295345,0.056437485
2025-12-29 03:00:00+00:00,46.6,44.1,2531.0,54.4,11.9,16.0,3.0,0.15,159.0965,Islamabad,3,0,12,150.36183,141.89583,153.7414093017578,3.295598115185718,0.05809097
2025-12-29 04:00:00+00:00,52.4,50.4,2338.0,52.0,12.3,27.0,4.0,0.6,159.19298,Islamabad,4,0,12,150.26973,141.03125,154.11321131388345,3.388930819362,0.05938154
2025-12-29 05:00:00+00:00,56.6,54.1,1813.0,46.6,12.2,42.0,6.0,1.3,159.27412,Islamabad,5,0,12,150.23026,140.71877,154.49003918965658,3.4408118911641647,0.06020005
2025-12-29 06:00:00+00:00,42.7,37.3,1377.0,41.2,13.1,57.0,8.0,1.95,159.2851,Islamabad,6,0,12,150.4057,140.58334,154.860013961792,3.45987482874137,0.05903629
2025-12-29 07:00:00+00:00,35.6,29.7,1094.0,33.9,15.6,73.0,9.0,2.25,159.4408,Islamabad,7,0,12,150.33992,141.9896,155.23921712239584,3.441613065558254,0.060535323
2025-12-29 08:00:00+00:00,34.1,28.5,899.0,26.6,19.0,89.0,10.0,2.05,159.4408,Islamabad,8,0,12,150.47148,142.63542,155.61293856302896,3.3879456757085653,0.05960807
2025-12-29 09:00:00+00:00,34.0,28.9,1019.0,28.3,22.1,92.0,10.0,1.45,159.41447,Islamabad,9,0,12,150.59868,143.1979,155.98026339213052,3.297355048790197,0.058538336
2025-12-29 10:00:00+00:00,36.0,31.2,1715.0,46.9,24.2,73.0,9.0,0.7,159.3794,Islamabad,10,0,12,150.70175,143.80208,156.34183184305826,3.166554171251781,0.057581566
2025-12-29 11:00:00+00:00,46.6,43.0,2725.0,74.6,26.0,42.0,7.0,0.2,159.35965,Islamabad,11,0,12,150.7851,144.4896,156.6991049448649,2.9912113810100225,0.05686606
2025-12-29 12:00:00+00:00,87.1,82.0,3490.0,107.8,40.6,13.0,8.0,0.0,159.35526,Islamabad,12,0,12,150.9035,145.6146,157.0512612660726,2.768446009218068,0.056007657
2025-12-29 13:00:00+00:00,91.5,86.6,3807.0,114.4,43.5,9.0,7.0,0.0,159.4386,Islamabad,13,0,12,151.38815,146.71877,157.38669649759927,2.5298816633254604,0.053177513
2025-12-29 14:00:00+00:00,96.6,92.0,3879.0,123.1,47.3,4.0,6.0,0.0,159.1228,Islamabad,14,0,12,151.98465,147.17711,157.6841195424398,2.2738191573514546,0.046966277
2025-12-29 15:00:00+00:00,99.9,94.5,3748.0,127.2,48.8,0.0,5.0,0.0,158.6886,Islamabad,15,0,12,152.56798,147.08336,157.93914540608725,2.0020531666932873,0.040117335
2025-12-29 16:00:00+00:00,102.2,96.2,3343.0,123.4,46.5,0.0,6.0,0.0,158.0965,Islamabad,16,0,12,153.17982,146.88542,158.14400672912598,1.726461314868093,0.032097384
2025-12-29 17:00:00+00:00,115.5,107.3,2736.0,115.1,42.0,0.0,7.0,0.0,157.28508,Islamabad,17,0,12,153.80263,147.3021,158.28910891215006,1.473538334684522,0.022642346
2025-12-29 18:00:00+00:00,124.3,116.4,2187.0,105.0,36.3,0.0,8.0,0.0,156.57455,Islamabad,18,0,12,154.42105,148.39584,158.3788382212321,1.2807070564880132,0.01394566
2025-12-29 19:00:00+00:00,119.7,113.2,1772.0,93.7,28.9,1.0,7.0,0.0,156.0943,Islamabad,19,0,12,155.10088,149.72917,158.42023086547852,1.1824404257505945,0.006405015
2025-12-29 20:00:00+00:00,102.9,98.7,1415.0,80.8,20.3,3.0,6.0,0.0,155.79825,Islamabad,20,0,12,155.8421,150.1886,158.41840362548828,1.1866241409727423,-0.00028139868
2025-12-29 21:00:00+00:00,77.5,73.6,1143.0,67.6,13.6,7.0,5.0,0.0,155.54823,Islamabad,21,0,12,156.5921,150.3465,158.3749090830485,1.2724995392827758,-0.0066661662
2025-12-29 22:00:00+00:00,60.5,55.9,887.0,52.4,10.1,16.0,5.0,0.0,155.16008,Islamabad,22,0,12,157.2522,150.4386,158.28773752848306,1.4162893673027355,-0.013304217
2025-12-29 23:00:00+00:00,52.5,48.4,717.0,37.0,8.4,27.0,6.0,0.0,154.70175,Islamabad,23,0,12,157.83553,150.50877,158.15716361999512,1.5932022395580845,-0.01985468
2025-12-30 00:00:00+00:00,53.4,48.8,861.0,32.2,9.4,29.0,8.0,0.0,154.32236,Islamabad,0,1,12,158.35745,150.55702,157.98903465270996,1.773818726546367,-0.02548093
2025-12-30 01:00:00+00:00,45.9,41.7,1631.0,36.3,9.3,26.0,8.0,0.0,154.44298,Islamabad,1,1,12,158.7215,150.51973,157.81076304117838,1.9070035187894687,-0.02695614
2025-12-30 02:00:00+00:00,42.7,38.5,2716.0,42.1,9.2,21.0,7.0,0.0,154.5636,Islamabad,2,1,12,158.94518,150.45393,157.62819735209146,2.001092049144948,-0.027566591
2025-12-30 03:00:00+00:00,45.1,41.2,3416.0,46.8,9.4,18.0,7.0,0.15,154.58333,Islamabad,3,1,12,159.0965,150.36183,157.4401486714681,2.0680501826991726,-0.02836749
2025-12-30 04:00:00+00:00,46.0,41.9,3361.0,49.7,10.3,16.0,7.0,0.5,154.51973,Islamabad,4,1,12,159.19298,150.26973,157.24542999267578,2.115302365596622,-0.029355869
2025-12-30 05:00:00+00:00,47.7,44.1,2921.0,51.5,11.5,15.0,7.0,0.75,154.33333,Islamabad,5,1,12,159.27412,150.23026,157.03956349690756,2.1494305264496956,-0.031020707
2025-12-30 06:00:00+00:00,50.9,47.4,2511.0,52.5,12.5,16.0,7.0,1.05,154.11403,Islamabad,6,1,12,159.2851,150.4057,156.8241024017334,2.173590124975574,-0.03246422
2025-12-30 07:00:00+00:00,56.5,52.2,2225.0,51.4,12.8,22.0,9.0,1.4,154.33553,Islamabad,7,1,12,159.4408,150.33992,156.61138280232748,2.1561166957170914,-0.03201985
2025-12-30 08:00:00+00:00,55.4,50.4,1968.0,49.3,12.9,30.0,11.0,1.5,154.82895,Islamabad,8,1,12,159.4408,150.47148,156.41922251383463,2.097706612864122,-0.028925138
2025-12-30 09:00:00+00:00,50.6,44.5,1875.0,49.9,13.4,33.0,12.0,1.1,155.30922,Islamabad,9,1,12,159.41447,150.59868,156.24817021687826,2.008318992841154,-0.025752084
2025-12-30 10:00:00+00:00,49.5,43.4,2052.0,56.1,14.7,28.0,11.0,0.55,155.65132,Islamabad,10,1,12,159.3794,150.70175,156.09283383687338,1.8966732486380953,-0.023391187
2025-12-30 11:00:00+00:00,55.9,50.6,2392.0,64.9,16.4,18.0,10.0,0.1,155.91885,Islamabad,11,1,12,159.35965,150.7851,155.94946734110513,1.7644359251911053,-0.021591388
2025-12-30 12:00:00+00:00,81.5,72.4,2708.0,85.9,25.3,6.0,17.0,0.0,156.08553,Islamabad,12,1,12,159.35526,150.9035,155.81322860717773,1.609456330638041,-0.020518493
2025-12-30 13:00:00+00:00,93.6,84.1,3019.0,85.1,24.6,4.0,17.0,0.0,155.875,Islamabad,13,1,12,159.4386,151.38815,155.66474533081055,1.412820425015676,-0.022350915
2025-12-30 14:00:00+00:00,93.8,85.4,3307.0,83.9,23.7,2.0,16.0,0.0,155.82016,Islamabad,14,1,12,159.1228,151.98465,155.52713521321616,1.2072413998981368,-0.020755308
2025-12-30 15:00:00+00:00,92.7,84.8,3329.0,82.0,22.9,0.0,15.0,0.0,155.67543,Islamabad,15,1,12,158.6886,152.56798,155.40158653259277,1.003683921213899,-0.018987931
2025-12-30 16:00:00+00:00,95.7,88.0,2881.0,79.0,22.8,0.0,14.0,0.0,155.46272,Islamabad,16,1,12,158.0965,153.17982,155.29184595743814,0.8241448302729079,-0.01665928
2025-12-30 17:00:00+00:00,98.7,90.8,2167.0,75.3,22.8,1.0,12.0,0.0,155.2829,Islamabad,17,1,12,157.28508,153.80263,155.20842170715332,0.7065533577766272,-0.012729637
2025-12-30 18:00:00+00:00,103.8,96.6,1558.0,71.5,21.7,3.0,10.0,0.0,154.92105,Islamabad,18,1,12,156.57455,154.42105,155.13952573140463,0.6455314431530728,-0.0105604865
2025-12-30 19:00:00+00:00,93.1,87.3,1184.0,68.0,18.5,5.0,8.0,0.0,154.48685,Islamabad,19,1,12,156.0943,155.10088,155.07254854838052,0.6252333063128512,-0.010297957
2025-12-30 20:00:00+00:00,78.7,74.3,914.0,64.4,14.3,8.0,6.0,0.0,153.91887,Islamabad,20,1,12,155.79825,155.8421,154.99424107869467,0.6476798294547911,-0.0120629035
2025-12-30 21:00:00+00:00,67.8,64.0,726.0,60.9,10.9,10.0,5.0,0.0,153.38377,Islamabad,21,1,12,155.54823,156.5921,154.9040552775065,0.7144394270625293,-0.013915036
2025-12-30 22:00:00+00:00,57.6,54.0,547.0,56.8,8.8,13.0,5.0,0.0,153.17325,Islamabad,22,1,12,155.16008,157.2522,154.82127062479654,0.7941473415674877,-0.012805044
2025-12-30 23:00:00+00:00,49.5,46.1,450.0,52.7,7.6,15.0,5.0,0.0,153.13158,Islamabad,23,1,12,154.70175,157.83553,154.75584665934244,0.8658613266825071,-0.010149692
2025-12-31 00:00:00+00:00,35.7,32.9,630.0,30.9,6.5,32.0,4.0,0.0,153.08115,Islamabad,0,2,12,154.32236,158.35745,154.70412953694662,0.9277363933402546,-0.008042975
2025-12-31 01:00:00+00:00,32.0,29.8,1419.0,36.5,8.1,25.0,4.0,0.0,152.73245,Islamabad,1,2,12,154.44298,158.7215,154.63285764058432,1.0106687185048595,-0.01107545
2025-12-31 02:00:00+00:00,36.8,34.8,2485.0,44.4,10.4,15.0,4.0,0.0,152.4715,Islamabad,2,2,12,154.5636,158.94518,154.54568672180176,1.1029149776899965,-0.0135355415
2025-12-31 03:00:00+00:00,47.3,44.8,3026.0,50.5,12.7,8.0,4.0,0.15,152.39035,Islamabad,3,2,12,154.58333,159.0965,154.45431264241537,1.1872762030513582,-0.01418638
2025-12-31 04:00:00+00:00,53.2,50.1,2487.0,53.0,14.7,6.0,4.0,0.4,152.4693,Islamabad,4,2,12,154.51973,159.19298,154.36887804667154,1.254248273638331,-0.013269699
2025-12-31 05:00:00+00:00,61.7,58.7,1423.0,53.9,16.7,8.0,3.0,0.65,152.64912,Islamabad,5,2,12,154.33333,159.27412,154.2987028757731,1.302510806363095,-0.0109127695
2025-12-31 06:00:00+00:00,71.0,67.5,692.0,54.9,18.3,10.0,5.0,0.7,152.9693,Islamabad,6,2,12,154.11403,159.2851,154.25100580851236,1.3302320871084974,-0.0074278093
2025-12-31 07:00:00+00:00,81.5,74.5,683.0,56.5,19.3,15.0,10.0,0.65,153.4101,Islamabad,7,2,12,154.33553,159.4408,154.21244621276855,1.3410444203023697,-0.0059962235
2025-12-31 08:00:00+00:00,75.0,60.3,1007.0,58.4,20.1,21.0,17.0,0.65,153.89912,Islamabad,8,2,12,154.82895,159.4408,154.173703511556,1.3358806620271524,-0.006005497
2025-12-31 09:00:00+00:00,78.5,66.1,1355.0,61.2,21.2,23.0,22.0,0.45,154.11623,Islamabad,9,2,12,155.30922,159.41447,154.12399546305338,1.3138043056237858,-0.007681406
2025-12-31 10:00:00+00:00,71.0,60.5,1691.0,66.3,23.3,18.0,22.0,0.2,154.58992,Islamabad,10,2,12,155.65132,159.3794,154.07977040608725,1.2775196919679268,-0.0068190964
2025-12-31 11:00:00+00:00,68.0,58.9,2050.0,72.5,25.7,10.0,19.0,0.05,154.9649,Islamabad,11,2,12,155.91885,159.35965,154.04002253214517,1.2318353009804626,-0.00611824
2025-12-31 12:00:00+00:00,70.8,64.0,2233.0,71.0,28.3,6.0,13.0,0.0,155.14693,Islamabad,12,2,12,156.08553,159.35526,154.00091425577799,1.1777847042117546,-0.0060133613
2025-12-31 13:00:00+00:00,88.7,81.3,2112.0,71.5,29.3,4.0,13.0,0.0,154.96272,Islamabad,13,2,12,155.875,159.4386,153.96290270487467,1.1283552439997206,-0.0058526206
2025-12-31 14:00:00+00:00,104.1,95.7,1815.0,72.2,30.7,2.0,14.0,0.0,154.9013,Islamabad,14,2,12,155.82016,159.1228,153.92461713155112,1.0770185428265715,-0.0058968863
2025-12-31 15:00:00+00:00,99.4,91.0,1524.0,72.0,30.9,1.0,14.0,0.0,155.1272,Islamabad,15,2,12,155.67543,158.6886,153.90177408854166,1.0435644306574068,-0.0035216413
2025-12-31 16:00:00+00:00,94.8,86.8,1288.0,70.6,29.3,1.0,13.0,0.0,155.26317,Islamabad,16,2,12,155.46272,158.0965,153.89345932006836,1.0313096109682025,-0.0012836161
2025-12-31 17:00:00+00:00,88.5,81.0,1057.0,68.5,26.6,2.0,13.0,0.0,155.23685,Islamabad,17,2,12,155.2829,157.28508,153.89154052734375,1.0286515234059017,-0.00029656212
2025-12-31 18:00:00+00:00,82.7,76.1,865.0,65.6,23.6,3.0,12.0,0.0,155.02193,Islamabad,18,2,12,154.92105,156.57455,153.8957436879476,1.0332369660634864,0.0006511436
2025-12-31 19:00:00+00:00,78.0,71.2,726.0,61.8,20.2,4.0,12.0,0.0,154.57237,Islamabad,19,2,12,154.48685,156.0943,153.89930725097656,1.0355092655369809,0.0005536103
2025-12-31 20:00:00+00:00,79.4,72.6,625.0,57.3,16.4,5.0,12.0,0.0,154.2193,Islamabad,20,2,12,153.91887,155.79825,153.9118251800537,1.037569873840321,0.0019518744
2025-12-31 21:00:00+00:00,77.1,70.3,559.0,53.0,13.4,7.0,12.0,0.0,154.18202,Islamabad,21,2,12,153.38377,155.54823,153.9450855255127,1.03268953822032,0.005204255
2025-12-31 22:00:00+00:00,71.2,65.2,480.0,47.9,11.2,11.0,12.0,0.0,154.32018,Islamabad,22,2,12,153.17325,155.16008,153.9928741455078,1.021900322007486,0.0074877753
2025-12-31 23:00:00+00:00,66.4,60.8,435.0,43.0,9.8,15.0,11.0,0.0,154.56578,Islamabad,23,2,12,153.13158,154.70175,154.0526326497396,1.011222431931247,0.009365829
2026-01-01 00:00:00+00:00,49.6,47.5,557.0,33.0,8.2,16.0,4.0,0.0,154.88815,Islamabad,0,3,1,153.08115,154.32236,154.12792460123697,1.0029821626015045,0.011804242
2026-01-01 01:00:00+00:00,45.3,43.5,1035.0,37.4,9.6,11.0,4.0,0.0,155.20834,Islamabad,1,3,1,152.73245,154.44298,154.23108673095703,0.9802823051583264,0.016210642
2026-01-01 02:00:00+00:00,48.2,46.2,1679.0,43.1,11.7,5.0,3.0,0.0,155.50877,Islamabad,2,3,1,152.4715,154.5636,154.357639948527,0.9384046987395439,0.019920295
2026-01-01 03:00:00+00:00,56.7,53.8,2053.0,45.3,13.7,9.0,4.0,0.15,155.75876,Islamabad,3,3,1,152.39035,154.58333,154.49799029032388,0.8815506444296966,0.022103816
2026-01-01 04:00:00+00:00,60.1,56.8,1898.0,41.0,15.8,30.0,7.0,0.55,155.95613,Islamabad,4,3,1,152.4693,154.51973,154.64327494303384,0.817685744618555,0.022869075
2026-01-01 05:00:00+00:00,55.4,51.7,1472.0,33.1,17.9,61.0,11.0,1.05,156.10307,Islamabad,5,3,1,152.64912,154.33333,154.78718948364258,0.7528302916466624,0.02262672
2026-01-01 06:00:00+00:00,47.5,40.2,1115.0,25.7,18.9,87.0,14.0,1.1,155.94955,Islamabad,6,3,1,152.9693,154.11403,154.91136678059897,0.6824386233913401,0.0194827
2026-01-01 07:00:00+00:00,40.7,33.2,906.0,17.6,17.7,105.0,13.0,1.55,155.35088,Islamabad,7,3,1,153.4101,154.33553,154.99223264058432,0.6077050891758173,0.012650931
2026-01-01 08:00:00+00:00,39.0,32.5,766.0,9.9,15.4,118.0,11.0,0.9,154.44518,Islamabad,8,3,1,153.89912,154.82895,155.01498476664224,0.5743044112436837,0.0035481101
2026-01-01 09:00:00+00:00,37.0,32.1,798.0,10.4,14.0,119.0,9.0,0.55,153.83553,Islamabad,9,3,1,154.11623,155.30922,155.00328890482584,0.5958575089855168,-0.0018213571
2026-01-01 10:00:00+00:00,37.8,33.4,1091.0,25.1,13.8,102.0,8.0,0.45,153.0899,Islamabad,10,3,1,154.58992,155.65132,154.94078826904297,0.7090248968533692,-0.009703189
2026-01-01 11:00:00+00:00,38.3,34.5,1557.0,47.9,14.5,74.0,7.0,0.2,152.4956,Islamabad,11,3,1,154.9649,155.91885,154.83790079752603,0.8669474774133992,-0.015934572
2026-01-01 12:00:00+00:00,56.2,52.4,2035.0,55.6,18.1,57.0,7.0,0.0,151.96053,Islamabad,12,3,1,155.14693,156.08553,154.70513407389322,1.0435619541227805,-0.02053796
2026-01-01 13:00:00+00:00,84.8,80.8,2598.0,70.8,26.1,40.0,7.0,0.0,151.70613,Islamabad,13,3,1,154.96272,155.875,154.56944274902344,1.2074636019451894,-0.021015324
2026-01-01 14:00:00+00:00,109.4,105.2,3174.0,91.4,37.0,17.0,8.0,0.0,151.69518,Islamabad,14,3,1,154.9013,155.82016,154.43585395812988,1.3393095184274393,-0.020697895
2026-01-01 15:00:00+00:00,127.6,123.4,3386.0,104.6,43.3,0.0,8.0,0.0,151.9035,Islamabad,15,3,1,155.1272,155.67543,154.3015333811442,1.425819138375846,-0.020780971
2026-01-01 16:00:00+00:00,142.0,137.8,2953.0,103.6,41.2,0.0,7.0,0.0,152.61403,Islamabad,16,3,1,155.26317,155.46272,154.19115257263184,1.4504661962689445,-0.017062252
2026-01-01 17:00:00+00:00,149.9,146.2,2156.0,95.2,34.5,0.0,6.0,0.0,153.73245,Islamabad,17,3,1,155.23685,155.2829,154.1284694671631,1.4357429427776516,-0.009690963
2026-01-01 18:00:00+00:00,132.2,129.9,1466.0,86.6,27.8,0.0,5.0,0.0,155.1623,Islamabad,18,3,1,155.02193,154.92105,154.13431803385416,1.4398208264865946,0.0009054564
2026-01-01 19:00:00+00:00,107.1,105.0,1041.0,81.0,22.0,2.0,5.0,0.0,156.3421,Islamabad,19,3,1,154.57237,154.48685,154.20805676778158,1.5069816257700277,0.011449197
2026-01-01 20:00:00+00:00,92.2,90.1,723.0,75.2,16.2,6.0,4.0,0.0,157.08333,Islamabad,20,3,1,154.2193,153.91887,154.32739130655924,1.6172727363039592,0.018571144
2026-01-01 21:00:00+00:00,83.4,81.3,508.0,66.9,11.6,11.0,4.0,0.0,157.4671,Islamabad,21,3,1,154.18202,153.38377,154.46426963806152,1.7388793301260848,0.021306505
2026-01-01 22:00:00+00:00,76.8,75.0,376.0,52.4,8.9,20.0,4.0,0.0,157.70833,Islamabad,22,3,1,154.32018,153.17325,154.605442682902,1.8599902714341197,0.021955347
2026-01-01 23:00:00+00:00,70.8,69.4,346.0,35.5,7.5,31.0,3.0,0.0,157.92325,Islamabad,23,3,1,154.56578,153.13158,154.74533716837564,1.9793118851724243,0.021721933
2026-01-02 00:00:00+00:00,54.4,52.9,472.0,17.3,6.3,48.0,3.0,0.0,158.11185,Islamabad,0,4,1,154.88815,153.08115,154.87965774536133,2.095404086010968,0.020813044
2026-01-02 01:00:00+00:00,45.8,44.4,925.0,24.1,7.3,43.0,3.0,0.0,158.23027,Islamabad,1,4,1,155.20834,152.73245,155.00557136535645,2.203994294046519,0.019470131
2026-01-02 02:00:00+00:00,42.7,41.3,1534.0,33.2,8.6,36.0,2.0,0.0,158.25,Islamabad,2,4,1,155.50877,152.4715,155.11978912353516,2.300137966267391,0.01762747
2026-01-02 03:00:00+00:00,43.8,43.0,1841.0,38.1,9.9,37.0,2.0,0.2,158.14255,Islamabad,3,4,1,155.75876,152.39035,155.219113667806,2.379044523561816,0.015304366
2026-01-02 04:00:00+00:00,47.4,46.9,1539.0,34.9,11.0,52.0,3.0,0.75,157.9057,Islamabad,4,4,1,155.95613,152.4693,155.30034573872885,2.437860814994216,0.012500757
2026-01-02 05:00:00+00:00,40.5,39.0,934.0,27.5,12.1,74.0,4.0,1.6,157.6886,Islamabad,5,4,1,156.10307,152.64912,155.3664093017578,2.4816495066453683,0.010156915
2026-01-02 06:00:00+00:00,35.6,33.1,489.0,20.8,13.0,93.0,5.0,2.5,157.41008,Islamabad,6,4,1,155.94955,152.9693,155.42726453145346,2.5142644284308493,0.009365371
2026-01-02 07:00:00+00:00,31.7,28.9,385.0,14.4,13.6,108.0,6.0,2.7,157.25438,Islamabad,7,4,1,155.35088,153.4101,155.5065771738688,2.5416241839882834,0.01225293
2026-01-02 08:00:00+00:00,28.1,25.2,440.0,8.7,14.1,120.0,7.0,2.45,157.1601,Islamabad,8,4,1,154.44518,153.89912,155.61969884236655,2.5527228578374572,0.017578537
2026-01-02 09:00:00+00:00,25.8,22.3,575.0,10.5,14.9,121.0,7.0,1.75,157.0,Islamabad,9,4,1,153.83553,154.11623,155.75155194600424,2.5382446243350545,0.020570505
2026-01-02 10:00:00+00:00,25.9,21.9,798.0,25.0,16.1,103.0,7.0,0.85,156.7851,Islamabad,10,4,1,153.0899,154.58992,155.90551821390787,2.481204863159909,0.024137389
2026-01-02 11:00:00+00:00,28.3,24.6,1100.0,46.9,17.7,74.0,6.0,0.25,156.53291,Islamabad,11,4,1,152.4956,154.9649,156.0737393697103,2.374535589862778,0.026474912
2026-01-02 12:00:00+00:00,41.8,39.2,1373.0,74.6,21.0,38.0,5.0,0.0,156.3158,Islamabad,12,4,1,151.96053,155.14693,156.2552089691162,2.2070377265783856,0.028660538
2026-01-02 13:00:00+00:00,64.0,61.9,1619.0,84.4,24.3,27.0,4.0,0.0,156.02632,Islamabad,13,4,1,151.70613,154.96272,156.43521690368652,1.9848772553278942,0.028477361
2026-01-02 14:00:00+00:00,78.0,76.4,1836.0,97.5,28.8,13.0,3.0,0.0,155.61183,Islamabad,14,4,1,151.69518,154.9013,156.59841092427573,1.7217882543223633,0.025819255
2026-01-02 15:00:00+00:00,86.8,85.7,1912.0,105.0,31.2,2.0,2.0,0.0,154.98027,Islamabad,15,4,1,151.9035,155.1272,156.72660954793295,1.4501356046291218,0.020254746
2026-01-02 16:00:00+00:00,94.5,93.1,1752.0,101.6,29.9,0.0,2.0,0.0,154.15352,Islamabad,16,4,1,152.61403,155.26317,156.79075495402017,1.284950876316301,0.010087472
2026-01-02 17:00:00+00:00,101.3,98.5,1452.0,92.5,26.5,1.0,2.0,0.0,153.17325,Islamabad,17,4,1,153.73245,155.23685,156.76745478312174,1.346418464942629,-0.003637515
2026-01-02 18:00:00+00:00,102.2,99.4,1184.0,84.4,22.7,3.0,2.0,0.0,152.1272,Islamabad,18,4,1,155.1623,155.02193,156.64099248250326,1.61873542149349,-0.019560779
2026-01-02 19:00:00+00:00,94.8,92.4,1006.0,79.9,18.4,3.0,2.0,0.0,151.45833,Islamabad,19,4,1,156.3421,154.57237,156.43750190734863,1.9341762827933562,-0.03123774
2026-01-02 20:00:00+00:00,82.7,80.6,860.0,76.2,13.7,3.0,2.0,0.0,151.18202,Islamabad,20,4,1,157.08333,154.2193,156.19161415100098,2.204696459513969,-0.037568
2026-01-02 21:00:00+00:00,70.8,68.7,753.0,72.0,10.1,4.0,2.0,0.0,150.9737,Islamabad,21,4,1,157.4671,154.18202,155.92105547587076,2.428443444899252,-0.0412366
2026-01-02 22:00:00+00:00,62.2,60.5,610.0,65.2,8.2,8.0,2.0,0.0,150.69736,Islamabad,22,4,1,157.70833,154.32018,155.6289316813151,2.6183580357336727,-0.0444553
2026-01-02 23:00:00+00:00,56.6,55.2,505.0,57.7,7.4,13.0,2.0,0.0,150.37938,Islamabad,23,4,1,157.92325,154.56578,155.314603805542,2.7788489636174116,-0.04776921
2026-01-03 00:00:00+00:00,68.0,66.4,666.0,49.1,7.1,11.0,2.0,0.0,150.06798,Islamabad,0,5,1,158.11185,154.88815,154.97944259643555,2.908851240073422,-0.05087455
2026-01-03 01:00:00+00:00,58.0,55.8,1415.0,54.1,8.6,10.0,2.0,0.0,150.36403,Islamabad,1,5,1,158.23027,155.20834,154.65168253580728,2.9691784807483264,-0.049713884
2026-01-03 02:00:00+00:00,56.7,54.6,2430.0,60.5,10.9,11.0,3.0,0.0,150.61403,Islamabad,2,5,1,158.25,155.50877,154.33351707458496,2.9759451210991235,-0.048252583
2026-01-03 03:00:00+00:00,62.6,60.5,2967.0,61.7,13.9,19.0,3.0,0.2,150.9057,Islamabad,3,5,1,158.14255,155.75876,154.03198178609213,2.939630132402539,-0.045761544
2026-01-03 04:00:00+00:00,63.1,61.5,2557.0,53.0,18.4,43.0,3.0,0.7,151.28947,Islamabad,4,5,1,157.9057,155.95613,153.75630569458008,2.869968149052598,-0.041899856
2026-01-03 05:00:00+00:00,53.8,51.8,1668.0,39.1,23.6,74.0,4.0,1.5,151.60965,Islamabad,5,5,1,157.6886,156.10307,153.50301615397134,2.7744953732677655,-0.03855034
2026-01-03 06:00:00+00:00,41.3,39.2,965.0,27.8,27.7,101.0,4.0,2.25,151.89035,Islamabad,6,5,1,157.41008,155.94955,153.27302742004395,2.663081192717588,-0.035065923
2026-01-03 07:00:00+00:00,36.6,34.6,653.0,19.8,29.6,121.0,4.0,2.55,152.02412,Islamabad,7,5,1,157.25438,155.35088,153.05510012308756,2.533984785577129,-0.03325984
2026-01-03 08:00:00+00:00,34.1,32.2,526.0,14.4,30.3,135.0,3.0,2.3,152.14912,Islamabad,8,5,1,157.1601,154.44518,152.84630966186523,2.3829866112781293,-0.0318845
2026-01-03 09:00:00+00:00,33.1,31.3,631.0,16.5,30.6,137.0,3.0,1.6,152.30263,Islamabad,9,5,1,157.0,153.83553,152.65058581034342,2.2139030882220108,-0.02991957
2026-01-03 10:00:00+00:00,33.3,31.7,1117.0,30.8,29.9,119.0,3.0,0.8,152.5,Islamabad,10,5,1,156.7851,153.0899,152.4720401763916,2.0312221782613125,-0.027331011
2026-01-03 11:00:00+00:00,35.9,34.3,1836.0,52.6,28.7,88.0,2.0,0.25,152.7149,Islamabad,11,5,1,156.53291,152.4956,152.3129564921061,1.839846070526579,-0.02439109
2026-01-03 12:00:00+00:00,48.3,47.7,2385.0,78.3,31.4,58.0,1.0,0.0,152.92764,Islamabad,12,5,1,156.3158,151.96053,152.17178344726562,1.6382993839025506,-0.021675052
2026-01-03 13:00:00+00:00,67.8,67.5,2628.0,92.3,36.8,44.0,1.0,0.0,153.11403,Islamabad,13,5,1,156.02632,151.70613,152.0504379272461,1.435717394233351,-0.018665392
2026-01-03 14:00:00+00:00,86.1,85.9,2702.0,111.3,44.1,24.0,0.0,0.0,153.23685,Islamabad,14,5,1,155.61183,151.69518,151.95148022969565,1.249322598368542,-0.015262238
2026-01-03 15:00:00+00:00,96.9,96.6,2618.0,123.2,47.7,10.0,0.0,0.0,153.44518,Islamabad,15,5,1,154.98027,151.9035,151.88751792907715,1.1201305534676549,-0.009905101
2026-01-03 16:00:00+00:00,104.5,103.6,2309.0,122.9,44.6,5.0,0.0,0.0,153.6842,Islamabad,16,5,1,154.15352,152.61403,151.8679631551107,1.082309747919258,-0.0030444623
2026-01-03 17:00:00+00:00,104.8,103.4,1843.0,115.5,37.9,5.0,1.0,0.0,153.91447,Islamabad,17,5,1,153.17325,153.73245,151.89884757995605,1.1306715584722453,0.0048391363
2026-01-03 18:00:00+00:00,96.4,95.2,1435.0,104.7,31.3,7.0,1.0,0.0,154.02193,Islamabad,18,5,1,152.1272,155.1623,151.9777946472168,1.210629673939206,0.012454904
2026-01-03 19:00:00+00:00,86.6,85.7,1160.0,89.4,26.0,13.0,1.0,0.0,153.92982,Islamabad,19,5,1,151.45833,156.3421,152.0807736714681,1.268265178593571,0.016317997
2026-01-03 20:00:00+00:00,78.5,77.5,945.0,70.7,20.9,21.0,1.0,0.0,153.7829,Islamabad,20,5,1,151.18202,157.08333,152.18914349873862,1.2988797371693077,0.017203605
2026-01-03 21:00:00+00:00,73.1,72.2,782.0,55.5,16.6,25.0,1.0,0.0,153.7149,Islamabad,21,5,1,150.9737,157.4671,152.30336062113443,1.3078454497697598,0.018156879
2026-01-03 22:00:00+00:00,69.2,68.2,590.0,46.0,13.0,23.0,1.0,0.0,153.79167,Islamabad,22,5,1,150.69736,157.70833,152.43229039510092,1.2950985736727336,0.020533303
2026-01-03 23:00:00+00:00,65.0,64.0,452.0,40.1,10.3,17.0,1.0,0.0,153.96053,Islamabad,23,5,1,150.37938,157.92325,152.58150482177734,1.2539354929542255,0.023814078
2026-01-04 00:00:00+00:00,39.3,37.7,608.0,11.2,10.8,70.0,3.0,0.0,154.1535,Islamabad,0,6,1,150.06798,158.11185,152.751735051473,1.1725488615249897,0.0272245
2026-01-04 01:00:00+00:00,36.0,34.5,1383.0,25.8,11.7,53.0,3.0,0.0,153.52412,Islamabad,1,6,1,150.36403,158.23027,152.8834056854248,1.065289954491054,0.021016298
2026-01-04 02:00:00+00:00,39.5,38.0,2453.0,45.3,13.1,31.0,3.0,0.0,153.05702,Islamabad,2,6,1,150.61403,158.25,152.98519706726074,0.949434109643482,0.016220223
2026-01-04 03:00:00+00:00,47.3,45.4,3081.0,56.2,15.8,25.0,3.0,0.2,152.69298,Islamabad,3,6,1,150.9057,158.14255,153.0596669514974,0.8434083661446582,0.011843669
2026-01-04 04:00:00+00:00,52.3,49.8,2847.0,50.2,21.3,49.0,3.0,0.7,152.36183,Islamabad,4,6,1,151.28947,157.9057,153.10434850056967,0.7708336707968674,0.007088115
2026-01-04 05:00:00+00:00,48.3,45.8,2171.0,35.5,28.0,89.0,4.0,1.45,152.10526,Islamabad,5,6,1,151.60965,157.6886,153.12499872843424,0.7348490876942859,0.0032689574
2026-01-04 06:00:00+00:00,42.7,40.5,1584.0,23.2,32.7,122.0,4.0,2.2,151.9737,Islamabad,6,6,1,151.89035,157.41008,153.12847137451172,0.7289340056648569,0.00054870837
2026-01-04 07:00:00+00:00,39.8,38.1,1225.0,14.7,33.4,142.0,4.0,2.5,152.0022,Islamabad,7,6,1,152.02412,157.25438,153.1275577545166,0.7303906215003453,-0.0001442329
2026-01-04 08:00:00+00:00,35.6,34.1,954.0,8.5,32.1,156.0,3.0,2.25,152.07895,Islamabad,8,6,1,152.14912,157.1601,153.1246337890625,0.7346061777142118,-0.00046122624
2026-01-04 09:00:00+00:00,32.4,30.7,880.0,11.0,30.5,155.0,3.0,1.6,152.12062,Islamabad,9,6,1,152.30263,157.0,153.11705017089844,0.7443360378971552,-0.0011950341
2026-01-04 10:00:00+00:00,29.9,28.1,1114.0,27.7,28.6,132.0,3.0,0.8,152.10745,Islamabad,10,6,1,152.5,156.7851,153.1006940205892,0.7625742259267541,-0.0025740827
2026-01-04 11:00:00+00:00,30.0,28.1,1545.0,53.0,26.5,95.0,3.0,0.25,152.02852,Islamabad,11,6,1,152.7149,156.53291,153.07209459940592,0.790047982566907,-0.0044945586
2026-01-04 12:00:00+00:00,49.1,46.7,1951.0,78.3,26.8,50.0,5.0,0.0,151.89255,Islamabad,12,6,1,152.92764,156.3158,153.02896563212076,0.8257240812490854,-0.0067685293
2026-01-04 13:00:00+00:00,77.1,74.7,2331.0,91.8,31.4,35.0,5.0,0.0,151.8706,Islamabad,13,6,1,153.11403,156.02632,152.97715632120767,0.8585125542306506,-0.008120898
2026-01-04 14:00:00+00:00,98.3,95.9,2686.0,110.0,37.5,15.0,4.0,0.0,152.0285,Islamabad,14,6,1,153.23685,155.61183,152.92680867513022,0.8778351187985445,-0.007885464
2026-01-04 15:00:00+00:00,106.4,103.4,2802.0,120.8,40.7,0.0,4.0,0.0,152.2478,Islamabad,15,6,1,153.44518,154.98027,152.87691815694174,0.8811129601281383,-0.007803259
2026-01-04 16:00:00+00:00,112.2,107.6,2512.0,117.8,38.9,0.0,4.0,0.0,152.39693,Islamabad,16,6,1,153.6842,154.15352,152.82328160603842,0.8689303027805335,-0.00837612
2026-01-04 17:00:00+00:00,121.1,115.7,1983.0,107.4,34.1,0.0,5.0,0.0,152.48465,Islamabad,17,6,1,153.91447,153.17325,152.76370557149252,0.8393761511988485,-0.009289736
2026-01-04 18:00:00+00:00,125.7,121.1,1497.0,97.1,28.6,2.0,5.0,0.0,152.75438,Islamabad,18,6,1,154.02193,152.1272,152.71089108784994,0.7954961448877772,-0.008229657
2026-01-04 19:00:00+00:00,110.1,106.9,1116.0,90.1,22.1,5.0,4.0,0.0,153.32236,Islamabad,19,6,1,153.92982,151.45833,152.68557993570963,0.7640692060504005,-0.0039463933
2026-01-04 20:00:00+00:00,82.4,79.6,778.0,83.2,14.7,9.0,4.0,0.0,153.78728,Islamabad,20,6,1,153.7829,151.18202,152.6857624053955,0.7643431273535798,2.847698e-05
2026-01-04 21:00:00+00:00,61.2,59.1,578.0,74.3,9.1,14.0,3.0,0.0,153.83333,Islamabad,21,6,1,153.7149,150.9737,152.6906967163086,0.7716233187989671,0.00077040977
2026-01-04 22:00:00+00:00,51.7,50.1,529.0,60.1,6.2,22.0,3.0,0.0,153.54605,Islamabad,22,6,1,153.79167,150.69736,152.6804625193278,0.7578926674187619,-0.0015971003
2026-01-04 23:00:00+00:00,45.3,43.8,618.0,43.9,5.0,32.0,3.0,0.0,153.14912,Islamabad,23,6,1,153.96053,150.37938,152.64665412902832,0.7152038344682919,-0.005270191
2026-01-05 00:00:00+00:00,34.1,32.0,902.0,7.3,4.9,77.0,4.0,0.0,152.70615,Islamabad,0,0,1,154.1535,150.06798,152.58634757995605,0.6396513821684147,-0.009389064
2026-01-05 01:00:00+00:00,32.5,30.3,1634.0,21.4,6.5,57.0,4.0,0.0,152.58115,Islamabad,1,0,1,153.52412,150.36403,152.54705683390299,0.607707429176549,-0.006142213
2026-01-05 02:00:00+00:00,38.8,36.7,2561.0,40.4,8.9,31.0,3.0,0.0,152.48904,Islamabad,2,0,1,153.05702,150.61403,152.52339108784994,0.5979657772218401,-0.003710891
2026-01-05 03:00:00+00:00,48.7,46.9,2980.0,50.7,11.5,21.0,3.0,0.2,152.46053,Islamabad,3,0,1,152.69298,150.9057,152.51370557149252,0.596981231851266,-0.0015223515
2026-01-05 04:00:00+00:00,48.1,46.2,2394.0,44.0,14.9,43.0,4.0,0.7,152.49342,Islamabad,4,0,1,152.36183,151.28947,152.51918856302896,0.5961293907183753,0.00086367957
2026-01-05 05:00:00+00:00,36.8,33.6,1302.0,28.7,18.6,81.0,6.0,1.45,152.41447,Islamabad,5,0,1,152.10526,151.60965,152.5320727030436,0.5901052184593913,0.0020329303
2026-01-05 06:00:00+00:00,26.3,22.8,493.0,16.3,20.5,110.0,7.0,2.1,152.14693,Islamabad,6,0,1,151.9737,151.89035,152.53929074605307,0.5840062476994693,0.0011398883
2026-01-05 07:00:00+00:00,21.2,17.8,296.0,9.5,18.9,123.0,7.0,2.4,151.75876,Islamabad,7,0,1,152.0022,152.02412,152.52914746602377,0.5957365803289488,-0.0016015474
2026-01-05 08:00:00+00:00,19.4,16.0,384.0,5.5,15.5,127.0,7.0,2.2,151.3136,Islamabad,8,0,1,152.07895,152.14912,152.49725786844888,0.639742517910364,-0.0050325855
2026-01-05 09:00:00+00:00,18.6,14.9,564.0,7.7,13.3,123.0,7.0,1.55,150.91667,Islamabad,9,0,1,152.12062,152.30263,152.44709332784018,0.713510081509009,-0.007914436
2026-01-05 10:00:00+00:00,18.9,14.8,815.0,19.4,13.2,106.0,7.0,0.8,150.57018,Islamabad,10,0,1,152.10745,152.5,152.38304011027017,0.8080631940459898,-0.010106522
2026-01-05 11:00:00+00:00,20.0,15.9,1158.0,37.2,14.2,80.0,6.0,0.25,150.2785,Islamabad,11,0,1,152.02852,152.7149,152.31012280782065,0.9135217029063011,-0.011511099
2026-01-05 12:00:00+00:00,52.3,46.1,1464.0,62.8,19.4,50.0,11.0,0.0,150.01097,Islamabad,12,0,1,151.89255,152.92764,152.2317237854004,1.0248694433513903,-0.01238755
2026-01-05 13:00:00+00:00,75.0,68.9,1729.0,73.7,22.6,36.0,11.0,0.0,149.98958,Islamabad,13,0,1,151.8706,153.11403,152.15334765116373,1.1210942282946514,-0.012385723
2026-01-05 14:00:00+00:00,92.9,87.1,1956.0,88.4,26.9,16.0,11.0,0.0,149.38542,Islamabad,14,0,1,152.0285,153.23685,152.04321924845377,1.2556368817735322,-0.017385434
2026-01-05 15:00:00+00:00,105.5,99.9,2031.0,96.9,29.2,2.0,10.0,0.0,148.46875,Islamabad,15,0,1,152.2478,153.44518,151.88575871785483,1.4506711470860638,-0.024821723
2026-01-05 16:00:00+00:00,114.6,109.2,1865.0,93.1,27.9,0.0,9.0,0.0,148.10417,Islamabad,16,0,1,152.39693,153.6842,151.70689392089844,1.637516149007387,-0.028168252
2026-01-05 17:00:00+00:00,118.3,112.5,1546.0,83.1,24.6,0.0,7.0,0.0,148.27083,Islamabad,17,0,1,152.48465,153.91447,151.5313180287679,1.7709658142969138,-0.027634397
2026-01-05 18:00:00+00:00,113.2,108.7,1219.0,75.3,20.9,2.0,5.0,0.0,147.9375,Islamabad,18,0,1,152.75438,154.02193,151.3306147257487,1.8949388391212938,-0.031533495
2026-01-05 19:00:00+00:00,96.4,92.9,897.0,74.4,16.7,1.0,4.0,0.0,146.64581,Islamabad,19,0,1,153.32236,153.92982,151.05242538452148,2.071664208005743,-0.043545797
2026-01-05 20:00:00+00:00,77.1,74.3,567.0,75.6,12.1,1.0,3.0,0.0,145.1875,Islamabad,20,0,1,153.78728,153.7829,150.69410133361816,2.308280536136932,-0.055919953
2026-01-05 21:00:00+00:00,62.2,60.3,338.0,73.0,8.7,5.0,3.0,0.0,144.63542,Islamabad,21,0,1,153.83333,153.7149,150.31085522969565,2.5184143440379145,-0.059791375
2026-01-05 22:00:00+00:00,50.8,49.1,208.0,61.2,7.0,18.0,3.0,0.0,144.76044,Islamabad,22,0,1,153.54605,153.79167,149.94478797912598,2.6621336129315885,-0.057218105
2026-01-05 23:00:00+00:00,42.3,40.6,177.0,45.6,6.5,36.0,3.0,0.0,144.65625,Islamabad,23,0,1,153.14912,153.96053,149.59091822306314,2.779548492961295,-0.055454932
2026-01-06 00:00:00+00:00,32.4,31.4,358.0,17.1,4.8,50.0,2.0,0.0,144.32292,Islamabad,0,1,1,152.70615,154.1535,149.2416172027588,2.895381166708184,-0.054897755
2026-01-06 01:00:00+00:00,29.8,29.0,997.0,26.5,6.3,39.0,2.0,0.0,144.26044,Islamabad,1,1,1,152.58115,153.52412,148.89492098490396,2.975181995136396,-0.054533012
2026-01-06 02:00:00+00:00,32.9,32.2,1847.0,39.1,8.6,25.0,1.0,0.0,144.12502,Islamabad,2,1,1,152.48904,153.05702,148.54641977945963,3.025318428501199,-0.05485003
2026-01-06 03:00:00+00:00,41.0,40.3,2278.0,46.2,10.8,22.0,1.0,0.2,143.65627,Islamabad,3,1,1,152.46053,152.69298,148.17957560221353,3.063617374466432,-0.057747804
2026-01-06 04:00:00+00:00,47.3,46.4,1864.0,42.7,13.0,40.0,2.0,0.7,142.96875,Islamabad,4,1,1,152.49342,152.36183,147.78271420796713,3.0972338816396077,-0.06245957
2026-01-06 05:00:00+00:00,45.4,44.4,1032.0,33.7,15.1,69.0,4.0,1.45,142.9896,Islamabad,5,1,1,152.41447,152.10526,147.39001083374023,3.0818920481678322,-0.061837178
2026-01-06 06:00:00+00:00,28.8,26.1,429.0,25.7,17.0,93.0,5.0,2.1,144.11461,Islamabad,6,1,1,152.14693,151.9737,147.05533091227213,2.977211275885928,-0.052793168
2026-01-06 07:00:00+00:00,23.6,20.7,319.0,18.6,18.3,109.0,5.0,2.4,144.45834,Islamabad,7,1,1,151.75876,152.0022,146.7511469523112,2.8458096082439166,-0.048105396
2026-01-06 08:00:00+00:00,22.0,19.1,439.0,12.4,19.3,121.0,5.0,2.1,144.7604,Islamabad,8,1,1,151.3136,152.07895,146.47809727986655,2.6996479542996332,-0.04330868
2026-01-06 09:00:00+00:00,22.2,19.3,650.0,13.8,20.2,121.0,5.0,1.45,145.08331,Islamabad,9,1,1,150.91667,152.12062,146.23504066467285,2.540565857930826,-0.038652845
2026-01-06 10:00:00+00:00,23.1,20.2,949.0,28.2,20.7,103.0,5.0,0.75,145.54166,Islamabad,10,1,1,150.57018,152.10745,146.02551905314127,2.369064475871494,-0.033396512
2026-01-06 11:00:00+00:00,26.8,24.2,1338.0,50.1,21.0,75.0,4.0,0.25,146.10416,Islamabad,11,1,1,150.2785,152.02852,145.8515879313151,2.1896891608423625,-0.027777405
2026-01-06 12:00:00+00:00,42.6,40.5,1685.0,85.9,19.2,20.0,4.0,0.0,146.96873,Islamabad,12,1,1,150.01097,151.89255,145.7248280843099,2.0199107145575868,-0.020280093
2026-01-06 13:00:00+00:00,74.0,70.8,1999.0,92.1,24.4,15.0,4.0,0.0,146.3854,Islamabad,13,1,1,149.98958,151.8706,145.57465426127115,1.8123719914471557,-0.02402948
2026-01-06 14:00:00+00:00,89.2,85.7,2272.0,100.4,31.4,9.0,4.0,0.0,146.58333,Islamabad,14,1,1,149.38542,152.0285,145.4579003651937,1.63808265988218,-0.018757476
2026-01-06 15:00:00+00:00,90.6,86.4,2345.0,105.2,35.7,5.0,4.0,0.0,146.43748,Islamabad,15,1,1,148.46875,152.2478,145.37326431274414,1.5242773365034608,-0.013681433
2026-01-06 16:00:00+00:00,91.5,87.1,2087.0,103.8,35.0,5.0,4.0,0.0,145.03123,Islamabad,16,1,1,148.10417,152.39693,145.2452252705892,1.4096617700503797,-0.020748483
2026-01-06 17:00:00+00:00,97.3,92.7,1630.0,98.8,31.6,7.0,3.0,0.0,142.72917,Islamabad,17,1,1,148.27083,152.48465,145.01432291666666,1.344894297446033,-0.03737523
2026-01-06 18:00:00+00:00,101.7,97.3,1213.0,92.4,27.2,8.0,3.0,0.0,140.66666,Islamabad,18,1,1,147.9375,152.75438,144.71137110392252,1.4708110640454224,-0.049148075
2026-01-06 19:00:00+00:00,96.9,93.4,904.0,84.5,21.7,7.0,3.0,0.0,139.47917,Islamabad,19,1,1,146.64581,153.32236,144.41276105244955,1.7600564815185773,-0.04887041
2026-01-06 20:00:00+00:00,89.9,87.3,636.0,75.0,15.2,5.0,2.0,0.0,139.53125,Islamabad,20,1,1,145.1875,153.78728,144.1770839691162,2.0124099119220746,-0.038958244
2026-01-06 21:00:00+00:00,83.6,81.5,447.0,66.2,10.2,4.0,2.0,0.0,140.88542,Islamabad,21,1,1,144.63542,153.83333,144.0208339691162,2.1180824300814196,-0.025927259
2026-01-06 22:00:00+00:00,77.3,75.9,302.0,57.6,7.5,4.0,2.0,0.0,143.09375,Islamabad,22,1,1,144.76044,153.54605,143.95138867696127,2.1201006089022543,-0.011513415
2026-01-06 23:00:00+00:00,70.3,69.4,236.0,49.6,6.2,5.0,1.0,0.0,145.88544,Islamabad,23,1,1,144.65625,153.14912,144.00260480244955,2.1524684605393065,0.008497296
2026-01-07 00:00:00+00:00,30.9,29.8,399.0,14.6,5.0,47.0,2.0,0.0,148.88542,Islamabad,0,2,1,144.32292,152.70615,144.1927089691162,2.372246404240094,0.031613134
2026-01-07 01:00:00+00:00,26.7,25.9,1048.0,26.1,6.3,37.0,2.0,0.0,148.71877,Islamabad,1,2,1,144.26044,152.58115,144.37847264607748,2.5459782612647017,0.03090472
2026-01-07 02:00:00+00:00,32.2,31.5,1925.0,41.5,8.3,24.0,1.0,0.0,148.39584,Islamabad,2,2,1,144.12502,152.48904,144.55642382303873,2.6735512218268513,0.029632803
2026-01-07 03:00:00+00:00,41.8,40.9,2404.0,49.6,10.4,23.0,1.0,0.2,148.32294,Islamabad,3,2,1,143.65627,152.46053,144.7508684794108,2.7730855354259587,0.032484986
2026-01-07 04:00:00+00:00,43.1,42.1,2092.0,43.4,13.0,46.0,1.0,0.7,148.38544,Islamabad,4,2,1,142.96875,152.49342,144.97656377156576,2.841323170636475,0.03788721
2026-01-07 05:00:00+00:00,39.6,38.5,1382.0,29.8,15.7,81.0,2.0,1.5,147.93752,Islamabad,5,2,1,142.9896,152.41447,145.18272717793783,2.870243147931834,0.03460337
2026-01-07 06:00:00+00:00,23.1,21.3,829.0,18.8,17.7,109.0,3.0,2.2,147.32292,Islamabad,6,2,1,144.11461,152.14693,145.31640688578287,2.8929559975072916,0.022262232
2026-01-07 07:00:00+00:00,21.3,19.4,632.0,12.3,18.1,126.0,3.0,2.55,146.82294,Islamabad,7,2,1,144.45834,151.75876,145.4149316151937,2.9027113307468606,0.016368687
2026-01-07 08:00:00+00:00,21.3,19.3,592.0,8.3,17.7,136.0,4.0,2.3,146.68752,Islamabad,8,2,1,144.7604,151.3136,145.4952278137207,2.9104622902613713,0.013312402
2026-01-07 09:00:00+00:00,22.5,20.5,663.0,10.9,17.6,135.0,4.0,1.65,146.70837,Islamabad,9,2,1,145.08331,150.91667,145.56293869018555,2.919352241177032,0.011200882
2026-01-07 10:00:00+00:00,24.6,22.6,900.0,23.7,18.5,119.0,4.0,0.85,146.83334,Islamabad,10,2,1,145.54166,150.57018,145.61675898234049,2.930826854519551,0.008875033
2026-01-07 11:00:00+00:00,28.9,27.0,1249.0,43.1,19.7,93.0,3.0,0.25,147.08336,Islamabad,11,2,1,146.10416,150.2785,145.65755907694498,2.944689887109699,0.0067020836
2026-01-07 12:00:00+00:00,40.9,38.3,1503.0,88.7,20.7,26.0,5.0,0.0,147.37503,Islamabad,12,2,1,146.96873,150.01097,145.67448806762695,2.9537096393170743,0.0027645049
2026-01-07 13:00:00+00:00,67.3,63.8,1587.0,92.6,23.6,21.0,4.0,0.0,147.14586,Islamabad,13,2,1,146.3854,149.98958,145.7061735788981,2.9657218929687397,0.005194864
2026-01-07 14:00:00+00:00,78.5,75.4,1576.0,97.8,27.4,14.0,3.0,0.0,146.4167,Islamabad,14,2,1,146.58333,149.38542,145.69923082987467,2.9637735922105928,-0.0011367322
2026-01-07 15:00:00+00:00,83.8,81.5,1484.0,100.8,29.0,8.0,2.0,0.0,145.34377,Islamabad,15,2,1,146.43748,148.46875,145.65365918477377,2.960335132128909,-0.007468849
2026-01-07 16:00:00+00:00,81.0,79.2,1275.0,100.9,26.6,5.0,1.0,0.0,144.83334,Islamabad,16,2,1,145.03123,148.10417,145.64541371663412,2.962419018105304,-0.0013644733
2026-01-07 17:00:00+00:00,74.7,72.9,985.0,98.9,22.0,3.0,0.0,0.0,144.01042,Islamabad,17,2,1,142.72917,148.27083,145.69879913330078,2.918804397564319,0.008976791
2026-01-07 18:00:00+00:00,65.9,64.3,737.0,93.4,17.5,5.0,0.0,0.0,141.9479,Islamabad,18,2,1,140.66666,147.9375,145.75218454996744,2.833226579308367,0.009108413
2026-01-07 19:00:00+00:00,54.4,53.3,572.0,82.6,13.6,13.0,0.0,0.0,138.5104,Islamabad,19,2,1,139.47917,146.64581,145.71181933085123,2.931675073780521,-0.006945591
2026-01-07 20:00:00+00:00,44.9,44.1,448.0,68.4,9.9,24.0,1.0,0.0,134.33334,Islamabad,20,2,1,139.53125,145.1875,145.49523989359537,3.537519679848508,-0.037252635
2026-01-07 21:00:00+00:00,39.3,39.0,368.0,54.7,7.0,35.0,1.0,0.0,129.83334,Islamabad,21,2,1,140.88542,144.63542,145.03473663330078,4.694020726073717,-0.07844728
2026-01-07 22:00:00+00:00,36.8,36.4,278.0,40.8,5.3,45.0,1.0,0.0,125.40625,Islamabad,22,2,1,143.09375,144.76044,144.29775746663412,6.168830636349679,-0.12360778
2026-01-07 23:00:00+00:00,34.8,34.3,230.0,27.5,4.6,53.0,1.0,0.0,121.291664,Islamabad,23,2,1,145.88544,144.65625,143.27301692962646,7.73700934019548,-0.16858278
2026-01-08 00:00:00+00:00,34.5,34.1,388.0,22.9,4.2,46.0,1.0,0.0,117.635414,Islamabad,0,3,1,148.88542,144.32292,141.9709332784017,9.235817981013897,-0.209893
2026-01-08 01:00:00+00:00,32.4,31.9,986.0,30.6,5.7,42.0,1.0,0.0,118.083336,Islamabad,1,3,1,148.71877,144.26044,140.69445705413818,10.316483966424812,-0.20599572
2026-01-08 02:00:00+00:00,35.7,35.0,1789.0,40.9,7.8,38.0,1.0,0.0,118.708336,Islamabad,2,3,1,148.39584,144.12502,139.45747756958008,11.102764415174455,-0.2000562
2026-01-08 03:00:00+00:00,42.3,41.4,2252.0,47.0,9.4,39.0,1.0,0.2,119.072914,Islamabad,3,3,1,148.32294,143.65627,138.23872661590576,11.677788743611305,-0.19720499
2026-01-08 04:00:00+00:00,44.5,43.7,2027.0,45.0,9.6,51.0,2.0,0.8,119.125,Islamabad,4,3,1,148.38544,142.96875,137.01954174041748,12.09245575027773,-0.1971921
2026-01-08 05:00:00+00:00,52.9,52.4,1461.0,38.8,9.3,69.0,3.0,1.65,119.291664,Islamabad,5,3,1,147.93752,142.9896,135.8259646097819,12.37830613879967,-0.1936348
2026-01-08 06:00:00+00:00,38.1,36.0,1051.0,33.0,10.1,86.0,4.0,2.45,120.73958,Islamabad,6,3,1,147.32292,144.11461,134.71832529703775,12.493634761117743,-0.18044269
2026-01-08 07:00:00+00:00,27.2,24.3,922.0,26.3,13.0,102.0,5.0,2.8,122.27084,Islamabad,7,3,1,146.82294,144.45834,133.6953214009603,12.464544865828877,-0.16722247
2026-01-08 08:00:00+00:00,27.5,24.6,950.0,20.0,17.0,116.0,5.0,2.55,122.78125,Islamabad,8,3,1,146.68752,144.7604,132.6992270151774,12.33570139892399,-0.16297409
2026-01-08 09:00:00+00:00,29.9,27.2,1257.0,22.1,20.5,118.0,5.0,1.8,123.33334,Islamabad,9,3,1,146.70837,145.08331,131.72526741027832,12.102095408938624,-0.1593299
2026-01-08 10:00:00+00:00,32.7,30.4,2097.0,39.8,22.6,98.0,4.0,0.9,124.03124,Islamabad,10,3,1,146.83334,145.54166,130.77517986297607,11.754511569129805,-0.15529239
2026-01-08 11:00:00+00:00,36.2,34.2,3216.0,65.9,24.2,65.0,4.0,0.3,124.84375,Islamabad,11,3,1,147.08336,146.10416,129.84852949778238,11.280019447272556,-0.15120411
2026-01-08 12:00:00+00:00,52.6,51.9,3974.0,75.5,27.7,58.0,1.0,0.0,125.59374,Islamabad,12,3,1,147.37503,146.96873,128.94097582499185,10.6682189097669,-0.14779498
2026-01-08 13:00:00+00:00,78.9,78.0,4071.0,88.8,33.3,44.0,1.0,0.0,127.010414,Islamabad,13,3,1,147.14586,146.3854,128.10199896494547,9.941276953604547,-0.13684003
2026-01-08 14:00:00+00:00,95.7,94.5,3808.0,106.6,40.8,26.0,1.0,0.0,128.48958,Islamabad,14,3,1,146.4167,146.58333,127.35503546396892,9.147101382111401,-0.122439064
2026-01-08 15:00:00+00:00,105.5,103.1,3447.0,117.2,44.4,11.0,1.0,0.0,130.47917,Islamabad,15,3,1,145.34377,146.43748,126.73567740122478,8.344112704697707,-0.102271974
2026-01-08 16:00:00+00:00,115.5,111.8,3014.0,114.1,40.9,5.0,1.0,0.0,132.72917,Islamabad,16,3,1,144.83334,145.03123,126.23133691151936,7.528637555765141,-0.0835731
2026-01-08 17:00:00+00:00,116.4,112.7,2484.0,103.8,33.6,3.0,1.0,0.0,136.125,Islamabad,17,3,1,144.01042,142.72917,125.90277767181396,6.8615079550444475,-0.05475591
2026-01-08 18:00:00+00:00,109.9,107.1,2042.0,93.0,26.4,3.0,1.0,0.0,140.27083,Islamabad,18,3,1,141.9479,140.66666,125.83289941151936,6.697579801988058,-0.011814744
2026-01-08 19:00:00+00:00,98.7,96.6,1784.0,83.6,20.0,3.0,1.0,0.0,144.72916,Islamabad,19,3,1,138.5104,139.47917,126.0920139948527,7.3023587814500015,0.044897348
2026-01-08 20:00:00+00:00,88.7,87.1,1615.0,73.9,13.8,4.0,1.0,0.0,149.23958,Islamabad,20,3,1,134.33334,139.53125,126.71310710906982,8.559495783921571,0.11096452
2026-01-08 21:00:00+00:00,80.3,79.4,1428.0,65.5,9.7,7.0,1.0,0.0,150.7829,Islamabad,21,3,1,129.83334,140.88542,127.58600521087646,9.860828070294081,0.16135727
2026-01-08 22:00:00+00:00,71.5,70.5,1108.0,58.7,8.9,15.0,1.0,0.0,151.66885,Islamabad,22,3,1,125.40625,143.09375,128.68028036753336,10.99984217661413,0.20942022
2026-01-08 23:00:00+00:00,60.8,59.3,772.0,53.2,10.1,24.0,2.0,0.0,152.41667,Islamabad,23,3,1,121.291664,145.88544,129.9771556854248,11.889673110977125,0.25661293
2026-01-09 00:00:00+00:00,59.0,56.9,663.0,29.1,13.6,51.0,2.0,0.0,152.96492,Islamabad,0,4,1,117.635414,148.88542,131.44921843210855,12.468204761946053,0.30033052
2026-01-09 01:00:00+00:00,57.7,55.5,1008.0,38.0,14.8,40.0,2.0,0.0,153.46492,Islamabad,1,4,1,118.083336,148.71877,132.92345110575357,12.903276636809645,0.2996323
2026-01-09 02:00:00+00:00,62.9,60.3,1582.0,49.9,16.6,26.0,2.0,0.0,153.98247,Islamabad,2,4,1,118.708336,148.39584,134.3932065963745,13.218799082552149,0.29714957
2026-01-09 03:00:00+00:00,71.5,68.5,1948.0,55.0,18.7,25.0,2.0,0.2,154.53728,Islamabad,3,4,1,119.072914,148.32294,135.87088839213052,13.412534869532854,0.29783738
2026-01-09 04:00:00+00:00,71.9,68.5,1877.0,47.0,21.4,47.0,3.0,0.7,155.13158,Islamabad,4,4,1,119.125,148.38544,137.37116241455078,13.471612191383363,0.3022588
2026-01-09 05:00:00+00:00,63.6,60.1,1599.0,32.3,24.5,82.0,3.0,1.55,155.67543,Islamabad,5,4,1,119.291664,147.93752,138.88715267181396,13.395586935631881,0.3049984
2026-01-09 06:00:00+00:00,57.6,55.3,1372.0,20.8,27.2,113.0,4.0,2.35,155.8443,Islamabad,6,4,1,120.73958,147.32292,140.3498493830363,13.243576030631568,0.29074743
2026-01-09 07:00:00+00:00,56.6,54.4,1261.0,14.4,29.0,137.0,4.0,2.8,156.26755,Islamabad,7,4,1,122.27084,146.82294,141.7663787206014,13.042386375291496,0.27804425
2026-01-09 08:00:00+00:00,54.4,52.3,1201.0,11.4,30.3,156.0,3.0,2.6,156.92763,Islamabad,8,4,1,122.78125,146.68752,143.18914445241293,12.740272388750613,0.27810743
2026-01-09 09:00:00+00:00,54.6,52.7,1254.0,15.9,32.1,161.0,3.0,1.85,157.5351,Islamabad,9,4,1,123.33334,146.70837,144.61421744028726,12.328912487673511,0.27731147
2026-01-09 10:00:00+00:00,56.6,54.8,1484.0,32.3,34.7,144.0,3.0,0.95,158.0943,Islamabad,10,4,1,124.03124,146.83334,146.03351147969565,11.805960474970277,0.27463287
2026-01-09 11:00:00+00:00,59.8,58.6,1827.0,56.3,37.7,113.0,2.0,0.3,158.6294,Islamabad,11,4,1,124.84375,147.08336,147.4412466684977,11.166419379667113,0.27062345
2026-01-09 12:00:00+00:00,60.3,59.8,2157.0,71.1,39.0,84.0,1.0,0.0,159.16447,Islamabad,12,4,1,125.59374,147.37503,148.8400271733602,10.386043606616363,0.26729622
2026-01-09 13:00:00+00:00,87.1,86.4,2513.0,89.5,43.1,61.0,1.0,0.0,159.33772,Islamabad,13,4,1,127.010414,147.14586,150.18699836730957,9.489429805887074,0.25452486
2026-01-09 14:00:00+00:00,108.5,107.8,2857.0,114.5,48.5,29.0,1.0,0.0,159.52194,Islamabad,14,4,1,128.48958,146.4167,151.48001352945963,8.46314571295644,0.24151659
2026-01-09 15:00:00+00:00,123.4,121.1,2941.0,129.7,49.8,6.0,1.0,0.0,159.81361,Islamabad,15,4,1,130.47917,145.34377,152.7022819519043,7.342343514661664,0.22482088
2026-01-09 16:00:00+00:00,127.6,122.9,2566.0,126.2,43.8,0.0,1.0,0.0,160.20833,Islamabad,16,4,1,132.72917,144.83334,153.8472468058268,6.13572263619521,0.20703177
2026-01-09 17:00:00+00:00,116.4,112.2,1932.0,113.0,33.8,2.0,1.0,0.0,160.45175,Islamabad,17,4,1,136.125,144.01042,154.86086146036783,4.981560011076055,0.17870893
2026-01-09 18:00:00+00:00,98.7,95.0,1395.0,100.8,24.8,5.0,1.0,0.0,160.4408,Islamabad,18,4,1,140.27083,141.9479,155.7012767791748,4.022123993747746,0.14379303
2026-01-09 19:00:00+00:00,81.5,78.9,1084.0,94.3,18.4,7.0,1.0,0.0,160.17545,Islamabad,19,4,1,144.72916,138.5104,156.34487215677896,3.3736296744210788,0.106725484
2026-01-09 20:00:00+00:00,69.6,67.5,870.0,88.9,13.1,9.0,2.0,0.0,159.7873,Islamabad,20,4,1,149.23958,134.33334,156.78436024983725,3.0822150171175844,0.07067639
2026-01-09 21:00:00+00:00,61.5,59.6,716.0,81.6,9.2,13.0,2.0,0.0,159.35745,Islamabad,21,4,1,150.7829,129.83334,157.1416333516439,2.8440703550035957,0.056866888
2026-01-09 22:00:00+00:00,56.1,54.1,530.0,68.4,6.8,19.0,2.0,0.0,158.92325,Islamabad,22,4,1,151.66885,125.40625,157.44389979044595,2.613268880549558,0.047830485
2026-01-09 23:00:00+00:00,51.9,49.9,405.0,53.3,5.9,25.0,2.0,0.0,158.56358,Islamabad,23,4,1,152.41667,121.291664,157.70002110799155,2.390900522088507,0.040329654
2026-01-10 00:00:00+00:00,40.0,38.1,581.0,25.2,5.1,52.0,2.0,0.0,158.35745,Islamabad,0,5,1,152.96492,117.635414,157.92470995585123,2.169719616997133,0.03525339
2026-01-10 01:00:00+00:00,38.8,37.1,1399.0,34.0,6.9,40.0,2.0,0.0,157.94518,Islamabad,1,5,1,153.46492,118.083336,158.11138725280762,1.9510425844605255,0.029194001
2026-01-10 02:00:00+00:00,45.1,43.5,2517.0,45.7,9.3,25.0,2.0,0.0,157.54166,Islamabad,2,5,1,153.98247,118.708336,158.2596867879232,1.7482890373677105,0.023114247
2026-01-10 03:00:00+00:00,56.1,54.6,3153.0,52.3,11.4,20.0,2.0,0.2,157.17323,Islamabad,3,5,1,154.53728,119.072914,158.3695182800293,1.5788599720760261,0.017057087
2026-01-10 04:00:00+00:00,65.4,64.0,2832.0,48.8,12.2,36.0,4.0,0.7,156.86842,Islamabad,4,5,1,155.13158,119.125,158.44188690185547,1.4592687026950562,0.0111959595
2026-01-10 05:00:00+00:00,67.1,64.7,2028.0,40.1,12.6,62.0,6.0,1.5,156.76973,Islamabad,5,5,1,155.67543,119.291664,158.48748270670572,1.3842378340483878,0.0070293644
2026-01-10 06:00:00+00:00,39.1,34.1,1379.0,32.6,14.3,86.0,7.0,2.3,156.87062,Islamabad,6,5,1,155.8443,120.73958,158.53024609883627,1.3130542888842025,0.0065855565
2026-01-10 07:00:00+00:00,36.3,32.0,1074.0,26.2,18.9,105.0,7.0,2.65,156.4057,Islamabad,7,5,1,156.26755,122.27084,158.5360024770101,1.3029675077673613,0.0008840804
2026-01-10 08:00:00+00:00,38.5,34.6,922.0,21.1,24.8,121.0,7.0,2.45,155.91447,Islamabad,8,5,1,156.92763,122.78125,158.49378776550293,1.3719302282668593,-0.0064561805
2026-01-10 09:00:00+00:00,41.4,37.8,993.0,24.2,29.3,124.0,6.0,1.8,155.52632,Islamabad,9,5,1,157.5351,123.33334,158.41008885701498,1.4892230489814406,-0.0127512785
2026-01-10 10:00:00+00:00,44.0,40.9,1407.0,41.9,30.8,106.0,5.0,0.95,155.19957,Islamabad,10,5,1,158.0943,124.03124,158.28947512308756,1.6267816684100733,-0.018310145
2026-01-10 11:00:00+00:00,49.0,46.3,2043.0,67.8,30.8,76.0,4.0,0.3,154.89473,Islamabad,11,5,1,158.6294,124.84375,158.13386408487955,1.765554777992381,-0.023543335
2026-01-10 12:00:00+00:00,71.7,69.4,2602.0,85.7,36.2,60.0,4.0,0.0,154.625,Islamabad,12,5,1,159.16447,125.59374,157.9447193145752,1.8891748372317179,-0.028520651
2026-01-10 13:00:00+00:00,99.9,97.6,3045.0,99.0,39.9,44.0,4.0,0.0,154.83553,Islamabad,13,5,1,159.33772,127.010414,157.75712776184082,1.9667743320223718,-0.02825569
2026-01-10 14:00:00+00:00,120.6,117.8,3411.0,116.8,44.7,22.0,5.0,0.0,155.08115,Islamabad,14,5,1,159.52194,128.48958,157.57209459940592,2.0020993556964393,-0.02783815
2026-01-10 15:00:00+00:00,131.3,127.6,3518.0,126.5,46.1,6.0,5.0,0.0,155.30045,Islamabad,15,5,1,159.81361,130.47917,157.38404591878256,1.9943455652902293,-0.0282402
2026-01-10 16:00:00+00:00,139.7,133.6,3197.0,120.5,41.4,1.0,5.0,0.0,155.44298,Islamabad,16,5,1,160.20833,132.72917,157.18548965454102,1.9373391835504308,-0.02974471
2026-01-10 17:00:00+00:00,139.7,133.6,2617.0,106.4,33.4,1.0,4.0,0.0,155.67763,Islamabad,17,5,1,160.45175,136.125,156.98656781514487,1.8294809705820319,-0.029754266
2026-01-10 18:00:00+00:00,127.1,122.5,2098.0,94.6,26.0,3.0,3.0,0.0,156.14693,Islamabad,18,5,1,160.4408,140.27083,156.80765660603842,1.6809171700684062,-0.02676295
2026-01-10 19:00:00+00:00,101.0,97.1,1747.0,90.6,20.4,4.0,3.0,0.0,156.75,Islamabad,19,5,1,160.17545,144.72916,156.66492970784506,1.5202762463461659,-0.021385584
2026-01-10 20:00:00+00:00,81.7,79.2,1458.0,88.9,15.5,6.0,2.0,0.0,157.14912,Islamabad,20,5,1,159.7873,149.23958,156.55500602722168,1.3729342537191933,-0.016510502
2026-01-10 21:00:00+00:00,70.3,68.5,1232.0,83.0,11.6,11.0,2.0,0.0,157.4057,Islamabad,21,5,1,159.35745,150.7829,156.47368303934732,1.2522166117474425,-0.012247634
2026-01-10 22:00:00+00:00,61.7,60.1,1018.0,66.8,9.0,24.0,2.0,0.0,157.60086,Islamabad,22,5,1,158.92325,151.66885,156.41858355204263,1.165861588851703,-0.00832092
2026-01-10 23:00:00+00:00,54.1,52.7,867.0,46.5,7.4,40.0,2.0,0.0,157.73245,Islamabad,23,5,1,158.56358,152.41667,156.38395309448242,1.110401597306687,-0.005241626
2026-01-11 00:00:00+00:00,41.0,40.2,929.0,34.7,6.6,38.0,1.0,0.0,157.79385,Islamabad,0,6,1,158.35745,152.96492,156.36046981811523,1.0721513222986683,-0.0035590283
2026-01-11 01:00:00+00:00,38.0,37.3,1429.0,40.2,7.9,31.0,1.0,0.0,157.8399,Islamabad,1,6,1,157.94518,153.46492,156.35608355204263,1.0655814814803461,-0.00066649955
2026-01-11 02:00:00+00:00,40.7,39.8,2143.0,47.5,9.7,23.0,1.0,0.0,157.8443,Islamabad,2,6,1,157.54166,153.98247,156.36869366963705,1.0818875645428394,0.0019210336
2026-01-11 03:00:00+00:00,48.1,47.1,2546.0,51.0,11.2,23.0,1.0,0.25,157.76315,Islamabad,3,6,1,157.17323,154.53728,156.3932736714681,1.1073625023675386,0.0037533112
2026-01-11 04:00:00+00:00,52.4,51.1,2346.0,47.3,11.8,37.0,2.0,0.9,157.5987,Islamabad,4,6,1,156.86842,155.13158,156.42370160420737,1.1307719415545985,0.0046553053
2026-01-11 05:00:00+00:00,52.3,50.9,1835.0,39.7,12.1,58.0,3.0,1.95,157.3158,Islamabad,5,6,1,156.76973,155.67543,156.4464543660482,1.1434598823309985,0.003483238
2026-01-11 06:00:00+00:00,37.4,34.8,1367.0,33.3,13.2,79.0,4.0,2.95,157.01315,Islamabad,6,6,1,156.87062,155.8443,156.45239321390787,1.146125712154373,0.00090859813
2026-01-11 07:00:00+00:00,35.7,33.1,963.0,27.0,15.8,101.0,4.0,3.45,157.0285,Islamabad,7,6,1,156.4057,156.26755,156.47834332784018,1.152057825736434,0.0039819693
2026-01-11 08:00:00+00:00,36.2,33.6,603.0,21.7,19.2,122.0,4.0,3.15,157.05263,Islamabad,8,6,1,155.91447,156.92763,156.52576637268066,1.1512627473295038,0.0072998554
2026-01-11 09:00:00+00:00,39.6,37.4,579.0,25.3,22.0,128.0,4.0,2.2,157.0307,Islamabad,9,6,1,155.52632,157.5351,156.58844884236655,1.1353242445676408,0.009672827
2026-01-11 10:00:00+00:00,43.3,41.2,1181.0,45.0,23.3,109.0,4.0,1.1,157.02193,Islamabad,10,6,1,155.19957,158.0943,156.6643803914388,1.0987473058062245,0.011742025
2026-01-11 11:00:00+00:00,49.7,48.0,2120.0,73.5,24.1,76.0,3.0,0.35,157.0285,Islamabad,11,6,1,154.89473,158.6294,156.7532876332601,1.033732442216511,0.013775638
2026-01-11 12:00:00+00:00,73.3,71.5,2823.0,97.3,25.6,47.0,3.0,0.0,157.06578,Islamabad,12,6,1,154.625,159.16447,156.85498682657877,0.9301164428066521,0.015785161
2026-01-11 13:00:00+00:00,102.0,99.9,3082.0,112.0,29.7,28.0,3.0,0.0,157.11183,Islamabad,13,6,1,154.83553,159.33772,156.94983291625977,0.8253991990817002,0.0147014465
2026-01-11 14:00:00+00:00,119.0,115.3,3104.0,121.9,34.6,14.0,3.0,0.0,157.1623,Islamabad,14,6,1,155.08115,159.52194,157.0365473429362,0.7235844363650904,0.013419724
2026-01-11 15:00:00+00:00,124.3,119.0,2942.0,126.1,36.5,4.0,3.0,0.0,157.10747,Islamabad,15,6,1,155.30045,159.81361,157.11183993021646,0.621958231144363,0.011635653
2026-01-11 16:00:00+00:00,120.6,115.7,2512.0,122.4,32.9,0.0,3.0,0.0,156.91885,Islamabad,16,6,1,155.44298,160.20833,157.17333475748697,0.5132387114145309,0.009494645
2026-01-11 17:00:00+00:00,107.3,103.4,1897.0,112.9,26.3,1.0,2.0,0.0,156.52632,Islamabad,17,6,1,155.67763,160.45175,157.2086970011393,0.4278356025233984,0.005451611
2026-01-11 18:00:00+00:00,94.3,91.3,1398.0,103.8,20.3,3.0,2.0,0.0,155.86403,Islamabad,18,6,1,156.14693,160.4408,157.19690958658853,0.46097428759995324,-0.001811742
2026-01-11 19:00:00+00:00,82.2,79.9,1146.0,97.7,16.1,4.0,2.0,0.0,155.17982,Islamabad,19,6,1,156.75,160.17545,157.13148562113443,0.6133873665153581,-0.010017066
2026-01-11 20:00:00+00:00,70.5,68.5,1009.0,91.8,12.6,5.0,2.0,0.0,154.80263,Islamabad,20,6,1,157.14912,159.7873,157.03371493021646,0.775927595101774,-0.0149316555
2026-01-11 21:00:00+00:00,62.4,60.5,897.0,84.1,9.8,8.0,2.0,0.0,154.56798,Islamabad,21,6,1,157.4057,159.35745,156.91547648111978,0.9196743584957476,-0.01802808
2026-01-11 22:00:00+00:00,55.1,53.6,706.0,71.1,7.7,14.0,2.0,0.0,154.39255,Islamabad,22,6,1,157.60086,158.92325,156.78179677327475,1.0409016506351105,-0.020357205
2026-01-11 23:00:00+00:00,49.1,47.7,540.0,56.2,6.3,21.0,1.0,0.0,154.25,Islamabad,23,6,1,157.73245,158.56358,156.63669459025064,1.140573673639615,-0.022078224
2026-01-12 00:00:00+00:00,34.9,33.8,616.0,26.2,5.3,42.0,1.0,0.0,154.14035,Islamabad,0,0,1,157.79385,158.35745,156.4844652811686,1.2204318191088277,-0.023153648
2026-01-12 01:00:00+00:00,32.1,31.1,1187.0,33.6,6.9,33.0,1.0,0.0,154.0,Islamabad,1,0,1,157.8399,157.94518,156.32446924845377,1.2850041436218302,-0.024327844
2026-01-12 02:00:00+00:00,37.0,36.2,1999.0,43.7,9.2,21.0,1.0,0.0,153.86404,Islamabad,2,0,1,157.8443,157.54166,156.15862528483072,1.3361548771023954,-0.025216337
2026-01-12 03:00:00+00:00,47.7,46.9,2515.0,50.1,11.3,17.0,1.0,0.25,153.78508,Islamabad,3,0,1,157.76315,157.17323,155.99287223815918,1.3746455184793345,-0.025215477
2026-01-12 04:00:00+00:00,58.6,57.7,2451.0,49.7,12.4,27.0,2.0,0.85,153.7807,Islamabad,4,0,1,157.5987,156.86842,155.83378918965658,1.4013909066962784,-0.024226045
2026-01-12 05:00:00+00:00,66.8,65.9,2090.0,45.6,13.3,45.0,2.0,1.85,153.92543,Islamabad,5,0,1,157.3158,156.76973,155.69252395629883,1.4163051727594587,-0.021551335
2026-01-12 06:00:00+00:00,40.3,37.7,1741.0,41.1,15.6,65.0,3.0,2.85,154.2544,Islamabad,6,0,1,157.01315,156.87062,155.57757568359375,1.4164132336759816,-0.017570239
2026-01-12 07:00:00+00:00,34.6,33.1,1414.0,33.3,20.9,92.0,3.0,3.3,154.31798,Islamabad,7,0,1,157.0285,156.4057,155.4646371205648,1.4036982323500542,-0.01726136
2026-01-12 08:00:00+00:00,35.0,33.8,1098.0,25.0,27.6,122.0,2.0,3.0,154.31798,Islamabad,8,0,1,157.05263,155.91447,155.3506933848063,1.3799810686122653,-0.017412314
2026-01-12 09:00:00+00:00,36.6,35.5,1070.0,28.0,33.1,133.0,2.0,2.1,154.32236,Islamabad,9,0,1,157.0307,155.52632,155.23784573872885,1.3469679135835246,-0.017247222
2026-01-12 10:00:00+00:00,39.2,38.2,1584.0,52.5,35.6,109.0,2.0,1.05,154.2807,Islamabad,10,0,1,157.02193,155.19957,155.12362798055014,1.304665596213478,-0.0174576
2026-01-12 11:00:00+00:00,45.3,44.4,2385.0,88.3,36.9,66.0,1.0,0.35,154.2149,Islamabad,11,0,1,157.0285,154.89473,155.00639470418295,1.2513798182728106,-0.017917758
2026-01-12 12:00:00+00:00,76.4,74.5,2987.0,110.6,36.3,28.0,3.0,0.0,154.13597,Islamabad,12,0,1,157.06578,154.625,154.88431930541992,1.182771111336212,-0.018653393
2026-01-12 13:00:00+00:00,101.5,99.4,3199.0,118.1,40.5,21.0,3.0,0.0,154.20175,Islamabad,13,0,1,157.11183,154.83553,154.76306597391763,1.0900144168074115,-0.018522348
2026-01-12 14:00:00+00:00,115.5,112.5,3212.0,128.0,46.1,11.0,2.0,0.0,154.1908,Islamabad,14,0,1,157.1623,155.08115,154.639253616333,0.9675230606325325,-0.018907186
2026-01-12 15:00:00+00:00,125.7,121.5,3109.0,133.0,48.7,4.0,2.0,0.0,154.12938,Islamabad,15,0,1,157.10747,155.30045,154.51516660054526,0.8163723921101523,-0.018955741
2026-01-12 16:00:00+00:00,132.7,127.1,2885.0,129.3,46.1,2.0,2.0,0.0,154.1842,Islamabad,16,0,1,156.91885,155.44298,154.40122286478677,0.6375529753975058,-0.017427158
2026-01-12 17:00:00+00:00,134.6,128.5,2544.0,120.6,40.6,2.0,2.0,0.0,154.43422,Islamabad,17,0,1,156.52632,155.67763,154.31405194600424,0.44971352220119437,-0.013365816
2026-01-12 18:00:00+00:00,129.5,123.9,2187.0,110.5,34.4,2.0,2.0,0.0,154.98465,Islamabad,18,0,1,155.86403,156.14693,154.27741114298502,0.3404998418625732,-0.0056419643
2026-01-12 19:00:00+00:00,117.3,112.9,1813.0,99.8,27.4,2.0,2.0,0.0,155.69957,Islamabad,19,0,1,155.17982,156.75,154.29906717936197,0.40985427769474897,0.003349307
2026-01-12 20:00:00+00:00,102.7,99.7,1422.0,87.7,19.7,2.0,2.0,0.0,156.42325,Islamabad,20,0,1,154.80263,157.14912,154.36659304300943,0.5902354241469192,0.010468949
2026-01-12 21:00:00+00:00,89.6,87.5,1114.0,75.8,14.1,4.0,2.0,0.0,157.10747,Islamabad,21,0,1,154.56798,157.4057,154.47240511576334,0.8133617775822455,0.016429598
2026-01-12 22:00:00+00:00,76.8,75.2,853.0,62.9,12.0,11.0,2.0,0.0,157.69955,Islamabad,22,0,1,154.39255,157.60086,154.61019706726074,1.0460745755224918,0.021419471
2026-01-12 23:00:00+00:00,62.4,60.8,675.0,50.3,12.0,19.0,2.0,0.0,158.17325,Islamabad,23,0,1,154.25,157.73245,154.77366574605307,1.2699284520223402,0.025434349
2026-01-13 00:00:00+00:00,67.8,65.9,783.0,42.8,10.5,12.0,1.0,0.0,158.46054,Islamabad,0,1,1,154.14035,157.79385,154.95367368062338,1.4671298626698417,0.02802764
2026-01-13 01:00:00+00:00,58.7,56.7,1486.0,48.8,13.4,12.0,1.0,0.0,159.16447,Islamabad,1,1,1,154.0,157.8399,155.1688601175944,1.683898631944009,0.033535548
2026-01-13 02:00:00+00:00,58.0,56.0,2476.0,56.8,17.4,12.0,1.0,0.0,159.72588,Islamabad,2,1,1,153.86404,157.8443,155.4131031036377,1.897927615925092,0.038097475
2026-01-13 03:00:00+00:00,58.1,56.0,3035.0,60.0,20.7,20.0,2.0,0.2,160.1601,Islamabad,3,1,1,153.78508,157.76315,155.67872873942056,2.0959492989349755,0.041454054
2026-01-13 04:00:00+00:00,56.0,53.9,2738.0,54.2,22.3,40.0,3.0,0.85,160.35965,Islamabad,4,1,1,153.7807,157.5987,155.95285161336264,2.260666979416824,0.042781368
2026-01-13 05:00:00+00:00,52.6,49.9,2009.0,43.6,23.1,67.0,4.0,1.85,160.27632,Islamabad,5,1,1,153.92543,157.3158,156.21747207641602,2.3815005095110378,0.04125953
2026-01-13 06:00:00+00:00,48.9,45.9,1410.0,34.4,24.1,93.0,5.0,2.8,159.92543,Islamabad,6,1,1,154.2544,157.01315,156.45376523335776,2.458355595193005,0.036764175
2026-01-13 07:00:00+00:00,49.6,46.9,1045.0,26.2,25.9,122.0,5.0,3.25,160.10527,Islamabad,7,1,1,154.31798,157.0285,156.69490242004395,2.5227413685133455,0.037502386
2026-01-13 08:00:00+00:00,49.5,46.8,809.0,19.5,28.0,150.0,5.0,3.0,160.4079,Islamabad,8,1,1,154.31798,157.05263,156.94864908854166,2.5789146774629823,0.039463453
2026-01-13 09:00:00+00:00,48.3,45.8,944.0,21.4,29.4,162.0,5.0,2.15,160.693,Islamabad,9,1,1,154.32236,157.0307,157.21409225463867,2.624301833303425,0.041281354
2026-01-13 10:00:00+00:00,48.0,45.5,1766.0,37.7,29.3,146.0,5.0,1.15,160.91887,Islamabad,10,1,1,154.2807,157.02193,157.4906826019287,2.6513705566438266,0.043026563
2026-01-13 11:00:00+00:00,50.9,48.5,2959.0,62.6,28.5,113.0,4.0,0.35,161.07895,Islamabad,11,1,1,154.2149,157.0285,157.77668444315592,2.652860802315858,0.044509605
2026-01-13 12:00:00+00:00,62.4,60.8,3821.0,98.9,31.7,62.0,3.0,0.0,161.16885,Islamabad,12,1,1,154.13597,157.06578,158.06972122192383,2.6214627973531215,0.045627784
2026-01-13 13:00:00+00:00,93.6,91.5,4069.0,115.8,37.9,44.0,3.0,0.0,160.86842,Islamabad,13,1,1,154.20175,157.11183,158.34749921162924,2.5459023936120375,0.043233436
2026-01-13 14:00:00+00:00,115.3,111.5,3985.0,138.4,46.1,20.0,3.0,0.0,160.69519,Islamabad,14,1,1,154.1908,157.1623,158.6185156504313,2.427630001251102,0.042184066
2026-01-13 15:00:00+00:00,126.2,120.6,3714.0,150.9,50.2,2.0,3.0,0.0,160.67325,Islamabad,15,1,1,154.12938,157.10747,158.89117685953775,2.2634451645170737,0.04245699
2026-01-13 16:00:00+00:00,130.4,124.3,3214.0,144.1,46.7,0.0,3.0,0.0,160.65352,Islamabad,16,1,1,154.1842,156.91885,159.16073163350424,2.0540485346516513,0.041958347
2026-01-13 17:00:00+00:00,134.6,129.0,2526.0,127.1,39.0,0.0,4.0,0.0,160.5921,Islamabad,17,1,1,154.43422,156.52632,159.4173100789388,1.8078160838247745,0.039873824
2026-01-13 18:00:00+00:00,129.9,124.8,1918.0,111.5,31.1,2.0,4.0,0.0,160.60307,Islamabad,18,1,1,154.98465,155.86403,159.65141105651855,1.554947978954986,0.03625148
2026-01-13 19:00:00+00:00,109.4,106.2,1465.0,102.1,23.8,2.0,3.0,0.0,160.62282,Islamabad,19,1,1,155.69957,155.17982,159.85654640197754,1.3175653288709734,0.03162018
2026-01-13 20:00:00+00:00,86.6,83.8,1091.0,94.0,16.3,2.0,3.0,0.0,160.47588,Islamabad,20,1,1,156.42325,154.80263,160.02540588378906,1.1001820316984399,0.02590809
2026-01-13 21:00:00+00:00,69.4,66.8,839.0,84.2,10.6,5.0,2.0,0.0,160.1272,Islamabad,21,1,1,157.10747,154.56798,160.1512279510498,0.9078225477963091,0.01922079
2026-01-13 22:00:00+00:00,56.2,54.0,683.0,69.2,7.6,16.0,2.0,0.0,159.67325,Islamabad,22,1,1,157.69955,154.39255,160.23346519470215,0.7521190737671318,0.012515532
2026-01-13 23:00:00+00:00,44.6,42.1,649.0,52.6,6.5,31.0,3.0,0.0,159.20833,Islamabad,23,1,1,158.17325,154.25,160.27659352620444,0.6518362733061966,0.0065439637
2026-01-14 00:00:00+00:00,38.5,35.9,849.0,46.3,9.7,32.0,3.0,0.0,158.79825,Islamabad,0,2,1,158.46054,154.14035,160.29066467285156,0.6134431414775764,0.0021311773
2026-01-14 01:00:00+00:00,30.6,28.2,1539.0,48.3,10.4,26.0,2.0,0.0,158.14035,Islamabad,1,2,1,159.16447,154.0,160.2479928334554,0.7213222564892107,-0.0064343764
2026-01-14 02:00:00+00:00,32.5,30.7,2463.0,50.7,11.4,18.0,2.0,0.0,157.51535,Islamabad,2,2,1,159.72588,153.86404,160.15588760375977,0.9078919978541728,-0.013839495
2026-01-14 03:00:00+00:00,41.0,39.3,2973.0,50.7,12.8,19.0,2.0,0.25,156.96053,Islamabad,3,2,1,160.1601,153.78508,160.02257219950357,1.117877073731041,-0.019977322
2026-01-14 04:00:00+00:00,47.6,45.9,2676.0,46.0,14.6,34.0,4.0,1.0,156.5943,Islamabad,4,2,1,160.35965,153.7807,159.8656826019287,1.3153048901524473,-0.02348066
2026-01-14 05:00:00+00:00,46.4,43.1,1965.0,38.9,16.6,56.0,6.0,2.1,156.41885,Islamabad,5,2,1,160.27632,153.92543,159.70495478312174,1.4873761902026057,-0.024067609
2026-01-14 06:00:00+00:00,32.1,26.7,1366.0,32.8,18.7,78.0,8.0,3.15,156.26974,Islamabad,6,2,1,159.92543,154.2544,159.55263455708823,1.6428745388686479,-0.022858687
2026-01-14 07:00:00+00:00,30.9,26.1,988.0,26.4,20.8,100.0,8.0,3.65,155.84868,Islamabad,7,2,1,160.10527,154.31798,159.37527656555176,1.8026163128868318,-0.026586207
2026-01-14 08:00:00+00:00,31.1,27.0,724.0,21.0,22.8,122.0,8.0,3.35,155.39253,Islamabad,8,2,1,160.4079,154.31798,159.1663029988607,1.9614175650340473,-0.031266324
2026-01-14 09:00:00+00:00,31.9,28.1,775.0,24.0,24.4,129.0,7.0,2.4,154.95833,Islamabad,9,2,1,160.693,154.32236,158.92735862731934,2.1109513271461964,-0.03568709
2026-01-14 10:00:00+00:00,33.6,30.3,1385.0,41.6,24.9,112.0,6.0,1.25,154.57018,Islamabad,10,2,1,160.91887,154.2807,158.66282971700033,2.244124479200597,-0.03945276
2026-01-14 11:00:00+00:00,38.1,35.0,2311.0,67.5,25.0,82.0,5.0,0.4,154.23685,Islamabad,11,2,1,161.07895,154.2149,158.37774213155112,2.355670961953619,-0.0424767
2026-01-14 12:00:00+00:00,60.3,57.6,3028.0,105.8,31.4,45.0,4.0,0.05,153.94078,Islamabad,12,2,1,161.16885,154.13597,158.0765724182129,2.4437205873929404,-0.044847827
2026-01-14 13:00:00+00:00,90.1,86.1,3365.0,116.9,35.8,33.0,4.0,0.0,153.8706,Islamabad,13,2,1,160.86842,154.20175,157.7849966684977,2.5126293937240542,-0.04350026
2026-01-14 14:00:00+00:00,107.3,101.3,3492.0,131.7,41.7,17.0,5.0,0.0,153.7522,Islamabad,14,2,1,160.69519,154.1908,157.49570528666177,2.5621979696819808,-0.04320598
2026-01-14 15:00:00+00:00,114.8,107.8,3402.0,138.4,44.3,5.0,5.0,0.0,153.52852,Islamabad,15,2,1,160.67325,154.12938,157.19800821940103,2.591848165718039,-0.04446745
2026-01-14 16:00:00+00:00,126.2,119.7,2990.0,130.3,40.9,1.0,5.0,0.0,153.2478,Islamabad,16,2,1,160.65352,154.1842,156.88943672180176,2.6033836429023243,-0.04609744
2026-01-14 17:00:00+00:00,134.1,128.5,2360.0,114.2,34.2,2.0,5.0,0.0,153.14694,Islamabad,17,2,1,160.5921,154.43422,156.57922172546387,2.5865192485393402,-0.046360686
2026-01-14 18:00:00+00:00,136.9,131.8,1813.0,98.9,27.5,3.0,5.0,0.0,153.13597,Islamabad,18,2,1,160.60307,154.98465,156.268092473348,2.529935925366884,-0.04649414
2026-01-14 19:00:00+00:00,128.5,123.4,1461.0,87.1,21.3,4.0,4.0,0.0,153.28947,Islamabad,19,2,1,160.62282,155.69957,155.96253649393717,2.421650774424096,-0.045655675
2026-01-14 20:00:00+00:00,113.6,109.7,1191.0,76.1,15.1,6.0,4.0,0.0,153.66666,Islamabad,20,2,1,160.47588,156.42325,155.6788190205892,2.2636058687002336,-0.04243142
2026-01-14 21:00:00+00:00,94.5,91.5,966.0,66.6,10.4,7.0,3.0,0.0,154.23465,Islamabad,21,2,1,160.1272,157.10747,155.43329620361328,2.0715544091474087,-0.036799166
2026-01-14 22:00:00+00:00,76.8,74.5,691.0,57.7,7.6,7.0,2.0,0.0,154.7763,Islamabad,22,2,1,159.67325,157.69955,155.2292569478353,1.8668275834522159,-0.03066852
2026-01-14 23:00:00+00:00,65.4,63.3,461.0,50.4,6.2,6.0,2.0,0.0,155.22588,Islamabad,23,2,1,159.20833,158.17325,155.06332143147787,1.6637073966588771,-0.025014095
2026-01-15 00:00:00+00:00,66.4,63.1,522.0,32.2,10.1,21.0,3.0,0.0,155.6908,Islamabad,0,3,1,158.79825,158.46054,154.93384424845377,1.470047534242701,-0.019568555
2026-01-15 01:00:00+00:00,58.7,56.5,1193.0,42.9,12.0,16.0,3.0,0.0,156.2873,Islamabad,1,3,1,158.14035,159.16447,154.85663350423178,1.3369494662330506,-0.011717806
2026-01-15 02:00:00+00:00,60.3,57.6,2155.0,57.1,14.8,10.0,3.0,0.0,156.9079,Islamabad,2,3,1,157.51535,159.72588,154.83132298787436,1.289329363900953,-0.0038564648
2026-01-15 03:00:00+00:00,61.5,58.2,2704.0,64.3,17.5,15.0,3.0,0.2,157.49782,Islamabad,3,3,1,156.96053,160.1601,154.85371017456055,1.331869861651882,0.0034231057
2026-01-15 04:00:00+00:00,57.5,54.9,2424.0,58.0,19.9,41.0,4.0,0.9,157.91228,Islamabad,4,3,1,156.5943,160.35965,154.90862592061362,1.430293108205199,0.008416513
2026-01-15 05:00:00+00:00,57.5,54.4,1730.0,44.6,22.2,77.0,6.0,1.85,158.10965,Islamabad,5,3,1,156.41885,160.27632,154.97907574971518,1.5449585782275441,0.010809412
2026-01-15 06:00:00+00:00,38.0,33.4,1165.0,33.2,24.7,110.0,7.0,2.8,158.35745,Islamabad,6,3,1,156.26974,159.92543,155.06606356302896,1.6741594651236367,0.01335964
2026-01-15 07:00:00+00:00,35.0,31.3,853.0,24.5,27.8,138.0,7.0,3.2,158.5044,Islamabad,7,3,1,155.84868,160.10527,155.17671839396158,1.810361407672869,0.01704035
2026-01-15 08:00:00+00:00,34.2,30.6,670.0,17.7,31.1,161.0,7.0,3.05,158.61842,Islamabad,8,3,1,155.39253,160.4079,155.31113052368164,1.9420468026415483,0.020759627
2026-01-15 09:00:00+00:00,36.4,33.1,778.0,19.7,33.4,169.0,6.0,2.2,158.69737,Islamabad,9,3,1,154.95833,160.693,155.46692403157553,2.0589697620033336,0.024129353
2026-01-15 10:00:00+00:00,39.1,36.0,1392.0,35.4,33.7,152.0,5.0,1.15,158.80702,Islamabad,10,3,1,154.57018,160.91887,155.64345932006836,2.157991645002898,0.027410507
2026-01-15 11:00:00+00:00,44.0,41.3,2297.0,59.8,33.1,119.0,4.0,0.4,158.93202,Islamabad,11,3,1,154.23685,161.07895,155.8390916188558,2.23632949850642,0.030441333
2026-01-15 12:00:00+00:00,50.9,46.0,3016.0,100.0,27.3,25.0,7.0,0.05,159.07018,Islamabad,12,3,1,153.94078,161.16885,156.0528163909912,2.2914485551870643,0.03332057
2026-01-15 13:00:00+00:00,62.2,57.4,3408.0,107.3,29.3,18.0,7.0,0.0,158.8158,Islamabad,13,3,1,153.8706,160.86842,156.25886599222818,2.308961707159108,0.03213863
2026-01-15 14:00:00+00:00,72.6,67.8,3614.0,116.8,31.8,7.0,6.0,0.0,158.1864,Islamabad,14,3,1,153.7522,160.69519,156.44362449645996,2.276847013224241,0.02883994
2026-01-15 15:00:00+00:00,85.0,79.4,3578.0,120.5,32.6,0.0,6.0,0.0,157.45177,Islamabad,15,3,1,153.52852,160.67325,156.6070931752523,2.1979231747180727,0.025553873
2026-01-15 16:00:00+00:00,97.1,91.7,3178.0,113.2,30.4,0.0,6.0,0.0,156.82895,Islamabad,16,3,1,153.2478,160.65352,156.7563076019287,2.078251287601523,0.023368336
2026-01-15 17:00:00+00:00,105.7,100.8,2536.0,100.0,26.5,0.0,5.0,0.0,156.21492,Islamabad,17,3,1,153.14694,160.5921,156.88414001464844,1.9360801721001437,0.020032903
2026-01-15 18:00:00+00:00,105.5,101.5,1969.0,87.8,22.1,2.0,5.0,0.0,155.60747,Islamabad,18,3,1,153.13597,160.60307,156.98711903889975,1.7881245643859018,0.01613923
2026-01-15 19:00:00+00:00,93.8,90.8,1563.0,78.8,17.2,2.0,4.0,0.0,154.943,Islamabad,19,3,1,153.28947,160.62282,157.0560156504313,1.6672277309405006,0.010786903
2026-01-15 20:00:00+00:00,79.2,76.6,1232.0,70.8,12.0,2.0,4.0,0.0,154.22807,Islamabad,20,3,1,153.66666,160.47588,157.07940800984701,1.6208999333666219,0.0036534707
2026-01-15 21:00:00+00:00,66.6,64.3,1026.0,64.0,8.0,3.0,3.0,0.0,153.5022,Islamabad,21,3,1,154.23465,160.1272,157.04888916015625,1.6825151292888822,-0.0047489484
2026-01-15 22:00:00+00:00,57.0,55.1,998.0,58.2,5.9,5.0,3.0,0.0,152.9057,Islamabad,22,3,1,154.7763,159.67325,156.970947265625,1.8292941544111678,-0.012085864
2026-01-15 23:00:00+00:00,50.3,48.4,1096.0,53.6,5.0,7.0,3.0,0.0,152.48027,Islamabad,23,3,1,155.22588,159.20833,156.8565470377604,2.019170084526307,-0.017687809
2026-01-16 00:00:00+00:00,44.0,41.6,1219.0,42.6,5.1,17.0,4.0,0.0,152.15352,Islamabad,0,4,1,155.6908,158.79825,156.7091604868571,2.22642483008004,-0.022719886
2026-01-16 01:00:00+00:00,39.5,36.7,1362.0,47.4,7.1,14.0,4.0,0.0,151.68202,Islamabad,1,4,1,156.2873,158.14035,156.51727422078451,2.451447777309814,-0.029466698
2026-01-16 02:00:00+00:00,45.1,41.8,1529.0,54.0,10.0,11.0,4.0,0.0,151.24782,Islamabad,2,4,1,156.9079,157.51535,156.28143755594888,2.6743584388737656,-0.036072627
2026-01-16 03:00:00+00:00,54.4,50.9,1633.0,58.0,12.7,11.0,5.0,0.15,150.90132,Islamabad,3,4,1,157.49782,156.96053,156.0065835316976,2.875333138372846,-0.0418831
2026-01-16 04:00:00+00:00,58.7,55.3,1633.0,58.2,15.0,14.0,6.0,0.6,150.74123,Islamabad,4,4,1,157.91228,156.5943,155.707789738973,3.036753765899318,-0.045411613
2026-01-16 05:00:00+00:00,63.8,60.5,1569.0,56.0,17.1,21.0,7.0,1.3,150.75,Islamabad,5,4,1,158.10965,156.41885,155.4011376698812,3.1530315655487193,-0.04654776
2026-01-16 06:00:00+00:00,62.2,55.9,1475.0,50.7,19.1,35.0,8.0,2.15,150.88377,Islamabad,6,4,1,158.35745,156.26974,155.08973439534506,3.2167796264703483,-0.04719499
2026-01-16 07:00:00+00:00,49.6,42.3,1300.0,37.8,21.0,68.0,8.0,2.55,151.37718,Islamabad,7,4,1,158.5044,155.84868,154.7927672068278,3.21682418279723,-0.044965394
2026-01-16 08:00:00+00:00,40.7,35.0,1094.0,22.0,22.6,108.0,8.0,2.35,151.61842,Islamabad,8,4,1,158.61842,155.39253,154.50110054016113,3.1719022936580124,-0.044131067
2026-01-16 09:00:00+00:00,36.8,32.5,1049.0,16.5,23.7,130.0,8.0,1.65,151.7149,Islamabad,9,4,1,158.69737,154.95833,154.21016438802084,3.0894273591935684,-0.043998633
2026-01-16 10:00:00+00:00,37.5,33.6,1318.0,29.4,23.4,118.0,7.0,0.95,151.70177,Islamabad,10,4,1,158.80702,154.57018,153.91411209106445,2.967815344361897,-0.04474144
2026-01-16 11:00:00+00:00,41.2,38.1,1747.0,52.6,22.5,88.0,6.0,0.3,151.64912,Islamabad,11,4,1,158.93202,154.23685,153.61065800984701,2.8000238089218805,-0.04582398
2026-01-16 12:00:00+00:00,77.8,75.0,2061.0,86.0,27.6,53.0,5.0,0.05,151.57895,Islamabad,12,4,1,159.07018,153.94078,153.29852358500162,2.5733273249785245,-0.047093846
2026-01-16 13:00:00+00:00,105.7,102.9,2160.0,99.2,31.0,37.0,5.0,0.0,152.2149,Islamabad,13,4,1,158.8158,153.8706,153.02348645528158,2.2957877948013206,-0.04156319
2026-01-16 14:00:00+00:00,124.3,120.1,2143.0,116.8,35.4,16.0,5.0,0.0,153.2127,Islamabad,14,4,1,158.1864,153.7522,152.81624921162924,2.01703760814316,-0.031441983
2026-01-16 15:00:00+00:00,136.0,129.5,2039.0,125.7,37.3,0.0,5.0,0.0,154.35965,Islamabad,15,4,1,157.45177,153.52852,152.68741099039713,1.7945547294187438,-0.019638505
2026-01-16 16:00:00+00:00,141.6,135.5,1822.0,118.5,34.5,0.0,5.0,0.0,155.45833,Islamabad,16,4,1,156.82895,153.2478,152.63030179341635,1.674841771731747,-0.00873959
2026-01-16 17:00:00+00:00,142.5,137.4,1517.0,102.6,29.0,0.0,4.0,0.0,156.41885,Islamabad,17,4,1,156.21492,153.14694,152.63879903157553,1.694224065235288,0.0013054688
2026-01-16 18:00:00+00:00,137.4,133.6,1225.0,87.7,23.5,1.0,4.0,0.0,157.2215,Islamabad,18,4,1,155.60747,153.13597,152.70605023701987,1.8427138220301484,0.0103724385
2026-01-16 19:00:00+00:00,124.8,121.5,958.0,76.6,18.3,2.0,4.0,0.0,157.92545,Islamabad,19,4,1,154.943,153.28947,152.8303190867106,2.0847918799608953,0.019248707
2026-01-16 20:00:00+00:00,110.1,107.1,703.0,66.5,13.1,3.0,4.0,0.0,158.59868,Islamabad,20,4,1,154.22807,153.66666,153.01242764790854,2.381911413112018,0.028338585
2026-01-16 21:00:00+00:00,98.3,95.0,525.0,57.8,9.1,4.0,4.0,0.0,159.26755,Islamabad,21,4,1,153.5022,154.23465,153.25265057881674,2.7025931799135248,0.03755875
2026-01-16 22:00:00+00:00,88.0,84.5,367.0,50.7,6.9,5.0,4.0,0.0,159.9408,Islamabad,22,4,1,152.9057,154.7763,153.5457795461019,3.0255502625798654,0.046009373
2026-01-16 23:00:00+00:00,77.3,74.0,286.0,45.1,5.9,5.0,3.0,0.0,160.58553,Islamabad,23,4,1,152.48027,155.22588,153.88349850972494,3.3377053178605216,0.053156093
2026-01-17 00:00:00+00:00,41.7,39.5,512.0,27.9,5.8,15.0,3.0,0.0,161.14693,Islamabad,0,5,1,152.15352,155.6908,154.25822385152182,3.6273170684537908,0.05910746
2026-01-17 01:00:00+00:00,38.2,36.1,1393.0,35.3,8.0,12.0,3.0,0.0,161.10088,Islamabad,1,5,1,151.68202,156.2873,154.65067609151205,3.8397774524114325,0.062096044
2026-01-17 02:00:00+00:00,43.0,40.0,2581.0,45.2,11.0,10.0,3.0,0.0,161.08772,Islamabad,2,5,1,151.24782,156.9079,155.0606721242269,3.983287342512853,0.06505816
2026-01-17 03:00:00+00:00,46.4,43.9,3269.0,49.7,13.8,15.0,3.0,0.2,161.04825,Islamabad,3,5,1,150.90132,157.49782,155.48346074422201,4.0603713687798715,0.06724213
2026-01-17 04:00:00+00:00,48.5,46.8,2968.0,44.1,15.9,34.0,4.0,0.75,160.89474,Islamabad,4,5,1,150.74123,157.91228,155.90652402242026,4.073721653444021,0.06735728
2026-01-17 05:00:00+00:00,50.3,48.1,2165.0,33.3,17.9,61.0,4.0,1.5,160.70833,Islamabad,5,5,1,150.75,158.10965,156.3214543660482,4.032613554187242,0.06605856
2026-01-17 06:00:00+00:00,38.9,36.3,1519.0,23.9,19.7,86.0,5.0,2.25,160.4364,Islamabad,6,5,1,150.88377,158.35745,156.71948051452637,3.943004709210872,0.06331117
2026-01-17 07:00:00+00:00,35.5,32.0,1191.0,16.0,21.5,109.0,6.0,2.6,160.00658,Islamabad,7,5,1,151.37718,158.5044,157.07903861999512,3.826393803011015,0.057005912
2026-01-17 08:00:00+00:00,33.9,30.3,1020.0,9.5,23.3,130.0,7.0,2.3,159.7807,Islamabad,8,5,1,151.61842,158.61842,157.41913350423178,3.6798769508964098,0.053834338
2026-01-17 09:00:00+00:00,34.0,30.6,1173.0,11.4,25.0,137.0,7.0,1.65,159.67764,Islamabad,9,5,1,151.7149,158.69737,157.75091425577799,3.4976708178181655,0.052484877
2026-01-17 10:00:00+00:00,35.4,32.1,1928.0,27.6,26.1,121.0,7.0,0.9,159.63596,Islamabad,10,5,1,151.70177,158.80702,158.0815054575602,3.2685148347350723,0.052301228
2026-01-17 11:00:00+00:00,39.1,36.0,3007.0,52.1,27.2,90.0,6.0,0.3,159.60307,Islamabad,11,5,1,151.64912,158.93202,158.41291999816895,2.978305154416593,0.052449685
2026-01-17 12:00:00+00:00,76.8,71.2,3748.0,88.2,32.6,35.0,11.0,0.05,159.55702,Islamabad,12,5,1,151.57895,159.07018,158.74533971150717,2.604099422999054,0.05263312
2026-01-17 13:00:00+00:00,100.1,94.3,3871.0,97.8,37.3,25.0,11.0,0.0,159.47368,Islamabad,13,5,1,152.2149,158.8158,159.04778861999512,2.2033488986475787,0.04768767
2026-01-17 14:00:00+00:00,117.1,111.8,3656.0,110.5,43.5,11.0,11.0,0.0,159.2851,Islamabad,14,5,1,153.2127,158.1864,159.30080477396646,1.8193512613711924,0.039633706
2026-01-17 15:00:00+00:00,130.9,125.7,3279.0,116.9,46.2,1.0,10.0,0.0,159.10307,Islamabad,15,5,1,154.35965,157.45177,159.4984474182129,1.4864237568730472,0.030729685
2026-01-17 16:00:00+00:00,140.6,136.0,2710.0,111.1,42.4,0.0,9.0,0.0,159.01974,Islamabad,16,5,1,155.45833,156.82895,159.64683977762857,1.2193295493593992,0.02290914
2026-01-17 17:00:00+00:00,142.0,138.3,1978.0,98.8,35.0,0.0,7.0,0.0,159.0307,Islamabad,17,5,1,156.41885,156.21492,159.7556667327881,1.0187605203992978,0.016697776
2026-01-17 18:00:00+00:00,132.7,129.5,1353.0,88.0,27.9,2.0,6.0,0.0,159.05045,Islamabad,18,5,1,157.2215,155.60747,159.83187294006348,0.8798967390478363,0.011632944
2026-01-17 19:00:00+00:00,113.2,110.6,925.0,82.2,22.0,2.0,5.0,0.0,158.96054,Islamabad,19,5,1,157.92545,154.943,159.87500190734863,0.804528812518856,0.0065543284
2026-01-17 20:00:00+00:00,92.2,90.1,604.0,77.7,16.5,2.0,4.0,0.0,158.7215,Islamabad,20,5,1,158.59868,154.22807,159.88011932373047,0.7964070634228293,0.0007743948
2026-01-17 21:00:00+00:00,75.0,72.6,380.0,71.5,12.1,4.0,4.0,0.0,158.34868,Islamabad,21,5,1,159.26755,153.5022,159.84183311462402,0.8475787369041515,-0.0057693426
2026-01-17 22:00:00+00:00,61.5,59.3,228.0,60.1,9.3,11.0,4.0,0.0,157.85745,Islamabad,22,5,1,159.9408,152.9057,159.75502713521323,0.9387801982584518,-0.013025717
2026-01-17 23:00:00+00:00,51.1,48.7,175.0,46.9,7.7,21.0,5.0,0.0,157.30482,Islamabad,23,5,1,160.58553,152.48027,159.61833127339682,1.0453914509873479,-0.020429617
2026-01-18 00:00:00+00:00,46.7,44.9,291.0,46.3,6.4,8.0,3.0,0.0,156.75,Islamabad,0,6,1,161.14693,152.15352,159.43512598673502,1.146271367249741,-0.027285205
2026-01-18 01:00:00+00:00,38.2,36.2,753.0,51.0,8.2,7.0,3.0,0.0,156.86842,Islamabad,1,6,1,161.10088,151.68202,159.25877380371094,1.2030290050295842,-0.026272064
2026-01-18 02:00:00+00:00,40.5,38.2,1384.0,57.0,10.6,7.0,4.0,0.0,156.87062,Islamabad,2,6,1,161.08772,151.24782,159.08306121826172,1.2319061751176326,-0.026178917
2026-01-18 03:00:00+00:00,47.4,44.8,1724.0,58.8,12.4,12.0,5.0,0.2,156.83113,Islamabad,3,6,1,161.04825,150.90132,158.90734799702963,1.2401413182538865,-0.026185429
2026-01-18 04:00:00+00:00,47.0,44.6,1479.0,52.5,12.5,27.0,7.0,0.7,156.85088,Islamabad,4,6,1,160.89474,150.74123,158.73885345458984,1.233073620334572,-0.02513363
2026-01-18 05:00:00+00:00,44.6,41.7,943.0,41.9,12.0,48.0,9.0,1.5,156.80263,Islamabad,5,6,1,160.70833,150.75,158.57611592610678,1.2195037905667965,-0.024303038
2026-01-18 06:00:00+00:00,33.6,27.8,542.0,32.5,12.4,68.0,11.0,2.25,156.66228,Islamabad,6,6,1,160.4364,150.88377,158.4188607533773,1.2125068266884442,-0.023524113
2026-01-18 07:00:00+00:00,33.1,26.5,415.0,23.8,14.7,87.0,13.0,2.6,156.47588,Islamabad,7,6,1,160.00658,151.37718,158.2717482248942,1.2256127679304243,-0.022065973
2026-01-18 08:00:00+00:00,33.2,26.5,424.0,16.2,18.0,105.0,14.0,2.4,156.35526,Islamabad,8,6,1,159.7807,151.61842,158.12902132670084,1.241598166488524,-0.021438418
2026-01-18 09:00:00+00:00,34.9,27.2,575.0,16.5,20.7,110.0,15.0,1.75,156.27194,Islamabad,9,6,1,159.67764,151.7149,157.98711713155112,1.2514904074967492,-0.0213286
2026-01-18 10:00:00+00:00,37.1,27.9,939.0,30.5,21.8,95.0,16.0,0.95,156.19737,Islamabad,10,6,1,159.63596,151.70177,157.84384282430014,1.2513489409170573,-0.021540156
2026-01-18 11:00:00+00:00,41.2,32.0,1446.0,52.5,22.3,68.0,16.0,0.35,156.10527,Islamabad,11,6,1,159.60307,151.64912,157.69810104370117,1.2411963521606744,-0.021915635
2026-01-18 12:00:00+00:00,62.9,51.2,1891.0,75.9,23.6,35.0,23.0,0.05,156.01755,Islamabad,12,6,1,159.55702,151.57895,157.55062294006348,1.220829195031962,-0.022183131
2026-01-18 13:00:00+00:00,89.2,77.3,2259.0,84.5,27.3,25.0,24.0,0.0,155.57895,Islamabad,13,6,1,159.47368,152.2149,157.3883425394694,1.2129207858794353,-0.024422398
2026-01-18 14:00:00+00:00,108.3,95.7,2564.0,96.1,32.3,11.0,25.0,0.0,155.20613,Islamabad,14,6,1,159.2851,153.2127,157.21838569641113,1.2213356167879938,-0.025607947
2026-01-18 15:00:00+00:00,122.0,107.3,2646.0,102.0,34.9,1.0,25.0,0.0,154.85307,Islamabad,15,6,1,159.10307,154.35965,157.0413023630778,1.244085984988607,-0.026712243
2026-01-18 16:00:00+00:00,132.2,117.6,2363.0,97.5,33.2,0.0,23.0,0.0,154.44955,Islamabad,16,6,1,159.01974,155.45833,156.85087776184082,1.2774106690285025,-0.028739767
2026-01-18 17:00:00+00:00,136.9,124.3,1856.0,87.4,29.0,0.0,20.0,0.0,154.04605,Islamabad,17,6,1,159.0307,156.41885,156.64318402608237,1.3123334501591102,-0.031343944
2026-01-18 18:00:00+00:00,135.0,124.8,1392.0,77.5,24.4,1.0,17.0,0.0,153.73903,Islamabad,18,6,1,159.05045,157.2215,156.421875,1.336360782490009,-0.03339454
2026-01-18 19:00:00+00:00,127.1,119.0,1036.0,69.3,19.4,2.0,15.0,0.0,153.63597,Islamabad,19,6,1,158.96054,157.92545,156.20001792907715,1.3385574099854574,-0.03349617
2026-01-18 20:00:00+00:00,116.6,109.2,722.0,61.2,14.0,3.0,14.0,0.0,153.82018,Islamabad,20,6,1,158.7215,158.59868,155.99579620361328,1.3107377155589586,-0.03088001
2026-01-18 21:00:00+00:00,103.8,96.4,524.0,54.6,9.8,4.0,13.0,0.0,154.23903,Islamabad,21,6,1,158.34868,159.26755,155.82456080118814,1.2573475441538058,-0.025953166
2026-01-18 22:00:00+00:00,90.1,82.7,485.0,49.8,7.6,5.0,13.0,0.0,154.76097,Islamabad,22,6,1,157.85745,159.9408,155.69554074605307,1.1971032460734432,-0.01961568
2026-01-18 23:00:00+00:00,79.2,71.5,562.0,46.4,6.7,5.0,13.0,0.0,155.27412,Islamabad,23,6,1,157.30482,160.58553,155.61092821756998,1.149220267839512,-0.012909335
2026-01-19 00:00:00+00:00,65.0,59.8,697.0,44.4,6.2,4.0,9.0,0.0,155.77411,Islamabad,0,0,1,156.75,161.14693,155.57026608784994,1.1241562584119789,-0.0062257806
2026-01-19 01:00:00+00:00,60.1,54.2,940.0,45.4,8.8,1.0,9.0,0.0,156.10088,Islamabad,1,0,1,156.86842,161.10088,155.53828493754068,1.096189345111625,-0.004892939
2026-01-19 02:00:00+00:00,67.8,61.7,1242.0,46.5,12.4,0.0,8.0,0.0,156.49562,Islamabad,2,0,1,156.87062,161.08772,155.52265993754068,1.0789090429937576,-0.002390505
2026-01-19 03:00:00+00:00,84.3,78.7,1400.0,45.1,15.5,5.0,9.0,0.2,157.01096,Islamabad,3,0,1,156.83113,161.04825,155.53015263875326,1.0889685863914589,0.0011466143
2026-01-19 04:00:00+00:00,90.6,85.7,1279.0,39.4,17.6,27.0,11.0,0.65,157.75438,Islamabad,4,0,1,156.85088,160.89474,155.56779861450195,1.1504908296052185,0.00576027
2026-01-19 05:00:00+00:00,71.7,64.7,1015.0,31.3,19.2,59.0,14.0,1.35,158.65569,Islamabad,5,0,1,156.80263,160.70833,155.64500935872397,1.2906122050943682,0.011817773
2026-01-19 06:00:00+00:00,63.3,54.2,814.0,24.0,20.7,87.0,17.0,2.05,159.16008,Islamabad,6,0,1,156.66228,160.4364,155.74908447265625,1.465124496351931,0.015943868
2026-01-19 07:00:00+00:00,61.5,52.9,676.0,15.8,22.0,113.0,19.0,2.4,159.73903,Islamabad,7,0,1,156.47588,160.00658,155.88504918416342,1.6722715943903446,0.020854034
2026-01-19 08:00:00+00:00,57.4,48.1,601.0,8.5,23.2,135.0,21.0,2.2,160.31796,Islamabad,8,0,1,156.35526,159.7807,156.0501619974772,1.9007396376515184,0.025344256
2026-01-19 09:00:00+00:00,57.0,45.1,791.0,10.8,24.4,142.0,23.0,1.6,160.79166,Islamabad,9,0,1,156.27194,159.67764,156.23848342895508,2.133338692476284,0.02892211
2026-01-19 10:00:00+00:00,59.3,44.0,1452.0,30.2,25.1,122.0,25.0,0.9,161.1842,Islamabad,10,0,1,156.19737,159.63596,156.44626808166504,2.359977498408667,0.031926475
2026-01-19 11:00:00+00:00,64.5,48.1,2377.0,59.2,25.8,85.0,27.0,0.3,161.53728,Islamabad,11,0,1,156.10527,159.60307,156.6726016998291,2.5764063792414293,0.034797076
2026-01-19 12:00:00+00:00,94.5,76.6,3150.0,79.3,28.6,57.0,34.0,0.05,161.89034,Islamabad,12,0,1,156.01755,159.55702,156.91730117797852,2.7821604357538554,0.03764184
2026-01-19 13:00:00+00:00,123.9,105.9,3709.0,87.5,31.2,42.0,32.0,0.0,162.44736,Islamabad,13,0,1,155.57895,159.47368,157.20348485310873,2.984410875624906,0.044147413
2026-01-19 14:00:00+00:00,140.2,123.9,4116.0,98.3,34.5,22.0,28.0,0.0,163.07455,Islamabad,14,0,1,155.20613,159.2851,157.53133583068848,3.181158222460349,0.0506966
2026-01-19 15:00:00+00:00,139.7,127.1,4133.0,103.9,35.1,7.0,24.0,0.0,163.69298,Islamabad,15,0,1,154.85307,159.10307,157.89966519673666,3.364077501424202,0.057085756
2026-01-19 16:00:00+00:00,116.4,107.8,3496.0,100.0,30.6,3.0,19.0,0.0,164.12718,Islamabad,16,0,1,154.44955,159.01974,158.3028996785482,3.5094143528038337,0.062658824
2026-01-19 17:00:00+00:00,99.0,92.4,2469.0,90.8,23.4,4.0,14.0,0.0,163.91228,Islamabad,17,0,1,154.04605,159.0307,158.7139924367269,3.5664875615747778,0.064047255
2026-01-19 18:00:00+00:00,87.5,82.2,1614.0,80.6,17.1,7.0,10.0,0.0,163.21272,Islamabad,18,0,1,153.73903,159.05045,159.10872968037924,3.5158329096731484,0.06162192
2026-01-19 19:00:00+00:00,76.1,71.0,1142.0,70.5,13.1,10.0,8.0,0.0,162.2785,Islamabad,19,0,1,153.63597,158.96054,159.4688351949056,3.370518082325949,0.056253314
2026-01-19 20:00:00+00:00,66.1,61.7,841.0,59.4,10.0,15.0,8.0,0.0,161.22588,Islamabad,20,0,1,153.82018,158.7215,159.77740605672201,3.163540034627639,0.048145186
2026-01-19 21:00:00+00:00,58.6,54.5,639.0,49.0,7.7,20.0,8.0,0.0,160.1842,Islamabad,21,0,1,154.23903,158.34868,160.02512168884277,2.9355602257655686,0.038545206
2026-01-19 22:00:00+00:00,53.0,49.1,468.0,38.0,6.2,25.0,7.0,0.0,159.26535,Islamabad,22,0,1,154.76097,157.85745,160.21280415852866,2.7204810638202486,0.029105395
2026-01-19 23:00:00+00:00,48.5,44.9,395.0,27.7,5.5,30.0,7.0,0.0,158.5285,Islamabad,23,0,1,155.27412,157.30482,160.3484032948812,2.5386440554207637,0.020958928
2026-01-20 00:00:00+00:00,44.9,40.7,549.0,6.7,6.1,68.0,8.0,0.0,157.94518,Islamabad,0,1,1,155.77411,156.75,160.43886439005533,2.4036507810124927,0.013937273
2026-01-20 01:00:00+00:00,46.9,43.1,1156.0,19.0,7.7,51.0,7.0,0.0,157.52632,Islamabad,1,1,1,156.10088,156.86842,160.49825795491537,2.3074873644073985,0.009131567
2026-01-20 02:00:00+00:00,52.5,48.9,1989.0,35.7,9.9,27.0,6.0,0.0,157.28288,Islamabad,2,1,1,156.49562,156.87062,160.53106053670248,2.253067104128688,0.0050305687
2026-01-20 03:00:00+00:00,61.5,58.3,2496.0,46.3,11.6,16.0,6.0,0.2,157.00218,Islamabad,3,1,1,157.01096,156.83113,160.53069496154785,2.2536637304545226,-5.5880202e-05
2026-01-20 04:00:00+00:00,65.0,61.9,2379.0,45.0,11.7,28.0,9.0,0.75,156.55482,Islamabad,4,1,1,157.75438,156.85088,160.48071352640787,2.3299250210106472,-0.0076039373
2026-01-20 05:00:00+00:00,60.5,55.2,1936.0,37.6,11.2,51.0,13.0,1.45,156.0329,Islamabad,5,1,1,158.65569,156.80263,160.37143071492514,2.4761679205633,-0.016531317
2026-01-20 06:00:00+00:00,48.4,39.7,1506.0,30.4,12.1,72.0,17.0,2.1,155.82457,Islamabad,6,1,1,159.16008,156.66228,160.23245112101236,2.6355873916447865,-0.020956952
2026-01-20 07:00:00+00:00,44.2,34.6,1146.0,23.7,16.0,86.0,20.0,2.4,155.50658,Islamabad,7,1,1,159.73903,156.47588,160.05609893798828,2.8061222166012945,-0.026496043
2026-01-20 08:00:00+00:00,43.7,32.8,800.0,17.2,21.2,97.0,21.0,2.3,155.10526,Islamabad,8,1,1,160.31796,156.35526,159.83890279134116,2.981242120953413,-0.032514807
2026-01-20 09:00:00+00:00,42.7,31.2,632.0,17.1,25.0,99.0,22.0,1.85,154.76974,Islamabad,9,1,1,160.79166,156.27194,159.5879898071289,3.146406867144167,-0.037451643
2026-01-20 10:00:00+00:00,41.4,29.9,744.0,27.9,25.4,86.0,21.0,1.05,154.4649,Islamabad,10,1,1,161.1842,156.19737,159.30801900227866,3.2936965121408375,-0.041687082
2026-01-20 11:00:00+00:00,41.2,30.7,1035.0,45.1,24.2,63.0,18.0,0.35,154.1557,Islamabad,11,1,1,161.53728,156.10527,159.00045331319174,3.4187495590833406,-0.045695808
2026-01-20 12:00:00+00:00,50.6,43.7,1370.0,53.8,24.3,61.0,14.0,0.05,153.77412,Islamabad,12,1,1,161.89034,156.01755,158.66227785746256,3.5203687627412306,-0.050134007
2026-01-20 13:00:00+00:00,72.4,65.2,1806.0,66.8,26.6,43.0,14.0,0.0,153.05263,Islamabad,13,1,1,162.44736,155.57895,158.2708307902018,3.602551781576379,-0.057832457
2026-01-20 14:00:00+00:00,94.1,86.8,2286.0,84.4,29.7,18.0,14.0,0.0,152.16008,Islamabad,14,1,1,163.07455,155.20613,157.81606101989746,3.6582525322365322,-0.066929355
2026-01-20 15:00:00+00:00,109.4,102.2,2503.0,95.6,30.8,0.0,14.0,0.0,151.3465,Islamabad,15,1,1,163.69298,154.85307,157.3016242980957,3.6639862772759,-0.07542463
2026-01-20 16:00:00+00:00,116.4,109.0,2248.0,94.1,28.4,0.0,12.0,0.0,150.80043,Islamabad,16,1,1,164.12718,154.44955,156.74634297688803,3.59375959261402,-0.08119771
2026-01-20 17:00:00+00:00,112.5,105.9,1730.0,86.1,24.2,0.0,10.0,0.0,150.82675,Islamabad,17,1,1,163.91228,154.04605,156.20111274719238,3.44903141612134,-0.079832494
2026-01-20 18:00:00+00:00,101.7,96.4,1264.0,79.3,19.8,1.0,8.0,0.0,151.1228,Islamabad,18,1,1,163.21272,153.73903,155.69736607869467,3.258034268170242,-0.07407462
2026-01-20 19:00:00+00:00,84.5,79.9,946.0,77.9,15.7,1.0,7.0,0.0,151.4342,Islamabad,19,1,1,162.2785,153.63597,155.2455202738444,3.0510392950697276,-0.06682523
2026-01-20 20:00:00+00:00,68.5,64.3,680.0,77.8,11.5,2.0,7.0,0.0,151.6294,Islamabad,20,1,1,161.22588,153.82018,154.84566688537598,2.855793995144445,-0.059521966
2026-01-20 21:00:00+00:00,55.6,51.6,490.0,74.1,8.3,5.0,7.0,0.0,151.6864,Islamabad,21,1,1,160.1842,154.23903,154.4915917714437,2.686924728453574,-0.05305019
2026-01-20 22:00:00+00:00,46.7,42.7,346.0,62.1,6.4,15.0,7.0,0.0,151.6228,Islamabad,22,1,1,159.26535,154.76097,154.17315228780112,2.545733636071544,-0.047986254
2026-01-20 23:00:00+00:00,40.6,36.8,277.0,46.6,5.5,27.0,6.0,0.0,151.48247,Islamabad,23,1,1,158.5285,155.27412,153.87956746419272,2.4250465287514262,-0.04444649
2026-01-21 00:00:00+00:00,42.5,38.6,395.0,46.3,6.0,22.0,6.0,0.0,151.30482,Islamabad,0,2,1,157.94518,155.77411,153.60288619995117,2.317442728681895,-0.04204212
2026-01-21 01:00:00+00:00,38.1,34.2,901.0,50.3,7.6,18.0,6.0,0.0,151.25877,Islamabad,1,2,1,157.52632,156.10088,153.34173838297525,2.206583047146724,-0.039787304
2026-01-21 02:00:00+00:00,42.5,38.8,1593.0,55.4,9.8,13.0,5.0,0.0,151.0636,Islamabad,2,2,1,157.28288,156.49562,153.0826015472412,2.085486678564856,-0.039542027
2026-01-21 03:00:00+00:00,51.2,47.7,1975.0,56.4,11.6,17.0,6.0,0.25,150.8421,Islamabad,3,2,1,157.00218,157.01096,152.82593154907227,1.9572438151224376,-0.039235633
2026-01-21 04:00:00+00:00,57.3,54.7,1736.0,49.5,12.2,36.0,9.0,0.85,150.60965,Islamabad,4,2,1,156.55482,157.75438,152.5782159169515,1.8373305848268886,-0.037975036
2026-01-21 05:00:00+00:00,60.3,56.9,1186.0,38.5,12.5,63.0,13.0,1.8,150.45175,Islamabad,5,2,1,156.0329,158.65569,152.34566815694174,1.7311991774975837,-0.035769034
2026-01-21 06:00:00+00:00,38.6,29.8,758.0,28.9,13.5,85.0,15.0,2.75,150.48903,Islamabad,6,2,1,155.82457,159.16008,152.12335395812988,1.6028554737438483,-0.03424069
2026-01-21 07:00:00+00:00,32.4,24.5,589.0,20.7,16.2,101.0,14.0,3.25,150.27193,Islamabad,7,2,1,155.50658,159.73903,151.90524355570474,1.4733901466904396,-0.033661917
2026-01-21 08:00:00+00:00,28.3,22.1,541.0,13.9,19.7,112.0,12.0,3.05,150.05043,Islamabad,8,2,1,155.10526,160.31796,151.6946258544922,1.3523864356441988,-0.032589644
2026-01-21 09:00:00+00:00,25.3,20.3,633.0,15.0,22.5,112.0,10.0,2.2,149.12498,Islamabad,9,2,1,154.76974,160.79166,151.45942751566568,1.2834208518293773,-0.036471985
2026-01-21 10:00:00+00:00,25.1,20.5,910.0,29.3,23.6,95.0,9.0,1.2,147.98958,Islamabad,10,2,1,154.4649,161.1842,151.18962224324545,1.3045867577541361,-0.04192102
2026-01-21 11:00:00+00:00,27.3,22.7,1327.0,51.4,24.1,68.0,8.0,0.4,147.01042,Islamabad,11,2,1,154.1557,161.53728,150.89190228780112,1.4093719738385369,-0.046351053
2026-01-21 12:00:00+00:00,50.4,45.5,1761.0,71.2,26.7,49.0,10.0,0.05,146.17708,Islamabad,12,2,1,153.77412,161.89034,150.57535870869955,1.577052039248878,-0.04940393
2026-01-21 13:00:00+00:00,79.2,73.8,2300.0,84.0,31.8,35.0,10.0,0.0,146.36458,Islamabad,13,2,1,153.05263,162.44736,150.29668998718262,1.7059130292606077,-0.04369771
2026-01-21 14:00:00+00:00,98.5,92.9,2858.0,101.2,38.6,16.0,10.0,0.0,147.26042,Islamabad,14,2,1,152.16008,163.07455,150.0925375620524,1.7653627360722852,-0.032200683
2026-01-21 15:00:00+00:00,110.4,103.8,3047.0,111.6,41.6,2.0,10.0,0.0,147.89584,Islamabad,15,2,1,151.3465,163.69298,149.94876035054526,1.7989919259739626,-0.02279969
2026-01-21 16:00:00+00:00,118.3,110.1,2557.0,110.3,37.6,0.0,9.0,0.0,148.0625,Islamabad,16,2,1,150.80043,164.12718,149.8346799214681,1.8291937757345909,-0.018155985
2026-01-21 17:00:00+00:00,111.1,104.5,1699.0,102.0,30.0,0.0,7.0,0.0,148.17708,Islamabad,17,2,1,150.82675,163.91228,149.72427686055502,1.8465920644827833,-0.017567663
2026-01-21 18:00:00+00:00,93.4,87.8,1025.0,90.1,23.1,3.0,5.0,0.0,148.03125,Islamabad,18,2,1,151.1228,163.21272,149.5954621632894,1.8526124880628412,-0.020457221
2026-01-21 19:00:00+00:00,76.8,72.9,771.0,73.1,18.6,14.0,4.0,0.0,147.13542,Islamabad,19,2,1,151.4342,162.2785,149.41634623209634,1.874784929264939,-0.02838713
2026-01-21 20:00:00+00:00,65.7,62.6,701.0,52.3,14.8,29.0,4.0,0.0,146.40625,Islamabad,20,2,1,151.6294,161.22588,149.19871520996094,1.9095549729893804,-0.03444678
2026-01-21 21:00:00+00:00,57.2,54.7,656.0,35.0,12.0,43.0,4.0,0.0,146.22917,Islamabad,21,2,1,151.6864,160.1842,148.9713306427002,1.925299757734378,-0.03597705
2026-01-21 22:00:00+00:00,49.6,47.5,548.0,21.9,10.1,55.0,4.0,0.0,146.55208,Islamabad,22,2,1,151.6228,159.26535,148.76005045572916,1.8997374520788484,-0.03344302
2026-01-21 23:00:00+00:00,44.6,42.8,466.0,12.2,9.1,66.0,3.0,0.0,147.05208,Islamabad,23,2,1,151.48247,158.5285,148.5754508972168,1.8379433289211227,-0.02924688
2026-01-22 00:00:00+00:00,43.2,41.9,518.0,15.1,8.2,52.0,2.0,0.0,147.67708,Islamabad,0,3,1,151.30482,157.94518,148.42429478963217,1.7508265868158381,-0.02397641
2026-01-22 01:00:00+00:00,42.8,41.4,835.0,31.4,9.8,37.0,2.0,0.0,148.02083,Islamabad,1,3,1,151.25877,157.52632,148.2893803914388,1.6444336205737493,-0.021406664
2026-01-22 02:00:00+00:00,51.0,49.4,1286.0,53.3,12.0,18.0,3.0,0.0,148.77083,Islamabad,2,3,1,151.0636,157.28288,148.19384829203287,1.5395114479911358,-0.015177517
2026-01-22 03:00:00+00:00,59.6,58.0,1586.0,64.9,13.4,12.0,3.0,0.15,149.875,Islamabad,3,3,1,150.8421,157.00218,148.15355237325033,1.4786340537687526,-0.0064113536
2026-01-22 04:00:00+00:00,54.4,52.6,1605.0,56.4,13.3,31.0,4.0,0.5,150.19957,Islamabad,4,3,1,150.60965,156.55482,148.1364657084147,1.4511317237488979,-0.0027228
2026-01-22 05:00:00+00:00,50.3,48.7,1473.0,37.6,12.5,63.0,5.0,1.0,150.1535,Islamabad,5,3,1,150.45175,156.0329,148.12403869628906,1.4315877618106818,-0.0019823518
2026-01-22 06:00:00+00:00,36.7,34.0,1301.0,22.4,11.8,89.0,5.0,1.3,149.875,Islamabad,6,3,1,150.48903,155.82457,148.09845415751138,1.3924357449235396,-0.004080224
2026-01-22 07:00:00+00:00,31.4,29.1,1060.0,15.6,11.6,102.0,4.0,0.95,150.0658,Islamabad,7,3,1,150.27193,155.50658,148.08986536661783,1.3790175680824228,-0.0013717199
2026-01-22 08:00:00+00:00,28.8,27.0,778.0,12.3,11.6,109.0,3.0,0.65,150.16667,Islamabad,8,3,1,150.05043,155.10526,148.09470876057944,1.3863873029085596,0.00077468256
2026-01-22 09:00:00+00:00,26.7,25.0,647.0,11.5,11.4,112.0,3.0,0.5,150.27412,Islamabad,9,3,1,149.12498,154.76974,148.1425895690918,1.4422350624659899,0.0077058813
2026-01-22 10:00:00+00:00,26.1,24.2,837.0,14.3,10.9,108.0,4.0,0.2,150.3772,Islamabad,10,3,1,147.98958,154.4649,148.2420736948649,1.5118875955507043,0.016133698
2026-01-22 11:00:00+00:00,29.8,26.0,1177.0,19.4,10.2,100.0,5.0,0.05,150.45834,Islamabad,11,3,1,147.01042,154.1557,148.38573710123697,1.5530200525240765,0.023453588
2026-01-22 12:00:00+00:00,20.1,19.0,1346.0,19.5,10.4,98.0,2.0,0.0,150.5307,Islamabad,12,3,1,146.17708,153.77412,148.56713803609213,1.5380109002980367,0.029783208
2026-01-22 13:00:00+00:00,24.4,23.0,1152.0,17.1,9.9,103.0,3.0,0.0,149.7604,Islamabad,13,3,1,146.36458,153.05263,148.70863087972006,1.4817457062037525,0.023201162
2026-01-22 14:00:00+00:00,26.4,24.6,788.0,13.7,9.2,109.0,4.0,0.0,144.46877,Islamabad,14,3,1,147.26042,152.16008,148.59231185913086,1.6946533033919848,-0.018957276
2026-01-22 15:00:00+00:00,32.6,30.6,511.0,11.0,9.0,114.0,4.0,0.0,137.35416,Islamabad,15,3,1,147.89584,151.3465,148.15307490030924,2.853169977157491,-0.071277775
2026-01-22 16:00:00+00:00,38.1,36.2,441.0,9.6,9.6,116.0,4.0,0.0,129.72916,Islamabad,16,3,1,148.0625,150.80043,147.3891855875651,4.72118829726954,-0.12382165
2026-01-22 17:00:00+00:00,39.8,38.5,458.0,8.8,10.7,118.0,3.0,0.0,122.03125,Islamabad,17,3,1,148.17708,150.82675,146.2997760772705,6.998701258567908,-0.17644988
2026-01-22 18:00:00+00:00,38.3,37.4,464.0,8.0,11.5,118.0,2.0,0.0,115.15624,Islamabad,18,3,1,148.03125,151.1228,144.9299840927124,9.437371621709518,-0.22208154
2026-01-22 19:00:00+00:00,35.3,34.6,416.0,6.7,11.8,118.0,2.0,0.0,109.90624,Islamabad,19,3,1,147.13542,151.4342,143.37876828511557,11.818407987552717,-0.25302663
2026-01-22 20:00:00+00:00,32.4,31.9,358.0,5.4,11.8,116.0,1.0,0.0,105.916664,Islamabad,20,3,1,146.40625,151.6294,141.69170220692953,14.04721022142508,-0.2765564
2026-01-22 21:00:00+00:00,30.3,29.8,319.0,4.4,11.6,115.0,1.0,0.0,102.71875,Islamabad,21,3,1,146.22917,151.6864,139.87876796722412,16.09465950525981,-0.29754955
2026-01-22 22:00:00+00:00,29.0,28.8,309.0,3.7,11.3,114.0,1.0,0.0,100.125,Islamabad,22,3,1,146.55208,151.6228,137.9443063735962,17.941805787774754,-0.31679577
2026-01-22 23:00:00+00:00,23.2,23.1,318.0,3.4,10.9,112.0,1.0,0.0,98.44858,Islamabad,23,3,1,147.05208,151.48247,135.91916052500406,19.54084347672432,-0.33051896
2026-01-23 00:00:00+00:00,21.7,21.2,350.0,4.2,11.4,106.0,1.0,0.0,96.702126,Islamabad,0,4,1,147.67708,151.30482,133.79520416259766,20.92832862206464,-0.3451785
2026-01-23 01:00:00+00:00,19.7,19.0,428.0,7.3,11.6,104.0,1.0,0.0,94.86701,Islamabad,1,4,1,148.02083,151.25877,131.58046181996664,22.135155345731985,-0.35909688
2026-01-23 02:00:00+00:00,20.2,19.5,529.0,11.4,11.8,100.0,1.0,0.0,92.8812,Islamabad,2,4,1,148.77083,151.0636,129.25172742207846,23.16403623248868,-0.37567598
2026-01-23 03:00:00+00:00,20.2,19.8,588.0,14.0,11.8,97.0,1.0,0.05,90.2305,Islamabad,3,4,1,149.875,150.8421,126.76653989156087,24.038265075861034,-0.39796165
2026-01-23 04:00:00+00:00,21.6,21.0,562.0,13.7,11.3,94.0,1.0,0.15,86.84396,Islamabad,4,4,1,150.19957,150.60965,124.12672297159831,24.81911634347223,-0.4218095
2026-01-23 05:00:00+00:00,23.5,22.8,493.0,11.8,10.4,92.0,1.0,0.4,84.04255,Islamabad,5,4,1,150.1535,150.45175,121.37209987640381,25.465213493335032,-0.4402891
2026-01-23 06:00:00+00:00,21.1,19.9,448.0,10.0,9.8,91.0,2.0,1.05,81.746445,Islamabad,6,4,1,149.875,150.48903,118.53341007232666,25.942540736797245,-0.4545692
2026-01-23 07:00:00+00:00,21.9,19.4,451.0,8.2,9.5,94.0,5.0,1.8,80.49645,Islamabad,7,4,1,150.0658,150.27193,115.63468742370605,26.15190675872269,-0.46359226
2026-01-23 08:00:00+00:00,24.3,19.8,476.0,6.3,9.3,99.0,10.0,1.9,79.63653,Islamabad,8,4,1,150.16667,150.05043,112.69593143463135,26.06542761095173,-0.4696791
2026-01-23 09:00:00+00:00,26.5,19.4,516.0,6.3,9.3,101.0,14.0,1.5,78.99823,Islamabad,9,4,1,150.27412,149.12498,109.72610251108806,25.654974247990232,-0.47430584
2026-01-23 10:00:00+00:00,31.2,20.8,541.0,7.6,9.3,99.0,18.0,0.9,78.50178,Islamabad,10,4,1,150.3772,147.98958,106.73129336039226,24.88694522302048,-0.47796753
2026-01-23 11:00:00+00:00,33.5,20.5,579.0,10.7,9.4,93.0,22.0,0.35,78.200356,Islamabad,11,4,1,150.45834,147.01042,103.72054386138916,23.709922502069407,-0.48025244
2026-01-23 12:00:00+00:00,17.9,15.9,709.0,20.7,5.9,78.0,4.0,0.0,77.71276,Islamabad,12,4,1,150.5307,146.17708,100.68646303812663,22.0611484713923,-0.48374146
2026-01-23 13:00:00+00:00,20.8,19.0,1060.0,22.8,6.5,74.0,4.0,0.0,77.43794,Islamabad,13,4,1,149.7604,146.36458,97.67302703857422,19.900044698732625,-0.48292112
2026-01-23 14:00:00+00:00,26.0,23.7,1501.0,25.8,7.3,67.0,5.0,0.0,77.08333,Islamabad,14,4,1,144.46877,147.26042,94.86530049641927,17.63539624678199,-0.46643603
2026-01-23 15:00:00+00:00,31.4,28.7,1721.0,28.1,8.0,61.0,5.0,0.0,77.00355,Islamabad,15,4,1,137.35416,147.89584,92.35069179534912,15.485121585612248,-0.43937957
2026-01-23 16:00:00+00:00,35.7,32.6,1514.0,29.7,8.5,55.0,5.0,0.0,76.8351,Islamabad,16,4,1,129.72916,148.0625,90.14677270253499,13.580927445556652,-0.40772682
2026-01-23 17:00:00+00:00,35.6,33.2,1085.0,30.6,8.8,50.0,4.0,0.0,76.515945,Islamabad,17,4,1,122.03125,148.17708,88.25030167897542,12.023559625772435,-0.37298074
2026-01-23 18:00:00+00:00,32.0,30.3,739.0,30.1,8.7,46.0,3.0,0.0,76.04609,Islamabad,18,4,1,115.15624,148.03125,86.620711962382,10.807198355227653,-0.33962685
2026-01-23 19:00:00+00:00,25.6,24.4,596.0,26.6,7.9,47.0,3.0,0.0,75.41666,Islamabad,19,4,1,109.90624,147.13542,85.18364588419597,9.824654996225611,-0.31380916
2026-01-23 20:00:00+00:00,21.1,20.0,536.0,21.5,6.7,50.0,2.0,0.0,74.51241,Islamabad,20,4,1,105.916664,146.40625,83.87513542175293,8.999934365892454,-0.2964996
2026-01-23 21:00:00+00:00,20.1,19.2,503.0,18.6,5.9,49.0,2.0,0.0,73.45744,Islamabad,21,4,1,102.71875,146.22917,82.65591430664062,8.29023344873508,-0.2848682
2026-01-23 22:00:00+00:00,21.5,20.1,417.0,19.3,5.6,40.0,2.0,0.0,72.51774,Islamabad,22,4,1,100.125,146.55208,81.50561173756917,7.651655909177889,-0.27572796
2026-01-23 23:00:00+00:00,23.7,21.9,358.0,22.1,5.6,27.0,1.0,0.0,71.74645,Islamabad,23,4,1,98.44858,147.05208,80.39302317301433,6.994000188206633,-0.27122918
2026-01-24 00:00:00+00:00,29.3,27.6,514.0,24.8,7.4,25.0,1.0,0.0,71.640076,Islamabad,0,5,1,96.702126,147.67708,79.34877109527588,6.288447172456275,-0.25916752
2026-01-24 01:00:00+00:00,27.3,25.3,1155.0,33.4,8.3,18.0,1.0,0.0,72.20744,Islamabad,1,5,1,94.86701,148.02083,78.40462239583333,5.510124357443767,-0.23885615
2026-01-24 02:00:00+00:00,32.4,30.2,2010.0,44.8,9.7,10.0,0.0,0.0,72.76596,Islamabad,2,5,1,92.8812,148.77083,77.5664873123169,4.679639797142876,-0.21656957
2026-01-24 03:00:00+00:00,43.2,41.4,2458.0,49.5,11.8,12.0,1.0,0.2,73.71454,Islamabad,3,5,1,90.2305,149.875,76.87832228342693,3.8829183456873233,-0.18304189
2026-01-24 04:00:00+00:00,38.9,37.4,2099.0,41.1,15.4,34.0,4.0,0.75,75.629425,Islamabad,4,5,1,86.84396,150.19957,76.41104984283447,3.2556155793141928,-0.12913434
2026-01-24 05:00:00+00:00,21.7,16.2,1333.0,26.1,19.6,66.0,8.0,1.6,77.08333,Islamabad,5,5,1,84.04255,150.1535,76.1210823059082,2.8282117802397284,-0.082805924
2026-01-24 06:00:00+00:00,21.5,15.7,736.0,14.3,22.4,92.0,11.0,2.4,76.49824,Islamabad,6,5,1,81.746445,149.875,75.90240701039632,2.5649974480608737,-0.06420104
2026-01-24 07:00:00+00:00,20.0,14.8,538.0,9.4,22.6,107.0,10.0,2.85,76.12589,Islamabad,7,5,1,80.49645,150.0658,75.72030035654704,2.372584898461187,-0.05429506
2026-01-24 08:00:00+00:00,17.8,13.9,509.0,7.8,21.3,115.0,7.0,2.65,75.71809,Islamabad,8,5,1,79.63653,150.16667,75.55703194936116,2.221379001694553,-0.049204078
2026-01-24 09:00:00+00:00,15.9,13.1,534.0,8.5,19.6,119.0,5.0,1.9,75.19504,Islamabad,9,5,1,78.99823,150.27412,75.39856561024983,2.097416478104513,-0.04814275
2026-01-24 10:00:00+00:00,14.6,12.6,607.0,10.8,17.7,118.0,4.0,1.1,74.63652,Islamabad,10,5,1,78.50178,150.3772,75.23751322428386,1.9946544253706295,-0.049237832
2026-01-24 11:00:00+00:00,14.6,13.2,735.0,15.5,15.4,112.0,3.0,0.4,73.90958,Islamabad,11,5,1,78.200356,150.45834,75.05873076121013,1.9079550849693183,-0.05486905
2026-01-24 12:00:00+00:00,20.5,19.1,823.0,23.0,11.9,92.0,3.0,0.05,73.26241,Islamabad,12,5,1,77.71276,150.5307,74.87329959869385,1.8543061289536777,-0.05726663
2026-01-24 13:00:00+00:00,29.9,28.3,835.0,36.0,12.3,74.0,3.0,0.0,73.5461,Islamabad,13,5,1,77.43794,149.7604,74.71113936106364,1.7893082153753197,-0.05025761
2026-01-24 14:00:00+00:00,38.8,37.0,807.0,53.6,12.7,48.0,3.0,0.0,74.37056,Islamabad,14,5,1,77.08333,144.46877,74.59810733795166,1.717169487758933,-0.035192676
2026-01-24 15:00:00+00:00,45.2,43.4,759.0,65.0,13.0,31.0,3.0,0.0,75.549644,Islamabad,15,5,1,77.00355,137.35416,74.5375280380249,1.6530687856939439,-0.01888099
2026-01-24 16:00:00+00:00,48.7,47.0,686.0,64.5,13.0,29.0,3.0,0.0,76.85284,Islamabad,16,5,1,76.8351,129.72916,74.53826713562012,1.654144322972615,0.0002308625
2026-01-24 17:00:00+00:00,51.3,49.7,593.0,57.8,12.7,35.0,3.0,0.0,78.12943,Islamabad,17,5,1,76.515945,122.03125,74.6054957707723,1.7669580234566316,0.02108694
2026-01-24 18:00:00+00:00,51.8,50.2,511.0,50.3,12.0,42.0,3.0,0.0,79.5922,Islamabad,18,5,1,76.04609,115.15624,74.75325043996175,2.022452262091746,0.04663109
2026-01-24 19:00:00+00:00,50.6,49.1,443.0,43.4,10.6,47.0,3.0,0.0,81.35639,Islamabad,19,5,1,75.41666,109.90624,75.00073941548665,2.429605023468951,0.07875893
2026-01-24 20:00:00+00:00,49.4,47.8,387.0,35.8,8.8,53.0,3.0,0.0,83.546104,Islamabad,20,5,1,74.51241,105.916664,75.3771432240804,2.9865862280751925,0.121237405
2026-01-24 21:00:00+00:00,48.4,47.0,361.0,29.4,7.3,58.0,3.0,0.0,86.010635,Islamabad,21,5,1,73.45744,102.71875,75.90019289652507,3.6592527279231035,0.17089067
2026-01-24 22:00:00+00:00,47.8,46.6,346.0,23.5,6.2,62.0,3.0,0.0,88.47518,Islamabad,22,5,1,72.51774,100.125,76.5650863647461,4.393930318986005,0.22004883
2026-01-24 23:00:00+00:00,47.4,46.1,362.0,18.9,5.5,64.0,2.0,0.0,90.82446,Islamabad,23,5,1,71.74645,98.44858,77.36000347137451,5.145692550310515,0.26590878
2026-01-25 00:00:00+00:00,41.2,40.2,489.0,11.6,4.9,81.0,2.0,0.0,92.96986,Islamabad,0,6,1,71.640076,96.702126,78.24874432881673,5.901329160109026,0.2977353
2026-01-25 01:00:00+00:00,42.1,41.2,870.0,24.4,6.3,66.0,2.0,0.0,94.086876,Islamabad,1,6,1,72.20744,94.86701,79.160387357076,6.578600471301522,0.303008
2026-01-25 02:00:00+00:00,48.1,47.1,1361.0,41.6,8.2,47.0,1.0,0.0,95.49646,Islamabad,2,6,1,72.76596,92.8812,80.1074914932251,7.22268185043874,0.3123782
2026-01-25 03:00:00+00:00,57.4,56.6,1613.0,51.5,9.7,40.0,1.0,0.2,96.994675,Islamabad,3,6,1,73.71454,90.2305,81.07749716440837,7.861765778499003,0.3158147
2026-01-25 04:00:00+00:00,61.2,60.5,1388.0,47.3,10.2,55.0,2.0,0.75,98.34219,Islamabad,4,6,1,75.629425,86.84396,82.02386252085368,8.517151449297772,0.30031654
2026-01-25 05:00:00+00:00,59.4,58.6,923.0,35.7,10.2,83.0,3.0,1.55,100.45832,Islamabad,5,6,1,77.08333,84.04255,82.99782053629558,9.23395691684428,0.30324316
2026-01-25 06:00:00+00:00,38.0,35.9,581.0,25.5,10.5,106.0,4.0,2.35,104.87499,Islamabad,6,6,1,76.49824,81.746445,84.18018531799316,10.13802888326382,0.37094653
2026-01-25 07:00:00+00:00,33.3,31.1,510.0,18.1,11.3,122.0,5.0,2.75,106.97916,Islamabad,7,6,1,76.12589,80.49645,85.46573797861735,10.992466674101383,0.40529263
2026-01-25 08:00:00+00:00,30.5,27.9,561.0,12.1,12.4,135.0,6.0,2.55,108.67708,Islamabad,8,6,1,75.71809,79.63653,86.83902931213379,11.75414218751599,0.4352856
2026-01-25 09:00:00+00:00,29.7,26.6,653.0,11.1,13.3,138.0,6.0,1.9,110.135414,Islamabad,9,6,1,75.19504,78.99823,88.29487832387288,12.395559938980833,0.46466333
2026-01-25 10:00:00+00:00,30.0,26.9,789.0,17.0,13.7,129.0,6.0,1.05,111.541664,Islamabad,10,6,1,74.63652,78.50178,89.83259264628093,12.906116822406787,0.49446496
2026-01-25 11:00:00+00:00,31.0,28.2,966.0,28.1,14.0,111.0,5.0,0.4,113.03124,Islamabad,11,6,1,73.90958,78.200356,91.4626620610555,13.272928406294183,0.529318
2026-01-25 12:00:00+00:00,34.1,32.0,1094.0,44.8,12.2,81.0,4.0,0.05,114.59374,Islamabad,12,6,1,73.26241,77.71276,93.18480078379314,13.488391117499063,0.5641546
2026-01-25 13:00:00+00:00,49.0,47.1,1136.0,63.3,14.2,57.0,4.0,0.0,115.93749,Islamabad,13,6,1,73.5461,77.43794,94.95110893249512,13.58015495286973,0.5763922
2026-01-25 14:00:00+00:00,63.6,61.7,1129.0,88.5,16.9,24.0,4.0,0.0,117.89582,Islamabad,14,6,1,74.37056,77.08333,96.764661471049,13.61846482499273,0.58524853
2026-01-25 15:00:00+00:00,75.9,74.0,1100.0,105.9,18.3,1.0,4.0,0.0,120.46875,Islamabad,15,6,1,75.549644,77.00355,98.63629086812337,13.66266633949864,0.5945641
2026-01-25 16:00:00+00:00,80.1,78.2,1054.0,109.5,17.5,0.0,4.0,0.0,123.65625,Islamabad,16,6,1,76.85284,76.8351,100.5864330927531,13.758128897347234,0.60900044
2026-01-25 17:00:00+00:00,76.4,74.5,986.0,105.2,15.5,2.0,3.0,0.0,126.90625,Islamabad,17,6,1,78.12943,76.515945,102.61880048116048,13.89848917182721,0.6243078
2026-01-25 18:00:00+00:00,69.4,67.8,907.0,95.9,13.2,11.0,3.0,0.0,129.4896,Islamabad,18,6,1,79.5922,76.04609,104.69785849253337,14.035575452726535,0.6269131
2026-01-25 19:00:00+00:00,62.2,60.3,808.0,79.9,10.8,25.0,3.0,0.0,131.32294,Islamabad,19,6,1,81.35639,75.41666,106.77979787190755,14.128268189085645,0.61416864
2026-01-25 20:00:00+00:00,55.8,53.8,698.0,58.8,8.1,44.0,4.0,0.0,132.4896,Islamabad,20,6,1,83.546104,74.51241,108.81910991668701,14.16112431114286,0.5858261
2026-01-25 21:00:00+00:00,49.9,48.0,609.0,41.2,6.1,58.0,4.0,0.0,133.1146,Islamabad,21,6,1,86.010635,73.45744,110.78177483876546,14.126687488310088,0.5476527
2026-01-25 22:00:00+00:00,45.4,43.3,490.0,28.5,4.9,66.0,4.0,0.0,133.21875,Islamabad,22,6,1,88.47518,72.51774,112.64609018961589,14.006789527756839,0.5057189
2026-01-25 23:00:00+00:00,41.9,39.9,392.0,19.1,4.4,69.0,4.0,0.0,132.87502,Islamabad,23,6,1,90.82446,71.74645,114.39819653828938,13.786765026854187,0.46298707
2026-01-26 00:00:00+00:00,32.9,31.0,504.0,8.0,4.6,86.0,4.0,0.0,132.22919,Islamabad,0,0,1,92.96986,71.640076,116.03400198618571,13.45891056865462,0.42228022
2026-01-26 01:00:00+00:00,31.4,29.3,1066.0,18.7,5.9,73.0,4.0,0.0,131.27084,Islamabad,1,0,1,94.086876,72.20744,117.58333396911621,12.953339306711445,0.39520887
2026-01-26 02:00:00+00:00,34.9,32.8,1839.0,33.3,7.6,55.0,4.0,0.0,130.03125,Islamabad,2,0,1,95.49646,72.76596,119.02228355407715,12.294526476985142,0.36163425
2026-01-26 03:00:00+00:00,42.1,40.0,2292.0,43.7,9.1,43.0,4.0,0.2,128.54169,Islamabad,3,0,1,96.994675,73.71454,120.33674240112305,11.497655734383255,0.32524478
2026-01-26 04:00:00+00:00,46.6,44.5,2097.0,46.1,9.6,43.0,5.0,0.7,126.81251,Islamabad,4,0,1,98.34219,75.629425,121.52300548553467,10.560204390804328,0.28950253
2026-01-26 05:00:00+00:00,51.8,50.5,1582.0,44.2,9.9,50.0,8.0,1.35,125.14583,Islamabad,5,0,1,100.45832,77.08333,122.55165163675944,9.57560594588718,0.24574876
2026-01-26 06:00:00+00:00,45.2,39.7,1206.0,41.6,10.9,57.0,10.0,1.8,124.30208,Islamabad,6,0,1,104.87499,76.49824,123.36111354827881,8.806606948512362,0.1852404
2026-01-26 07:00:00+00:00,38.5,29.0,1050.0,36.7,13.5,68.0,13.0,1.45,124.6979,Islamabad,7,0,1,106.97916,76.12589,124.09939448038737,8.086845370788529,0.16562799
2026-01-26 08:00:00+00:00,38.1,27.9,1032.0,30.9,16.8,79.0,16.0,1.4,124.47917,Islamabad,8,0,1,108.67708,75.71809,124.75781504313152,7.389841837019142,0.1454041
2026-01-26 09:00:00+00:00,39.0,29.6,1362.0,32.1,19.7,80.0,18.0,1.1,124.47917,Islamabad,9,0,1,110.135414,75.19504,125.35547161102295,6.704038131331418,0.13023748
2026-01-26 10:00:00+00:00,41.6,34.0,2326.0,46.8,20.9,60.0,16.0,0.55,124.79167,Islamabad,10,0,1,111.541664,74.63652,125.90755526224773,6.028542283654967,0.11878976
2026-01-26 11:00:00+00:00,50.1,44.5,3637.0,68.4,21.7,28.0,13.0,0.15,125.53124,Islamabad,11,0,1,113.03124,73.90958,126.42838859558105,5.371940660409242,0.11058889
2026-01-26 12:00:00+00:00,73.8,68.5,4654.0,77.1,17.9,7.0,10.0,0.0,127.229164,Islamabad,12,0,1,114.59374,73.26241,126.95486450195312,4.74414198781258,0.11026275
2026-01-26 13:00:00+00:00,96.4,89.2,5185.0,75.1,22.9,7.0,11.0,0.0,131.03123,Islamabad,13,0,1,115.93749,73.5461,127.58377043406169,4.187974892705444,0.13018863
2026-01-26 14:00:00+00:00,114.6,106.6,5420.0,72.3,29.4,8.0,12.0,0.0,135.41667,Islamabad,14,0,1,117.89582,74.37056,128.3138058980306,3.945868526661592,0.14861299
2026-01-26 15:00:00+00:00,122.5,114.1,5287.0,70.1,32.7,9.0,13.0,0.0,140.09373,Islamabad,15,0,1,120.46875,75.549644,129.13151359558105,4.269617253505972,0.16290519
2026-01-26 16:00:00+00:00,112.2,103.6,4618.0,69.6,29.6,10.0,13.0,0.0,144.27083,Islamabad,16,0,1,123.65625,76.85284,129.99045435587564,5.110922487422003,0.16670874
2026-01-26 17:00:00+00:00,96.2,88.0,3582.0,69.7,23.2,11.0,13.0,0.0,146.91666,Islamabad,17,0,1,126.90625,78.12943,130.8242212931315,6.118735115261035,0.15767865
2026-01-26 18:00:00+00:00,85.7,77.3,2610.0,68.8,17.4,13.0,13.0,0.0,148.3229,Islamabad,18,0,1,129.4896,79.5922,131.60894266764322,7.073339398373575,0.14544268
2026-01-26 19:00:00+00:00,74.0,66.1,1799.0,67.5,13.5,17.0,13.0,0.0,149.31252,Islamabad,19,0,1,131.32294,81.35639,132.35850842793783,7.941605650222961,0.13698733
2026-01-26 20:00:00+00:00,61.9,54.4,1053.0,65.1,10.2,22.0,12.0,0.0,149.91666,Islamabad,20,0,1,132.4896,83.546104,133.08463605244955,8.713324168120131,0.13153534
2026-01-26 21:00:00+00:00,50.5,43.3,515.0,57.9,7.7,31.0,12.0,0.0,149.97917,Islamabad,21,0,1,133.1146,86.010635,133.78732681274414,9.371047621650282,0.12669218
2026-01-26 22:00:00+00:00,43.0,35.7,264.0,40.3,6.2,50.0,12.0,0.0,149.4896,Islamabad,22,0,1,133.21875,88.47518,134.46527862548828,9.901662844511007,0.12213629
2026-01-26 23:00:00+00:00,37.5,30.4,221.0,17.9,5.5,73.0,13.0,0.0,148.69792,Islamabad,23,0,1,132.87502,90.82446,135.12456639607748,10.309545317552487,0.119081125
2026-01-27 00:00:00+00:00,22.0,18.6,288.0,3.4,6.0,94.0,6.0,0.0,147.70833,Islamabad,0,1,1,132.22919,92.96986,135.76953061421713,10.600613221343803,0.11706297
2026-01-27 01:00:00+00:00,20.8,17.2,472.0,12.5,6.6,84.0,6.0,0.0,146.41666,Islamabad,1,1,1,131.27084,94.086876,136.4006061553955,10.770620197418749,0.11537835
2026-01-27 02:00:00+00:00,23.6,20.0,767.0,25.2,7.4,69.0,6.0,0.0,145.15623,Islamabad,2,1,1,130.03125,95.49646,137.03081385294595,10.824096346138514,0.11631808
2026-01-27 03:00:00+00:00,30.0,26.5,1055.0,35.5,8.2,57.0,6.0,0.05,143.82289,Islamabad,3,1,1,128.54169,96.994675,137.66753069559732,10.752232649604743,0.11888131
2026-01-27 04:00:00+00:00,36.4,33.1,1367.0,41.9,9.0,48.0,6.0,0.1,142.41664,Islamabad,4,1,1,126.81251,98.34219,138.31770292917886,10.53693052126562,0.12304885
2026-01-27 05:00:00+00:00,41.2,37.8,1672.0,46.0,9.9,40.0,6.0,0.3,141.22914,Islamabad,5,1,1,125.14583,100.45832,138.98784097035727,10.167764409786878,0.12851657
2026-01-27 06:00:00+00:00,44.0,40.0,1768.0,46.5,10.7,39.0,7.0,0.6,139.90623,Islamabad,6,1,1,124.30208,104.87499,139.63801415761313,9.674811260553778,0.12553416
2026-01-27 07:00:00+00:00,48.5,44.5,1453.0,40.6,11.5,49.0,11.0,0.8,139.93748,Islamabad,7,1,1,124.6979,106.97916,140.27299690246582,9.13676553207067,0.12221205
2026-01-27 08:00:00+00:00,51.8,47.4,929.0,31.1,12.2,65.0,16.0,0.95,141.5521,Islamabad,8,1,1,124.47917,108.67708,140.98436864217123,8.49577163919294,0.13715485
2026-01-27 09:00:00+00:00,45.5,34.6,593.0,25.3,12.9,76.0,20.0,0.95,143.58333,Islamabad,9,1,1,124.47917,110.135414,141.7803751627604,7.74378616439691,0.15347272
2026-01-27 10:00:00+00:00,42.3,29.7,562.0,25.7,13.3,77.0,21.0,0.8,144.10417,Islamabad,10,1,1,124.79167,111.541664,142.5850626627604,6.8539630407757075,0.15475792
2026-01-27 11:00:00+00:00,41.8,29.7,720.0,29.8,13.8,74.0,21.0,0.3,143.65623,Islamabad,11,1,1,125.53124,113.03124,143.3402706782023,5.8126290501831885,0.1443863
2026-01-27 12:00:00+00:00,35.9,31.7,1111.0,35.3,11.7,59.0,8.0,0.05,142.11456,Islamabad,12,1,1,127.229164,114.59374,143.96049563090006,4.707973846683497,0.11699675
2026-01-27 13:00:00+00:00,39.1,35.5,1992.0,47.5,12.5,43.0,7.0,0.0,138.28122,Islamabad,13,1,1,131.03123,115.93749,144.26257832845053,4.02542843257754,0.055330202
2026-01-27 14:00:00+00:00,47.3,43.7,3107.0,64.1,13.6,21.0,6.0,0.0,132.68748,Islamabad,14,1,1,135.41667,117.89582,144.14886220296225,4.314364678662544,-0.020153996
2026-01-27 15:00:00+00:00,56.6,52.2,3730.0,75.4,14.4,5.0,5.0,0.0,126.13541,Islamabad,15,1,1,140.09373,120.46875,143.56726519266763,5.626175182425055,-0.09963564
2026-01-27 16:00:00+00:00,62.2,58.7,3443.0,76.3,15.0,0.0,4.0,0.0,119.6875,Islamabad,16,1,1,144.27083,123.65625,142.5429598490397,7.438460089042844,-0.17039709
2026-01-27 17:00:00+00:00,67.1,64.0,2664.0,71.9,15.3,1.0,3.0,0.0,115.01043,Islamabad,17,1,1,146.91666,126.90625,141.2135337193807,9.252731382749953,-0.2171723
2026-01-27 18:00:00+00:00,68.5,65.7,1924.0,67.6,14.9,3.0,3.0,0.0,112.51042,Islamabad,18,1,1,148.3229,129.4896,139.72134685516357,10.81260619139173,-0.24144946
2026-01-27 19:00:00+00:00,64.0,61.7,1360.0,65.8,13.4,4.0,3.0,0.0,111.30209,Islamabad,19,1,1,149.31252,131.32294,138.13757928212485,12.05864327779989,-0.25456956
2026-01-27 20:00:00+00:00,58.4,56.0,835.0,64.2,11.2,5.0,3.0,0.0,110.84375,Islamabad,20,1,1,149.91666,132.4896,136.50954151153564,13.000074375145532,-0.26063085
2026-01-27 21:00:00+00:00,53.1,50.8,466.0,61.2,9.4,7.0,3.0,0.0,111.01043,Islamabad,21,1,1,149.97917,133.1146,134.8858439127604,13.66134630132396,-0.2598277
2026-01-27 22:00:00+00:00,48.2,45.8,277.0,54.7,8.3,11.0,3.0,0.0,111.79168,Islamabad,22,1,1,149.4896,133.21875,133.31509749094644,14.070323183225646,-0.2521775
2026-01-27 23:00:00+00:00,43.8,41.4,243.0,46.9,7.5,17.0,3.0,0.0,112.84375,Islamabad,23,1,1,148.69792,132.87502,131.82117366790771,14.268059886901238,-0.24112086
2026-01-28 00:00:00+00:00,38.8,37.8,408.0,31.3,6.7,27.0,2.0,0.0,113.98959,Islamabad,0,2,1,147.70833,132.22919,130.41622638702393,14.295748506486666,-0.22827917
2026-01-28 01:00:00+00:00,36.1,34.6,974.0,35.9,7.8,24.0,2.0,0.0,115.98959,Islamabad,1,2,1,146.41666,131.27084,129.14843209584555,14.163659099838048,-0.20781149
2026-01-28 02:00:00+00:00,39.8,38.6,1738.0,41.8,9.4,21.0,2.0,0.0,117.802086,Islamabad,2,2,1,145.15623,130.03125,128.0086758931478,13.917966595261534,-0.18844625
2026-01-28 03:00:00+00:00,43.1,41.8,2133.0,43.9,11.0,26.0,2.0,0.25,119.73958,Islamabad,3,2,1,143.82289,128.54169,127.00520451863606,13.592592162773656,-0.16745119
2026-01-28 04:00:00+00:00,45.9,44.6,1790.0,38.5,12.6,44.0,3.0,0.95,121.333336,Islamabad,4,2,1,142.41664,126.81251,126.12673346201579,13.229715495093123,-0.14803962
2026-01-28 05:00:00+00:00,34.3,32.8,1078.0,29.1,14.3,69.0,3.0,1.95,122.53125,Islamabad,5,2,1,141.22914,125.14583,125.3476546605428,12.846689994847223,-0.132394
2026-01-28 06:00:00+00:00,28.5,26.1,540.0,21.2,15.9,91.0,4.0,2.9,122.01042,Islamabad,6,2,1,139.90623,124.30208,124.60199578603108,12.47902920152602,-0.12791291
2026-01-28 07:00:00+00:00,24.5,22.1,380.0,15.5,17.5,107.0,4.0,3.35,120.562485,Islamabad,7,2,1,139.93748,124.6979,123.79470411936443,12.063601484079078,-0.13845468
2026-01-28 08:00:00+00:00,22.9,20.5,393.0,11.2,19.0,120.0,5.0,3.1,118.22915,Islamabad,8,2,1,141.5521,124.47917,122.82291475931804,11.497044224410095,-0.1647658
2026-01-28 09:00:00+00:00,22.8,20.1,514.0,11.7,20.3,124.0,5.0,2.3,115.42706,Islamabad,9,2,1,143.58333,124.47917,121.64973704020183,10.695098730841988,-0.19609703
2026-01-28 10:00:00+00:00,23.5,20.5,762.0,18.5,20.8,115.0,5.0,1.25,113.91666,Islamabad,10,2,1,144.10417,124.79167,120.39192390441895,9.665012632014747,-0.20948398
2026-01-28 11:00:00+00:00,25.3,22.0,1117.0,29.9,21.1,98.0,6.0,0.45,112.95831,Islamabad,11,2,1,143.65623,125.53124,119.1128438313802,8.400962945879401,-0.21369015
2026-01-28 12:00:00+00:00,25.4,24.3,1450.0,46.3,18.2,67.0,2.0,0.05,112.15623,Islamabad,12,2,1,142.11456,127.229164,117.86457983652751,6.931878544573663,-0.21080412
2026-01-28 13:00:00+00:00,47.3,46.1,1765.0,63.4,23.3,48.0,2.0,0.0,111.38539,Islamabad,13,2,1,138.28122,131.03123,116.74392032623291,5.517447694405694,-0.19450095
2026-01-28 14:00:00+00:00,65.4,64.3,2057.0,86.8,30.2,23.0,3.0,0.0,112.489555,Islamabad,14,2,1,132.68748,135.41667,115.90233993530273,4.408861935903959,-0.15222181
2026-01-28 15:00:00+00:00,76.8,74.7,2184.0,102.3,34.4,4.0,3.0,0.0,114.6354,Islamabad,15,2,1,126.13541,140.09373,115.42317295074463,3.8360675437639133,-0.09117192
2026-01-28 16:00:00+00:00,83.8,80.8,2046.0,102.9,33.9,0.0,3.0,0.0,116.97915,Islamabad,16,2,1,119.6875,144.27083,115.31032498677571,3.743896311261324,-0.022628522
2026-01-28 17:00:00+00:00,90.3,86.4,1742.0,95.7,30.8,1.0,2.0,0.0,119.281235,Islamabad,17,2,1,115.01043,146.91666,115.48827521006267,3.829540026272992,0.03713407
2026-01-28 18:00:00+00:00,91.5,87.8,1428.0,88.0,26.8,3.0,2.0,0.0,121.61458,Islamabad,18,2,1,112.51042,148.3229,115.86761506398518,3.9700732387808584,0.08091834
2026-01-28 19:00:00+00:00,82.2,79.2,1125.0,83.0,21.7,2.0,2.0,0.0,123.916664,Islamabad,19,2,1,111.30209,149.31252,116.39322217305501,4.169386205793163,0.113336325
2026-01-28 20:00:00+00:00,67.5,65.2,812.0,77.4,15.7,2.0,1.0,0.0,125.739586,Islamabad,20,2,1,110.84375,149.91666,117.01388200124104,4.4091781586647505,0.13438588
2026-01-28 21:00:00+00:00,54.1,52.4,580.0,69.1,11.1,6.0,1.0,0.0,126.69791,Islamabad,21,2,1,111.01043,149.97917,117.66752688090007,4.637392655474154,0.14131534
2026-01-28 22:00:00+00:00,44.7,43.4,437.0,53.8,8.9,18.0,1.0,0.0,126.864586,Islamabad,22,2,1,111.79168,149.4896,118.29556465148926,4.823936695158127,0.13483031
2026-01-28 23:00:00+00:00,38.4,37.4,374.0,35.8,8.1,34.0,2.0,0.0,126.614586,Islamabad,23,2,1,112.84375,148.69792,118.8693494796753,4.964223022284734,0.12203455
2026-01-29 00:00:00+00:00,32.1,31.3,457.0,18.6,5.6,50.0,1.0,0.0,126.19794,Islamabad,0,3,1,113.98959,147.70833,119.3780304590861,5.066886359164733,0.10710051
2026-01-29 01:00:00+00:00,29.6,28.7,846.0,27.5,6.4,41.0,1.0,0.0,125.52085,Islamabad,1,3,1,115.98959,146.41666,119.77516619364421,5.16238189690155,0.082173385
2026-01-29 02:00:00+00:00,32.8,31.9,1381.0,39.5,7.7,29.0,1.0,0.0,124.906265,Islamabad,2,3,1,117.802086,145.15623,120.07117366790771,5.247303817076037,0.060306057
2026-01-29 03:00:00+00:00,39.9,38.9,1646.0,45.7,8.9,28.0,2.0,0.25,124.20834,Islamabad,3,3,1,119.73958,143.82289,120.25737222035725,5.313889430141208,0.037320703
2026-01-29 04:00:00+00:00,44.9,43.8,1359.0,40.9,10.1,49.0,4.0,0.85,123.90626,Islamabad,4,3,1,121.333336,142.41664,120.364577293396,5.3622736774667015,0.0212054
2026-01-29 05:00:00+00:00,38.0,36.1,802.0,30.3,11.4,81.0,6.0,1.7,123.82294,Islamabad,5,3,1,122.53125,141.22914,120.41839758555095,5.391369025011513,0.010541694
2026-01-29 06:00:00+00:00,24.6,21.0,406.0,21.3,12.5,106.0,7.0,2.55,124.16668,Islamabad,6,3,1,122.01042,139.90623,120.50824165344238,5.436827430429756,0.017672732
2026-01-29 07:00:00+00:00,22.8,18.8,349.0,15.2,13.4,120.0,7.0,3.05,123.63544,Islamabad,7,3,1,120.562485,139.93748,120.6362813313802,5.474216546555982,0.025488462
2026-01-29 08:00:00+00:00,21.4,17.6,452.0,10.7,14.1,127.0,7.0,2.85,123.291695,Islamabad,8,3,1,118.22915,141.5521,120.84722073872884,5.474967218862939,0.042819776
2026-01-29 09:00:00+00:00,20.1,16.8,609.0,11.1,14.7,126.0,6.0,2.1,122.989586,Islamabad,9,3,1,115.42706,143.58333,121.16232585906982,5.36599497542356,0.06551776
2026-01-29 10:00:00+00:00,19.6,16.5,792.0,18.5,14.8,115.0,5.0,1.25,122.64584,Islamabad,10,3,1,113.91666,144.10417,121.5260419845581,5.14479856257596,0.076627836
2026-01-29 11:00:00+00:00,20.1,17.4,1028.0,30.8,14.6,97.0,5.0,0.45,122.22918,Islamabad,11,3,1,112.95831,143.65623,121.91232808430989,4.810735806343156,0.082073346
2026-01-29 12:00:00+00:00,28.1,26.1,1291.0,50.6,15.9,73.0,4.0,0.05,121.75002,Islamabad,12,3,1,112.15623,142.11456,122.31206957499187,4.340421315605766,0.08553957
2026-01-29 13:00:00+00:00,52.6,50.6,1651.0,67.6,18.7,52.0,4.0,0.0,121.937515,Islamabad,13,3,1,111.38539,138.28122,122.75174140930176,3.667788311199559,0.09473526
2026-01-29 14:00:00+00:00,70.8,67.5,2036.0,90.8,22.4,22.0,4.0,0.0,122.406265,Islamabad,14,3,1,112.489555,132.68748,123.16493765513103,2.94972938433324,0.088156715
2026-01-29 15:00:00+00:00,77.5,74.0,2209.0,105.7,24.3,1.0,4.0,0.0,122.739586,Islamabad,15,3,1,114.6354,126.13541,123.50261211395264,2.3295091322266916,0.070695326
2026-01-29 16:00:00+00:00,80.3,76.6,2008.0,105.0,22.8,0.0,4.0,0.0,122.66667,Islamabad,16,3,1,116.97915,119.6875,123.73959223429362,1.8836538036819477,0.04861997
2026-01-29 17:00:00+00:00,82.4,79.2,1594.0,96.1,19.5,0.0,3.0,0.0,122.22916,Islamabad,17,3,1,119.281235,115.01043,123.86242230733235,1.6635459657488652,0.024714045
2026-01-29 18:00:00+00:00,78.9,76.4,1207.0,86.2,16.1,4.0,3.0,0.0,121.47916,Islamabad,18,3,1,121.61458,112.51042,123.85677973429362,1.6717115420197313,-0.0011135322
2026-01-29 19:00:00+00:00,67.8,65.4,907.0,77.8,13.0,11.0,3.0,0.0,120.291664,Islamabad,19,3,1,123.916664,111.30209,123.70573806762695,1.8229835217116397,-0.029253531
2026-01-29 20:00:00+00:00,54.2,51.9,634.0,68.5,9.8,21.0,3.0,0.0,118.85416,Islamabad,20,3,1,125.739586,110.84375,123.41884517669678,2.0201281845233683,-0.05475944
2026-01-29 21:00:00+00:00,43.9,42.0,445.0,58.5,7.3,31.0,3.0,0.0,117.46875,Islamabad,21,3,1,126.69791,111.01043,123.03429698944092,2.235712563895722,-0.0728438
2026-01-29 22:00:00+00:00,38.1,36.4,310.0,45.1,5.8,42.0,3.0,0.0,116.38542,Islamabad,22,3,1,126.864586,111.79168,122.59766515096028,2.466509041821862,-0.082601175
2026-01-29 23:00:00+00:00,34.9,33.5,259.0,31.0,5.1,53.0,3.0,0.0,115.65626,Islamabad,23,3,1,126.614586,112.84375,122.1410681406657,2.694344188803291,-0.0865487
2026-01-30 00:00:00+00:00,25.2,24.2,442.0,7.5,4.1,75.0,2.0,0.0,115.25,Islamabad,0,4,1,126.19794,113.98959,121.68490409851074,2.896796310317856,-0.08675211
2026-01-30 01:00:00+00:00,24.6,23.4,1124.0,20.3,5.5,60.0,2.0,0.0,114.51043,Islamabad,1,4,1,125.52085,115.98959,121.226136525472,3.1257015711858784,-0.08771787
2026-01-30 02:00:00+00:00,29.3,28.0,2041.0,37.5,7.5,40.0,2.0,0.0,113.95834,Islamabad,2,4,1,124.906265,117.802086,120.76997311909993,3.3556808664481195,-0.0876491
2026-01-30 03:00:00+00:00,37.8,36.6,2546.0,47.8,9.2,30.0,3.0,0.2,113.55211,Islamabad,3,4,1,124.20834,119.73958,120.32596333821614,3.5785433413215717,-0.08579323
2026-01-30 04:00:00+00:00,40.2,38.5,2235.0,44.6,10.1,40.0,4.0,0.8,113.31251,Islamabad,4,4,1,123.90626,121.333336,119.88455708821614,3.766160959401245,-0.0854981
2026-01-30 05:00:00+00:00,45.9,44.7,1513.0,34.6,10.6,61.0,6.0,1.7,112.76042,Islamabad,5,4,1,123.82294,122.53125,119.42361895243327,3.9363114783297117,-0.0893414
2026-01-30 06:00:00+00:00,28.5,23.9,950.0,25.6,11.5,80.0,8.0,2.6,113.65626,Islamabad,6,4,1,124.16668,122.01042,118.98568471272786,3.970201868054806,-0.084647685
2026-01-30 07:00:00+00:00,21.0,15.8,742.0,18.1,13.1,95.0,9.0,3.1,113.95834,Islamabad,7,4,1,123.63544,120.562485,118.58247248331706,3.968843916673278,-0.078271195
2026-01-30 08:00:00+00:00,19.2,13.9,694.0,11.8,15.1,109.0,10.0,2.95,113.64585,Islamabad,8,4,1,123.291695,118.22915,118.18056233723958,3.9596129665565973,-0.078235954
2026-01-30 09:00:00+00:00,19.1,14.1,787.0,13.7,17.0,110.0,10.0,2.15,113.26044,Islamabad,9,4,1,122.989586,115.42706,117.77518113454182,3.943862668387043,-0.07910547
2026-01-30 10:00:00+00:00,19.7,15.1,1055.0,30.0,18.5,91.0,9.0,1.15,112.97917,Islamabad,10,4,1,122.64584,113.91666,117.37240314483643,3.9183406238321794,-0.07881777
2026-01-30 11:00:00+00:00,21.5,17.3,1466.0,54.4,19.9,60.0,8.0,0.45,112.833336,Islamabad,11,4,1,122.22918,112.95831,116.98090966542561,3.8811948485209338,-0.07687071
2026-01-30 12:00:00+00:00,47.0,43.9,1901.0,90.9,19.5,25.0,6.0,0.05,112.82293,Islamabad,12,4,1,121.75002,112.15623,116.60894743601482,3.8317228892544968,-0.07332314
2026-01-30 13:00:00+00:00,70.3,65.7,2434.0,98.3,24.3,17.0,6.0,0.0,114.67709,Islamabad,13,4,1,121.937515,111.38539,116.30642986297607,3.6761885170617843,-0.05954215
2026-01-30 14:00:00+00:00,87.8,82.7,2992.0,108.3,30.7,7.0,7.0,0.0,116.250015,Islamabad,14,4,1,122.406265,112.489555,116.0499194463094,3.4392009612789107,-0.050293587
2026-01-30 15:00:00+00:00,98.3,92.7,3240.0,113.2,34.1,0.0,7.0,0.0,117.83334,Islamabad,15,4,1,122.739586,114.6354,115.84549268086751,3.1586483898666153,-0.03997278
2026-01-30 16:00:00+00:00,104.8,99.2,2948.0,109.2,31.9,0.0,7.0,0.0,119.78126,Islamabad,16,4,1,122.66667,116.97915,115.72526709238689,2.9347041414800548,-0.023522398
2026-01-30 17:00:00+00:00,109.4,104.1,2347.0,100.1,26.6,1.0,6.0,0.0,122.13542,Islamabad,17,4,1,122.22916,119.281235,115.72136147816975,2.9257208140793964,-0.0007668771
2026-01-30 18:00:00+00:00,106.2,102.2,1790.0,90.5,21.3,3.0,5.0,0.0,124.72917,Islamabad,18,4,1,121.47916,121.61458,115.85677878061931,3.259932692592881,0.026753686
2026-01-30 19:00:00+00:00,95.5,92.4,1375.0,81.1,16.4,4.0,4.0,0.0,127.41668,Islamabad,19,4,1,120.291664,123.916664,116.15365441640218,3.935747855385759,0.059231162
2026-01-30 20:00:00+00:00,81.5,78.9,1005.0,71.1,11.4,5.0,3.0,0.0,130.22916,Islamabad,20,4,1,118.85416,125.739586,116.62761274973552,4.853095508757761,0.09570553
2026-01-30 21:00:00+00:00,68.9,66.8,743.0,62.4,7.7,7.0,3.0,0.0,133.04169,Islamabad,21,4,1,117.46875,126.69791,117.2764851252238,5.898849562731095,0.1325709
2026-01-30 22:00:00+00:00,57.9,55.5,602.0,55.4,6.0,11.0,3.0,0.0,135.625,Islamabad,22,4,1,116.38542,126.864586,118.07813421885173,6.980620426763923,0.16530918
2026-01-30 23:00:00+00:00,49.9,47.0,568.0,49.6,5.8,16.0,4.0,0.0,137.6146,Islamabad,23,4,1,115.65626,126.614586,118.9930648803711,8.012180444601752,0.1898586
2026-01-31 00:00:00+00:00,27.7,25.5,664.0,5.6,5.3,74.0,4.0,0.0,139.02084,Islamabad,0,5,1,115.25,126.19794,119.98351669311523,8.944377206062985,0.2062546
2026-01-31 01:00:00+00:00,28.3,26.1,1017.0,19.4,7.2,59.0,4.0,0.0,139.15627,Islamabad,1,5,1,114.51043,125.52085,121.01042652130127,9.673751744361576,0.21522787
2026-01-31 02:00:00+00:00,36.1,34.0,1500.0,37.9,9.8,41.0,3.0,0.0,139.43752,Islamabad,2,5,1,113.95834,124.906265,122.07205867767334,10.247269182561892,0.2235832
2026-01-31 03:00:00+00:00,45.2,43.3,1748.0,48.0,12.1,35.0,3.0,0.25,140.06252,Islamabad,3,5,1,113.55211,124.20834,123.17665894826253,10.70744087150732,0.23346467
2026-01-31 04:00:00+00:00,47.1,45.6,1526.0,41.5,13.7,55.0,3.0,0.85,140.76044,Islamabad,4,5,1,113.31251,123.90626,124.32032267252605,11.067834788818995,0.24223213
2026-01-31 05:00:00+00:00,43.2,41.1,1070.0,26.6,15.0,88.0,4.0,1.75,141.50002,Islamabad,5,5,1,112.76042,123.82294,125.51780573527019,11.314718368843831,0.25487307
2026-01-31 06:00:00+00:00,33.2,31.1,721.0,14.6,15.6,116.0,4.0,2.7,141.12498,Islamabad,6,5,1,113.65626,124.16668,126.66233603159587,11.451171410172083,0.24168248
2026-01-31 07:00:00+00:00,27.8,26.0,555.0,8.1,15.2,134.0,4.0,3.1,141.875,Islamabad,7,5,1,113.95834,123.63544,127.82553005218506,11.52225775035855,0.24497247
2026-01-31 08:00:00+00:00,26.3,24.7,497.0,4.5,14.2,146.0,3.0,2.8,142.9375,Islamabad,8,5,1,113.64585,123.291695,129.04601542154947,11.506319732223234,0.257745
2026-01-31 09:00:00+00:00,26.1,24.7,659.0,7.8,13.7,146.0,3.0,1.95,144.0625,Islamabad,9,5,1,113.26044,122.989586,130.32943471272787,11.386247269819965,0.27195784
2026-01-31 10:00:00+00:00,26.0,24.7,1189.0,21.2,13.8,128.0,3.0,1.05,145.16666,Islamabad,10,5,1,112.97917,122.64584,131.67057991027832,11.146876835537656,0.2848975
2026-01-31 11:00:00+00:00,27.3,26.0,1940.0,41.4,14.4,98.0,2.0,0.4,146.16664,Islamabad,11,5,1,112.833336,122.22918,133.05946763356528,10.767934818456506,0.2954207
2026-01-31 12:00:00+00:00,37.5,36.8,2587.0,62.9,16.8,65.0,1.0,0.05,147.0729,Islamabad,12,5,1,112.82293,121.75002,134.48655001322427,10.225277960119568,0.30357283
2026-01-31 13:00:00+00:00,58.6,57.7,3106.0,81.3,22.2,47.0,1.0,0.0,146.33331,Islamabad,13,5,1,114.67709,121.937515,135.8055591583252,9.580259364267478,0.27604657
2026-01-31 14:00:00+00:00,78.5,76.8,3520.0,106.4,29.4,21.0,2.0,0.0,145.49998,Islamabad,14,5,1,116.250015,122.406265,137.02430788675943,8.814231884101979,0.2516126
2026-01-31 15:00:00+00:00,90.3,87.5,3575.0,122.9,33.5,3.0,2.0,0.0,144.88539,Islamabad,15,5,1,117.83334,122.739586,138.15147654215494,7.93971038387073,0.22957888
2026-01-31 16:00:00+00:00,94.8,91.3,3011.0,125.1,31.8,0.0,2.0,0.0,144.34375,Islamabad,16,5,1,119.78126,122.66667,139.17491372426352,6.995769411737866,0.20506123
2026-01-31 17:00:00+00:00,93.4,89.9,2088.0,118.8,26.9,0.0,1.0,0.0,143.52081,Islamabad,17,5,1,122.13542,122.22916,140.06597169240317,6.025760254183139,0.17509574
2026-01-31 18:00:00+00:00,83.1,80.1,1329.0,106.1,22.1,3.0,1.0,0.0,142.04166,Islamabad,18,5,1,124.72917,121.47916,140.78732522328696,5.07047107320359,0.1388006
2026-01-31 19:00:00+00:00,71.2,69.2,930.0,83.6,18.2,19.0,1.0,0.0,139.73958,Islamabad,19,5,1,127.41668,120.291664,141.30077934265137,4.208267892848674,0.09671339
2026-01-31 20:00:00+00:00,60.8,59.3,696.0,54.8,14.3,40.0,1.0,0.0,137.32292,Islamabad,20,5,1,130.22916,118.85416,141.59635289510092,3.602322428657573,0.054471407
2026-01-31 21:00:00+00:00,51.1,50.3,558.0,31.9,11.3,57.0,1.0,0.0,135.28125,Islamabad,21,5,1,133.04169,117.46875,141.68966801961264,3.394073795286235,0.016833544
2026-01-31 22:00:00+00:00,44.0,43.4,466.0,18.8,9.6,66.0,1.0,0.0,133.5625,Islamabad,22,5,1,135.625,116.38542,141.60373051961264,3.575565416385972,-0.015207374
2026-01-31 23:00:00+00:00,39.3,38.6,470.0,11.7,8.8,71.0,1.0,0.0,132.3021,Islamabad,23,5,1,137.6146,115.65626,141.38237635294595,3.975351546327257,-0.038604192
2026-02-01 00:00:00+00:00,36.1,35.3,660.0,8.5,8.2,90.0,1.0,0.0,131.42708,Islamabad,0,6,2,139.02084,115.25,141.0659694671631,4.445843498294239,-0.054623213
2026-02-01 01:00:00+00:00,34.1,33.4,1260.0,23.5,9.1,70.0,1.0,0.0,132.44794,Islamabad,1,6,2,139.15627,114.51043,140.7864557902018,4.770176850269548,-0.04820716
2026-02-01 02:00:00+00:00,39.0,38.2,2045.0,43.5,10.3,44.0,0.0,0.0,133.20834,Islamabad,2,6,2,139.43752,113.95834,140.5269069671631,5.01019341918285,-0.04467357
2026-02-01 03:00:00+00:00,47.7,47.0,2427.0,53.5,11.7,35.0,1.0,0.2,133.64583,Islamabad,3,6,2,140.06252,113.55211,140.25954500834146,5.203530920484358,-0.04581302
2026-02-01 04:00:00+00:00,50.8,50.1,2007.0,43.7,13.3,59.0,4.0,0.7,134.03127,Islamabad,4,6,2,140.76044,113.31251,139.9791628519694,5.35447281163752,-0.047805846
2026-02-01 05:00:00+00:00,42.0,38.9,1183.0,23.9,15.0,100.0,8.0,1.25,134.49998,Islamabad,5,6,2,141.50002,112.76042,139.68749491373697,5.457684790794775,-0.049470175
2026-02-01 06:00:00+00:00,42.6,36.8,570.0,9.0,16.1,130.0,11.0,1.5,134.27083,Islamabad,6,6,2,141.12498,113.65626,139.40190505981445,5.557610757222295,-0.048567988
2026-02-01 07:00:00+00:00,44.6,37.0,380.0,3.8,15.9,139.0,13.0,1.75,134.8646,Islamabad,7,6,2,141.875,113.95834,139.10980478922525,5.605994906397847,-0.049412556
2026-02-01 08:00:00+00:00,43.5,36.2,400.0,3.5,15.1,137.0,15.0,1.7,136.01044,Islamabad,8,6,2,142.9375,113.64585,138.82117716471353,5.578610559213065,-0.048462182
2026-02-01 09:00:00+00:00,45.2,36.6,600.0,8.7,14.8,128.0,17.0,1.25,137.20834,Islamabad,9,6,2,144.0625,113.26044,138.53558731079102,5.4730680233814,-0.04757766
2026-02-01 10:00:00+00:00,48.0,37.5,1059.0,21.8,15.4,111.0,18.0,0.8,138.44792,Islamabad,10,6,2,145.16666,112.97917,138.25564002990723,5.287839238786561,-0.046282906
2026-02-01 11:00:00+00:00,48.3,37.7,1698.0,40.4,16.5,88.0,19.0,0.35,139.78123,Islamabad,11,6,2,146.16664,112.833336,137.9895814259847,5.026681914345042,-0.043685798
2026-02-01 12:00:00+00:00,63.3,53.0,2256.0,41.9,16.5,88.0,20.0,0.05,140.99998,Islamabad,12,6,2,147.0729,112.82293,137.73654301961264,4.691214109783992,-0.041291915
2026-02-01 13:00:00+00:00,95.9,85.9,2716.0,64.9,22.3,63.0,20.0,0.0,142.68748,Islamabad,13,6,2,146.33331,114.67709,137.58463350931802,4.453751716011188,-0.024914548
2026-02-01 14:00:00+00:00,117.8,108.0,3094.0,96.2,30.1,28.0,19.0,0.0,145.625,Islamabad,14,6,2,145.49998,116.250015,137.58984247843424,4.463474260866949,0.0008592115
2026-02-01 15:00:00+00:00,127.1,117.6,3179.0,116.6,34.7,3.0,18.0,0.0,148.875,Islamabad,15,6,2,144.88539,117.83334,137.75607617696127,4.807993336201652,0.027536308
2026-02-01 16:00:00+00:00,129.9,120.1,2768.0,116.3,33.6,0.0,17.0,0.0,150.42325,Islamabad,16,6,2,144.34375,119.78126,138.00938860575357,5.3046582837632466,0.042118195
2026-02-01 17:00:00+00:00,134.1,124.8,2064.0,105.1,29.4,0.0,16.0,0.0,151.05482,Islamabad,17,6,2,143.52081,122.13542,138.32330576578775,5.840818661368695,0.05249421
2026-02-01 18:00:00+00:00,136.0,128.5,1465.0,93.7,24.6,3.0,14.0,0.0,151.82018,Islamabad,18,6,2,142.04166,124.72917,138.730744043986,6.423475794138825,0.06884261
2026-02-01 19:00:00+00:00,124.8,119.7,1108.0,86.6,19.3,3.0,11.0,0.0,152.88158,Islamabad,19,6,2,139.73958,127.41668,139.27832730611166,7.043454948060148,0.094046354
2026-02-01 20:00:00+00:00,105.5,102.0,855.0,79.2,13.5,3.0,8.0,0.0,153.98903,Islamabad,20,6,2,137.32292,130.22916,139.97274843851724,7.638699409309738,0.12136435
2026-02-01 21:00:00+00:00,81.0,77.8,694.0,68.3,9.1,9.0,6.0,0.0,154.92545,Islamabad,21,6,2,135.28125,133.04169,140.7912565867106,8.149520707947351,0.14521004
2026-02-01 22:00:00+00:00,63.3,59.6,601.0,48.5,7.2,27.0,5.0,0.0,155.5285,Islamabad,22,6,2,133.5625,135.625,141.70650672912598,8.527105001652975,0.16446236
2026-02-01 23:00:00+00:00,54.0,50.9,600.0,25.3,6.7,50.0,5.0,0.0,155.88377,Islamabad,23,6,2,132.3021,137.6146,142.68907674153647,8.752008999277951,0.17824118
2026-02-02 00:00:00+00:00,50.8,47.8,746.0,11.6,6.4,60.0,6.0,0.0,156.15352,Islamabad,0,0,2,131.42708,139.02084,143.71934509277344,8.823708016187163,0.1881381
2026-02-02 01:00:00+00:00,44.9,42.4,1223.0,21.9,7.4,49.0,5.0,0.0,156.42763,Islamabad,1,0,2,132.44794,139.15627,144.71849886576334,8.849530416180695,0.18104994
2026-02-02 02:00:00+00:00,44.8,42.7,1848.0,35.7,8.9,36.0,4.0,0.0,156.625,Islamabad,2,0,2,133.20834,139.43752,145.69419288635254,8.816141171603514,0.17578971
2026-02-02 03:00:00+00:00,47.7,45.5,2126.0,43.3,10.7,33.0,4.0,0.25,156.7237,Islamabad,3,0,2,133.64583,140.06252,146.6557706197103,8.702712165718953,0.17267928
2026-02-02 04:00:00+00:00,46.2,43.9,1708.0,38.9,13.3,51.0,6.0,0.8,156.6908,Islamabad,4,0,2,134.03127,140.76044,147.59991772969565,8.50034588624848,0.16906153
2026-02-02 05:00:00+00:00,43.1,41.1,943.0,28.2,16.2,80.0,9.0,1.7,156.55482,Islamabad,5,0,2,134.49998,141.50002,148.5188694000244,8.20975037748302,0.16397652
2026-02-02 06:00:00+00:00,39.5,33.2,384.0,19.2,17.9,104.0,12.0,2.7,156.60307,Islamabad,6,0,2,134.27083,141.12498,149.44937960306802,7.778921687801553,0.1663224
2026-02-02 07:00:00+00:00,35.3,27.9,270.0,13.3,17.3,118.0,14.0,3.2,156.52412,Islamabad,7,0,2,134.8646,141.875,150.35186004638672,7.251854462674049,0.16060205
2026-02-02 08:00:00+00:00,31.7,23.9,362.0,8.9,15.4,127.0,16.0,3.1,156.32457,Islamabad,8,0,2,136.01044,142.9375,151.1982822418213,6.667111217148584,0.14935715
2026-02-02 09:00:00+00:00,30.2,21.9,496.0,9.4,14.2,128.0,16.0,2.3,156.05482,Islamabad,9,0,2,137.20834,144.0625,151.9835522969564,6.026847897101539,0.13735667
2026-02-02 10:00:00+00:00,31.1,22.9,638.0,16.2,14.4,120.0,15.0,1.25,155.73245,Islamabad,10,0,2,138.44792,145.16666,152.7037410736084,5.331691268282827,0.124845
2026-02-02 11:00:00+00:00,33.6,26.0,821.0,27.8,15.2,106.0,12.0,0.45,155.41228,Islamabad,11,0,2,139.78123,146.16664,153.3550345102946,4.587241445029763,0.11182504
2026-02-02 12:00:00+00:00,37.8,28.5,984.0,48.7,12.7,64.0,18.0,0.1,155.1557,Islamabad,12,0,2,140.99998,147.0729,153.9448560078939,3.7661526442740514,0.10039516
2026-02-02 13:00:00+00:00,53.8,45.8,1125.0,67.0,14.6,45.0,16.0,0.0,154.61842,Islamabad,13,0,2,142.68748,146.33331,154.44197845458984,2.904449209554796,0.08361588
2026-02-02 14:00:00+00:00,64.5,57.9,1245.0,92.0,17.1,20.0,14.0,0.0,153.73903,Islamabad,14,0,2,145.625,145.49998,154.78006299336752,2.2266740755054895,0.055718653
2026-02-02 15:00:00+00:00,74.3,68.0,1288.0,108.5,18.7,1.0,12.0,0.0,152.64035,Islamabad,15,0,2,148.875,144.88539,154.93695259094238,1.9014140969054452,0.025292026
2026-02-02 16:00:00+00:00,83.1,77.1,1206.0,109.0,18.7,0.0,11.0,0.0,151.55264,Islamabad,16,0,2,150.42325,144.34375,154.98401069641113,1.7958952835522854,0.0075081117
2026-02-02 17:00:00+00:00,88.5,82.7,1047.0,101.1,17.8,0.0,10.0,0.0,150.60965,Islamabad,17,0,2,151.05482,143.52081,154.96546173095703,1.8399999098774091,-0.00294711
2026-02-02 18:00:00+00:00,87.5,82.2,901.0,92.0,16.2,2.0,9.0,0.0,148.51044,Islamabad,18,0,2,151.82018,142.04166,154.82755597432455,2.1788197543826016,-0.021800384
2026-02-02 19:00:00+00:00,78.7,74.0,789.0,83.9,13.7,7.0,8.0,0.0,143.68752,Islamabad,19,0,2,152.88158,139.73958,154.44447008768717,3.1345094135846825,-0.060138453
2026-02-02 20:00:00+00:00,68.9,64.5,690.0,74.7,10.7,13.0,8.0,0.0,138.92708,Islamabad,20,0,2,153.98903,137.32292,153.8168888092041,4.458055033550797,-0.09781184
2026-02-02 21:00:00+00:00,61.0,56.7,630.0,64.8,8.2,20.0,8.0,0.0,135.02084,Islamabad,21,0,2,154.92545,135.28125,152.98753039042154,5.870568557716847,-0.12847859
2026-02-02 22:00:00+00:00,55.3,50.9,568.0,52.3,6.7,29.0,8.0,0.0,132.82292,Islamabad,22,0,2,155.5285,133.5625,152.04146448771158,7.136361727865335,-0.14598984
2026-02-02 23:00:00+00:00,49.9,45.6,544.0,39.1,5.9,37.0,8.0,0.0,131.91667,Islamabad,23,0,2,155.88377,132.3021,151.0428352355957,8.176439755928154,-0.15374982
2026-02-03 00:00:00+00:00,27.9,26.0,705.0,11.7,3.3,52.0,4.0,0.0,131.36458,Islamabad,0,1,2,156.15352,131.42708,150.00996271769205,9.024499842689908,-0.15874724
2026-02-03 01:00:00+00:00,26.0,23.6,1285.0,22.3,4.4,41.0,4.0,0.0,129.09375,Islamabad,1,1,2,156.42763,132.44794,148.8710511525472,9.86501813292583,-0.17473817
2026-02-03 02:00:00+00:00,30.5,28.1,2049.0,36.4,6.0,27.0,4.0,0.0,127.13542,Islamabad,2,1,2,156.625,133.20834,147.64231872558594,10.661606178789802,-0.18828143
2026-02-03 03:00:00+00:00,38.9,36.3,2443.0,44.0,8.0,25.0,5.0,0.3,125.61457,Islamabad,3,1,2,156.7237,133.64583,146.34610525767008,11.376621171162043,-0.19849662
2026-02-03 04:00:00+00:00,45.2,42.5,2106.0,38.7,11.1,48.0,8.0,1.0,124.65626,Islamabad,4,1,2,156.6908,134.03127,145.0113328297933,11.973722606866737,-0.20444429
2026-02-03 05:00:00+00:00,39.8,34.0,1398.0,26.8,14.5,84.0,12.0,2.1,124.51041,Islamabad,5,1,2,156.55482,134.49998,143.67614873250326,12.409255549678887,-0.20468496
2026-02-03 06:00:00+00:00,24.1,16.5,843.0,16.8,16.5,112.0,15.0,3.05,123.770836,Islamabad,6,1,2,156.60307,134.27083,142.30813884735107,12.727858210666575,-0.20965257
2026-02-03 07:00:00+00:00,22.8,15.3,644.0,10.9,15.6,124.0,16.0,3.35,122.03125,Islamabad,7,1,2,156.52412,134.8646,140.87093575795492,12.997403310152425,-0.22036779
2026-02-03 08:00:00+00:00,23.3,15.8,598.0,7.0,13.2,129.0,15.0,3.0,120.71875,Islamabad,8,1,2,156.32457,136.01044,139.38735993703207,13.187476256073024,-0.22776854
2026-02-03 09:00:00+00:00,24.6,17.3,623.0,7.2,11.4,127.0,14.0,2.3,119.875,Islamabad,9,1,2,156.05482,137.20834,137.8798672358195,13.267000861284071,-0.23184048
2026-02-03 10:00:00+00:00,25.2,18.3,728.0,13.3,11.0,118.0,13.0,1.25,119.39583,Islamabad,10,1,2,155.73245,138.44792,136.36584122975668,13.214347405715548,-0.23332724
2026-02-03 11:00:00+00:00,28.1,20.7,905.0,23.5,11.3,103.0,13.0,0.5,118.916664,Islamabad,11,1,2,155.41228,139.78123,134.84519068400064,13.025804594977135,-0.23483095
2026-02-03 12:00:00+00:00,26.7,22.3,1047.0,35.9,9.8,78.0,8.0,0.1,118.36457,Islamabad,12,1,2,155.1557,140.99998,133.31222693125406,12.692245176867518,-0.23712394
2026-02-03 13:00:00+00:00,43.2,38.3,1121.0,53.7,10.7,55.0,8.0,0.0,117.71874,Islamabad,13,1,2,154.61842,142.68748,131.7747402191162,12.225438546883838,-0.23864996
2026-02-03 14:00:00+00:00,51.3,46.7,1160.0,78.0,12.0,25.0,8.0,0.0,116.93749,Islamabad,14,1,2,153.73903,145.625,130.2413428624471,11.644915969407515,-0.23937666
2026-02-03 15:00:00+00:00,57.2,52.9,1153.0,93.6,12.6,3.0,8.0,0.0,115.77083,Islamabad,15,1,2,152.64035,148.875,128.70511277516684,10.9741469917558,-0.24154505
2026-02-03 16:00:00+00:00,60.8,56.7,1087.0,93.9,12.1,0.0,7.0,0.0,114.19791,Islamabad,16,1,2,151.55264,150.42325,127.14866542816162,10.215594377341278,-0.24648027
2026-02-03 17:00:00+00:00,60.1,56.6,976.0,85.6,11.0,3.0,6.0,0.0,112.07292,Islamabad,17,1,2,150.60965,151.05482,125.54296843210857,9.360472937648332,-0.25587156
2026-02-03 18:00:00+00:00,54.1,51.3,851.0,73.9,9.7,12.0,5.0,0.0,109.354164,Islamabad,18,1,2,148.51044,151.82018,123.91145706176758,8.561575689817614,-0.26366007
2026-02-03 19:00:00+00:00,43.8,41.4,705.0,57.9,8.0,25.0,5.0,0.0,106.135414,Islamabad,19,1,2,143.68752,152.88158,122.346786181132,8.214652461101993,-0.2613456
2026-02-03 20:00:00+00:00,35.6,33.5,546.0,38.4,6.0,42.0,4.0,0.0,102.739586,Islamabad,20,1,2,138.92708,153.98903,120.83897399902344,8.358864399840094,-0.26047832
2026-02-03 21:00:00+00:00,30.9,29.0,431.0,23.2,4.6,55.0,4.0,0.0,99.58333,Islamabad,21,1,2,135.02084,154.92545,119.36241086324056,8.859716965328458,-0.26245958
2026-02-03 22:00:00+00:00,27.8,26.0,328.0,14.6,4.0,61.0,3.0,0.0,97.127655,Islamabad,22,1,2,132.82292,155.5285,117.87510808308919,9.476480708848586,-0.26874328
2026-02-03 23:00:00+00:00,25.5,23.9,270.0,10.3,4.0,63.0,3.0,0.0,94.92021,Islamabad,23,1,2,131.91667,155.88377,116.33358891805013,10.082735553909416,-0.28045326
2026-02-04 00:00:00+00:00,25.6,23.9,407.0,12.5,4.4,60.0,3.0,0.0,92.99646,Islamabad,0,2,2,131.36458,156.15352,114.7349173227946,10.62312637318662,-0.29207355
2026-02-04 01:00:00+00:00,23.5,22.2,985.0,22.8,5.4,49.0,3.0,0.0,92.810295,Islamabad,1,2,2,129.09375,156.42763,113.22310670216878,11.063508350928627,-0.28106284
2026-02-04 02:00:00+00:00,26.7,25.6,1759.0,36.6,6.8,35.0,2.0,0.0,92.68617,Islamabad,2,2,2,127.13542,156.625,111.7877213160197,11.409365336360118,-0.270965
2026-02-04 03:00:00+00:00,32.6,31.5,2145.0,43.6,8.3,33.0,2.0,0.3,92.46455,Islamabad,3,2,2,125.61457,156.7237,110.40647029876709,11.666391770299322,-0.2639027
2026-02-04 04:00:00+00:00,34.0,32.7,1758.0,37.2,10.3,53.0,3.0,1.1,92.03902,Islamabad,4,2,2,124.65626,156.6908,109.04741859436035,11.832869519665882,-0.26165748
2026-02-04 05:00:00+00:00,25.4,23.4,983.0,23.9,12.4,84.0,5.0,2.25,91.17021,Islamabad,5,2,2,124.51041,156.55482,107.65824381510417,11.89548981985309,-0.26777035
2026-02-04 06:00:00+00:00,17.2,13.3,396.0,13.2,13.3,109.0,7.0,3.4,90.2305,Islamabad,6,2,2,123.770836,156.60307,106.26072978973389,11.890440371957393,-0.2709874
2026-02-04 07:00:00+00:00,16.6,12.4,230.0,7.8,12.0,122.0,8.0,3.95,89.946815,Islamabad,7,2,2,122.03125,156.52412,104.92387835184734,11.843805078833563,-0.2629198
2026-02-04 08:00:00+00:00,15.8,11.6,252.0,5.0,9.5,128.0,8.0,3.75,89.68972,Islamabad,8,2,2,120.71875,156.32457,103.63100210825603,11.737762251023538,-0.2570357
2026-02-04 09:00:00+00:00,15.7,11.3,334.0,5.6,7.8,128.0,8.0,2.8,89.31738,Islamabad,9,2,2,119.875,156.05482,102.35776805877686,11.555032166302402,-0.25491235
2026-02-04 10:00:00+00:00,15.8,11.5,469.0,9.9,7.9,122.0,7.0,1.6,88.78546,Islamabad,10,2,2,119.39583,155.73245,101.08233610788982,11.278687567933687,-0.2563772
2026-02-04 11:00:00+00:00,16.4,12.2,665.0,17.7,8.8,109.0,7.0,0.6,88.18262,Islamabad,11,2,2,118.916664,155.41228,99.80175081888835,10.904295461849362,-0.2584503
2026-02-04 12:00:00+00:00,22.6,19.7,815.0,37.1,9.8,79.0,6.0,0.1,87.42908,Islamabad,12,2,2,118.36457,155.1557,98.51277192433675,10.432836426280192,-0.26135772
2026-02-04 13:00:00+00:00,30.3,27.2,882.0,50.4,10.7,62.0,6.0,0.0,87.19858,Islamabad,13,2,2,117.71874,154.61842,97.24109840393066,9.832828216022095,-0.25926343
2026-02-04 14:00:00+00:00,39.1,35.6,904.0,68.6,11.9,38.0,7.0,0.0,86.21454,Islamabad,14,2,2,116.93749,153.73903,95.96097532908122,9.132006948803468,-0.2627297
2026-02-04 15:00:00+00:00,47.0,43.1,886.0,81.9,12.7,19.0,7.0,0.0,85.2305,Islamabad,15,2,2,115.77083,152.64035,94.68846162160237,8.345531289560336,-0.26379988
2026-02-04 16:00:00+00:00,54.2,50.2,815.0,86.8,12.9,9.0,7.0,0.0,84.3617,Islamabad,16,2,2,114.19791,151.55264,93.44528643290202,7.491541387180478,-0.2612675
2026-02-04 17:00:00+00:00,59.3,55.4,703.0,86.7,12.7,5.0,6.0,0.0,83.78546,Islamabad,17,2,2,112.07292,150.60965,92.26664225260417,6.6063737183398255,-0.25240228
2026-02-04 18:00:00+00:00,59.4,56.1,596.0,82.1,12.0,6.0,6.0,0.0,83.67908,Islamabad,18,2,2,109.354164,148.51044,91.1968469619751,5.741200370028867,-0.23478837
2026-02-04 19:00:00+00:00,53.8,51.0,498.0,71.0,10.4,15.0,5.0,0.0,84.10461,Islamabad,19,2,2,106.135414,143.68752,90.27889664967854,4.956452431936201,-0.20757264
2026-02-04 20:00:00+00:00,46.4,44.1,404.0,55.3,8.3,29.0,5.0,0.0,84.95568,Islamabad,20,2,2,102.739586,138.92708,89.53790060679118,4.298218658077398,-0.17309691
2026-02-04 21:00:00+00:00,39.1,37.1,343.0,41.5,6.5,41.0,4.0,0.0,85.89539,Islamabad,21,2,2,99.58333,135.02084,88.96756998697917,3.7847997916828326,-0.13745207
2026-02-04 22:00:00+00:00,33.3,31.5,300.0,30.5,5.3,51.0,3.0,0.0,86.61348,Islamabad,22,2,2,97.127655,132.82292,88.52947934468587,3.3867831946639826,-0.1082511
2026-02-04 23:00:00+00:00,28.6,27.2,289.0,21.4,4.5,60.0,3.0,0.0,87.10107,Islamabad,23,2,2,94.92021,131.91667,88.20368162790935,3.1100702599956676,-0.08237598
2026-02-05 00:00:00+00:00,24.2,23.4,385.0,8.8,3.4,79.0,1.0,0.0,87.393616,Islamabad,0,3,2,92.99646,131.36458,87.97022978464763,2.9403182304471382,-0.06024793
2026-02-05 01:00:00+00:00,23.6,22.8,720.0,16.7,4.1,68.0,1.0,0.0,87.34929,Islamabad,1,3,2,92.810295,129.09375,87.74268786112468,2.7549368113543706,-0.05884052
2026-02-05 02:00:00+00:00,26.6,25.7,1161.0,27.4,5.2,54.0,1.0,0.0,87.40249,Islamabad,2,3,2,92.68617,127.13542,87.52253437042236,2.545900720433736,-0.05700617
2026-02-05 03:00:00+00:00,32.0,31.2,1381.0,33.9,6.1,47.0,2.0,0.3,87.41135,Islamabad,3,3,2,92.46455,125.61457,87.31198438008626,2.3181886823097484,-0.05465013
2026-02-05 04:00:00+00:00,37.0,36.6,1154.0,32.5,6.6,55.0,4.0,1.1,87.38476,Islamabad,4,3,2,92.03902,124.65626,87.11805693308513,2.0888924082593365,-0.050568324
2026-02-05 05:00:00+00:00,35.4,34.1,705.0,26.9,7.0,71.0,7.0,2.25,87.7305,Islamabad,5,3,2,91.17021,124.51041,86.9747355779012,1.909040126409929,-0.03772847
2026-02-05 06:00:00+00:00,22.6,18.2,386.0,21.8,8.1,86.0,9.0,3.4,88.679085,Islamabad,6,3,2,90.2305,123.770836,86.91009330749512,1.8181035118439395,-0.017193904
2026-02-05 07:00:00+00:00,19.1,13.8,339.0,17.2,10.7,99.0,10.0,4.05,89.11347,Islamabad,7,3,2,89.946815,122.03125,86.87537066141765,1.7647609620258955,-0.009264847
2026-02-05 08:00:00+00:00,19.4,13.9,422.0,13.1,14.1,111.0,11.0,3.85,89.237595,Islamabad,8,3,2,89.68972,120.71875,86.8565320968628,1.7355839803644701,-0.0050409962
2026-02-05 09:00:00+00:00,21.1,15.6,555.0,13.5,16.8,115.0,11.0,2.8,89.44149,Islamabad,9,3,2,89.31738,119.875,86.86170323689778,1.7434021032427467,0.0013895096
2026-02-05 10:00:00+00:00,23.2,18.0,720.0,20.3,18.1,109.0,10.0,1.5,89.8227,Islamabad,10,3,2,88.78546,119.39583,86.90492153167725,1.804935288183663,0.011682533
2026-02-05 11:00:00+00:00,25.9,21.1,936.0,31.7,18.7,96.0,8.0,0.55,90.39894,Islamabad,11,3,2,88.18262,118.916664,86.99726835886638,1.925799638933792,0.025133342
2026-02-05 12:00:00+00:00,28.5,25.7,1181.0,60.7,21.6,53.0,6.0,0.1,91.18794,Islamabad,12,3,2,87.42908,118.36457,87.15388774871826,2.106787968355574,0.04299331
2026-02-05 13:00:00+00:00,51.8,49.0,1509.0,73.8,25.2,38.0,6.0,0.0,91.71986,Islamabad,13,3,2,87.19858,117.71874,87.34227434794109,2.303882361342681,0.051850367
2026-02-05 14:00:00+00:00,70.1,66.1,1865.0,91.6,29.9,18.0,6.0,0.0,93.65248,Islamabad,14,3,2,86.21454,116.93749,87.65218861897786,2.6236623671639956,0.086272486
2026-02-05 15:00:00+00:00,78.0,72.6,2063.0,102.6,32.0,4.0,6.0,0.0,96.35638,Islamabad,15,3,2,85.2305,115.77083,88.11576684315999,3.1142274667599636,0.13053869
2026-02-05 16:00:00+00:00,84.3,78.9,1999.0,100.4,29.4,1.0,6.0,0.0,98.97163,Islamabad,16,3,2,84.3617,114.19791,88.72451368967693,3.7179144932888613,0.17318195
2026-02-05 17:00:00+00:00,86.6,81.5,1776.0,91.3,24.2,4.0,5.0,0.0,101.78125,Islamabad,17,3,2,83.78546,112.07292,89.4743382136027,4.4257982347469245,0.21478415
2026-02-05 18:00:00+00:00,82.4,78.2,1518.0,82.9,19.2,7.0,5.0,0.0,104.49999,Islamabad,18,3,2,83.67908,109.354164,90.3418763478597,5.2113553458014685,0.24881865
2026-02-05 19:00:00+00:00,74.0,70.5,1232.0,78.7,15.1,6.0,4.0,0.0,106.80208,Islamabad,19,3,2,84.10461,106.135414,91.28760433197021,6.026060229126206,0.26987192
2026-02-05 20:00:00+00:00,62.4,59.4,912.0,75.1,11.1,4.0,4.0,0.0,108.833336,Islamabad,20,3,2,84.95568,102.739586,92.28250662485759,6.849981751905099,0.28106013
2026-02-05 21:00:00+00:00,52.5,49.7,660.0,68.9,8.2,6.0,3.0,0.0,110.42709,Islamabad,21,3,2,85.89539,99.58333,93.30466079711914,7.640189468855041,0.2855997
2026-02-05 22:00:00+00:00,46.2,43.7,469.0,55.8,6.6,15.0,3.0,0.0,111.739586,Islamabad,22,3,2,86.61348,97.127655,94.35158189137776,8.370073227451723,0.29009464
2026-02-05 23:00:00+00:00,41.3,38.8,347.0,40.1,6.0,27.0,3.0,0.0,113.01043,Islamabad,23,3,2,87.10107,94.92021,95.43113867441814,9.038441774503143,0.2974632
2026-02-06 00:00:00+00:00,23.7,21.9,418.0,11.1,4.6,63.0,3.0,0.0,114.21876,Islamabad,0,4,2,87.393616,92.99646,96.54885292053223,9.639905490446441,0.30694625
2026-02-06 01:00:00+00:00,22.8,21.0,875.0,21.1,5.4,49.0,3.0,0.0,114.062515,Islamabad,1,4,2,87.34929,92.810295,97.66190401713054,10.064362646651333,0.30582076
2026-02-06 02:00:00+00:00,26.7,24.7,1525.0,34.5,6.5,32.0,3.0,0.0,113.87502,Islamabad,2,4,2,87.40249,92.68617,98.76492627461751,10.338009064813265,0.3028808
2026-02-06 03:00:00+00:00,34.9,33.2,1917.0,42.2,8.0,26.0,3.0,0.3,113.77084,Islamabad,3,4,2,87.41135,92.46455,99.8632386525472,10.478621585495132,0.30155692
2026-02-06 04:00:00+00:00,41.1,39.3,1805.0,38.9,9.7,43.0,5.0,1.1,113.97917,Islamabad,4,4,2,87.38476,92.03902,100.97133922576904,10.507787050969283,0.304337
2026-02-06 05:00:00+00:00,39.3,35.7,1435.0,29.9,11.7,72.0,7.0,2.2,114.26042,Islamabad,5,4,2,87.7305,91.17021,102.07675266265869,10.449601363555768,0.3024025
2026-02-06 06:00:00+00:00,25.7,20.7,1096.0,22.2,14.0,96.0,9.0,3.15,114.42709,Islamabad,6,4,2,88.679085,90.2305,103.14958635965984,10.335409715934173,0.2903504
2026-02-06 07:00:00+00:00,24.6,20.0,862.0,17.2,17.0,112.0,9.0,3.5,114.687515,Islamabad,7,4,2,89.11347,89.946815,104.21517149607341,10.141897468597454,0.2869829
2026-02-06 08:00:00+00:00,23.2,18.9,658.0,13.5,20.3,124.0,8.0,3.3,115.33334,Islamabad,8,4,2,89.237595,89.68972,105.3024943669637,9.861315223913625,0.29242998
2026-02-06 09:00:00+00:00,22.5,18.3,549.0,13.9,22.5,127.0,8.0,2.35,115.85418,Islamabad,9,4,2,89.44149,89.31738,106.40302308400472,9.48074949433218,0.2953069
2026-02-06 10:00:00+00:00,22.1,18.2,594.0,21.8,22.9,115.0,9.0,1.2,116.13543,Islamabad,10,4,2,89.8227,88.78546,107.49938678741455,8.988665246241643,0.29294074
2026-02-06 11:00:00+00:00,25.3,20.5,734.0,33.8,22.2,95.0,11.0,0.45,116.156265,Islamabad,11,4,2,90.39894,88.18262,108.57260862986247,8.374867537074334,0.28492948
2026-02-06 12:00:00+00:00,27.2,18.6,856.0,48.0,13.7,60.0,17.0,0.05,116.09376,Islamabad,12,4,2,91.18794,87.42908,109.61035092671712,7.6376601022577155,0.27312618
2026-02-06 13:00:00+00:00,38.6,25.8,919.0,49.7,12.4,55.0,23.0,0.0,115.35418,Islamabad,13,4,2,91.71986,87.19858,110.59511439005534,6.696287551492838,0.25767946
2026-02-06 14:00:00+00:00,44.1,26.2,964.0,52.2,10.6,47.0,31.0,0.0,112.9375,Islamabad,14,4,2,93.65248,86.21454,111.39865684509277,5.650177972377733,0.20592107
2026-02-06 15:00:00+00:00,46.4,27.1,1003.0,54.1,9.3,40.0,36.0,0.0,108.78126,Islamabad,15,4,2,96.35638,85.2305,111.91636021931966,4.701581316156682,0.12894715
2026-02-06 16:00:00+00:00,47.5,29.0,1069.0,55.6,9.0,33.0,35.0,0.0,104.04166,Islamabad,16,4,2,98.97163,84.3617,112.12761147816975,4.179586571221828,0.051227108
2026-02-06 17:00:00+00:00,50.1,32.9,1130.0,56.6,9.2,27.0,31.0,0.0,99.01596,Islamabad,17,4,2,101.78125,83.78546,112.01239109039307,4.502826564481515,-0.027168946
2026-02-06 18:00:00+00:00,51.5,36.8,1098.0,55.7,9.1,24.0,27.0,0.0,94.70745,Islamabad,18,4,2,104.49999,83.67908,111.6043685277303,5.5378716926842015,-0.09370854
2026-02-06 19:00:00+00:00,48.7,36.9,884.0,52.1,8.3,24.0,23.0,0.0,91.03723,Islamabad,19,4,2,106.80208,84.10461,110.9474999109904,6.899761272058059,-0.14760806
2026-02-06 20:00:00+00:00,45.8,36.0,578.0,46.7,7.2,27.0,20.0,0.0,88.05852,Islamabad,20,4,2,108.833336,84.95568,110.08188247680664,8.331206427337165,-0.19088654
2026-02-06 21:00:00+00:00,43.5,33.9,358.0,40.6,6.4,32.0,17.0,0.0,85.98404,Islamabad,21,4,2,110.42709,85.89539,109.06342188517253,9.67313536612356,-0.22135015
2026-02-06 22:00:00+00:00,41.2,31.3,285.0,32.3,5.9,40.0,16.0,0.0,84.58334,Islamabad,22,4,2,111.739586,86.61348,107.9319117863973,10.861748639993001,-0.24303153
2026-02-06 23:00:00+00:00,38.5,28.9,298.0,23.3,5.6,50.0,15.0,0.0,83.48404,Islamabad,23,4,2,113.01043,87.10107,106.70164553324382,11.885442735529587,-0.2612714
2026-02-07 00:00:00+00:00,33.2,27.0,393.0,18.1,5.5,52.0,11.0,0.0,82.606384,Islamabad,0,5,2,114.21876,87.393616,105.3844633102417,12.737315279144404,-0.2767704
2026-02-07 01:00:00+00:00,31.5,26.4,651.0,27.5,6.4,44.0,10.0,0.0,83.05851,Islamabad,1,5,2,114.062515,87.34929,104.09262975056966,13.375170394031032,-0.2718159
2026-02-07 02:00:00+00:00,35.5,30.4,991.0,40.0,7.7,34.0,8.0,0.0,83.53723,Islamabad,2,5,2,113.87502,87.40249,102.8285551071167,13.836104568786414,-0.26641303
2026-02-07 03:00:00+00:00,41.7,36.2,1166.0,46.2,9.0,35.0,10.0,0.35,84.042564,Islamabad,3,5,2,113.77084,87.41135,101.58987681070964,14.141251957519442,-0.26129964
2026-02-07 04:00:00+00:00,43.1,36.0,1013.0,40.3,10.4,55.0,19.0,1.15,84.30852,Islamabad,4,5,2,113.97917,87.38476,100.35359954833984,14.307028914080385,-0.26031646
2026-02-07 05:00:00+00:00,42.7,28.5,695.0,28.1,11.8,86.0,31.0,2.3,84.01596,Islamabad,5,5,2,114.26042,87.7305,99.09341367085774,14.360725203981223,-0.2646976
2026-02-07 06:00:00+00:00,45.9,24.9,455.0,18.0,12.7,110.0,38.0,3.45,83.37766,Islamabad,6,5,2,114.42709,88.679085,97.79968738555908,14.317811164696005,-0.27134684
2026-02-07 07:00:00+00:00,41.4,21.5,382.0,12.4,12.9,123.0,37.0,4.05,83.75,Islamabad,7,5,2,114.687515,89.11347,96.5106242497762,14.122612234539565,-0.26975486
2026-02-07 08:00:00+00:00,33.8,18.0,387.0,8.8,12.5,131.0,31.0,3.85,83.88298,Islamabad,8,5,2,115.33334,89.237595,95.20019245147705,13.754457190501974,-0.27269098
2026-02-07 09:00:00+00:00,29.0,15.9,441.0,8.4,12.2,132.0,25.0,2.9,83.80319,Islamabad,9,5,2,115.85418,89.44149,93.8647346496582,13.206979098589004,-0.2766494
2026-02-07 10:00:00+00:00,25.8,14.6,550.0,10.9,11.8,127.0,21.0,1.7,83.59042,Islamabad,10,5,2,116.13543,89.8227,92.50869274139404,12.471191256468241,-0.28023323
2026-02-07 11:00:00+00:00,23.7,14.2,708.0,16.5,11.4,115.0,16.0,0.65,83.27128,Islamabad,11,5,2,116.156265,90.39894,91.13848495483398,11.531180666930062,-0.28310987
2026-02-07 12:00:00+00:00,17.4,16.8,868.0,30.9,11.6,97.0,1.0,0.1,82.71277,Islamabad,12,5,2,116.09376,91.18794,89.74761041005452,10.342115730054312,-0.28753474
2026-02-07 13:00:00+00:00,28.0,26.8,1052.0,51.0,12.8,70.0,1.0,0.0,82.55319,Islamabad,13,5,2,115.35418,91.71986,88.38090260823567,8.874240061419089,-0.28435022
2026-02-07 14:00:00+00:00,40.9,39.0,1237.0,78.4,14.5,32.0,2.0,0.0,82.64184,Islamabad,14,5,2,112.9375,93.65248,87.11858336130778,7.2320744888401975,-0.26825157
2026-02-07 15:00:00+00:00,51.8,49.5,1310.0,97.5,15.3,5.0,2.0,0.0,83.776596,Islamabad,15,5,2,108.78126,96.35638,86.076722462972,5.590414062357879,-0.22986186
2026-02-07 16:00:00+00:00,57.7,55.5,1189.0,101.5,14.8,0.0,2.0,0.0,85.762405,Islamabad,16,5,2,104.04166,98.97163,85.31508700052898,4.076713246407795,-0.17569166
2026-02-07 17:00:00+00:00,59.1,56.9,955.0,97.2,13.5,0.0,2.0,0.0,88.1117,Islamabad,17,5,2,99.01596,101.78125,84.86074288686116,2.9296343450166615,-0.11012627
2026-02-07 18:00:00+00:00,54.5,52.6,741.0,88.8,11.9,5.0,2.0,0.0,90.239365,Islamabad,18,5,2,94.70745,104.49999,84.67457262674968,2.364074495532234,-0.04717777
2026-02-07 19:00:00+00:00,46.0,44.2,581.0,75.7,9.9,17.0,2.0,0.0,91.64007,Islamabad,19,5,2,91.03723,106.80208,84.69969081878662,2.4367036376904028,0.006621869
2026-02-07 20:00:00+00:00,38.0,36.1,442.0,58.6,7.5,34.0,3.0,0.0,92.28723,Islamabad,20,5,2,88.05852,108.833336,84.87588723500569,2.813840315161971,0.048021637
2026-02-07 21:00:00+00:00,32.6,30.3,350.0,43.8,5.7,48.0,3.0,0.0,92.2961,Islamabad,21,5,2,85.98404,110.42709,85.13888963063557,3.1915544876819775,0.07340964
2026-02-07 22:00:00+00:00,29.3,26.8,334.0,32.3,4.7,57.0,3.0,0.0,91.97695,Islamabad,22,5,2,84.58334,111.739586,85.44695663452148,3.4794501964189832,0.087412104
2026-02-07 23:00:00+00:00,26.5,24.0,366.0,23.2,4.2,62.0,4.0,0.0,91.578,Islamabad,23,5,2,83.48404,113.01043,85.78420511881511,3.6680654874722367,0.09695223
