date,pm10,pm2_5,carbon_monoxide,nitrogen_dioxide,sulphur_dioxide,ozone,dust,uv_index,us_aqi,city,hour,day_of_week,month,aqi_lag_24,aqi_lag_48,aqi_rolling_24_mean,aqi_rolling_24_std,aqi_change_rate
2025-10-25 00:00:00+00:00,28.0,25.3,363.0,36.7,12.5,50.0,5.0,0.0,100.197914,Karachi,0,5,10,109.34374,102.968765,109.84400939941406,12.43104370664435,-0.08364291
2025-10-25 01:00:00+00:00,26.5,23.9,746.0,41.1,13.7,45.0,5.0,0.0,99.37943,Karachi,1,5,10,109.35417,102.90625,109.42839527130127,12.613538754897021,-0.091214985
2025-10-25 02:00:00+00:00,29.6,27.0,1324.0,46.7,15.4,39.0,5.0,0.1,98.90957,Karachi,2,5,10,109.07292,102.583336,109.0049222310384,12.795289081129221,-0.093179435
2025-10-25 03:00:00+00:00,33.9,31.3,1680.0,47.0,16.8,46.0,5.0,0.85,98.48404,Karachi,3,5,10,108.84376,102.26042,108.57326730092366,12.974452994071836,-0.09517972
2025-10-25 04:00:00+00:00,37.5,35.2,1595.0,36.8,17.9,77.0,5.0,2.45,98.01418,Karachi,4,5,10,108.697914,101.91667,108.12811183929443,13.152055061205488,-0.09828828
2025-10-25 05:00:00+00:00,31.0,26.0,1286.0,21.4,18.6,121.0,6.0,4.55,97.89007,Karachi,5,5,10,108.22917,102.05209,107.69731585184734,13.316896731319968,-0.09552973
2025-10-25 06:00:00+00:00,21.4,17.8,991.0,9.5,18.4,154.0,7.0,6.4,97.668434,Karachi,6,5,10,107.17708,102.260414,107.30112234751384,13.47357243360853,-0.08871901
2025-10-25 07:00:00+00:00,18.1,14.7,759.0,5.0,16.5,165.0,8.0,7.2,97.25177,Karachi,7,5,10,105.82292,102.76041,106.9439910252889,13.627175411985581,-0.08099523
2025-10-25 08:00:00+00:00,19.3,15.0,541.0,4.2,13.6,165.0,9.0,6.7,96.586876,Karachi,8,5,10,104.96875,103.364586,106.59474627176921,13.786475499478787,-0.079851136
2025-10-25 09:00:00+00:00,20.1,15.0,420.0,4.5,11.3,162.0,10.0,5.05,95.94858,Karachi,9,5,10,104.47917,103.77084,106.23930486043294,13.952359896362214,-0.08164875
2025-10-25 10:00:00+00:00,20.3,14.7,402.0,4.0,10.0,159.0,10.0,2.95,95.36348,Karachi,10,5,10,104.20833,103.97917,105.87076950073242,14.124094496399476,-0.0848766
2025-10-25 11:00:00+00:00,20.6,14.9,483.0,4.7,9.4,154.0,10.0,1.2,94.84043,Karachi,11,5,10,104.03125,104.020836,105.48781871795654,14.299644176760815,-0.08834671
2025-10-25 12:00:00+00:00,24.6,18.0,732.0,9.6,8.7,138.0,13.0,0.25,112.62754,Karachi,12,5,10,130.90987,122.61904,104.72605514526367,13.341345111856286,-0.13965583
2025-10-25 13:00:00+00:00,26.9,22.4,1366.0,19.7,9.3,115.0,11.0,0.0,125.595245,Karachi,13,5,10,145.79082,133.0357,103.88457298278809,11.084690686616376,-0.13852431
2025-10-25 14:00:00+00:00,28.9,25.2,2168.0,33.4,10.2,84.0,9.0,0.0,124.31971,Karachi,14,5,10,142.38945,128.35884,103.131667137146,8.71625891577396,-0.12690364
2025-10-25 15:00:00+00:00,29.9,26.4,2561.0,43.2,10.9,61.0,7.0,0.0,109.438774,Karachi,15,5,10,120.28061,107.73809,102.67992401123047,8.04384333999384,-0.09013785
2025-10-25 16:00:00+00:00,31.2,27.6,2161.0,45.7,11.5,53.0,7.0,0.0,89.68972,Karachi,16,5,10,103.666664,104.21874,102.0975513458252,8.464274053200286,-0.13482583
2025-10-25 17:00:00+00:00,32.8,29.0,1353.0,44.1,12.0,53.0,8.0,0.0,87.22518,Karachi,17,5,10,103.28125,105.94792,101.42854849497478,8.98514521696702,-0.15545966
2025-10-25 18:00:00+00:00,33.8,29.7,711.0,40.5,12.0,56.0,8.0,0.0,84.75178,Karachi,18,5,10,103.083336,107.39584,100.66473356882732,9.596715112564425,-0.17783241
2025-10-25 19:00:00+00:00,32.9,28.9,470.0,34.4,11.2,60.0,8.0,0.0,82.393616,Karachi,19,5,10,103.01043,108.17708,99.80569966634114,10.276293018174814,-0.20014298
2025-10-25 20:00:00+00:00,30.9,26.9,395.0,26.3,9.8,67.0,7.0,0.0,80.15071,Karachi,20,5,10,102.93751,108.38542,98.85624980926514,11.001434676722335,-0.22136535
2025-10-25 21:00:00+00:00,28.6,24.8,360.0,19.6,8.8,73.0,7.0,0.0,78.138306,Karachi,21,5,10,102.65626,108.375,97.8346684773763,11.746363103955234,-0.23883544
2025-10-25 22:00:00+00:00,26.6,23.0,307.0,14.6,8.2,76.0,7.0,0.0,76.4539,Karachi,22,5,10,102.07293,108.489586,96.76720905303955,12.48529406139668,-0.25098747
2025-10-25 23:00:00+00:00,24.8,21.5,295.0,11.0,7.9,79.0,6.0,0.0,75.26595,Karachi,23,5,10,101.09376,108.979164,95.69105052947998,13.189404894584776,-0.2554837
2025-10-26 00:00:00+00:00,24.0,21.0,371.0,11.7,8.3,74.0,6.0,0.0,74.48582,Karachi,0,6,10,100.197914,109.34374,94.61971314748128,13.835827805546714,-0.2566131
2025-10-26 01:00:00+00:00,24.2,21.2,634.0,19.5,9.6,69.0,5.0,0.0,74.104614,Karachi,1,6,10,99.37943,109.35417,93.56659571329753,14.407863213938928,-0.25432646
2025-10-26 02:00:00+00:00,27.0,24.4,986.0,30.0,11.4,62.0,5.0,0.1,73.86525,Karachi,2,6,10,98.90957,109.07292,92.52308241526286,14.902511622297405,-0.2532042
2025-10-26 03:00:00+00:00,31.4,29.6,1179.0,34.8,13.0,66.0,4.0,0.85,73.63475,Karachi,3,6,10,98.48404,108.84376,91.48769537607829,15.327524346806582,-0.25231794
2025-10-26 04:00:00+00:00,31.7,29.3,1062.0,28.6,14.5,90.0,4.0,2.5,73.48404,Karachi,4,6,10,98.01418,108.697914,90.46560605367024,15.687053166939219,-0.25027138
2025-10-26 05:00:00+00:00,29.2,25.8,786.0,16.9,15.9,124.0,4.0,4.7,72.96099,Karachi,5,6,10,97.89007,108.22917,89.42689450581868,15.996356171494881,-0.254664
2025-10-26 06:00:00+00:00,18.2,16.0,559.0,7.7,16.2,149.0,4.0,6.6,72.94326,Karachi,6,6,10,97.668434,107.17708,88.39667892456055,16.236878866816234,-0.2531542
2025-10-26 07:00:00+00:00,13.4,11.2,456.0,4.4,14.5,157.0,4.0,7.45,72.78369,Karachi,7,6,10,97.25177,105.82292,87.37717564900716,16.423790892395694,-0.2515952
2025-10-26 08:00:00+00:00,12.9,10.5,403.0,3.7,11.7,157.0,5.0,6.85,72.473404,Karachi,8,6,10,96.586876,104.96875,86.37244764963786,16.572787044012525,-0.24965578
2025-10-26 09:00:00+00:00,13.2,10.9,384.0,3.9,9.6,154.0,5.0,5.15,72.07446,Karachi,9,6,10,95.94858,104.47917,85.3776928583781,16.68909879432156,-0.24882197
2025-10-26 10:00:00+00:00,14.1,11.6,405.0,4.1,8.8,152.0,5.0,3.0,71.711,Karachi,10,6,10,95.36348,104.20833,84.39217281341553,16.77193700333246,-0.24802452
2025-10-26 11:00:00+00:00,15.1,12.4,461.0,5.2,8.6,148.0,5.0,1.2,89.66837,Karachi,11,6,10,94.84043,104.03125,84.17667039235432,16.66473577494122,-0.054534316
2025-10-26 12:00:00+00:00,28.0,23.4,516.0,8.6,8.8,136.0,9.0,0.25,107.10034,Karachi,12,6,10,112.62754,130.90987,83.94637044270833,16.288403992686177,-0.04907502
2025-10-26 13:00:00+00:00,29.6,26.5,567.0,16.3,10.1,121.0,8.0,0.0,116.87925,Karachi,13,6,10,125.595245,145.79082,83.58320395151775,15.391921645524983,-0.0693975
2025-10-26 14:00:00+00:00,31.9,29.2,619.0,26.7,11.8,99.0,6.0,0.0,116.24148,Karachi,14,6,10,124.31971,142.38945,83.24661095937093,14.5263473866367,-0.06497949
2025-10-26 15:00:00+00:00,33.4,30.9,648.0,33.8,13.1,83.0,5.0,0.0,105.61223,Karachi,15,6,10,109.438774,120.28061,83.08717155456543,14.244634388347283,-0.034965172
2025-10-26 16:00:00+00:00,33.2,30.7,647.0,34.9,13.6,76.0,4.0,0.0,89.88096,Karachi,16,6,10,89.68972,103.666664,83.09513982137044,14.248541304011788,0.002132222
2025-10-26 17:00:00+00:00,31.9,29.7,623.0,32.5,13.6,73.0,4.0,0.0,73.085106,Karachi,17,6,10,87.22518,103.28125,82.5059700012207,14.362230058967153,-0.16211002
2025-10-26 18:00:00+00:00,30.0,28.1,578.0,28.6,13.3,74.0,4.0,0.0,73.14716,Karachi,18,6,10,84.75178,103.083336,82.02244440714519,14.478209238453259,-0.13692473
2025-10-26 19:00:00+00:00,27.5,25.8,496.0,22.5,12.7,81.0,3.0,0.0,73.00532,Karachi,19,6,10,82.393616,103.01043,81.63126532236735,14.5941095675425,-0.113944486
2025-10-26 20:00:00+00:00,25.8,24.2,392.0,14.8,11.7,91.0,3.0,0.0,72.7305,Karachi,20,6,10,80.15071,102.93751,81.32208983103435,14.705015753886915,-0.09257824
2025-10-26 21:00:00+00:00,25.6,24.2,317.0,9.0,11.0,98.0,3.0,0.0,72.491135,Karachi,21,6,10,78.138306,102.65626,81.08679103851318,14.803029576505413,-0.07227148
2025-10-26 22:00:00+00:00,26.7,24.8,273.0,6.1,10.5,98.0,4.0,0.0,72.43795,Karachi,22,6,10,76.4539,102.07293,80.91945966084798,14.88017290554343,-0.05252777
2025-10-26 23:00:00+00:00,27.8,24.9,258.0,5.1,10.2,94.0,6.0,0.0,72.59752,Karachi,23,6,10,75.26595,101.09376,80.80827490488689,14.93412407398226,-0.0354534
2025-10-27 00:00:00+00:00,29.1,24.9,308.0,6.7,10.5,89.0,8.0,0.0,72.89894,Karachi,0,0,10,74.48582,100.197914,80.74215507507324,14.966810508606747,-0.021304404
2025-10-27 01:00:00+00:00,29.3,24.4,497.0,12.9,11.2,79.0,8.0,0.0,73.24469,Karachi,1,0,10,74.104614,99.37943,80.70632489522298,14.984410464820758,-0.011604194
2025-10-27 02:00:00+00:00,31.0,25.7,751.0,21.1,12.2,66.0,8.0,0.1,73.52837,Karachi,2,0,10,73.86525,98.90957,80.69228839874268,14.991253615689034,-0.004560682
2025-10-27 03:00:00+00:00,32.5,28.1,893.0,25.2,13.0,65.0,8.0,0.85,73.643616,Karachi,3,0,10,73.63475,98.48404,80.69265778859456,14.991072262672123,0.00012039637
2025-10-27 04:00:00+00:00,32.6,26.7,813.0,21.1,13.6,87.0,9.0,2.5,73.510635,Karachi,4,0,10,73.48404,98.01418,80.69376595815022,14.990517191662471,0.00036192988
2025-10-27 05:00:00+00:00,27.3,21.0,620.0,12.9,13.9,120.0,9.0,4.65,73.280136,Karachi,5,0,10,72.96099,97.89007,80.70706367492676,14.983499307030355,0.0043741893
2025-10-27 06:00:00+00:00,24.0,19.0,461.0,6.4,13.5,145.0,10.0,6.5,72.85461,Karachi,6,0,10,72.94326,97.668434,80.70336977640788,14.985507337611427,-0.001215377
2025-10-27 07:00:00+00:00,22.1,17.6,387.0,4.1,11.6,151.0,10.0,7.3,73.12057,Karachi,7,0,10,72.78369,97.25177,80.71740627288818,14.97792252505484,0.0046284534
2025-10-27 08:00:00+00:00,21.6,16.8,347.0,3.5,8.9,149.0,10.0,6.75,73.68794,Karachi,8,0,10,72.473404,96.586876,80.76801204681396,14.950884918427043,0.016758405
2025-10-27 09:00:00+00:00,21.8,16.8,336.0,3.7,6.9,145.0,10.0,5.05,74.246445,Karachi,9,0,10,72.07446,95.94858,80.85851128896077,14.902469240109122,0.030135248
2025-10-27 10:00:00+00:00,21.9,17.0,355.0,3.9,6.2,143.0,10.0,2.9,74.7695,Karachi,10,0,10,71.711,95.36348,80.9859488805135,14.83376267788543,0.04265039
2025-10-27 11:00:00+00:00,22.1,17.3,403.0,4.8,6.1,139.0,9.0,1.15,80.31461,Karachi,11,0,10,89.66837,94.84043,80.59620889027913,14.71815281995954,-0.104315035
2025-10-27 12:00:00+00:00,35.2,28.9,469.0,8.4,6.8,131.0,12.0,0.2,96.04591,Karachi,12,0,10,107.10034,112.62754,80.13560771942139,14.008514725701906,-0.10321562
2025-10-27 13:00:00+00:00,36.1,31.3,579.0,15.8,8.0,114.0,10.0,0.0,105.39966,Karachi,13,0,10,116.87925,125.595245,79.65729141235352,12.847214729967146,-0.09821753
2025-10-27 14:00:00+00:00,36.8,32.7,708.0,25.7,9.6,91.0,8.0,0.0,104.12414,Karachi,14,0,10,116.24148,124.31971,79.15240224202473,11.516108305717138,-0.104242824
2025-10-27 15:00:00+00:00,37.4,34.0,768.0,31.3,11.1,77.0,6.0,0.0,92.64455,Karachi,15,0,10,105.61223,109.438774,78.61208216349284,10.478105785831643,-0.1227858
2025-10-27 16:00:00+00:00,35.4,32.6,703.0,28.5,12.3,80.0,5.0,0.0,77.18085,Karachi,16,0,10,89.88096,89.68972,78.08291085561116,10.201292423750779,-0.14129925
2025-10-27 17:00:00+00:00,33.1,30.5,569.0,21.4,13.4,91.0,5.0,0.0,77.34928,Karachi,17,0,10,73.085106,87.22518,78.2605848312378,10.147454100365763,0.05834534
2025-10-27 18:00:00+00:00,32.2,29.8,454.0,15.1,13.9,100.0,5.0,0.0,77.420204,Karachi,18,0,10,73.14716,84.75178,78.43862819671631,10.091165621520046,0.05841704
2025-10-27 19:00:00+00:00,31.8,29.2,385.0,11.4,13.5,103.0,5.0,0.0,77.570915,Karachi,19,0,10,73.00532,82.393616,78.62886142730713,10.0271173133815,0.06253788
2025-10-27 20:00:00+00:00,31.1,28.5,336.0,8.5,12.6,104.0,5.0,0.0,77.87234,Karachi,20,0,10,72.7305,80.15071,78.84310468037923,9.950247813354752,0.070697136
2025-10-27 21:00:00+00:00,31.1,28.2,307.0,6.6,11.8,102.0,5.0,0.0,78.25354,Karachi,21,0,10,72.491135,78.138306,79.08320490519206,9.859419318538212,0.079491176
2025-10-27 22:00:00+00:00,32.2,28.9,287.0,5.5,11.2,97.0,6.0,0.0,78.608154,Karachi,22,0,10,72.43795,76.4539,79.3402967453003,9.7585355878388,0.085179165
2025-10-27 23:00:00+00:00,33.8,30.0,289.0,5.4,10.6,90.0,6.0,0.0,78.971634,Karachi,23,0,10,72.59752,75.26595,79.60588486989339,9.653216082892948,0.08780073
2025-10-28 00:00:00+00:00,34.2,30.6,353.0,7.2,11.0,85.0,7.0,0.0,79.42377,Karachi,0,1,10,72.89894,74.48582,79.87775262196858,9.547413805632706,0.089505084
2025-10-28 01:00:00+00:00,35.7,31.8,557.0,12.6,12.1,78.0,7.0,0.0,79.92908,Karachi,1,1,10,73.24469,74.104614,80.1562687555949,9.442422641070603,0.09126105
2025-10-28 02:00:00+00:00,38.6,34.2,824.0,19.9,13.5,71.0,7.0,0.1,80.58511,Karachi,2,1,10,73.52837,73.86525,80.45029958089192,9.336336118793774,0.095973015
2025-10-28 03:00:00+00:00,41.3,37.1,963.0,23.4,14.7,72.0,8.0,0.75,81.33865,Karachi,3,1,10,73.643616,73.63475,80.77092615763347,9.223872507613233,0.10449022
2025-10-28 04:00:00+00:00,44.9,38.1,850.0,19.5,15.5,92.0,10.0,2.1,82.13652,Karachi,4,1,10,73.510635,73.48404,81.13033803304036,9.095839308495618,0.117342
2025-10-28 05:00:00+00:00,48.0,39.8,608.0,11.9,15.9,121.0,12.0,3.95,83.147156,Karachi,5,1,10,73.280136,72.96099,81.54146385192871,8.947367914292872,0.13464795
2025-10-28 06:00:00+00:00,47.0,39.6,421.0,6.0,15.8,144.0,14.0,5.6,84.81382,Karachi,6,1,10,72.85461,72.94326,82.03976440429688,8.773878158614561,0.16415177
2025-10-28 07:00:00+00:00,44.1,37.0,361.0,3.9,14.6,156.0,16.0,6.35,86.64007,Karachi,7,1,10,73.12057,72.78369,82.60307693481445,8.60878364780005,0.18489327
2025-10-28 08:00:00+00:00,39.7,31.9,354.0,3.5,12.8,162.0,18.0,5.9,88.35992,Karachi,8,1,10,73.68794,72.473404,83.21440919240315,8.467967048531015,0.19910957
2025-10-28 09:00:00+00:00,40.5,30.3,368.0,3.8,11.4,164.0,20.0,4.4,89.69858,Karachi,9,1,10,74.246445,72.07446,83.85824807484944,8.342974364905604,0.2081195
2025-10-28 10:00:00+00:00,43.2,31.0,395.0,4.4,10.9,161.0,22.0,2.55,90.895386,Karachi,10,1,10,74.7695,71.711,84.53015995025635,8.227739119653958,0.21567464
2025-10-28 11:00:00+00:00,44.2,31.7,443.0,5.8,10.8,154.0,23.0,1.05,94.55782,Karachi,11,1,10,80.31461,89.66837,85.12362702687581,8.421843271461654,0.1773427
2025-10-28 12:00:00+00:00,44.1,32.5,492.0,8.0,11.5,146.0,22.0,0.2,111.9898,Karachi,12,1,10,96.04591,107.10034,85.78795560201009,9.831701414858244,0.16600275
2025-10-28 13:00:00+00:00,44.5,34.7,550.0,12.2,12.2,133.0,20.0,0.0,123.46939,Karachi,13,1,10,105.39966,116.87925,86.54086112976074,11.877821853496982,0.17144014
2025-10-28 14:00:00+00:00,45.8,36.2,610.0,17.9,13.2,116.0,18.0,0.0,126.02041,Karachi,14,1,10,104.12414,116.24148,87.45320574442546,13.94770839920017,0.21029006
2025-10-28 15:00:00+00:00,46.7,38.1,636.0,21.4,14.0,103.0,16.0,0.0,120.06802,Karachi,15,1,10,92.64455,105.61223,88.59585062662761,15.435459085089619,0.29600745
2025-10-28 16:00:00+00:00,47.7,40.7,605.0,20.9,14.4,100.0,13.0,0.0,108.80102,Karachi,16,1,10,77.18085,89.88096,89.91335773468018,15.764730599765945,0.40968934
2025-10-28 17:00:00+00:00,49.5,43.9,540.0,18.3,14.6,102.0,11.0,0.0,95.62075,Karachi,17,1,10,77.34928,73.085106,90.67466894785564,15.571605779866466,0.23622029
2025-10-28 18:00:00+00:00,52.2,47.6,477.0,15.3,14.8,105.0,9.0,0.0,96.61348,Karachi,18,1,10,77.420204,73.14716,91.47438875834148,15.352612359129566,0.24791043
2025-10-28 19:00:00+00:00,53.9,49.7,424.0,12.2,14.9,108.0,8.0,0.0,98.19149,Karachi,19,1,10,77.570915,73.00532,92.33357938130696,15.115868589798263,0.2658287
2025-10-28 20:00:00+00:00,54.0,49.7,374.0,8.8,14.9,112.0,9.0,0.0,100.01042,Karachi,20,1,10,77.87234,72.7305,93.25599956512451,14.868472459946236,0.2842869
2025-10-28 21:00:00+00:00,53.4,48.8,340.0,6.3,14.9,113.0,9.0,0.0,102.21875,Karachi,21,1,10,78.25354,72.491135,94.25454998016357,14.61977594382211,0.3062508
2025-10-28 22:00:00+00:00,52.5,47.4,311.0,5.0,14.8,110.0,10.0,0.0,104.364586,Karachi,22,1,10,78.608154,72.43795,95.32773462931316,14.364406856581386,0.32765597
2025-10-28 23:00:00+00:00,51.3,45.6,299.0,4.8,14.7,105.0,11.0,0.0,106.291664,Karachi,23,1,10,78.971634,72.59752,96.46606922149658,14.091808634579465,0.34594738
2025-10-29 00:00:00+00:00,53.1,47.3,350.0,6.2,15.6,101.0,11.0,0.0,107.916664,Karachi,0,2,10,79.42377,72.89894,97.65327326456706,13.790620320190314,0.35874522
2025-10-29 01:00:00+00:00,52.2,45.9,545.0,11.2,16.4,92.0,11.0,0.0,109.65625,Karachi,1,2,10,79.92908,73.24469,98.8919054667155,13.460523750607543,0.3719194
2025-10-29 02:00:00+00:00,53.3,46.7,805.0,17.8,17.4,81.0,12.0,0.1,111.12501,Karachi,2,2,10,80.58511,73.52837,100.16440105438232,13.093176730449157,0.37897688
2025-10-29 03:00:00+00:00,54.6,48.3,935.0,21.0,17.5,78.0,12.0,0.8,112.42709,Karachi,3,2,10,81.33865,73.643616,101.45975271860759,12.68106044764756,0.38220993
2025-10-29 04:00:00+00:00,55.8,47.0,811.0,17.5,16.2,92.0,12.0,2.25,113.59376,Karachi,4,2,10,82.13652,73.510635,102.7704709370931,12.214084808291457,0.3829872
2025-10-29 05:00:00+00:00,49.2,41.7,557.0,10.5,14.1,115.0,12.0,4.25,114.520836,Karachi,5,2,10,83.147156,73.280136,104.07770760854085,11.690227635242673,0.37732717
2025-10-29 06:00:00+00:00,41.6,36.1,361.0,5.2,11.9,132.0,11.0,6.05,114.71875,Karachi,6,2,10,84.81382,72.85461,105.32374636332194,11.127881983024201,0.352595
2025-10-29 07:00:00+00:00,35.0,30.5,296.0,3.4,9.7,136.0,9.0,6.95,114.35416,Karachi,7,2,10,86.64007,73.12057,106.4785000483195,10.526467566931661,0.3198761
2025-10-29 08:00:00+00:00,28.9,25.7,287.0,3.2,7.4,133.0,6.0,6.5,113.67709,Karachi,8,2,10,88.35992,73.68794,107.53338241577148,9.880547398127216,0.2865233
2025-10-29 09:00:00+00:00,24.4,22.1,298.0,3.6,5.8,129.0,4.0,4.9,113.03126,Karachi,9,2,10,89.69858,74.246445,108.50557740529378,9.17189102192383,0.2601232
2025-10-29 10:00:00+00:00,21.0,19.2,321.0,4.1,5.2,125.0,3.0,2.85,112.17707,Karachi,10,2,10,90.895386,74.7695,109.39231427510579,8.390813326597373,0.23413382
2025-10-29 11:00:00+00:00,18.8,17.4,364.0,5.2,5.3,119.0,2.0,1.15,110.94792,Karachi,11,2,10,94.55782,80.31461,110.07523504892985,7.775370423974166,0.17333414
2025-10-29 12:00:00+00:00,22.9,21.1,413.0,7.9,5.9,110.0,3.0,0.2,109.458336,Karachi,12,2,10,111.9898,96.04591,109.96975739796956,7.765433034783858,-0.022604413
2025-10-29 13:00:00+00:00,24.2,22.8,477.0,12.9,6.8,98.0,3.0,0.0,108.270836,Karachi,13,2,10,123.46939,105.39966,109.33648427327473,7.217027718547772,-0.12309573
2025-10-29 14:00:00+00:00,24.4,23.1,547.0,19.7,8.0,81.0,3.0,0.0,107.03125,Karachi,14,2,10,126.02041,104.12414,108.5452693303426,6.2897518998416135,-0.1506832
2025-10-29 15:00:00+00:00,25.4,23.7,585.0,24.7,9.0,67.0,3.0,0.0,105.666664,Karachi,15,2,10,120.06802,92.64455,107.94521268208821,5.811433201459021,-0.119943336
2025-10-29 16:00:00+00:00,27.2,25.2,573.0,26.6,9.5,59.0,4.0,0.0,104.166664,Karachi,16,2,10,108.80102,77.18085,107.7521146138509,5.858563137413384,-0.042594764
2025-10-29 17:00:00+00:00,29.2,26.7,529.0,26.7,9.7,55.0,5.0,0.0,102.55208,Karachi,17,2,10,95.62075,77.34928,108.04091993967693,5.386343858010566,0.0724877
2025-10-29 18:00:00+00:00,32.0,28.9,473.0,25.0,9.7,54.0,6.0,0.0,100.760414,Karachi,18,2,10,96.61348,77.420204,108.21370887756348,5.060481725407709,0.04292294
2025-10-29 19:00:00+00:00,35.0,31.2,400.0,20.3,9.3,59.0,7.0,0.0,98.98936,Karachi,19,2,10,98.19149,77.570915,108.24695332845052,4.99396247223375,0.008125621
2025-10-29 20:00:00+00:00,36.8,32.6,315.0,13.7,8.6,69.0,7.0,0.0,97.3493,Karachi,20,2,10,100.01042,77.87234,108.1360731124878,5.209671654942217,-0.026608478
2025-10-29 21:00:00+00:00,36.4,32.2,257.0,8.8,8.1,75.0,8.0,0.0,95.833336,Karachi,21,2,10,102.21875,78.25354,107.87001419067383,5.667908691798876,-0.06246813
2025-10-29 22:00:00+00:00,35.4,31.1,221.0,6.6,7.8,76.0,8.0,0.0,94.36171,Karachi,22,2,10,104.364586,78.608154,107.45322767893474,6.272426016563707,-0.095845506
2025-10-29 23:00:00+00:00,34.0,29.5,212.0,6.1,7.8,73.0,9.0,0.0,92.916664,Karachi,23,2,10,106.291664,78.971634,106.89593601226807,6.938879815404278,-0.125833
2025-10-30 00:00:00+00:00,40.2,35.3,283.0,7.4,9.6,75.0,9.0,0.0,91.489365,Karachi,0,3,10,107.916664,79.42377,106.2114651997884,7.611438103730129,-0.15222208
2025-10-30 01:00:00+00:00,39.5,34.5,528.0,12.6,10.6,68.0,9.0,0.0,90.42554,Karachi,1,3,10,109.65625,79.92908,105.41018549601237,8.22086839162748,-0.1753727
2025-10-30 02:00:00+00:00,40.3,35.2,854.0,19.4,12.0,58.0,9.0,0.1,89.414894,Karachi,2,3,10,111.12501,80.58511,104.50559743245442,8.742581995318847,-0.19536659
2025-10-30 03:00:00+00:00,41.9,37.0,1026.0,22.6,12.9,59.0,9.0,0.8,88.39539,Karachi,3,3,10,112.42709,81.33865,103.5042765935262,9.162015516427022,-0.21375364
2025-10-30 04:00:00+00:00,42.3,34.9,895.0,18.5,13.0,79.0,9.0,2.35,87.39362,Karachi,4,3,10,113.59376,82.13652,102.41260433197021,9.463503606852731,-0.23064765
2025-10-30 05:00:00+00:00,39.9,31.8,611.0,10.8,12.7,108.0,8.0,4.4,86.32093,Karachi,5,3,10,114.520836,83.147156,101.23760827382405,9.643717554881336,-0.24624257
2025-10-30 06:00:00+00:00,31.8,27.4,394.0,4.9,12.1,131.0,8.0,6.15,85.44327,Karachi,6,3,10,114.71875,84.81382,100.01779651641846,9.715606139420368,-0.25519353
2025-10-30 07:00:00+00:00,28.2,25.0,334.0,3.1,11.3,140.0,7.0,6.95,84.672,Karachi,7,3,10,114.35416,86.64007,98.78103987375896,9.700497065904404,-0.25956345
2025-10-30 08:00:00+00:00,27.3,24.2,341.0,3.1,10.2,143.0,6.0,6.35,84.184395,Karachi,8,3,10,113.67709,88.35992,97.55217742919922,9.598955919766272,-0.25944275
2025-10-30 09:00:00+00:00,27.1,23.9,362.0,3.7,9.5,143.0,6.0,4.7,84.05143,Karachi,9,3,10,113.03126,89.69858,96.34468460083008,9.387536346251727,-0.25638774
2025-10-30 10:00:00+00:00,27.8,24.3,387.0,4.0,9.2,142.0,6.0,2.65,84.211006,Karachi,10,3,10,112.17707,90.895386,95.1794319152832,9.067065252403708,-0.24930286
2025-10-30 11:00:00+00:00,28.3,24.6,427.0,5.0,9.3,138.0,7.0,1.0,84.66313,Karachi,11,3,10,110.94792,94.55782,94.08423233032227,8.657815443225024,-0.23691106
2025-10-30 12:00:00+00:00,32.1,28.4,457.0,8.3,9.8,128.0,7.0,0.2,85.30142,Karachi,12,3,10,109.458336,111.9898,93.07769425710042,8.183994218981958,-0.22069506
2025-10-30 13:00:00+00:00,35.2,32.1,466.0,16.2,11.0,111.0,7.0,0.0,94.77041,Karachi,13,3,10,108.270836,123.46939,92.51517645517985,7.532330347530443,-0.12469126
2025-10-30 14:00:00+00:00,38.2,34.9,465.0,26.9,12.8,88.0,6.0,0.0,95.40815,Karachi,14,3,10,107.03125,126.02041,92.03088061014812,6.906052464120075,-0.108595386
2025-10-30 15:00:00+00:00,41.4,38.0,465.0,34.7,14.1,70.0,6.0,0.0,87.81915,Karachi,15,3,10,105.666664,120.06802,91.28723430633545,6.309012593121941,-0.1689039
2025-10-30 16:00:00+00:00,44.1,40.6,478.0,37.4,14.7,60.0,6.0,0.0,89.086876,Karachi,16,3,10,104.166664,108.80102,90.65890979766846,5.691223532465188,-0.14476597
2025-10-30 17:00:00+00:00,43.7,40.0,492.0,37.0,14.9,56.0,7.0,0.0,90.452126,Karachi,17,3,10,102.55208,95.62075,90.15474510192871,5.096740291633803,-0.11798837
2025-10-30 18:00:00+00:00,41.1,37.4,484.0,33.9,14.9,57.0,7.0,0.0,91.6312,Karachi,18,3,10,100.760414,96.61348,89.77436129252116,4.585860235198118,-0.09060316
2025-10-30 19:00:00+00:00,38.6,34.9,429.0,26.5,14.7,67.0,7.0,0.0,92.38475,Karachi,19,3,10,98.98936,98.19149,89.49916934967041,4.189910630063173,-0.066720374
2025-10-30 20:00:00+00:00,38.1,34.0,350.0,16.3,14.3,83.0,8.0,0.0,92.71277,Karachi,20,3,10,97.3493,100.01042,89.30598068237305,3.9097429740486978,-0.04762775
2025-10-30 21:00:00+00:00,39.1,34.9,298.0,8.7,14.1,95.0,8.0,0.0,92.83688,Karachi,21,3,10,95.833336,102.21875,89.18112850189209,3.736231933608412,-0.031267326
2025-10-30 22:00:00+00:00,40.7,36.3,249.0,5.3,14.1,99.0,9.0,0.0,93.07624,Karachi,22,3,10,94.36171,104.364586,89.12756729125977,3.6673144686014116,-0.013622782
2025-10-30 23:00:00+00:00,42.5,37.7,226.0,4.5,14.3,99.0,9.0,0.0,93.53723,Karachi,23,3,10,92.916664,106.291664,89.15342426300049,3.6972571009529465,0.0066787517
2025-10-31 00:00:00+00:00,44.5,39.0,343.0,8.6,14.4,83.0,10.0,0.0,94.26418,Karachi,0,4,10,91.489365,107.916664,89.26904169718425,3.814991892339817,0.03032941
2025-10-31 01:00:00+00:00,46.6,40.7,772.0,16.7,15.5,73.0,9.0,0.0,94.5922,Karachi,1,4,10,90.42554,109.65625,89.44265270233154,3.961888653956318,0.0460784
2025-10-31 02:00:00+00:00,50.8,44.5,1341.0,27.5,17.1,62.0,7.0,0.1,95.14185,Karachi,2,4,10,89.414894,111.12501,89.6812760035197,4.12908269954391,0.064049274
2025-10-31 03:00:00+00:00,54.8,48.9,1645.0,33.0,18.5,61.0,11.0,0.7,95.96632,Karachi,3,4,10,88.39539,112.42709,89.9967311223348,4.311735253750376,0.08564839
2025-10-31 04:00:00+00:00,58.4,49.7,1425.0,27.9,20.0,83.0,24.0,2.05,97.02128,Karachi,4,4,10,87.39362,113.59376,90.39788341522217,4.502657857137842,0.11016428
2025-10-31 05:00:00+00:00,65.7,50.3,940.0,17.5,21.5,117.0,43.0,3.85,98.333336,Karachi,5,4,10,86.32093,114.520836,90.89840030670166,4.693370845893525,0.13915983
2025-10-31 06:00:00+00:00,79.4,50.5,566.0,9.3,21.6,142.0,55.0,5.45,99.973404,Karachi,6,4,10,85.44327,114.71875,91.50382264455159,4.892043846958892,0.17005596
2025-10-31 07:00:00+00:00,83.6,48.7,457.0,5.9,19.3,150.0,56.0,6.05,102.37501,Karachi,7,4,10,84.672,114.35416,92.24144808451335,5.145233211254977,0.2090775
2025-10-31 08:00:00+00:00,76.6,47.4,459.0,4.7,15.6,150.0,52.0,5.55,104.84375,Karachi,8,4,10,84.184395,113.67709,93.10225454966228,5.457372239117084,0.245406
2025-10-31 09:00:00+00:00,69.4,45.9,488.0,5.0,12.9,147.0,46.0,4.1,107.26043,Karachi,9,4,10,84.05143,113.03126,94.06929620107015,5.82759323157739,0.27612856
2025-10-31 10:00:00+00:00,63.3,44.0,472.0,4.4,11.6,145.0,39.0,2.35,109.552086,Karachi,10,4,10,84.211006,112.17707,95.1251745223999,6.244556527067961,0.30092362
2025-10-31 11:00:00+00:00,59.1,43.1,483.0,5.3,11.3,139.0,31.0,0.9,111.60418,Karachi,11,4,10,84.66313,110.94792,96.24771817525227,6.687866828423076,0.31821463
2025-10-31 12:00:00+00:00,73.6,53.9,649.0,15.3,15.3,126.0,38.0,0.15,113.53126,Karachi,12,4,10,85.30142,109.458336,97.42396132151286,7.145774460155502,0.33094215
2025-10-31 13:00:00+00:00,95.2,80.1,1150.0,38.3,20.6,95.0,34.0,0.0,116.1875,Karachi,13,4,10,94.77041,108.270836,98.31634012858073,8.076657223999373,0.22598922
2025-10-31 14:00:00+00:00,107.1,93.1,1807.0,69.8,28.0,53.0,29.0,0.0,121.18751,Karachi,14,4,10,95.40815,107.03125,99.3904800415039,9.29536375356256,0.2702008
2025-10-31 15:00:00+00:00,106.9,93.6,2213.0,91.0,33.1,22.0,24.0,0.0,127.24999,Karachi,15,4,10,87.81915,105.666664,101.0334316889445,10.559893278447959,0.44900045
2025-10-31 16:00:00+00:00,107.8,95.7,2161.0,92.4,34.4,13.0,21.0,0.0,133.04166,Karachi,16,4,10,89.086876,104.166664,102.86488087972005,12.097549648068377,0.49339232
2025-10-31 17:00:00+00:00,105.2,95.0,1858.0,83.5,33.5,15.0,20.0,0.0,138.78125,Karachi,17,4,10,90.452126,102.55208,104.87859439849854,13.838594953884662,0.5343061
2025-10-31 18:00:00+00:00,105.0,95.5,1516.0,74.6,31.4,17.0,18.0,0.0,144.51042,Karachi,18,4,10,91.6312,100.760414,107.08189519246419,15.719461579584287,0.57708746
2025-10-31 19:00:00+00:00,106.4,96.4,1153.0,68.5,27.9,15.0,16.0,0.0,150.11842,Karachi,19,4,10,92.38475,98.98936,109.48746490478516,17.669167678239177,0.62492645
2025-10-31 20:00:00+00:00,105.2,95.7,752.0,62.5,23.2,13.0,14.0,0.0,151.4671,Karachi,20,4,10,92.71277,97.3493,111.93556213378906,19.244029412202668,0.6337243
2025-10-31 21:00:00+00:00,98.3,91.3,474.0,58.2,19.4,12.0,13.0,0.0,152.82018,Karachi,21,4,10,92.83688,95.833336,114.43486595153809,20.50930536843231,0.6461149
2025-10-31 22:00:00+00:00,88.5,82.0,366.0,56.9,17.2,13.0,13.0,0.0,154.057,Karachi,22,4,10,93.07624,94.36171,116.97573121388753,21.501573463170395,0.6551701
2025-10-31 23:00:00+00:00,81.3,74.5,381.0,57.4,15.8,16.0,13.0,0.0,155.0592,Karachi,23,4,10,93.53723,92.916664,119.53914674123128,22.240374046572555,0.6577271
2025-11-01 00:00:00+00:00,77.1,70.1,539.0,56.3,15.4,18.0,13.0,0.0,155.86623,Karachi,0,5,11,94.26418,91.489365,122.10589853922527,22.74557121217136,0.65350425
2025-11-01 01:00:00+00:00,75.7,68.9,950.0,57.7,16.4,13.0,11.0,0.0,156.54825,Karachi,1,5,11,94.5922,90.42554,124.68740049997966,23.001545774769777,0.6549805
2025-11-01 02:00:00+00:00,80.3,73.8,1503.0,59.1,17.9,9.0,9.0,0.1,157.16666,Karachi,2,5,11,95.14185,89.414894,127.27176729838054,23.02201531918341,0.65191925
2025-11-01 03:00:00+00:00,86.8,81.5,1886.0,55.9,20.8,17.0,10.0,0.65,157.8092,Karachi,3,5,11,95.96632,88.39539,129.8485542933146,22.825854129906325,0.6444229
2025-11-01 04:00:00+00:00,88.2,82.0,1958.0,44.0,26.9,50.0,17.0,1.95,158.52412,Karachi,4,5,11,97.02128,87.39362,132.4111728668213,22.429116473656336,0.6339109
2025-11-01 05:00:00+00:00,81.5,69.8,1861.0,27.5,34.3,97.0,28.0,3.7,159.23245,Karachi,5,5,11,98.333336,86.32093,134.94863605499268,21.843369214009172,0.61931306
2025-11-01 06:00:00+00:00,80.8,62.6,1707.0,14.8,38.1,135.0,35.0,5.3,159.6601,Karachi,6,5,11,99.973404,85.44327,137.43558152516684,21.072345068099672,0.5970257
2025-11-01 07:00:00+00:00,78.5,59.4,1496.0,8.9,35.1,156.0,35.0,5.95,159.92543,Karachi,7,5,11,102.37501,84.672,139.8335158030192,20.16405868185769,0.56215304
2025-11-01 08:00:00+00:00,72.6,55.8,1228.0,6.7,28.5,169.0,32.0,5.4,160.1601,Karachi,8,5,11,104.84375,84.184395,142.13836352030435,19.125379684463322,0.52760744
2025-11-01 09:00:00+00:00,66.6,52.0,1023.0,7.2,23.5,175.0,28.0,3.9,160.3443,Karachi,9,5,11,107.26043,84.05143,144.35019143422446,17.94982963332217,0.49490637
2025-11-01 10:00:00+00:00,62.6,49.5,913.0,8.4,22.1,176.0,25.0,2.2,160.47807,Karachi,10,5,11,109.552086,84.211006,146.47210756937662,16.618031814785326,0.4648564
2025-11-01 11:00:00+00:00,59.8,47.7,864.0,12.3,22.1,169.0,23.0,0.85,160.59868,Karachi,11,5,11,111.60418,84.66313,148.51354503631592,15.087318254361687,0.43900236
2025-11-01 12:00:00+00:00,65.0,53.4,896.0,20.3,23.9,153.0,22.0,0.15,160.69955,Karachi,12,5,11,113.53126,85.30142,150.4788907368978,13.298351225350709,0.4154653
2025-11-01 13:00:00+00:00,79.2,71.5,1068.0,43.2,23.7,116.0,19.0,0.0,160.6886,Karachi,13,5,11,116.1875,94.77041,152.33310317993164,11.254536299005903,0.38301107
2025-11-01 14:00:00+00:00,80.3,73.3,1321.0,74.6,23.6,66.0,15.0,0.0,160.5,Karachi,14,5,11,121.18751,95.40815,153.97112369537354,9.197213473290956,0.32439393
2025-11-01 15:00:00+00:00,80.1,73.1,1495.0,97.4,24.6,27.0,12.0,0.0,160.0658,Karachi,15,5,11,127.24999,87.81915,155.33844884236655,7.294420789624543,0.25788453
2025-11-01 16:00:00+00:00,85.4,77.8,1534.0,103.9,28.2,13.0,12.0,0.0,159.61623,Karachi,16,5,11,133.04166,89.086876,156.44572257995605,5.5776117845533975,0.19974624
2025-11-01 17:00:00+00:00,94.3,86.1,1494.0,101.9,32.8,10.0,13.0,0.0,159.2237,Karachi,17,5,11,138.78125,90.452126,157.2974910736084,4.13781935467799,0.14729975
2025-11-01 18:00:00+00:00,97.8,89.9,1382.0,97.2,34.8,10.0,14.0,0.0,159.0285,Karachi,18,5,11,144.51042,91.6312,157.90241114298502,3.1242432839026564,0.100463904
2025-11-01 19:00:00+00:00,95.0,88.0,1151.0,90.6,31.5,9.0,13.0,0.0,158.90572,Karachi,19,5,11,150.11842,92.38475,158.26854832967123,2.65149188510011,0.058535736
2025-11-01 20:00:00+00:00,91.0,84.5,849.0,81.4,25.6,10.0,12.0,0.0,158.7215,Karachi,20,5,11,151.4671,92.71277,158.5708147684733,2.220968674478613,0.04789419
2025-11-01 21:00:00+00:00,87.1,81.0,620.0,73.3,21.0,11.0,11.0,0.0,158.47588,Karachi,21,5,11,152.82018,92.83688,158.80646896362305,1.8540028451146258,0.037008863
2025-11-01 22:00:00+00:00,80.3,75.0,489.0,67.5,19.1,12.0,11.0,0.0,158.25,Karachi,22,5,11,154.057,93.07624,158.98117701212564,1.561468486574754,0.027217153
2025-11-01 23:00:00+00:00,70.5,65.2,432.0,62.9,18.5,14.0,10.0,0.0,158.0965,Karachi,23,5,11,155.0592,93.53723,159.10773086547852,1.3366836814857423,0.019587953
2025-11-02 00:00:00+00:00,66.8,61.7,523.0,59.7,17.7,12.0,9.0,0.0,157.89255,Karachi,0,6,11,155.86623,94.26418,159.19216092427573,1.1775595706237798,0.013000388
2025-11-02 01:00:00+00:00,63.1,58.2,912.0,61.0,19.1,10.0,8.0,0.0,157.70833,Karachi,1,6,11,156.54825,94.5922,159.24049758911133,1.0844409796129175,0.007410367
2025-11-02 02:00:00+00:00,67.1,62.4,1449.0,62.1,21.3,9.0,8.0,0.1,157.47368,Karachi,2,6,11,157.16666,95.14185,159.2532901763916,1.0604590139376804,0.001953481
2025-11-02 03:00:00+00:00,72.2,67.8,1761.0,58.4,25.6,20.0,8.0,0.7,157.22368,Karachi,3,6,11,157.8092,95.96632,159.2288932800293,1.1010832603870644,-0.0037103381
2025-11-02 04:00:00+00:00,71.7,66.8,1634.0,45.4,34.7,54.0,10.0,2.15,156.92325,Karachi,4,6,11,158.52412,97.02128,159.16219011942545,1.190494156956003,-0.010098626
2025-11-02 05:00:00+00:00,62.2,53.9,1282.0,27.6,45.8,101.0,12.0,4.0,156.58992,Karachi,5,6,11,159.23245,98.333336,159.05208460489908,1.3008030118295384,-0.016595438
2025-11-02 06:00:00+00:00,46.4,39.1,973.0,14.0,51.9,139.0,14.0,5.7,156.24123,Karachi,6,6,11,159.6601,99.973404,158.90963172912598,1.413633236154801,-0.021413421
2025-11-02 07:00:00+00:00,40.0,34.1,792.0,8.0,48.4,161.0,14.0,6.35,155.72588,Karachi,7,6,11,159.92543,102.37501,158.734650293986,1.5369629281816388,-0.026259454
2025-11-02 08:00:00+00:00,40.5,34.8,653.0,6.1,39.8,174.0,12.0,5.7,155.17107,Karachi,8,6,11,160.1601,104.84375,158.52677408854166,1.6676200608560292,-0.031150263
2025-11-02 09:00:00+00:00,42.4,36.6,567.0,7.0,32.6,178.0,11.0,4.1,154.71053,Karachi,9,6,11,160.3443,107.26043,158.29203351338705,1.7924950219474762,-0.035135478
2025-11-02 10:00:00+00:00,44.0,38.1,527.0,10.9,29.5,171.0,10.0,2.3,154.37282,Karachi,10,6,11,160.47807,109.552086,158.03764788309732,1.8988357444756596,-0.03804417
2025-11-02 11:00:00+00:00,45.3,39.2,541.0,17.6,27.8,156.0,9.0,0.9,154.1228,Karachi,11,6,11,160.59868,111.60418,157.7678197224935,1.977570268480853,-0.040323343
2025-11-02 12:00:00+00:00,49.4,43.3,641.0,24.4,27.0,133.0,11.0,0.15,153.93642,Karachi,12,6,11,160.69955,113.53126,157.48602231343588,2.0229851203686575,-0.042085603
2025-11-02 13:00:00+00:00,55.1,49.2,916.0,31.5,24.4,107.0,12.0,0.0,153.71492,Karachi,13,6,11,160.6886,116.1875,157.19545237223306,2.0437088855521464,-0.043398716
2025-11-02 14:00:00+00:00,56.7,49.7,1278.0,41.3,20.8,70.0,14.0,0.0,153.22588,Karachi,14,6,11,160.5,121.18751,156.89236386617026,2.071524931795876,-0.045321647
2025-11-02 15:00:00+00:00,56.5,48.2,1490.0,47.9,17.9,43.0,15.0,0.0,152.70833,Karachi,15,6,11,160.0658,127.24999,156.58580271402994,2.1251897810766898,-0.04596527
2025-11-02 16:00:00+00:00,56.3,47.3,1429.0,48.9,16.4,33.0,16.0,0.0,152.16228,Karachi,16,6,11,159.61623,133.04166,156.27522150675455,2.2061867727782283,-0.046699192
2025-11-02 17:00:00+00:00,56.7,46.9,1219.0,46.7,15.6,32.0,17.0,0.0,151.49342,Karachi,17,6,11,159.2237,138.78125,155.95312690734863,2.3184440697997486,-0.04854975
2025-11-02 18:00:00+00:00,56.8,46.6,996.0,43.0,14.7,34.0,18.0,0.0,150.63376,Karachi,18,6,11,159.0285,144.51042,155.60334587097168,2.4630365082420287,-0.052787673
2025-11-02 19:00:00+00:00,55.3,45.1,776.0,37.8,13.3,37.0,18.0,0.0,148.49998,Karachi,19,6,11,158.90572,150.11842,155.1697737375895,2.7550039810309213,-0.06548368
2025-11-02 20:00:00+00:00,52.4,41.9,544.0,31.1,11.7,42.0,18.0,0.0,144.03125,Karachi,20,6,11,158.7215,151.4671,154.55768013000488,3.4705672345474365,-0.0925536
2025-11-02 21:00:00+00:00,48.9,38.3,385.0,25.0,10.5,46.0,18.0,0.0,139.59375,Karachi,21,6,11,158.47588,152.82018,153.77092488606772,4.524054477463887,-0.11914827
2025-11-02 22:00:00+00:00,45.9,34.3,304.0,19.2,9.6,50.0,20.0,0.0,135.14583,Karachi,22,6,11,158.25,154.057,152.80825106302896,5.806042259849402,-0.14599793
2025-11-02 23:00:00+00:00,44.4,31.4,297.0,14.0,9.1,53.0,22.0,0.0,130.90627,Karachi,23,6,11,158.0965,155.0592,151.6753247578939,7.211885804829373,-0.17198503
2025-11-03 00:00:00+00:00,42.0,28.8,436.0,11.9,8.5,53.0,23.0,0.0,127.38544,Karachi,0,0,11,157.89255,155.86623,150.4041951497396,8.619558454966263,-0.19321439
2025-11-03 01:00:00+00:00,44.6,29.2,891.0,20.9,10.2,43.0,24.0,0.0,123.95833,Karachi,1,0,11,157.70833,156.54825,148.9979451497396,10.01607121944208,-0.21400265
2025-11-03 02:00:00+00:00,51.3,34.6,1492.0,33.0,12.5,29.0,25.0,0.1,120.9375,Karachi,2,0,11,157.47368,157.16666,147.47560437520346,11.358445836232367,-0.2320145
2025-11-03 03:00:00+00:00,56.5,40.0,1797.0,39.2,14.9,26.0,29.0,0.7,118.04168,Karachi,3,0,11,157.22368,157.8092,145.84302107493082,12.639984562063722,-0.24921182
2025-11-03 04:00:00+00:00,63.3,36.0,1517.0,34.0,17.5,43.0,39.0,2.05,115.14583,Karachi,4,0,11,156.92325,158.52412,144.10229523976645,13.865056173118134,-0.26622838
2025-11-03 05:00:00+00:00,67.1,34.5,941.0,22.9,20.2,71.0,52.0,3.95,111.9375,Karachi,5,0,11,156.58992,159.23245,142.2417777379354,15.06085001397718,-0.28515515
2025-11-03 06:00:00+00:00,68.2,33.1,495.0,13.8,21.5,93.0,62.0,5.6,109.916664,Karachi,6,0,11,156.24123,159.6601,140.31158765157065,16.119910554933966,-0.29649386
2025-11-03 07:00:00+00:00,67.8,31.3,354.0,9.4,20.6,104.0,66.0,6.35,109.291664,Karachi,7,0,11,155.72588,159.92543,138.37682882944742,16.95439054200145,-0.29817918
2025-11-03 08:00:00+00:00,67.3,30.5,342.0,7.0,18.3,110.0,67.0,5.8,108.99999,Karachi,8,0,11,155.17107,160.1601,136.4530340830485,17.57407884676027,-0.29754952
2025-11-03 09:00:00+00:00,68.0,30.6,356.0,6.2,16.5,110.0,66.0,4.3,108.552086,Karachi,9,0,11,154.71053,160.3443,134.52976576487222,18.009492112112294,-0.29835358
2025-11-03 10:00:00+00:00,68.2,30.6,359.0,6.9,15.8,104.0,65.0,2.45,107.92707,Karachi,10,0,11,154.37282,160.47807,132.59452629089355,18.277967926219468,-0.30086738
2025-11-03 11:00:00+00:00,66.6,30.4,387.0,9.2,15.6,93.0,63.0,0.95,107.14582,Karachi,11,0,11,154.1228,160.59868,130.6371520360311,18.38732191203047,-0.30480227
2025-11-03 12:00:00+00:00,58.8,28.1,447.0,13.5,15.3,77.0,54.0,0.2,106.229164,Karachi,12,0,11,153.93642,160.69955,128.64934984842935,18.337671520004065,-0.3099153
2025-11-03 13:00:00+00:00,54.0,29.6,562.0,21.5,14.7,65.0,49.0,0.0,104.64581,Karachi,13,0,11,153.71492,160.6886,126.60480372111003,18.156059529398647,-0.3192215
2025-11-03 14:00:00+00:00,54.6,31.7,709.0,32.4,13.9,48.0,42.0,0.0,102.60415,Karachi,14,0,11,153.22588,160.5,124.49556509653728,17.867086689607422,-0.33037323
2025-11-03 15:00:00+00:00,54.1,32.1,828.0,39.8,13.1,37.0,37.0,0.0,100.72916,Karachi,15,0,11,152.70833,160.0658,122.32976627349854,17.443897450502323,-0.34038204
2025-11-03 16:00:00+00:00,52.9,31.7,915.0,40.9,12.5,35.0,35.0,0.0,99.19325,Karachi,16,0,11,152.16228,159.61623,120.12272357940674,16.845944549201036,-0.34810877
2025-11-03 17:00:00+00:00,51.9,31.1,973.0,38.4,11.9,38.0,34.0,0.0,97.81027,Karachi,17,0,11,151.49342,159.2237,117.88592561086018,16.0443960274901,-0.35435963
2025-11-03 18:00:00+00:00,51.7,31.2,952.0,34.5,11.1,42.0,33.0,0.0,96.40957,Karachi,18,0,11,150.63376,159.0285,115.62658437093098,15.017414821005788,-0.3599737
2025-11-03 19:00:00+00:00,52.2,30.6,788.0,28.6,9.8,48.0,32.0,0.0,95.04431,Karachi,19,0,11,148.49998,158.90572,113.39926465352376,13.848449655090896,-0.3599709
2025-11-03 20:00:00+00:00,49.1,28.2,545.0,21.3,8.3,56.0,31.0,0.0,93.75886,Karachi,20,0,11,144.03125,158.7215,111.30458164215088,12.774043250952984,-0.3490381
2025-11-03 21:00:00+00:00,46.2,26.7,363.0,16.0,7.3,60.0,30.0,0.0,92.54433,Karachi,21,0,11,139.59375,158.47588,109.34418900807698,11.81834781323007,-0.33704534
2025-11-03 22:00:00+00:00,45.9,26.8,292.0,14.0,7.1,57.0,28.0,0.0,91.51596,Karachi,22,0,11,135.14583,158.25,107.52627786000569,11.004530392368281,-0.32283548
2025-11-03 23:00:00+00:00,46.9,28.6,282.0,13.9,7.5,49.0,26.0,0.0,90.85106,Karachi,23,0,11,130.90627,158.0965,105.85731093088786,10.320686593578902,-0.30598387
2025-11-04 00:00:00+00:00,39.7,25.3,326.0,13.5,8.2,46.0,22.0,0.0,90.60284,Karachi,0,1,11,127.38544,157.89255,104.32470258076985,9.697033621541927,-0.28875044
2025-11-04 01:00:00+00:00,41.1,26.4,471.0,19.9,9.7,37.0,21.0,0.0,90.29255,Karachi,1,1,11,123.95833,157.70833,102.9219617843628,9.153151788084493,-0.2715895
2025-11-04 02:00:00+00:00,44.4,30.6,670.0,28.6,11.9,26.0,19.0,0.1,90.04433,Karachi,2,1,11,120.9375,157.47368,101.63474623362224,8.668915004455645,-0.25544742
2025-11-04 03:00:00+00:00,46.6,34.8,769.0,33.3,13.8,25.0,21.0,0.65,89.68972,Karachi,3,1,11,118.04168,157.22368,100.45341459910075,8.257947780424727,-0.240186
2025-11-04 04:00:00+00:00,46.9,33.1,670.0,30.7,15.3,45.0,29.0,2.05,89.22873,Karachi,4,1,11,115.14583,156.92325,99.37353547414143,7.941619437729619,-0.22508065
2025-11-04 05:00:00+00:00,49.4,29.6,471.0,24.1,16.6,75.0,39.0,3.85,88.97163,Karachi,5,1,11,111.9375,156.58992,98.41662406921387,7.743060139669849,-0.20516694
2025-11-04 06:00:00+00:00,49.4,25.3,318.0,17.8,17.0,100.0,46.0,5.5,88.53723,Karachi,6,1,11,109.916664,156.24123,97.52581437428792,7.59081544274836,-0.19450584
2025-11-04 07:00:00+00:00,50.8,23.3,265.0,12.4,16.0,114.0,47.0,6.25,87.84574,Karachi,7,1,11,109.291664,155.72588,96.63223425547282,7.405567716338865,-0.19622652
2025-11-04 08:00:00+00:00,48.3,23.9,257.0,7.2,14.3,123.0,44.0,5.85,87.13652,Karachi,8,1,11,108.99999,155.17107,95.72125625610352,7.158655335122468,-0.20058233
2025-11-04 09:00:00+00:00,45.1,23.7,273.0,4.9,13.0,126.0,41.0,4.4,86.55141,Karachi,9,1,11,108.552086,154.71053,94.8045612970988,6.845988988826454,-0.20267394
2025-11-04 10:00:00+00:00,42.7,23.2,317.0,7.0,12.9,123.0,37.0,2.5,85.93971,Karachi,10,1,11,107.92707,154.37282,93.88842137654622,6.4746858134459515,-0.20372422
2025-11-04 11:00:00+00:00,41.4,22.9,385.0,12.0,13.3,114.0,31.0,0.95,85.28369,Karachi,11,1,11,107.14582,154.1228,92.97749932607015,6.052537536328293,-0.2040409
2025-11-04 12:00:00+00:00,29.6,21.0,449.0,19.9,13.5,99.0,16.0,0.15,84.6188,Karachi,12,1,11,106.229164,153.93642,92.0770673751831,5.584787019883954,-0.20343158
2025-11-04 13:00:00+00:00,38.2,29.5,510.0,27.3,13.7,83.0,19.0,0.0,83.98937,Karachi,13,1,11,104.64581,153.71492,91.2163823445638,5.137353472325568,-0.19739386
2025-11-04 14:00:00+00:00,43.2,32.7,567.0,37.2,14.0,62.0,22.0,0.0,83.9805,Karachi,14,1,11,102.60415,153.22588,90.44039694468181,4.733094922283074,-0.18150972
2025-11-04 15:00:00+00:00,47.1,33.6,582.0,42.9,14.3,47.0,25.0,0.0,84.06915,Karachi,15,1,11,100.72916,152.70833,89.74623012542725,4.3659735217104805,-0.16539405
2025-11-04 16:00:00+00:00,48.2,33.2,526.0,40.2,14.8,46.0,27.0,0.0,84.202126,Karachi,16,1,11,99.19325,152.16228,89.12159983317058,4.01381646847652,-0.15113051
2025-11-04 17:00:00+00:00,44.0,30.9,428.0,33.2,15.3,51.0,29.0,0.0,84.3351,Karachi,17,1,11,97.81027,151.49342,88.56013425191243,3.6736331019754447,-0.13776849
2025-11-04 18:00:00+00:00,44.6,29.0,345.0,27.3,15.3,54.0,29.0,0.0,84.317375,Karachi,18,1,11,96.40957,150.63376,88.05629285176595,3.3666728389730505,-0.12542525
2025-11-04 19:00:00+00:00,50.3,29.9,296.0,24.6,14.3,51.0,29.0,0.0,84.122345,Karachi,19,1,11,95.04431,148.49998,87.60121091206868,3.109357051943139,-0.11491447
2025-11-04 20:00:00+00:00,49.2,30.2,261.0,23.1,12.8,46.0,27.0,0.0,84.06029,Karachi,20,1,11,93.75886,144.03125,87.19710381825765,2.8972895339798344,-0.10344164
2025-11-04 21:00:00+00:00,41.2,28.3,237.0,21.8,11.5,42.0,24.0,0.0,84.237595,Karachi,21,1,11,92.54433,139.59375,86.85098997751872,2.72156779614451,-0.0897595
2025-11-04 22:00:00+00:00,31.4,25.2,193.0,19.9,10.6,41.0,17.0,0.0,84.37943,Karachi,22,1,11,91.51596,135.14583,86.55363464355469,2.5756719530184817,-0.07798124
2025-11-04 23:00:00+00:00,24.6,21.9,160.0,18.3,9.9,42.0,9.0,0.0,84.237595,Karachi,23,1,11,90.85106,130.90627,86.27807362874348,2.4464504098272446,-0.07279458
2025-11-05 00:00:00+00:00,28.0,21.1,221.0,18.5,9.9,39.0,13.0,0.0,83.64362,Karachi,0,2,11,90.60284,127.38544,85.98810640970866,2.320762250053649,-0.07681011
2025-11-05 01:00:00+00:00,24.0,19.6,470.0,25.1,11.0,37.0,10.0,0.0,83.271286,Karachi,1,2,11,90.29255,123.95833,85.69555377960205,2.193620767189975,-0.07776127
2025-11-05 02:00:00+00:00,26.2,22.7,813.0,33.7,12.4,36.0,6.0,0.1,82.668434,Karachi,2,2,11,90.04433,120.9375,85.38822491963704,2.071128232811357,-0.081914015
2025-11-05 03:00:00+00:00,30.0,26.9,1058.0,37.5,13.4,43.0,6.0,0.75,81.96809,Karachi,3,2,11,89.68972,118.04168,85.06649017333984,1.9712093948050675,-0.08609274
2025-11-05 04:00:00+00:00,32.2,28.6,1129.0,31.8,13.6,66.0,12.0,2.15,81.26772,Karachi,4,2,11,89.22873,115.14583,84.73478158315022,1.9091996064181544,-0.08922021
2025-11-05 05:00:00+00:00,33.9,26.0,1101.0,21.1,13.2,97.0,20.0,4.1,80.86879,Karachi,5,2,11,88.97163,111.9375,84.39716339111328,1.8426748935773185,-0.09107214
2025-11-05 06:00:00+00:00,34.9,19.7,1006.0,12.4,12.6,121.0,28.0,5.8,80.549644,Karachi,6,2,11,88.53723,109.916664,84.06434726715088,1.7827702938559455,-0.09021726
2025-11-05 07:00:00+00:00,43.0,20.8,788.0,7.9,11.2,130.0,33.0,6.55,80.05319,Karachi,7,2,11,87.84574,109.291664,83.73965771993001,1.7737270238767224,-0.088707194
2025-11-05 08:00:00+00:00,42.6,20.5,502.0,5.2,9.6,131.0,36.0,6.05,79.831566,Karachi,8,2,11,87.13652,108.99999,83.43528461456299,1.7921513439952885,-0.08383344
2025-11-05 09:00:00+00:00,42.1,20.4,346.0,4.8,8.9,130.0,38.0,4.5,79.53014,Karachi,9,2,11,86.55141,108.552086,83.14273198445638,1.8339475899128095,-0.08112246
2025-11-05 10:00:00+00:00,42.3,20.6,412.0,5.6,10.1,129.0,37.0,2.55,79.237595,Karachi,10,2,11,85.93971,107.92707,82.8634770711263,1.8986581645675418,-0.07798627
2025-11-05 11:00:00+00:00,42.0,21.0,609.0,8.5,12.2,124.0,35.0,1.0,79.0071,Karachi,11,2,11,85.28369,107.14582,82.60195255279541,1.9812761262583518,-0.07359658
2025-11-05 12:00:00+00:00,41.2,22.3,856.0,13.6,11.1,109.0,33.0,0.15,78.83866,Karachi,12,2,11,84.6188,106.229164,82.36111354827881,2.0745673610543545,-0.06830794
2025-11-05 13:00:00+00:00,57.5,44.2,1126.0,38.8,13.0,81.0,29.0,0.0,78.9539,Karachi,13,2,11,83.98937,104.64581,82.15130233764648,2.155775276842706,-0.059953645
2025-11-05 14:00:00+00:00,64.3,54.2,1448.0,73.5,15.7,43.0,23.0,0.0,80.257095,Karachi,14,2,11,83.9805,102.60415,81.99616050720215,2.1523884111814535,-0.04433653
2025-11-05 15:00:00+00:00,65.2,54.4,1826.0,99.1,18.4,15.0,19.0,0.0,82.163124,Karachi,15,2,11,84.06915,100.72916,81.91674264272054,2.1072654028394235,-0.022672154
2025-11-05 16:00:00+00:00,68.7,56.3,2412.0,107.2,21.4,6.0,20.0,0.0,84.007095,Karachi,16,2,11,84.202126,99.19325,81.90861638387044,2.0984265998544465,-0.0023162148
2025-11-05 17:00:00+00:00,76.6,61.9,3054.0,106.2,24.3,6.0,24.0,0.0,86.05496,Karachi,17,2,11,84.3351,97.81027,81.98027737935384,2.2112281486029235,0.020393217
2025-11-05 18:00:00+00:00,83.4,67.3,3308.0,102.4,25.7,7.0,26.0,0.0,88.80319,Karachi,18,2,11,84.317375,96.40957,82.16718641916911,2.5767428733026434,0.05320157
2025-11-05 19:00:00+00:00,84.3,69.2,2855.0,97.3,24.5,6.0,24.0,0.0,92.198586,Karachi,19,2,11,84.122345,95.04431,82.50369644165039,3.275730752095258,0.09600589
2025-11-05 20:00:00+00:00,78.2,65.7,2014.0,89.6,21.7,5.0,20.0,0.0,95.68263,Karachi,20,2,11,84.06029,93.75886,82.98796081542969,4.234601598443715,0.13826202
2025-11-05 21:00:00+00:00,69.8,60.1,1292.0,81.1,18.8,5.0,17.0,0.0,98.82979,Karachi,21,2,11,84.237595,92.54433,83.59596888224284,5.32819532687032,0.17322662
2025-11-05 22:00:00+00:00,63.1,55.3,818.0,71.8,15.7,4.0,14.0,0.0,101.93751,Karachi,22,2,11,84.37943,91.51596,84.32755533854167,6.513915817594237,0.20808478
2025-11-05 23:00:00+00:00,57.3,50.8,463.0,61.9,12.6,4.0,12.0,0.0,105.072914,Karachi,23,2,11,84.237595,90.85106,85.19569365183513,7.768915660587627,0.24733992
2025-11-06 00:00:00+00:00,63.6,53.7,351.0,68.3,17.0,5.0,18.0,0.0,108.08333,Karachi,0,3,11,83.64362,90.60284,86.21401468912761,9.052351584845736,0.2921885
2025-11-06 01:00:00+00:00,57.7,49.9,665.0,64.7,17.6,2.0,14.0,0.0,111.479164,Karachi,1,3,11,83.271286,90.29255,87.38934294382732,10.386553179110795,0.33874676
2025-11-06 02:00:00+00:00,63.8,56.5,1222.0,59.5,18.8,0.0,10.0,0.1,114.63542,Karachi,2,3,11,82.668434,90.04433,88.72130076090495,11.719056111287765,0.38668916
2025-11-06 03:00:00+00:00,74.5,69.2,1600.0,53.6,22.6,10.0,10.0,0.7,118.15626,Karachi,3,3,11,81.96809,89.68972,90.22914123535156,13.063355886195671,0.44149098
2025-11-06 04:00:00+00:00,72.2,62.2,1604.0,47.1,32.1,48.0,19.0,2.05,122.56249,Karachi,4,3,11,81.26772,89.22873,91.94975662231445,14.474963852358572,0.50813246
2025-11-06 05:00:00+00:00,71.0,50.6,1429.0,39.9,44.1,100.0,34.0,3.95,126.0625,Karachi,5,3,11,80.86879,88.97163,93.83282788594563,15.845522973692551,0.5588523
2025-11-06 06:00:00+00:00,70.1,46.4,1236.0,32.4,50.9,141.0,43.0,5.55,128.62498,Karachi,6,3,11,80.549644,88.53723,95.83596706390381,17.083685811094952,0.5968411
2025-11-06 07:00:00+00:00,65.0,40.7,1059.0,23.4,47.6,163.0,43.0,6.25,131.40625,Karachi,7,3,11,80.05319,87.84574,97.97567780812581,18.200420127353038,0.6414867
2025-11-06 08:00:00+00:00,57.5,36.3,864.0,14.2,39.1,174.0,39.0,5.7,133.47916,Karachi,8,3,11,79.831566,87.13652,100.2109940846761,19.14503068961111,0.67200977
2025-11-06 09:00:00+00:00,55.1,35.9,709.0,8.9,32.0,178.0,35.0,4.15,135.125,Karachi,9,3,11,79.53014,86.55141,102.52744642893474,19.883079987669287,0.6990413
2025-11-06 10:00:00+00:00,54.5,36.1,603.0,9.5,29.0,176.0,33.0,2.3,136.7396,Karachi,10,3,11,79.237595,85.93971,104.92336304982503,20.412093410328758,0.72569084
2025-11-06 11:00:00+00:00,54.1,36.1,537.0,13.9,27.3,166.0,31.0,0.9,138.35419,Karachi,11,3,11,79.0071,85.28369,107.39615821838379,20.72831091859718,0.7511614
2025-11-06 12:00:00+00:00,61.5,44.6,547.0,20.0,32.4,167.0,30.0,0.15,139.9271,Karachi,12,3,11,78.83866,84.6188,109.9415095647176,20.819603724161283,0.77485377
2025-11-06 13:00:00+00:00,67.3,52.4,681.0,28.4,28.8,139.0,30.0,0.0,142.24998,Karachi,13,3,11,78.9539,83.98937,112.57884629567464,20.73241362806923,0.801684
2025-11-06 14:00:00+00:00,70.1,54.0,891.0,40.1,24.0,99.0,31.0,0.0,143.87755,Karachi,14,3,11,80.257095,83.9805,115.22969849904378,20.485862740067894,0.79270816
2025-11-06 15:00:00+00:00,72.4,53.9,1070.0,50.7,20.6,66.0,32.0,0.0,143.08333,Karachi,15,3,11,82.163124,84.06915,117.76804033915202,19.978481036621318,0.7414543
2025-11-06 16:00:00+00:00,74.3,53.9,1206.0,59.2,20.5,45.0,35.0,0.0,143.03127,Karachi,16,3,11,84.007095,84.202126,120.22738075256348,19.261904059165893,0.70260936
2025-11-06 17:00:00+00:00,78.5,56.6,1311.0,66.5,21.8,31.0,39.0,0.0,142.78125,Karachi,17,3,11,86.05496,84.3351,122.59097607930501,18.34491594093552,0.6591867
2025-11-06 18:00:00+00:00,85.7,61.5,1308.0,70.4,22.5,21.0,41.0,0.0,142.22916,Karachi,18,3,11,88.80319,84.317375,124.81705792744954,17.277076867737293,0.6016221
2025-11-06 19:00:00+00:00,86.6,63.3,1117.0,69.7,21.4,16.0,41.0,0.0,141.625,Karachi,19,3,11,92.198586,84.122345,126.8764918645223,16.12746994315575,0.5360865
2025-11-06 20:00:00+00:00,81.7,60.5,819.0,65.6,19.6,15.0,39.0,0.0,141.01042,Karachi,20,3,11,95.68263,84.06029,128.76514975229898,14.92487567135815,0.4737306
2025-11-06 21:00:00+00:00,77.1,55.3,575.0,59.3,17.9,17.0,38.0,0.0,140.46877,Karachi,21,3,11,98.82979,84.237595,130.50010712941489,13.660321646625299,0.4213201
2025-11-06 22:00:00+00:00,73.3,50.5,408.0,48.6,16.2,23.0,39.0,0.0,139.96877,Karachi,22,3,11,101.93751,84.37943,132.084742863973,12.345512507993666,0.37308404
2025-11-06 23:00:00+00:00,70.3,46.3,295.0,35.7,14.6,32.0,40.0,0.0,139.46875,Karachi,23,3,11,105.072914,84.237595,133.51790269215903,10.99616248911759,0.32735208
2025-11-07 00:00:00+00:00,63.8,41.2,336.0,23.1,12.2,45.0,37.0,0.0,139.00002,Karachi,0,4,11,108.08333,83.64362,134.80609798431396,9.610609645720762,0.28604493
2025-11-07 01:00:00+00:00,62.4,40.5,685.0,31.9,13.3,35.0,35.0,0.0,137.6979,Karachi,1,4,11,111.479164,83.271286,135.8985455830892,8.235506160370106,0.23518962
2025-11-07 02:00:00+00:00,65.9,45.2,1188.0,43.5,14.9,22.0,33.0,0.05,136.71875,Karachi,2,4,11,114.63542,82.668434,136.81868426005045,6.878367144881372,0.19263965
2025-11-07 03:00:00+00:00,70.5,51.8,1477.0,48.8,17.4,23.0,32.0,0.65,135.54166,Karachi,3,4,11,118.15626,81.96809,137.54307587941489,5.629600689632621,0.14713904
2025-11-07 04:00:00+00:00,75.2,51.5,1344.0,41.9,21.8,52.0,36.0,1.95,133.72916,Karachi,4,4,11,122.56249,81.26772,138.00835355122885,4.726694725271918,0.09110996
2025-11-07 05:00:00+00:00,81.0,49.2,998.0,28.7,27.0,95.0,41.0,3.7,132.6146,Karachi,5,4,11,126.0625,80.86879,138.2813574473063,4.162243714011558,0.05197496
2025-11-07 06:00:00+00:00,65.2,41.1,696.0,17.6,30.1,130.0,43.0,5.3,132.46875,Karachi,6,4,11,128.62498,80.549644,138.4415143330892,3.8356652329612073,0.029883504
2025-11-07 07:00:00+00:00,46.1,31.2,520.0,11.4,29.0,148.0,39.0,6.0,131.91666,Karachi,7,4,11,131.40625,80.05319,138.46278127034506,3.7961737585887763,0.0038841874
2025-11-07 08:00:00+00:00,45.3,31.2,390.0,7.3,25.7,158.0,32.0,5.45,130.92706,Karachi,8,4,11,133.47916,79.831566,138.35644404093424,3.9734480770767697,-0.01911979
2025-11-07 09:00:00+00:00,46.9,32.7,320.0,6.0,23.1,161.0,26.0,4.0,130.39581,Karachi,9,4,11,135.125,79.53014,138.15939458211264,4.248417576061988,-0.03499861
2025-11-07 10:00:00+00:00,48.1,34.0,314.0,7.9,22.5,156.0,24.0,2.25,130.06248,Karachi,10,4,11,136.7396,79.237595,137.88118171691895,4.553138669134993,-0.048830837
2025-11-07 11:00:00+00:00,48.7,34.8,369.0,12.6,22.5,145.0,23.0,0.85,129.84373,Karachi,11,4,11,138.35419,79.0071,137.5265795389811,4.837236207824433,-0.061512068
2025-11-07 12:00:00+00:00,45.1,34.2,491.0,18.8,22.5,127.0,19.0,0.15,129.70833,Karachi,12,4,11,139.9271,78.83866,137.10079765319824,5.061299308231669,-0.07302921
2025-11-07 13:00:00+00:00,51.5,40.5,741.0,27.6,20.6,104.0,19.0,0.0,128.625,Karachi,13,4,11,142.24998,78.9539,136.5330899556478,5.220258511367705,-0.095781974
2025-11-07 14:00:00+00:00,53.8,41.9,1058.0,39.6,18.0,72.0,20.0,0.0,127.385414,Karachi,14,4,11,143.87755,80.257095,135.8459177017212,5.296353315969549,-0.114626184
2025-11-07 15:00:00+00:00,54.1,42.3,1272.0,47.2,15.9,49.0,20.0,0.0,126.12499,Karachi,15,4,11,143.08333,82.163124,135.13932037353516,5.418626520040512,-0.1185207
2025-11-07 16:00:00+00:00,54.1,42.5,1317.0,46.7,14.8,45.0,20.0,0.0,124.91667,Karachi,16,4,11,143.03127,84.007095,134.38454564412436,5.531970797108856,-0.12664779
2025-11-07 17:00:00+00:00,54.4,42.8,1260.0,41.8,14.3,51.0,19.0,0.0,123.72917,Karachi,17,4,11,142.78125,86.05496,133.59070905049643,5.640575951649402,-0.13343543
2025-11-07 18:00:00+00:00,55.1,43.5,1125.0,36.4,13.6,57.0,19.0,0.0,122.29169,Karachi,18,4,11,142.22916,88.80319,132.7599811553955,5.779471712223101,-0.1401785
2025-11-07 19:00:00+00:00,55.1,43.5,865.0,31.4,12.5,60.0,19.0,0.0,120.416664,Karachi,19,4,11,141.625,92.198586,131.87630049387613,5.982875073079279,-0.14974995
2025-11-07 20:00:00+00:00,54.1,42.4,527.0,25.8,11.3,63.0,19.0,0.0,118.35416,Karachi,20,4,11,141.01042,95.68263,130.9322894414266,6.259978842805808,-0.16067086
2025-11-07 21:00:00+00:00,52.6,41.0,284.0,21.1,10.4,66.0,19.0,0.0,116.46875,Karachi,21,4,11,140.46877,98.82979,129.9322888056437,6.579144516958696,-0.1708566
2025-11-07 22:00:00+00:00,49.8,39.2,141.0,16.1,9.7,69.0,18.0,0.0,114.97917,Karachi,22,4,11,139.96877,101.93751,128.89105574289957,6.89171884359404,-0.17853692
2025-11-07 23:00:00+00:00,47.7,37.7,91.0,11.9,9.3,71.0,16.0,0.0,113.8021,Karachi,23,4,11,139.46875,105.072914,127.82161204020183,7.164960140055924,-0.18403155
2025-11-08 00:00:00+00:00,49.8,39.0,292.0,16.3,10.4,61.0,17.0,0.0,112.90625,Karachi,0,5,11,139.00002,108.08333,126.73437182108562,7.3717562440917135,-0.1877249
2025-11-08 01:00:00+00:00,52.5,41.0,1043.0,29.1,13.0,48.0,17.0,0.0,112.677086,Karachi,1,5,11,137.6979,111.479164,125.69183762868245,7.5215843248921725,-0.18170807
2025-11-08 02:00:00+00:00,63.1,50.4,2044.0,46.1,16.8,32.0,17.0,0.1,112.72918,Karachi,2,5,11,136.71875,114.63542,124.6922721862793,7.5862171188174985,-0.17546657
2025-11-08 03:00:00+00:00,67.3,56.3,2548.0,54.4,20.1,30.0,17.0,0.65,113.27084,Karachi,3,5,11,135.54166,118.15626,123.7643216451009,7.56346928183095,-0.16430973
2025-11-08 04:00:00+00:00,62.9,51.9,2060.0,45.5,22.9,55.0,18.0,2.05,113.739586,Karachi,4,5,11,133.72916,122.56249,122.93142286936443,7.518925857151889,-0.14947803
2025-11-08 05:00:00+00:00,58.6,44.8,1074.0,27.9,25.4,93.0,19.0,3.9,113.78125,Karachi,5,5,11,132.6146,126.0625,122.14670022328694,7.446827681334783,-0.14201562
2025-11-08 06:00:00+00:00,51.7,39.2,329.0,13.9,26.5,123.0,20.0,5.55,113.322914,Karachi,6,5,11,132.46875,128.62498,121.34895706176758,7.317375413759671,-0.14453097
2025-11-08 07:00:00+00:00,46.4,35.0,141.0,8.1,25.5,137.0,20.0,6.3,113.125015,Karachi,7,5,11,131.91666,131.40625,120.5659720102946,7.140682530589907,-0.14245085
2025-11-08 08:00:00+00:00,45.4,34.1,194.0,5.9,23.2,143.0,19.0,5.75,113.520836,Karachi,8,5,11,130.92706,133.47916,119.84071254730225,6.923220810600695,-0.13294598
2025-11-08 09:00:00+00:00,45.3,33.6,269.0,5.5,21.2,143.0,19.0,4.25,113.822914,Karachi,9,5,11,130.39581,135.125,119.15017509460449,6.645600807751652,-0.12709686
2025-11-08 10:00:00+00:00,45.5,32.7,277.0,5.6,20.2,135.0,21.0,2.4,113.91666,Karachi,10,5,11,130.06248,136.7396,118.47743225097656,6.30121264008513,-0.12413901
2025-11-08 11:00:00+00:00,46.7,31.9,307.0,7.5,19.6,121.0,25.0,0.9,113.78125,Karachi,11,5,11,129.84373,138.35419,117.8081620534261,5.880448851609361,-0.123706274
2025-11-08 12:00:00+00:00,52.3,36.6,414.0,13.0,20.6,109.0,24.0,0.15,113.479164,Karachi,12,5,11,129.70833,139.9271,117.13194688161214,5.362853193604394,-0.12512045
2025-11-08 13:00:00+00:00,54.7,41.6,618.0,26.8,19.6,85.0,24.0,0.0,113.729164,Karachi,13,5,11,128.625,142.24998,116.5112870534261,4.808180909894614,-0.11580825
2025-11-08 14:00:00+00:00,59.5,45.5,898.0,46.0,18.2,52.0,24.0,0.0,113.84375,Karachi,14,5,11,127.385414,143.87755,115.94705104827881,4.237289454349941,-0.10630467
2025-11-08 15:00:00+00:00,63.1,47.5,1246.0,61.0,17.5,26.0,25.0,0.0,114.21875,Karachi,15,5,11,126.12499,143.08333,115.45095761617024,3.6501711125486627,-0.09440034
2025-11-08 16:00:00+00:00,65.4,48.4,1767.0,68.2,18.1,15.0,28.0,0.0,114.76042,Karachi,16,5,11,124.91667,143.03127,115.02778053283691,3.0433493696863745,-0.0813042
2025-11-08 17:00:00+00:00,70.3,50.8,2355.0,71.4,19.3,11.0,33.0,0.0,115.37499,Karachi,17,5,11,123.72917,142.78125,114.67968972524007,2.4184415366683027,-0.06751988
2025-11-08 18:00:00+00:00,78.2,54.6,2682.0,71.7,19.8,10.0,37.0,0.0,116.20833,Karachi,18,5,11,122.29169,142.22916,114.42621644337972,1.8341688302969281,-0.049744662
2025-11-08 19:00:00+00:00,83.8,56.0,2549.0,69.2,18.9,10.0,41.0,0.0,117.36457,Karachi,19,5,11,120.416664,141.625,114.29904588063557,1.4705272235699864,-0.025346106
2025-11-08 20:00:00+00:00,83.8,53.8,2155.0,64.0,17.3,13.0,44.0,0.0,118.666664,Karachi,20,5,11,118.35416,141.01042,114.31206703186035,1.5088788678416183,0.002640445
2025-11-08 21:00:00+00:00,78.2,49.1,1773.0,57.6,15.9,17.0,47.0,0.0,119.854164,Karachi,21,5,11,116.46875,140.46877,114.45312595367432,1.8409646685810248,0.029067146
2025-11-08 22:00:00+00:00,72.6,44.6,1419.0,48.6,14.7,22.0,50.0,0.0,120.69791,Karachi,22,5,11,114.97917,139.96877,114.69140656789143,2.239063926511868,0.049737137
2025-11-08 23:00:00+00:00,71.9,42.3,1077.0,38.4,13.7,27.0,52.0,0.0,121.260414,Karachi,23,5,11,113.8021,139.46875,115.00216960906982,2.5989261597523843,0.06553757
2025-11-09 00:00:00+00:00,84.1,48.5,969.0,37.7,14.7,24.0,57.0,0.0,121.73958,Karachi,0,6,11,112.90625,139.00002,115.37022495269775,2.8975269643702135,0.078235954
2025-11-09 01:00:00+00:00,89.6,53.4,1341.0,41.6,16.8,16.0,54.0,0.0,122.72916,Karachi,1,6,11,112.677086,137.6979,115.78906122843425,3.2018401043609694,0.089211315
2025-11-09 02:00:00+00:00,103.1,66.4,1947.0,46.4,19.8,7.0,50.0,0.05,124.020836,Karachi,2,6,11,112.72918,136.71875,116.25954691569011,3.5439944021539693,0.100166224
2025-11-09 03:00:00+00:00,112.9,82.9,2276.0,46.9,23.3,9.0,49.0,0.65,125.68749,Karachi,3,6,11,113.27084,135.54166,116.77690728505452,3.9694898412957857,0.10961911
2025-11-09 04:00:00+00:00,91.5,55.3,2050.0,38.9,27.9,34.0,53.0,2.0,128.45833,Karachi,4,6,11,113.739586,133.72916,117.39018821716309,4.571228980956265,0.12940739
2025-11-09 05:00:00+00:00,82.2,41.6,1547.0,26.6,32.9,70.0,58.0,3.85,128.81248,Karachi,5,6,11,113.78125,132.6146,118.01648966471355,5.058962902253931,0.13210642
2025-11-09 06:00:00+00:00,75.0,37.7,1089.0,16.5,35.7,100.0,61.0,5.45,128.47916,Karachi,6,6,11,113.322914,132.46875,118.64799976348877,5.383177724747863,0.13374385
2025-11-09 07:00:00+00:00,68.5,35.6,766.0,11.1,34.6,118.0,57.0,6.15,128.3229,Karachi,7,6,11,113.125015,131.91666,119.28124523162842,5.594967934130003,0.13434598
2025-11-09 08:00:00+00:00,62.2,33.4,489.0,8.1,31.4,129.0,49.0,5.65,128.3854,Karachi,8,6,11,113.520836,130.92706,119.90060234069824,5.750165521625669,0.13094135
2025-11-09 09:00:00+00:00,58.4,31.8,312.0,6.8,28.4,133.0,43.0,4.15,128.3125,Karachi,9,6,11,113.822914,130.39581,120.50433508555095,5.8441913630123015,0.12729937
2025-11-09 10:00:00+00:00,55.5,30.3,228.0,6.3,26.5,127.0,40.0,2.35,128.125,Karachi,10,6,11,113.91666,130.06248,121.09634939829509,5.867451315488388,0.124725774
2025-11-09 11:00:00+00:00,52.5,28.4,244.0,7.6,24.9,114.0,39.0,0.9,127.875015,Karachi,11,6,11,113.78125,129.84373,121.6835896174113,5.808479032579092,0.12386721
2025-11-09 12:00:00+00:00,50.4,28.2,435.0,13.1,25.7,107.0,37.0,0.15,127.51043,Karachi,12,6,11,113.479164,129.70833,122.26822566986084,5.650779630256436,0.12364618
2025-11-09 13:00:00+00:00,48.9,30.9,928.0,27.5,23.8,80.0,33.0,0.0,126.63543,Karachi,13,6,11,113.729164,128.625,122.80598672231038,5.4118892838262145,0.11348246
2025-11-09 14:00:00+00:00,49.8,34.3,1596.0,47.4,21.1,43.0,27.0,0.0,125.52083,Karachi,14,6,11,113.84375,127.385414,123.29253164927165,5.0862295060291185,0.1025711
2025-11-09 15:00:00+00:00,50.4,35.7,2131.0,62.5,19.5,15.0,23.0,0.0,124.35417,Karachi,15,6,11,114.21875,126.12499,123.71484088897705,4.706688522778627,0.08873694
2025-11-09 16:00:00+00:00,51.6,37.4,2452.0,68.1,20.0,6.0,23.0,0.0,123.12501,Karachi,16,6,11,114.76042,124.91667,124.06336530049641,4.307567185881894,0.072887376
2025-11-09 17:00:00+00:00,57.0,41.2,2639.0,68.8,21.5,5.0,26.0,0.0,121.979164,Karachi,17,6,11,115.37499,123.72917,124.33853912353516,3.9221050336705803,0.05724093
2025-11-09 18:00:00+00:00,64.0,46.2,2629.0,68.8,22.5,6.0,28.0,0.0,120.979164,Karachi,18,6,11,116.20833,122.29169,124.53732395172119,3.5997800856329176,0.041054163
2025-11-09 19:00:00+00:00,67.8,48.7,2304.0,69.8,22.3,5.0,30.0,0.0,120.10417,Karachi,19,6,11,117.36457,120.416664,124.65147399902344,3.400353598752037,0.02334266
2025-11-09 20:00:00+00:00,68.2,48.1,1782.0,70.0,21.7,4.0,31.0,0.0,119.34376,Karachi,20,6,11,118.666664,118.35416,124.67968622843425,3.3509901665673905,0.005705844
2025-11-09 21:00:00+00:00,64.3,44.6,1345.0,67.7,20.6,5.0,31.0,0.0,118.750015,Karachi,21,6,11,119.854164,116.46875,124.6336800257365,3.4268418960042126,-0.009212436
2025-11-09 22:00:00+00:00,56.2,38.9,1004.0,60.3,18.7,9.0,29.0,0.0,118.28126,Karachi,22,6,11,120.69791,114.97917,124.53298632303874,3.5796177803736753,-0.020022294
2025-11-09 23:00:00+00:00,47.3,32.8,749.0,50.4,16.4,15.0,26.0,0.0,117.687515,Karachi,23,6,11,121.260414,113.8021,124.38411553700765,3.789763698381764,-0.029464677
2025-11-10 00:00:00+00:00,46.3,30.4,831.0,37.6,13.8,26.0,24.0,0.0,116.69793,Karachi,0,0,11,121.73958,112.90625,124.17404683430989,4.071950136099544,-0.041413393
2025-11-10 01:00:00+00:00,51.1,33.9,1649.0,41.7,15.9,19.0,23.0,0.0,114.81251,Karachi,1,0,11,122.72916,112.677086,123.84418646494548,4.492976216184864,-0.06450504
2025-11-10 02:00:00+00:00,62.4,44.7,2806.0,47.0,18.9,11.0,21.0,0.05,112.781265,Karachi,2,0,11,124.020836,112.72918,123.37587102254231,5.027708301241033,-0.09062647
2025-11-10 03:00:00+00:00,70.8,57.3,3355.0,47.3,22.2,14.0,20.0,0.6,110.52083,Karachi,3,0,11,125.68749,113.27084,122.74392668406169,5.640361580725097,-0.12066964
2025-11-10 04:00:00+00:00,51.5,37.0,2678.0,38.1,26.2,40.0,20.0,1.95,107.854164,Karachi,4,0,11,128.45833,113.739586,121.88541984558105,6.266114667467793,-0.16039571
2025-11-10 05:00:00+00:00,43.9,27.1,1394.0,24.0,30.4,77.0,21.0,3.8,105.94792,Karachi,5,0,11,128.81248,113.78125,120.93272972106934,6.875644518783086,-0.17750269
2025-11-10 06:00:00+00:00,41.9,26.4,420.0,12.9,32.8,108.0,21.0,5.45,104.43751,Karachi,6,0,11,128.47916,113.322914,119.93099435170491,7.455297615807657,-0.1871249
2025-11-10 07:00:00+00:00,38.9,25.6,157.0,8.0,31.9,127.0,20.0,6.15,103.26044,Karachi,7,0,11,128.3229,113.125015,118.88672478993733,7.96646492170757,-0.19530784
2025-11-10 08:00:00+00:00,36.4,24.9,204.0,6.2,29.2,140.0,19.0,5.65,102.21875,Karachi,8,0,11,128.3854,113.520836,117.79644743601482,8.38931119497,-0.20381333
2025-11-10 09:00:00+00:00,35.9,24.7,278.0,5.9,26.7,144.0,18.0,4.15,101.33334,Karachi,9,0,11,128.3125,113.822914,116.67231591542561,8.719969043552341,-0.21026133
2025-11-10 10:00:00+00:00,34.5,23.8,264.0,5.5,25.1,139.0,17.0,2.35,100.59376,Karachi,10,0,11,128.125,113.91666,115.52518081665039,8.955554002118472,-0.214878
2025-11-10 11:00:00+00:00,32.8,22.5,277.0,6.6,23.7,126.0,16.0,0.9,99.929085,Karachi,11,0,11,127.875015,113.78125,114.36076704661052,9.095684516122235,-0.21854098
2025-11-10 12:00:00+00:00,30.9,21.9,381.0,12.5,23.0,108.0,11.0,0.15,99.40603,Karachi,12,0,11,127.51043,113.479164,113.18975035349528,9.13817559221021,-0.22040865
2025-11-10 13:00:00+00:00,33.1,26.0,628.0,28.9,21.8,81.0,10.0,0.0,98.84751,Karachi,13,0,11,126.63543,113.729164,112.03192043304443,9.120887819857948,-0.21943241
2025-11-10 14:00:00+00:00,37.3,31.0,965.0,51.6,20.2,45.0,9.0,0.0,98.413124,Karachi,14,0,11,125.52083,113.84375,110.90243275960286,9.056073721127936,-0.2159618
2025-11-10 15:00:00+00:00,41.0,34.7,1300.0,68.8,19.7,17.0,8.0,0.0,98.12057,Karachi,15,0,11,124.35417,114.21875,109.80936590830485,8.944365623384329,-0.21095878
2025-11-10 16:00:00+00:00,46.7,39.6,1651.0,75.1,21.5,7.0,9.0,0.0,98.03191,Karachi,16,0,11,123.12501,114.76042,108.76382033030193,8.785374824840835,-0.20380177
2025-11-10 17:00:00+00:00,53.8,45.4,2000.0,75.9,24.5,7.0,11.0,0.0,98.22695,Karachi,17,0,11,121.979164,115.37499,107.77414480845134,8.567070313649584,-0.19472352
2025-11-10 18:00:00+00:00,59.6,50.3,2202.0,75.9,26.7,7.0,12.0,0.0,98.59929,Karachi,18,0,11,120.979164,116.20833,106.84165000915527,8.280449169520944,-0.1849895
2025-11-10 19:00:00+00:00,62.2,52.2,2172.0,76.8,27.3,6.0,13.0,0.0,98.96277,Karachi,19,0,11,120.10417,117.36457,105.96075820922852,7.925120450547146,-0.17602555
2025-11-10 20:00:00+00:00,62.6,51.9,1995.0,76.9,27.1,6.0,14.0,0.0,99.273056,Karachi,20,0,11,119.34376,118.666664,105.12447897593181,7.499012287395939,-0.16817555
2025-11-10 21:00:00+00:00,61.9,50.9,1774.0,75.8,26.5,6.0,14.0,0.0,99.60993,Karachi,21,0,11,118.750015,119.854164,104.3269755045573,6.987255381601109,-0.16117963
2025-11-10 22:00:00+00:00,61.5,51.1,1446.0,73.1,25.3,6.0,14.0,0.0,100.19792,Karachi,22,0,11,118.28126,120.69791,103.57350317637126,6.364308667457384,-0.1528842
2025-11-10 23:00:00+00:00,60.8,50.6,1075.0,69.1,23.8,5.0,13.0,0.0,101.46875,Karachi,23,0,11,117.687515,121.260414,102.89772129058838,5.617774864453002,-0.13781211
2025-11-11 00:00:00+00:00,60.8,50.5,958.0,65.6,22.7,5.0,13.0,0.0,103.322914,Karachi,0,1,11,116.69793,121.73958,102.34042898813884,4.791964852332401,-0.114612274
2025-11-11 01:00:00+00:00,64.5,56.3,1394.0,62.2,21.5,2.0,11.0,0.0,105.416664,Karachi,1,1,11,114.81251,122.72916,101.94893550872803,4.056017482737286,-0.08183641
2025-11-11 02:00:00+00:00,74.5,68.0,2085.0,57.0,20.3,0.0,8.0,0.05,107.75001,Karachi,2,1,11,112.781265,124.020836,101.73929977416992,3.5730739926655635,-0.044610757
2025-11-11 03:00:00+00:00,86.6,82.7,2434.0,49.9,22.7,7.0,6.0,0.6,110.177086,Karachi,3,1,11,110.52083,125.68749,101.7249771753947,3.53684824763342,-0.0031102044
2025-11-11 04:00:00+00:00,57.9,48.9,2077.0,39.5,32.9,37.0,8.0,2.0,112.822914,Karachi,4,1,11,107.854164,128.45833,101.9320084253947,4.0232064999705575,0.046069153
2025-11-11 05:00:00+00:00,41.8,29.3,1378.0,27.1,46.8,78.0,11.0,3.8,114.0625,Karachi,5,1,11,105.94792,128.81248,102.27011585235596,4.665134553572952,0.076590255
2025-11-11 06:00:00+00:00,34.0,25.6,829.0,17.4,55.2,112.0,13.0,5.35,114.29166,Karachi,6,1,11,104.43751,128.47916,102.68070538838704,5.259913584776082,0.0943545
2025-11-11 07:00:00+00:00,33.4,26.4,638.0,12.0,53.1,134.0,12.0,6.05,114.20833,Karachi,7,1,11,103.26044,128.3229,103.13686752319336,5.763037686783413,0.10602213
2025-11-11 08:00:00+00:00,33.4,27.1,596.0,9.1,45.6,150.0,11.0,5.55,114.29166,Karachi,8,1,11,102.21875,128.3854,103.63990529378255,6.1904664674846845,0.11810853
2025-11-11 09:00:00+00:00,33.4,27.5,571.0,8.0,38.9,157.0,9.0,4.05,114.52082,Karachi,9,1,11,101.33334,128.3125,104.1893835067749,6.551571290465368,0.13013956
2025-11-11 10:00:00+00:00,33.1,27.3,496.0,7.4,35.5,156.0,9.0,2.3,114.81249,Karachi,10,1,11,100.59376,128.125,104.78183078765869,6.848449689213453,0.14134808
2025-11-11 11:00:00+00:00,32.0,26.5,438.0,8.6,33.0,146.0,8.0,0.85,115.177086,Karachi,11,1,11,99.929085,127.875015,105.41716416676839,7.081984715716039,0.15258822
2025-11-11 12:00:00+00:00,27.8,22.8,458.0,13.5,28.9,128.0,8.0,0.15,115.59374,Karachi,12,1,11,99.40603,127.51043,106.09165223439534,7.253377768003477,0.16284439
2025-11-11 13:00:00+00:00,31.0,26.8,609.0,30.6,26.5,97.0,7.0,0.0,115.68749,Karachi,13,1,11,98.84751,126.63543,106.79331811269124,7.336184228662964,0.17036323
2025-11-11 14:00:00+00:00,34.8,31.1,839.0,54.2,23.2,54.0,6.0,0.0,115.77083,Karachi,14,1,11,98.413124,125.52083,107.51655578613281,7.329704509542443,0.17637591
2025-11-11 15:00:00+00:00,36.6,32.8,1054.0,72.0,21.3,21.0,5.0,0.0,115.781235,Karachi,15,1,11,98.12057,124.35417,108.25241692860921,7.231241365076371,0.17998946
2025-11-11 16:00:00+00:00,40.7,36.1,1269.0,78.2,22.2,10.0,5.0,0.0,115.58333,Karachi,16,1,11,98.03191,123.12501,108.98372586568196,7.037593641511775,0.17903776
2025-11-11 17:00:00+00:00,46.4,40.9,1469.0,78.6,24.5,10.0,6.0,0.0,115.218735,Karachi,17,1,11,98.22695,121.979164,109.69171682993571,6.757523254074096,0.17298494
2025-11-11 18:00:00+00:00,52.3,46.1,1520.0,77.7,26.0,10.0,7.0,0.0,114.74999,Karachi,18,1,11,98.59929,120.979164,110.36466280619304,6.399559822666759,0.16380142
2025-11-11 19:00:00+00:00,55.4,48.7,1303.0,77.5,25.7,8.0,7.0,0.0,114.312485,Karachi,19,1,11,98.96277,120.10417,111.00423431396484,5.962620085864984,0.15510596
2025-11-11 20:00:00+00:00,53.6,46.6,937.0,76.0,24.6,6.0,8.0,0.0,113.94791,Karachi,20,1,11,99.273056,119.34376,111.61568641662598,5.436538918324506,0.1478231
2025-11-11 21:00:00+00:00,48.8,42.0,645.0,71.7,23.1,7.0,8.0,0.0,113.39581,Karachi,21,1,11,99.60993,118.750015,112.19009812672932,4.804431437804567,0.13839866
2025-11-11 22:00:00+00:00,41.1,35.4,476.0,61.5,20.7,13.0,8.0,0.0,112.46874,Karachi,22,1,11,100.19792,118.28126,112.70138231913249,4.069453466978015,0.12246582
2025-11-11 23:00:00+00:00,35.0,29.6,381.0,48.5,17.8,21.0,7.0,0.0,110.83332,Karachi,23,1,11,101.46875,117.687515,113.09157276153564,3.3267953290313366,0.09229019
2025-11-12 00:00:00+00:00,39.0,31.8,437.0,43.3,15.8,22.0,9.0,0.0,108.64582,Karachi,0,2,11,103.322914,116.69793,113.31336053212483,2.779673969649265,0.051517192
2025-11-12 01:00:00+00:00,39.8,33.5,796.0,46.4,16.6,16.0,9.0,0.0,106.69791,Karachi,1,2,11,105.416664,114.81251,113.36674563090007,2.6296761942530673,0.012154078
2025-11-12 02:00:00+00:00,49.1,42.5,1305.0,50.3,17.8,10.0,9.0,0.05,104.32291,Karachi,2,2,11,107.75001,112.781265,113.22394975026448,3.013040014898137,-0.03180604
2025-11-12 03:00:00+00:00,55.1,49.2,1582.0,49.5,20.4,16.0,9.0,0.6,101.666664,Karachi,3,2,11,110.177086,110.52083,112.86934884389241,3.7882719551773905,-0.07724312
2025-11-12 04:00:00+00:00,42.0,33.1,1394.0,39.7,25.8,45.0,10.0,1.95,98.44858,Karachi,4,2,11,112.822914,107.854164,112.27041816711426,4.797736555999321,-0.12740618
2025-11-12 05:00:00+00:00,32.9,22.7,973.0,25.4,32.4,87.0,11.0,3.75,97.047874,Karachi,5,2,11,114.0625,105.94792,111.56147543589275,5.694666590206028,-0.14916933
2025-11-12 06:00:00+00:00,29.3,21.9,631.0,14.1,36.8,122.0,12.0,5.4,96.46277,Karachi,6,2,11,114.29166,104.43751,110.8186051050822,6.4374743332039595,-0.15599465
2025-11-12 07:00:00+00:00,29.5,23.3,490.0,9.0,36.9,143.0,12.0,6.1,96.13476,Karachi,7,2,11,114.20833,103.26044,110.06553967793782,7.051547179100638,-0.1582509
2025-11-12 08:00:00+00:00,30.4,24.2,428.0,7.0,34.7,157.0,12.0,5.6,95.859924,Karachi,8,2,11,114.29166,102.21875,109.2975508371989,7.556866687544891,-0.16126928
2025-11-12 09:00:00+00:00,31.9,25.1,397.0,6.7,32.6,163.0,12.0,4.1,95.60284,Karachi,9,2,11,114.52082,101.33334,108.50930150349934,7.964033136469717,-0.16519253
2025-11-12 10:00:00+00:00,32.6,25.5,369.0,7.4,31.7,160.0,12.0,2.3,95.39007,Karachi,10,2,11,114.81249,100.59376,107.7000338236491,8.276367818907708,-0.16916648
2025-11-12 11:00:00+00:00,32.2,25.0,373.0,9.9,30.8,148.0,12.0,0.9,95.2305,Karachi,11,2,11,115.177086,99.929085,106.86892604827881,8.491595076566222,-0.1731819
2025-11-12 12:00:00+00:00,30.2,24.2,441.0,15.0,32.7,137.0,10.0,0.15,95.09752,Karachi,12,2,11,115.59374,99.40603,106.01491673787434,8.605874990166004,-0.17731257
2025-11-12 13:00:00+00:00,32.1,26.7,624.0,25.2,29.1,109.0,10.0,0.0,104.12414,Karachi,13,2,11,115.68749,98.84751,105.53311030069987,8.361011917801383,-0.09995337
2025-11-12 14:00:00+00:00,32.2,26.5,871.0,39.3,24.1,69.0,9.0,0.0,108.80102,Karachi,14,2,11,115.77083,98.413124,105.24270153045654,8.107147203683168,-0.06020351
2025-11-12 15:00:00+00:00,32.1,26.3,1070.0,50.4,20.3,39.0,9.0,0.0,97.534004,Karachi,15,2,11,115.781235,98.12057,104.48240025838216,7.929537961562911,-0.15760094
2025-11-12 16:00:00+00:00,32.9,26.8,1200.0,56.0,18.8,27.0,9.0,0.0,94.22873,Karachi,16,2,11,115.58333,98.03191,103.59262530008952,7.82718379604719,-0.18475501
2025-11-12 17:00:00+00:00,34.5,28.0,1281.0,58.5,18.5,23.0,10.0,0.0,93.40425,Karachi,17,2,11,115.218735,98.22695,102.68368848164876,7.6836899617400976,-0.18933104
2025-11-12 18:00:00+00:00,37.8,30.7,1258.0,58.1,18.0,23.0,10.0,0.0,92.260635,Karachi,18,2,11,114.74999,98.59929,101.74663194020589,7.517717190123774,-0.19598569
2025-11-12 19:00:00+00:00,41.3,33.2,1056.0,54.1,16.7,24.0,10.0,0.0,90.8954,Karachi,19,2,11,114.312485,98.96277,100.77092011769612,7.333276985891718,-0.2048515
2025-11-12 20:00:00+00:00,40.0,31.8,751.0,47.2,15.1,28.0,11.0,0.0,89.521286,Karachi,20,2,11,113.94791,99.273056,99.75314426422119,7.116821329281124,-0.21436656
2025-11-12 21:00:00+00:00,36.0,27.6,509.0,40.0,14.0,33.0,12.0,0.0,88.20922,Karachi,21,2,11,113.39581,99.60993,98.70370292663574,6.870346679103659,-0.2221122
2025-11-12 22:00:00+00:00,33.4,24.0,358.0,31.8,13.3,39.0,14.0,0.0,86.93263,Karachi,22,2,11,112.46874,100.19792,97.63969834645589,6.6186479367157975,-0.22705072
2025-11-12 23:00:00+00:00,32.2,21.7,272.0,23.3,13.1,45.0,16.0,0.0,85.92198,Karachi,23,2,11,110.83332,101.46875,96.60172589619954,6.409657931970397,-0.22476399
2025-11-13 00:00:00+00:00,35.9,23.9,336.0,24.3,13.5,39.0,17.0,0.0,85.221634,Karachi,0,3,11,108.64582,103.322914,95.62571811676025,6.27801383708358,-0.21560135
2025-11-13 01:00:00+00:00,39.1,26.1,707.0,31.9,14.7,30.0,18.0,0.0,84.52127,Karachi,1,3,11,106.69791,105.416664,94.70169162750244,6.20915566945566,-0.20784509
2025-11-13 02:00:00+00:00,46.7,33.9,1230.0,41.9,16.6,18.0,19.0,0.05,83.86525,Karachi,2,3,11,104.32291,107.75001,93.84928925832112,6.235088888633493,-0.19609937
2025-11-13 03:00:00+00:00,50.2,38.4,1524.0,46.1,20.5,21.0,20.0,0.65,83.10284,Karachi,3,3,11,101.666664,110.177086,93.07579644521077,6.373080536019398,-0.18259503
2025-11-13 04:00:00+00:00,46.3,32.4,1356.0,38.8,28.5,49.0,23.0,2.0,82.14539,Karachi,4,3,11,98.44858,112.822914,92.39649709065755,6.638830977533624,-0.16560102
2025-11-13 05:00:00+00:00,42.7,22.9,960.0,25.6,38.4,92.0,26.0,3.9,82.083336,Karachi,5,3,11,97.047874,114.0625,91.77297465006511,6.881288499415771,-0.15419748
2025-11-13 06:00:00+00:00,37.4,22.2,656.0,15.0,44.7,127.0,28.0,5.5,82.101074,Karachi,6,3,11,96.46277,114.29166,91.17457071940105,7.07738719666292,-0.14888328
2025-11-13 07:00:00+00:00,36.4,24.0,586.0,10.1,44.3,148.0,28.0,6.2,82.12767,Karachi,7,3,11,96.13476,114.20833,90.59094206492107,7.226534532604899,-0.14570263
2025-11-13 08:00:00+00:00,37.1,24.3,609.0,7.7,40.3,163.0,26.0,5.65,82.18973,Karachi,8,3,11,95.859924,114.29166,90.02135054270427,7.331161099271771,-0.14260596
2025-11-13 09:00:00+00:00,37.8,24.8,620.0,7.1,36.7,170.0,24.0,4.1,82.19859,Karachi,9,3,11,95.60284,114.52082,89.46284039815266,7.3977445775058825,-0.14020759
2025-11-13 10:00:00+00:00,38.1,25.1,557.0,7.8,35.3,170.0,23.0,2.3,82.17199,Karachi,10,3,11,95.39007,114.81249,88.91208712259929,7.429251677113705,-0.13856871
2025-11-13 11:00:00+00:00,38.0,25.6,483.0,10.3,34.4,163.0,22.0,0.85,82.13652,Karachi,11,3,11,95.2305,115.177086,88.36650466918945,7.425862791423679,-0.13749774
2025-11-13 12:00:00+00:00,32.6,24.2,483.0,14.8,35.0,152.0,15.0,0.15,96.68368,Karachi,12,3,11,95.09752,115.59374,88.43259461720784,7.495108733459983,0.016679287
2025-11-13 13:00:00+00:00,37.6,30.9,629.0,23.4,31.1,124.0,14.0,0.0,118.57991,Karachi,13,3,11,104.12414,115.68749,89.03491846720378,9.198279892299054,0.13883209
2025-11-13 14:00:00+00:00,37.0,30.3,849.0,35.2,25.6,85.0,13.0,0.0,125.38264,Karachi,14,3,11,108.80102,115.77083,89.72581926981609,11.160866857779432,0.15240316
2025-11-13 15:00:00+00:00,34.8,27.9,1011.0,43.8,21.3,55.0,12.0,0.0,116.45409,Karachi,15,3,11,97.534004,115.781235,90.5141560236613,12.342064758988506,0.19398446
2025-11-13 16:00:00+00:00,33.8,26.7,1070.0,45.9,19.5,44.0,12.0,0.0,96.68368,Karachi,16,3,11,94.22873,115.58333,90.61644554138184,12.384290128157277,0.026053078
2025-11-13 17:00:00+00:00,34.8,27.6,1071.0,44.8,18.8,41.0,12.0,0.0,83.03191,Karachi,17,3,11,93.40425,115.218735,90.18426481882732,12.463503771122745,-0.111047804
2025-11-13 18:00:00+00:00,37.0,29.8,1011.0,43.8,18.2,39.0,12.0,0.0,82.99645,Karachi,18,3,11,92.260635,114.74999,89.7982571919759,12.539628647445554,-0.10041317
2025-11-13 19:00:00+00:00,38.4,31.7,856.0,44.2,17.3,33.0,12.0,0.0,82.916664,Karachi,19,3,11,90.8954,114.312485,89.46580982208252,12.614816479556131,-0.08777932
2025-11-13 20:00:00+00:00,38.5,32.1,641.0,44.7,16.5,27.0,11.0,0.0,82.78368,Karachi,20,3,11,89.521286,113.94791,89.18507639567058,12.688284465210135,-0.07526257
2025-11-13 21:00:00+00:00,38.1,31.8,471.0,44.3,15.8,23.0,11.0,0.0,82.81028,Karachi,21,3,11,88.20922,113.39581,88.96012051900227,12.754027761029128,-0.061206084
2025-11-13 22:00:00+00:00,37.1,30.7,334.0,41.8,14.9,21.0,11.0,0.0,83.18262,Karachi,22,3,11,86.93263,112.46874,88.8038698832194,12.802824161202604,-0.043137025
2025-11-13 23:00:00+00:00,35.6,29.3,241.0,38.3,14.0,20.0,11.0,0.0,83.776596,Karachi,23,3,11,85.92198,110.83332,88.71447881062825,12.83127882469215,-0.024968997
2025-11-14 00:00:00+00:00,37.4,30.6,332.0,41.6,14.3,15.0,12.0,0.0,84.450356,Karachi,0,4,11,85.221634,108.64582,88.68234221140544,12.841369068906383,-0.009050265
2025-11-14 01:00:00+00:00,37.4,31.4,808.0,44.4,15.6,10.0,10.0,0.0,85.04433,Karachi,1,4,11,84.52127,106.69791,88.70413621266682,12.834441962187391,0.0061884546
2025-11-14 02:00:00+00:00,44.7,39.2,1468.0,47.8,17.9,4.0,8.0,0.05,85.51418,Karachi,2,4,11,83.86525,104.32291,88.77284177144368,12.811805693694007,0.0196617
2025-11-14 03:00:00+00:00,55.3,50.5,1841.0,47.2,22.0,11.0,8.0,0.65,85.98404,Karachi,3,4,11,83.10284,101.666664,88.8928918838501,12.769796174865215,0.03467033
2025-11-14 04:00:00+00:00,47.0,39.2,1652.0,39.0,30.8,42.0,12.0,2.0,87.05673,Karachi,4,4,11,82.14539,98.44858,89.09753100077312,12.696104613572647,0.059788365
2025-11-14 05:00:00+00:00,37.4,25.3,1178.0,26.7,41.5,86.0,18.0,3.85,87.65958,Karachi,5,4,11,82.083336,97.047874,89.32987435658772,12.612912365746672,0.067933895
2025-11-14 06:00:00+00:00,31.9,20.8,775.0,16.7,47.2,122.0,21.0,5.55,87.872345,Karachi,6,4,11,82.101074,96.46277,89.57034397125244,12.523801456465396,0.07029471
2025-11-14 07:00:00+00:00,27.5,18.3,569.0,11.1,43.3,141.0,20.0,6.25,87.74823,Karachi,7,4,11,82.12767,96.13476,89.80453395843506,12.430781038495043,0.06843686
2025-11-14 08:00:00+00:00,25.6,17.7,434.0,7.7,34.5,151.0,16.0,5.75,87.242905,Karachi,8,4,11,82.18973,95.859924,90.01508299509685,12.338649116138884,0.061481856
2025-11-14 09:00:00+00:00,25.6,18.1,357.0,6.5,27.6,156.0,14.0,4.25,86.6578,Karachi,9,4,11,82.19859,95.60284,90.20088322957356,12.249076892519414,0.05424917
2025-11-14 10:00:00+00:00,26.0,18.5,341.0,7.0,25.9,157.0,14.0,2.4,86.06383,Karachi,10,4,11,82.17199,95.39007,90.36304314931233,12.163627789264813,0.0473621
2025-11-14 11:00:00+00:00,26.4,18.7,382.0,9.6,26.3,151.0,15.0,0.9,85.478714,Karachi,11,4,11,82.13652,95.2305,90.50230121612549,12.08422239416359,0.040690713
2025-11-14 12:00:00+00:00,22.6,17.0,455.0,14.5,26.7,140.0,10.0,0.15,84.86702,Karachi,12,4,11,96.68368,95.09752,90.00994046529134,12.062126921138619,-0.12221978
2025-11-14 13:00:00+00:00,31.9,27.0,549.0,24.6,24.6,114.0,11.0,0.0,101.36055,Karachi,13,4,11,118.57991,104.12414,89.29246711730957,10.727091997704397,-0.14521313
2025-11-14 14:00:00+00:00,32.6,27.0,676.0,38.7,21.7,78.0,11.0,0.0,107.31293,Karachi,14,4,11,125.38264,108.80102,88.53956254323323,8.483368421817369,-0.14411652
2025-11-14 15:00:00+00:00,31.7,25.1,844.0,49.3,19.5,50.0,12.0,0.0,97.95918,Karachi,15,4,11,116.45409,97.534004,87.76894156138103,6.428568919337994,-0.15881713
2025-11-14 16:00:00+00:00,32.2,25.0,1131.0,53.2,19.0,38.0,12.0,0.0,83.34219,Karachi,16,4,11,96.68368,94.22873,87.21304639180501,6.196831494200383,-0.13799107
2025-11-14 17:00:00+00:00,34.6,27.1,1459.0,53.7,19.2,34.0,12.0,0.0,83.19149,Karachi,17,4,11,83.03191,93.40425,87.21969540913899,6.192234113712657,0.0019218684
2025-11-14 18:00:00+00:00,38.8,31.4,1601.0,53.8,19.0,30.0,12.0,0.0,83.147156,Karachi,18,4,11,82.99645,92.260635,87.22597471872966,6.187840134213681,0.0018157816
2025-11-14 19:00:00+00:00,40.7,34.9,1401.0,54.8,17.8,24.0,11.0,0.0,83.28901,Karachi,19,4,11,82.916664,90.8954,87.24148909250896,6.177023241627655,0.0044905925
2025-11-14 20:00:00+00:00,38.6,34.1,1016.0,55.4,16.3,18.0,9.0,0.0,83.57269,Karachi,20,4,11,82.78368,89.521286,87.27436447143555,6.154324281928297,0.009530974
2025-11-14 21:00:00+00:00,35.4,31.5,691.0,54.1,15.0,15.0,7.0,0.0,83.75,Karachi,21,4,11,82.81028,88.20922,87.31351947784424,6.127619468551612,0.0113478685
2025-11-14 22:00:00+00:00,32.2,28.9,467.0,48.9,14.0,16.0,6.0,0.0,83.723404,Karachi,22,4,11,83.18262,86.93263,87.3360522588094,6.112744913070076,0.0065011987
2025-11-14 23:00:00+00:00,29.3,26.4,303.0,41.9,13.3,19.0,5.0,0.0,83.563835,Karachi,23,4,11,83.776596,85.92198,87.32718722025554,6.118283241821098,-0.0025396224
2025-11-15 00:00:00+00:00,34.0,29.7,326.0,48.7,13.2,9.0,7.0,0.0,83.30674,Karachi,0,5,11,84.450356,85.221634,87.27953656514485,6.146053200906101,-0.01354187
2025-11-15 01:00:00+00:00,34.0,30.0,723.0,49.7,14.8,6.0,6.0,0.0,83.22695,Karachi,1,5,11,85.04433,84.52127,87.20381259918213,6.185856842300929,-0.02136974
2025-11-15 02:00:00+00:00,42.3,38.3,1307.0,50.7,17.2,3.0,5.0,0.05,83.102844,Karachi,2,5,11,85.51418,83.86525,87.10334014892578,6.233889819351492,-0.028198116
2025-11-15 03:00:00+00:00,54.5,51.1,1641.0,48.1,21.1,11.0,6.0,0.6,83.023056,Karachi,3,5,11,85.98404,83.10284,86.97996584574382,6.286086663005146,-0.03443643
2025-11-15 04:00:00+00:00,48.1,42.0,1467.0,38.8,28.2,41.0,10.0,1.95,83.07624,Karachi,4,5,11,87.05673,82.14539,86.81411202748616,6.336283939620755,-0.04572296
2025-11-15 05:00:00+00:00,37.5,25.0,1044.0,25.9,36.7,82.0,15.0,3.8,83.32447,Karachi,5,5,11,87.65958,82.083336,86.633482615153,6.372819681538738,-0.049453877
2025-11-15 06:00:00+00:00,29.3,19.4,705.0,15.7,41.9,116.0,18.0,5.45,83.297874,Karachi,6,5,11,87.872345,82.101074,86.44287967681885,6.402495098946598,-0.052058138
2025-11-15 07:00:00+00:00,25.3,18.1,577.0,10.3,41.1,137.0,17.0,6.1,83.17377,Karachi,7,5,11,87.74823,82.12767,86.25227705637614,6.429977190418054,-0.052131683
2025-11-15 08:00:00+00:00,25.1,18.9,533.0,7.6,37.1,151.0,14.0,5.55,83.15603,Karachi,8,5,11,87.242905,82.18973,86.08199055989583,6.456662969526613,-0.046844795
2025-11-15 09:00:00+00:00,26.4,20.4,532.0,6.8,33.5,158.0,11.0,4.05,83.262405,Karachi,9,5,11,86.6578,82.19859,85.94051583607991,6.480652031123328,-0.039181624
2025-11-15 10:00:00+00:00,27.2,21.3,567.0,6.5,31.6,161.0,10.0,2.3,83.46632,Karachi,10,5,11,86.06383,82.17199,85.83228619893391,6.500163534616993,-0.03018122
2025-11-15 11:00:00+00:00,27.2,21.4,643.0,8.2,30.1,157.0,10.0,0.85,83.71454,Karachi,11,5,11,85.478714,82.13652,85.75877888997395,6.514295515225563,-0.02063877
2025-11-15 12:00:00+00:00,22.3,19.1,737.0,15.8,31.8,145.0,6.0,0.15,83.9539,Karachi,12,5,11,84.86702,96.68368,85.72073237101237,6.522391733221616,-0.01075938
2025-11-15 13:00:00+00:00,33.3,31.1,860.0,30.3,29.2,115.0,5.0,0.0,101.99829,Karachi,13,5,11,101.36055,118.57991,85.74730491638184,6.589829898327615,0.0062918076
2025-11-15 14:00:00+00:00,32.4,30.4,999.0,50.4,25.7,74.0,4.0,0.0,109.013596,Karachi,14,5,11,107.31293,125.38264,85.8181660970052,6.836342905841508,0.015847748
2025-11-15 15:00:00+00:00,31.8,29.9,1097.0,66.0,23.3,41.0,3.0,0.0,100.08502,Karachi,15,5,11,97.95918,116.45409,85.90674273173015,7.01200533026293,0.021701276
2025-11-15 16:00:00+00:00,32.8,31.1,1142.0,73.6,23.4,25.0,3.0,0.0,85.2305,Karachi,16,5,11,83.34219,96.68368,85.98542213439941,6.99254526502176,0.022657258
2025-11-15 17:00:00+00:00,36.7,34.9,1145.0,76.7,24.5,18.0,2.0,0.0,85.77127,Karachi,17,5,11,83.19149,83.03191,86.09291299184163,6.967512673590649,0.031010149
2025-11-15 18:00:00+00:00,43.4,41.9,1079.0,76.4,24.6,14.0,2.0,0.0,86.46276,Karachi,18,5,11,83.147156,82.99645,86.23106320699056,6.9393791414156185,0.03987635
2025-11-15 19:00:00+00:00,44.0,42.8,890.0,72.0,22.3,13.0,2.0,0.0,87.39362,Karachi,19,5,11,83.28901,82.916664,86.40208880106609,6.914252688619397,0.049281582
2025-11-15 20:00:00+00:00,37.6,36.7,633.0,64.1,18.9,17.0,1.0,0.0,88.09397,Karachi,20,5,11,83.57269,82.78368,86.5904754002889,6.895378768201522,0.054099947
2025-11-15 21:00:00+00:00,32.4,31.5,436.0,55.6,16.1,21.0,1.0,0.0,88.32446,Karachi,21,5,11,83.75,82.81028,86.78107802073161,6.876646742585294,0.054620452
2025-11-15 22:00:00+00:00,28.6,27.8,325.0,45.5,14.5,27.0,1.0,0.0,88.32446,Karachi,22,5,11,83.723404,83.18262,86.97278881072998,6.851787494739598,0.054955468
2025-11-15 23:00:00+00:00,25.5,24.7,276.0,34.9,13.5,35.0,1.0,0.0,88.22695,Karachi,23,5,11,83.563835,83.776596,87.16708532969157,6.816944186568084,0.055803046
2025-11-16 00:00:00+00:00,25.5,24.9,346.0,36.9,13.6,30.0,1.0,0.0,88.07625,Karachi,0,6,11,83.30674,84.450356,87.36581484476726,6.768864821708223,0.05725237
2025-11-16 01:00:00+00:00,24.4,23.9,647.0,42.1,14.6,25.0,1.0,0.0,87.65071,Karachi,1,6,11,83.22695,85.04433,87.55013815561931,6.711245550539862,0.053152967
2025-11-16 02:00:00+00:00,29.5,28.9,1068.0,48.7,16.2,19.0,1.0,0.05,87.10993,Karachi,2,6,11,83.102844,85.51418,87.71710014343262,6.645315821011679,0.048218418
2025-11-16 03:00:00+00:00,34.8,34.3,1332.0,50.0,19.1,26.0,1.0,0.6,86.276596,Karachi,3,6,11,83.023056,85.98404,87.85266431172688,6.578241646600274,0.039188392
2025-11-16 04:00:00+00:00,36.3,35.9,1297.0,40.8,24.9,58.0,1.0,2.0,84.78725,Karachi,4,6,11,83.07624,87.05673,87.92395623524983,6.5333446818796075,0.020595614
2025-11-16 05:00:00+00:00,26.1,25.2,1105.0,26.2,31.8,102.0,1.0,3.85,84.24646,Karachi,5,6,11,83.32447,87.65958,87.96237246195476,6.507784380494595,0.01106505
2025-11-16 06:00:00+00:00,18.9,18.1,907.0,14.6,35.6,137.0,1.0,5.5,84.2642,Karachi,6,6,11,83.297874,87.872345,88.00263595581055,6.480603052742246,0.011600822
2025-11-16 07:00:00+00:00,16.5,15.8,716.0,9.3,33.2,154.0,1.0,6.25,84.14894,Karachi,7,6,11,83.17377,87.74823,88.04326820373535,6.452004517624581,0.011724537
2025-11-16 08:00:00+00:00,17.4,16.8,518.0,7.0,27.6,161.0,1.0,5.75,83.94504,Karachi,8,6,11,83.15603,87.242905,88.07614358266194,6.42798493146369,0.009488297
2025-11-16 09:00:00+00:00,18.3,17.7,423.0,6.7,23.3,164.0,1.0,4.25,83.758865,Karachi,9,6,11,83.262405,86.6578,88.09682941436768,6.412600783785529,0.0059625944
2025-11-16 10:00:00+00:00,18.9,18.2,412.0,4.9,21.4,166.0,1.0,2.4,83.5195,Karachi,10,6,11,83.46632,86.06383,88.09904543558757,6.410940005250628,0.0006371973
2025-11-16 11:00:00+00:00,19.0,18.4,502.0,5.1,20.8,164.0,1.0,0.9,83.24468,Karachi,11,6,11,83.71454,85.478714,88.07946809132893,6.4256119067490625,-0.0056126006
2025-11-16 12:00:00+00:00,15.8,15.5,859.0,16.4,22.5,147.0,1.0,0.15,101.785706,Karachi,12,6,11,83.9539,84.86702,88.82245985666911,6.938321468378731,0.21239991
2025-11-16 13:00:00+00:00,33.2,32.9,1789.0,43.9,25.2,110.0,1.0,0.0,120.70577,Karachi,13,6,11,101.99829,101.36055,89.60193824768066,9.173657998947162,0.18340975
2025-11-16 14:00:00+00:00,44.6,44.4,2984.0,81.5,29.1,60.0,0.0,0.0,122.406456,Karachi,14,6,11,109.013596,107.31293,90.15997409820557,10.688145145021393,0.122854955
2025-11-16 15:00:00+00:00,48.4,48.3,3687.0,107.2,32.3,23.0,0.0,0.0,106.037415,Karachi,15,6,11,100.08502,97.95918,90.40799045562744,10.993176781103811,0.05947336
2025-11-16 16:00:00+00:00,51.7,51.6,3479.0,109.9,34.9,13.0,0.0,0.0,85.69149,Karachi,16,6,11,85.2305,83.34219,90.42719841003418,10.984136045366972,0.005408755
2025-11-16 17:00:00+00:00,54.1,53.9,2778.0,100.6,37.0,16.0,0.0,0.0,87.508865,Karachi,17,6,11,85.77127,83.19149,90.49959818522136,10.95780807827607,0.02025847
2025-11-16 18:00:00+00:00,54.4,54.1,2077.0,91.0,36.6,19.0,0.0,0.0,89.19326,Karachi,18,6,11,86.46276,83.147156,90.61336898803711,10.928207705472856,0.03158006
2025-11-16 19:00:00+00:00,51.1,50.8,1483.0,84.4,32.0,18.0,0.0,0.0,90.27481,Karachi,19,6,11,87.39362,83.28901,90.73341846466064,10.907105021178129,0.032967936
2025-11-16 20:00:00+00:00,45.4,45.2,888.0,77.4,25.1,18.0,1.0,0.0,90.98403,Karachi,20,6,11,88.09397,83.57269,90.85383764902751,10.892641563611559,0.032806564
2025-11-16 21:00:00+00:00,40.5,40.2,464.0,71.0,19.5,17.0,1.0,0.0,91.737595,Karachi,21,6,11,88.32446,83.75,90.99605147043864,10.880456393381179,0.038643107
2025-11-16 22:00:00+00:00,35.9,35.5,270.0,65.3,16.4,16.0,1.0,0.0,92.508865,Karachi,22,6,11,88.32446,83.723404,91.17040157318115,10.869305185313822,0.04737535
2025-11-16 23:00:00+00:00,30.5,30.3,245.0,60.3,14.7,16.0,1.0,0.0,93.19149,Karachi,23,6,11,88.22695,83.563835,91.37725734710693,10.85808704381652,0.05627009
2025-11-17 00:00:00+00:00,30.0,29.7,382.0,58.6,14.1,12.0,1.0,0.0,93.68794,Karachi,0,0,11,88.07625,83.30674,91.61107794443767,10.844324747670523,0.06371405
2025-11-17 01:00:00+00:00,27.6,27.4,795.0,59.7,15.6,9.0,1.0,0.0,94.11347,Karachi,1,0,11,87.65071,83.22695,91.8803596496582,10.82192398136867,0.07373313
2025-11-17 02:00:00+00:00,33.3,32.9,1370.0,60.7,18.0,7.0,1.0,0.05,94.42377,Karachi,2,0,11,87.10993,83.102844,92.18510278065999,10.784663001031177,0.08396098
2025-11-17 03:00:00+00:00,42.6,42.4,1748.0,57.4,22.7,17.0,1.0,0.6,94.77837,Karachi,3,0,11,86.276596,83.023056,92.5393435160319,10.721593237552801,0.09854095
2025-11-17 04:00:00+00:00,40.4,40.0,1756.0,46.0,32.1,52.0,1.0,1.9,95.49646,Karachi,4,0,11,84.78725,83.07624,92.98556073506673,10.607175202817334,0.12630689
2025-11-17 05:00:00+00:00,29.4,28.8,1568.0,30.3,43.7,99.0,1.0,3.7,95.85993,Karachi,5,0,11,84.24646,83.32447,93.4694554011027,10.454976438091526,0.13785116
2025-11-17 06:00:00+00:00,19.5,19.0,1348.0,18.2,51.5,138.0,1.0,5.3,96.179085,Karachi,6,0,11,84.2642,83.297874,93.96590900421143,10.280290107952545,0.14139916
2025-11-17 07:00:00+00:00,19.0,18.6,1120.0,12.7,51.9,161.0,1.0,6.0,96.258865,Karachi,7,0,11,84.14894,83.17377,94.47048918406169,10.072594651305005,0.1439106
2025-11-17 08:00:00+00:00,20.8,20.5,860.0,10.7,48.5,175.0,1.0,5.5,96.507095,Karachi,8,0,11,83.94504,83.15603,94.99390824635823,9.825216376701997,0.14964622
2025-11-17 09:00:00+00:00,22.9,22.5,659.0,10.6,45.7,183.0,1.0,4.05,96.835106,Karachi,9,0,11,83.758865,83.262405,95.53875160217285,9.53333165176186,0.1561177
2025-11-17 10:00:00+00:00,25.1,24.6,521.0,11.0,45.9,189.0,1.0,2.25,97.26064,Karachi,10,0,11,83.5195,83.46632,96.11129919687907,9.186418484997652,0.16452615
2025-11-17 11:00:00+00:00,26.7,26.3,441.0,13.2,46.8,190.0,1.0,0.85,97.82802,Karachi,11,0,11,83.24468,83.71454,96.71893819173177,8.771278316075357,0.1751864
2025-11-17 12:00:00+00:00,27.4,27.0,501.0,19.1,49.2,185.0,1.0,0.15,119.00511,Karachi,12,0,11,101.785706,83.9539,97.43641344706218,9.842585679644026,0.16917312
2025-11-17 13:00:00+00:00,45.4,44.9,829.0,36.8,44.6,147.0,1.0,0.0,147.2789,Karachi,13,0,11,120.70577,101.99829,98.54362710316975,13.418915300207885,0.22014795
2025-11-17 14:00:00+00:00,45.5,44.9,1297.0,60.9,38.2,94.0,1.0,0.0,155.61224,Karachi,14,0,11,122.406456,109.013596,99.92720158894856,17.173029070863947,0.2712748
2025-11-17 15:00:00+00:00,43.4,42.6,1593.0,77.1,32.8,54.0,1.0,0.0,148.12924,Karachi,15,0,11,106.037415,100.08502,101.68102773030598,19.776223731115007,0.3969526
2025-11-17 16:00:00+00:00,42.3,41.1,1563.0,77.5,29.6,40.0,1.0,0.0,125.38264,Karachi,16,0,11,85.69149,85.2305,103.33482551574707,20.03880736873627,0.46318656
2025-11-17 17:00:00+00:00,42.7,41.3,1362.0,70.0,27.6,39.0,2.0,0.0,99.21985,Karachi,17,0,11,87.508865,85.77127,103.82278315226237,19.777561916796795,0.13382626
2025-11-17 18:00:00+00:00,45.3,43.5,1146.0,63.6,26.0,38.0,2.0,0.0,98.10283,Karachi,18,0,11,89.19326,86.46276,104.19401518503825,19.573587338620857,0.099890605
2025-11-17 19:00:00+00:00,47.6,45.5,945.0,62.4,25.1,33.0,2.0,0.0,97.163124,Karachi,19,0,11,90.27481,87.39362,104.4810282389323,19.41043481450918,0.076303825
2025-11-17 20:00:00+00:00,48.7,46.3,728.0,62.4,24.7,28.0,3.0,0.0,96.69326,Karachi,20,0,11,90.98403,88.09397,104.71891276041667,19.272323939526125,0.06274979
2025-11-17 21:00:00+00:00,49.7,47.3,561.0,60.6,23.9,25.0,3.0,0.0,96.79078,Karachi,21,0,11,91.737595,88.32446,104.9294621149699,19.151562029616404,0.05508303
2025-11-17 22:00:00+00:00,49.7,47.5,431.0,54.3,21.8,24.0,3.0,0.0,97.420204,Karachi,22,0,11,92.508865,88.32446,105.1341012318929,19.03898315142864,0.053090468
2025-11-17 23:00:00+00:00,46.4,44.5,350.0,46.3,19.3,24.0,3.0,0.0,98.484024,Karachi,23,0,11,93.19149,88.22695,105.35462347666423,18.92495094857364,0.05679203
2025-11-18 00:00:00+00:00,50.3,48.1,420.0,47.3,21.3,22.0,3.0,0.0,99.742905,Karachi,0,1,11,93.68794,88.07625,105.60691356658936,18.80262355599447,0.06462904
2025-11-18 01:00:00+00:00,49.2,47.3,811.0,50.6,21.3,15.0,3.0,0.0,101.614586,Karachi,1,1,11,94.11347,87.65071,105.91945997873943,18.6651081645766,0.07970287
2025-11-18 02:00:00+00:00,54.5,52.7,1353.0,54.6,21.5,7.0,2.0,0.05,103.6875,Karachi,2,1,11,94.42377,87.10993,106.30544884999593,18.51220400853611,0.09810806
2025-11-18 03:00:00+00:00,60.8,59.3,1642.0,53.5,24.1,13.0,2.0,0.6,105.75,Karachi,3,1,11,94.77837,86.276596,106.76259994506836,18.349929994176478,0.11576086
2025-11-18 04:00:00+00:00,48.4,46.1,1425.0,42.5,31.4,47.0,3.0,1.9,107.5104,Karachi,4,1,11,95.49646,84.78725,107.26318073272705,18.192422878387745,0.12580507
2025-11-18 05:00:00+00:00,36.1,32.0,956.0,26.5,41.1,95.0,3.0,3.7,108.145836,Karachi,5,1,11,95.85993,84.24646,107.77509339650472,18.0297259880287,0.12816517
2025-11-18 06:00:00+00:00,32.4,29.5,589.0,14.2,47.6,136.0,4.0,5.35,108.47916,Karachi,6,1,11,96.179085,84.2642,108.28759638468425,17.859789554154563,0.12788717
2025-11-18 07:00:00+00:00,31.0,28.9,470.0,9.1,48.1,161.0,4.0,6.05,109.572914,Karachi,7,1,11,96.258865,84.14894,108.84234841664632,17.67574312202379,0.13831504
2025-11-18 08:00:00+00:00,31.2,29.4,453.0,7.7,45.5,178.0,3.0,5.5,110.64583,Karachi,8,1,11,96.507095,83.94504,109.43146228790283,17.481292274315617,0.1465046
2025-11-18 09:00:00+00:00,32.2,30.4,463.0,8.0,43.2,188.0,3.0,4.0,111.57291,Karachi,9,1,11,96.835106,83.758865,110.04553731282552,17.2772353414493,0.15219481
2025-11-18 10:00:00+00:00,33.2,31.3,470.0,8.3,42.8,192.0,3.0,2.25,112.395836,Karachi,10,1,11,97.26064,83.5195,110.6761703491211,17.065209246297638,0.15561478
2025-11-18 11:00:00+00:00,33.9,31.9,504.0,10.2,42.7,187.0,3.0,0.85,113.09374,Karachi,11,1,11,97.82802,83.24468,111.31224219004314,16.84862396072834,0.15604654
2025-11-18 12:00:00+00:00,33.4,31.7,569.0,16.2,44.6,177.0,3.0,0.15,118.36734,Karachi,12,1,11,119.00511,101.785706,111.28566837310791,16.836461717282432,-0.005359195
2025-11-18 13:00:00+00:00,47.3,45.5,692.0,32.8,40.4,139.0,3.0,0.0,146.00339,Karachi,13,1,11,147.2789,120.70577,111.23252201080322,16.719511757296218,-0.008660526
2025-11-18 14:00:00+00:00,47.4,45.4,847.0,55.6,34.6,85.0,3.0,0.0,154.01785,Karachi,14,1,11,155.61224,122.406456,111.16608905792236,16.537686348464035,-0.010245922
2025-11-18 15:00:00+00:00,46.9,44.6,964.0,72.3,30.0,44.0,3.0,0.0,144.5153,Karachi,15,1,11,148.12924,106.037415,111.01550833384196,16.199487269007353,-0.02439719
2025-11-18 16:00:00+00:00,48.1,45.5,1027.0,77.3,28.0,27.0,3.0,0.0,119.642845,Karachi,16,1,11,125.38264,85.69149,110.77635033925374,16.019528511225904,-0.045778204
2025-11-18 17:00:00+00:00,49.5,46.9,1052.0,76.3,27.2,21.0,4.0,0.0,114.94793,Karachi,17,1,11,99.21985,87.508865,111.43168703715007,15.846991083379761,0.15851748
2025-11-18 18:00:00+00:00,51.0,48.3,1022.0,73.5,26.1,18.0,4.0,0.0,115.531265,Karachi,18,1,11,98.10283,89.19326,112.15787188212077,15.607155166922485,0.17765477
2025-11-18 19:00:00+00:00,51.0,48.3,905.0,70.3,24.0,15.0,4.0,0.0,116.03125,Karachi,19,1,11,97.163124,90.27481,112.94404379526775,15.291007205404119,0.19419019
2025-11-18 20:00:00+00:00,50.1,47.3,733.0,65.4,21.5,15.0,4.0,0.0,116.32292,Karachi,20,1,11,96.69326,90.98403,113.76194636027019,14.904064851434097,0.20300962
2025-11-18 21:00:00+00:00,49.1,46.1,585.0,59.4,19.4,16.0,4.0,0.0,116.427086,Karachi,21,1,11,96.79078,91.737595,114.58012580871582,14.464398359116382,0.20287374
2025-11-18 22:00:00+00:00,47.4,44.2,431.0,50.5,17.5,20.0,4.0,0.0,116.302086,Karachi,22,1,11,97.420204,92.508865,115.36687088012695,13.99639684330975,0.19381896
2025-11-18 23:00:00+00:00,44.7,41.4,302.0,40.4,16.0,26.0,4.0,0.0,115.958336,Karachi,23,1,11,98.484024,93.19149,116.09496720631917,13.526586055245502,0.17743295
2025-11-19 00:00:00+00:00,48.1,44.4,365.0,43.4,18.3,23.0,5.0,0.0,115.63542,Karachi,0,2,11,99.742905,93.68794,116.757155418396,13.072662468342635,0.15933481
2025-11-19 01:00:00+00:00,47.7,44.1,842.0,48.2,19.5,16.0,5.0,0.0,115.24999,Karachi,1,2,11,101.614586,94.11347,117.32529735565186,12.676237396279973,0.13418749
2025-11-19 02:00:00+00:00,54.7,50.9,1512.0,54.4,21.3,9.0,4.0,0.05,114.91666,Karachi,2,2,11,103.6875,94.42377,117.79317887624104,12.354120934341994,0.10829807
2025-11-19 03:00:00+00:00,62.9,59.6,1882.0,54.8,24.1,14.0,4.0,0.55,114.729164,Karachi,3,2,11,105.75,94.77837,118.16731071472168,12.10704004892821,0.08490936
2025-11-19 04:00:00+00:00,49.0,45.5,1651.0,44.2,28.6,44.0,4.0,1.8,114.76042,Karachi,4,2,11,107.5104,95.49646,118.46939500172932,11.918558118568432,0.06743555
2025-11-19 05:00:00+00:00,39.5,35.0,1120.0,27.8,34.0,87.0,5.0,3.5,114.69791,Karachi,5,2,11,108.145836,95.85993,118.74239794413249,11.745593352001782,0.06058551
2025-11-19 06:00:00+00:00,35.9,32.1,696.0,15.1,38.8,124.0,5.0,5.05,115.010414,Karachi,6,2,11,108.47916,96.179085,119.0145336786906,11.57184052657541,0.06020749
2025-11-19 07:00:00+00:00,36.1,33.2,541.0,9.7,42.6,150.0,5.0,5.7,115.28125,Karachi,7,2,11,109.572914,96.258865,119.25238100687663,11.427099479311792,0.052096233
2025-11-19 08:00:00+00:00,37.6,35.0,492.0,7.9,45.7,171.0,4.0,5.2,115.729164,Karachi,8,2,11,110.64583,96.507095,119.464186668396,11.307118737314411,0.045942407
2025-11-19 09:00:00+00:00,39.0,36.7,468.0,7.8,47.4,183.0,3.0,3.8,116.31249,Karachi,9,2,11,111.57291,96.835106,119.6616694132487,11.204223530017002,0.04247972
2025-11-19 10:00:00+00:00,39.9,37.6,425.0,8.4,47.3,184.0,3.0,2.1,116.96875,Karachi,10,2,11,112.395836,97.26064,119.85220750172932,11.113807582598614,0.040685795
2025-11-19 11:00:00+00:00,39.7,37.5,407.0,10.8,45.7,177.0,2.0,0.8,117.625,Karachi,11,2,11,113.09374,97.82802,120.0410099029541,11.03219128892658,0.040066388
2025-11-19 12:00:00+00:00,35.9,34.1,462.0,14.8,43.0,158.0,2.0,0.15,118.208336,Karachi,12,2,11,118.36734,119.00511,120.03438472747803,11.03328776854775,-0.0013433115
2025-11-19 13:00:00+00:00,43.0,41.7,667.0,29.7,39.3,125.0,2.0,0.0,128.99658,Karachi,13,2,11,146.00339,147.2789,119.32576783498128,9.766289992629307,-0.116482265
2025-11-19 14:00:00+00:00,44.1,42.8,945.0,50.2,34.2,80.0,1.0,0.0,137.07481,Karachi,14,2,11,154.01785,155.61224,118.61980787913005,7.498627219793173,-0.11000698
2025-11-19 15:00:00+00:00,42.5,41.2,1119.0,64.9,29.9,45.0,1.0,0.0,127.72107,Karachi,15,2,11,144.5153,148.12924,117.9200480779012,5.492210748916276,-0.11621077
2025-11-19 16:00:00+00:00,41.0,39.7,1100.0,69.2,27.4,31.0,1.0,0.0,117.43749,Karachi,16,2,11,119.642845,125.38264,117.82815837860107,5.480570011546138,-0.018432802
2025-11-19 17:00:00+00:00,40.0,38.8,976.0,67.6,25.7,28.0,1.0,0.0,116.83333,Karachi,17,2,11,114.94793,99.21985,117.90671666463216,5.45092233998208,0.0164022
2025-11-19 18:00:00+00:00,39.2,38.1,837.0,62.5,23.7,29.0,1.0,0.0,115.98958,Karachi,18,2,11,115.531265,98.10283,117.92581303914388,5.443035631663972,0.003967004
2025-11-19 19:00:00+00:00,36.8,35.6,694.0,52.6,20.9,36.0,1.0,0.0,114.92708,Karachi,19,2,11,116.03125,97.163124,117.8798058827718,5.464370323943086,-0.009516158
2025-11-19 20:00:00+00:00,33.4,32.1,536.0,39.1,17.8,47.0,1.0,0.0,113.60415,Karachi,20,2,11,116.32292,96.69326,117.76652367909749,5.525884764936986,-0.023372632
2025-11-19 21:00:00+00:00,30.9,29.5,417.0,28.3,15.5,55.0,1.0,0.0,112.02083,Karachi,21,2,11,116.427086,96.79078,117.58292961120605,5.644251464298722,-0.03784564
2025-11-19 22:00:00+00:00,29.3,27.9,321.0,21.7,14.1,57.0,1.0,0.0,110.29166,Karachi,22,2,11,116.302086,97.420204,117.33249505360921,5.8337142296085815,-0.051679462
2025-11-19 23:00:00+00:00,28.6,27.2,265.0,17.8,13.5,55.0,1.0,0.0,108.593735,Karachi,23,2,11,115.958336,98.484024,117.02563667297363,6.096894534418791,-0.06351075
2025-11-20 00:00:00+00:00,35.0,33.5,353.0,24.1,14.2,40.0,1.0,0.0,107.11458,Karachi,0,3,11,115.63542,99.742905,116.67060152689616,6.4208560002505894,-0.07368714
2025-11-20 01:00:00+00:00,40.0,38.8,748.0,31.9,15.3,27.0,1.0,0.0,105.97917,Karachi,1,3,11,115.24999,101.614586,116.284317334493,6.778923153000066,-0.08044097
2025-11-20 02:00:00+00:00,51.6,50.3,1287.0,42.1,17.2,11.0,1.0,0.05,105.427086,Karachi,2,3,11,114.91666,103.6875,115.88891855875652,7.129833810438687,-0.082577854
2025-11-20 03:00:00+00:00,61.2,60.3,1583.0,46.8,20.5,11.0,1.0,0.55,105.364586,Karachi,3,3,11,114.729164,105.75,115.49872779846191,7.445327597938569,-0.081623346
2025-11-20 04:00:00+00:00,47.7,46.4,1389.0,40.6,26.5,39.0,1.0,1.75,105.43749,Karachi,4,3,11,114.76042,107.5104,115.11027240753174,7.72353430664004,-0.081238195
2025-11-20 05:00:00+00:00,34.2,32.4,952.0,28.8,34.0,83.0,1.0,3.45,105.53124,Karachi,5,3,11,114.69791,108.145836,114.7283280690511,7.967611626239563,-0.07992007
2025-11-20 06:00:00+00:00,30.6,29.0,631.0,19.0,40.3,122.0,1.0,5.0,105.26042,Karachi,6,3,11,115.010414,108.47916,114.32207838694255,8.197841581726992,-0.08477487
2025-11-20 07:00:00+00:00,31.7,30.2,587.0,13.6,44.5,150.0,1.0,5.65,104.93751,Karachi,7,3,11,115.28125,109.572914,113.89108912150066,8.414268595595637,-0.08972615
2025-11-20 08:00:00+00:00,34.6,33.1,658.0,10.1,47.4,173.0,1.0,5.1,104.62501,Karachi,8,3,11,115.729164,110.64583,113.4284159342448,8.611777120546671,-0.09594951
2025-11-20 09:00:00+00:00,36.4,35.0,716.0,8.8,48.8,186.0,1.0,3.7,104.427086,Karachi,9,3,11,116.31249,111.57291,112.9331906636556,8.77883401011015,-0.10218512
2025-11-20 10:00:00+00:00,37.7,36.3,694.0,9.2,48.5,189.0,1.0,2.05,104.25,Karachi,10,3,11,116.96875,112.395836,112.40324274698894,8.90757883746895,-0.10873631
2025-11-20 11:00:00+00:00,38.1,36.7,658.0,11.7,46.7,182.0,1.0,0.75,104.11458,Karachi,11,3,11,117.625,113.09374,111.84030850728352,8.989761878494892,-0.114860125
2025-11-20 12:00:00+00:00,32.2,31.7,677.0,16.4,48.8,173.0,0.0,0.1,105.61223,Karachi,12,3,11,118.208336,118.36734,111.3154706954956,8.969489647584597,-0.10655854
2025-11-20 13:00:00+00:00,36.7,36.1,814.0,27.7,43.7,139.0,0.0,0.0,134.09863,Karachi,13,3,11,128.99658,146.00339,111.52805614471436,9.454137076024534,0.039551828
2025-11-20 14:00:00+00:00,37.5,36.8,1005.0,43.3,36.6,92.0,0.0,0.0,146.00339,Karachi,14,3,11,137.07481,154.01785,111.90008004506429,10.608336093826383,0.0651365
2025-11-20 15:00:00+00:00,34.8,34.2,1126.0,54.8,30.8,55.0,0.0,0.0,139.62585,Karachi,15,3,11,127.72107,144.5153,112.39611275990804,11.61119396414787,0.09320925
2025-11-20 16:00:00+00:00,33.6,33.1,1125.0,58.7,27.7,38.0,0.0,0.0,119.43025,Karachi,16,3,11,117.43749,119.642845,112.47914441426595,11.655851537864864,0.016968684
2025-11-20 17:00:00+00:00,34.0,33.3,1054.0,58.6,25.8,32.0,0.0,0.0,101.156235,Karachi,17,3,11,116.83333,114.94793,111.82593218485515,11.83907132096726,-0.1341834
2025-11-20 18:00:00+00:00,34.8,34.1,944.0,56.6,24.0,28.0,0.0,0.0,100.58333,Karachi,18,3,11,115.98958,115.531265,111.1840051015218,12.019790799255109,-0.13282444
2025-11-20 19:00:00+00:00,34.0,33.4,773.0,52.6,21.8,26.0,0.0,0.0,100.16666,Karachi,19,3,11,114.92708,116.03125,110.56898752848308,12.196269894362127,-0.12843293
2025-11-20 20:00:00+00:00,31.8,31.1,561.0,46.8,19.6,26.0,0.0,0.0,99.94681,Karachi,20,3,11,113.60415,116.32292,109.99993165334065,12.365930916869607,-0.12021868
2025-11-20 21:00:00+00:00,30.5,29.7,406.0,42.1,17.8,25.0,0.0,0.0,99.858154,Karachi,21,3,11,112.02083,116.427086,109.49315357208252,12.527676385882803,-0.10857511
2025-11-20 22:00:00+00:00,31.1,30.4,306.0,39.6,16.4,21.0,0.0,0.0,99.87588,Karachi,22,3,11,110.29166,116.302086,109.05916277567546,12.678320389434852,-0.09443851
2025-11-20 23:00:00+00:00,33.6,33.1,262.0,38.2,15.3,17.0,0.0,0.0,100.114586,Karachi,23,3,11,108.593735,115.958336,108.70586490631104,12.809318532356174,-0.078081384
2025-11-21 00:00:00+00:00,38.4,38.0,368.0,46.0,16.7,9.0,0.0,0.0,100.729164,Karachi,0,4,11,107.11458,115.63542,108.43980598449707,12.909729082811204,-0.059612934
2025-11-21 01:00:00+00:00,38.9,38.5,772.0,46.1,17.5,5.0,0.0,0.0,101.19792,Karachi,1,4,11,105.97917,115.24999,108.24058723449707,12.986017675477626,-0.045114998
2025-11-21 02:00:00+00:00,47.1,46.8,1327.0,46.0,18.9,2.0,0.0,0.05,101.16666,Karachi,2,4,11,105.427086,114.91666,108.0630693435669,13.055086415628438,-0.040411144
2025-11-21 03:00:00+00:00,58.8,58.6,1687.0,44.1,22.8,10.0,0.0,0.55,100.802086,Karachi,3,4,11,105.364586,114.729164,107.87296517690022,13.129098429221006,-0.043302026
2025-11-21 04:00:00+00:00,40.6,40.3,1674.0,39.4,31.5,38.0,0.0,1.7,100.625,Karachi,4,4,11,105.43749,114.76042,107.67244466145833,13.204446971513265,-0.045643084
2025-11-21 05:00:00+00:00,24.7,24.2,1466.0,33.0,42.6,77.0,0.0,3.4,99.991135,Karachi,5,4,11,105.53124,114.69791,107.44160683949788,13.291644262926482,-0.052497324
2025-11-21 06:00:00+00:00,24.8,24.4,1255.0,26.7,50.5,113.0,0.0,4.95,99.26418,Karachi,6,4,11,105.26042,115.010414,107.19176355997722,13.390415354597588,-0.05696575
2025-11-21 07:00:00+00:00,26.7,26.1,1081.0,20.4,52.4,144.0,1.0,5.65,98.85638,Karachi,7,4,11,104.93751,115.28125,106.93838310241699,13.492075456582821,-0.057950024
2025-11-21 08:00:00+00:00,28.6,27.9,903.0,14.2,51.0,171.0,1.0,5.15,98.492905,Karachi,8,4,11,104.62501,115.729164,106.68287881215413,13.595456281059592,-0.058610298
2025-11-21 09:00:00+00:00,30.5,29.5,792.0,10.9,49.3,188.0,2.0,3.8,98.03191,Karachi,9,4,11,104.427086,116.31249,106.41641330718994,13.703830670604454,-0.06124055
2025-11-21 10:00:00+00:00,32.1,31.1,795.0,10.5,48.4,192.0,2.0,2.1,97.54433,Karachi,10,4,11,104.25,116.96875,106.13701025644939,13.817807372234878,-0.06432301
2025-11-21 11:00:00+00:00,33.2,32.1,865.0,12.9,47.1,186.0,1.0,0.8,97.08333,Karachi,11,4,11,104.11458,117.625,105.84404150644939,13.936580585269413,-0.06753377
2025-11-21 12:00:00+00:00,50.9,48.9,934.0,19.5,49.9,174.0,3.0,0.1,102.42348,Karachi,12,4,11,105.61223,118.208336,105.71117687225342,13.954075692910253,-0.030193012
2025-11-21 13:00:00+00:00,58.4,56.9,979.0,36.2,45.2,135.0,3.0,0.0,131.33502,Karachi,13,4,11,134.09863,128.99658,105.59602642059326,13.71905815966996,-0.020608792
2025-11-21 14:00:00+00:00,58.2,56.8,1023.0,59.1,38.6,82.0,2.0,0.0,143.66496,Karachi,14,4,11,146.00339,137.07481,105.49859205881755,13.424750102809723,-0.016016236
2025-11-21 15:00:00+00:00,55.6,54.1,1071.0,76.1,33.5,40.0,2.0,0.0,137.07481,Karachi,15,4,11,139.62585,127.72107,105.3922986984253,13.150081227550096,-0.018270547
2025-11-21 16:00:00+00:00,55.4,53.8,1161.0,81.7,31.6,22.0,2.0,0.0,114.96597,Karachi,16,4,11,119.43025,117.43749,105.20628706614177,12.97326235253566,-0.0373798
2025-11-21 17:00:00+00:00,58.3,56.7,1256.0,81.3,31.1,15.0,2.0,0.0,106.36457,Karachi,17,4,11,101.156235,116.83333,105.42330106099446,12.946101888941284,0.051488034
2025-11-21 18:00:00+00:00,61.5,59.8,1240.0,79.0,30.0,12.0,2.0,0.0,108.80208,Karachi,18,4,11,100.58333,115.98958,105.76574897766113,12.921185921733423,0.08171086
2025-11-21 19:00:00+00:00,60.8,59.3,1011.0,76.2,27.4,9.0,2.0,0.0,111.479164,Karachi,19,4,11,100.16666,114.92708,106.23710346221924,12.914388881397942,0.11293686
2025-11-21 20:00:00+00:00,58.0,56.1,672.0,71.5,24.2,10.0,3.0,0.0,114.177086,Karachi,20,4,11,99.94681,113.60415,106.83003171284993,12.939677928056007,0.14237851
2025-11-21 21:00:00+00:00,52.7,50.9,423.0,64.9,21.4,13.0,3.0,0.0,116.78125,Karachi,21,4,11,99.858154,112.02083,107.53516070048015,13.004176248314579,0.16947134
2025-11-21 22:00:00+00:00,48.2,46.3,311.0,54.1,19.2,20.0,3.0,0.0,118.98958,Karachi,22,4,11,99.87588,110.29166,108.33156490325928,13.099642587705269,0.19137454
2025-11-21 23:00:00+00:00,44.6,42.6,290.0,41.4,17.5,29.0,3.0,0.0,120.645836,Karachi,23,4,11,100.114586,108.593735,109.18703365325928,13.20963631923863,0.20507751
2025-11-22 00:00:00+00:00,43.0,41.2,420.0,38.7,17.4,32.0,3.0,0.0,121.635414,Karachi,0,5,11,100.729164,107.11458,110.05812740325928,13.3165288342208,0.20754912
2025-11-22 01:00:00+00:00,42.1,40.5,847.0,44.1,17.9,26.0,2.0,0.0,121.968735,Karachi,1,5,11,101.19792,105.97917,110.92357794443767,13.390411618315113,0.2052494
2025-11-22 02:00:00+00:00,46.8,45.3,1425.0,51.1,18.8,20.0,2.0,0.05,122.17708,Karachi,2,5,11,101.16666,105.427086,111.79901218414307,13.411582188481084,0.20768128
2025-11-22 03:00:00+00:00,52.6,51.3,1783.0,52.9,20.5,27.0,2.0,0.45,122.02083,Karachi,3,5,11,100.802086,105.364586,112.68312644958496,13.3543930061561,0.21049903
2025-11-22 04:00:00+00:00,54.1,52.9,1715.0,44.7,23.7,59.0,4.0,1.55,121.260414,Karachi,4,5,11,100.625,105.43749,113.54293537139893,13.207778712865954,0.20507243
2025-11-22 05:00:00+00:00,52.6,50.8,1427.0,31.3,27.8,103.0,6.0,3.05,122.572914,Karachi,5,5,11,99.991135,105.53124,114.48384284973145,13.003154256555476,0.22583781
2025-11-22 06:00:00+00:00,56.5,52.4,1158.0,20.3,31.3,140.0,8.0,4.4,125.34374,Karachi,6,5,11,99.26418,105.26042,115.5704911549886,12.763478022527888,0.2627288
2025-11-22 07:00:00+00:00,54.2,49.2,979.0,14.2,33.4,160.0,9.0,5.0,128.26042,Karachi,7,5,11,98.85638,104.93751,116.79565970102946,12.497816056107476,0.29744208
2025-11-22 08:00:00+00:00,52.2,47.0,820.0,10.5,34.9,173.0,10.0,4.6,130.66666,Karachi,8,5,11,98.492905,104.62501,118.13623269399007,12.170486020146642,0.3266606
2025-11-22 09:00:00+00:00,52.5,47.3,712.0,9.4,36.5,180.0,10.0,3.35,132.65623,Karachi,9,5,11,98.03191,104.427086,119.57891273498535,11.727840885018376,0.3531944
2025-11-22 10:00:00+00:00,53.7,48.3,664.0,10.4,38.9,186.0,9.0,1.85,134.5104,Karachi,10,5,11,97.54433,104.25,121.11916605631511,11.119824038091016,0.378967
2025-11-22 11:00:00+00:00,54.5,49.4,666.0,14.1,41.4,187.0,8.0,0.7,136.30208,Karachi,11,5,11,97.08333,104.11458,122.75328063964844,10.284375199810993,0.40396997
2025-11-22 12:00:00+00:00,69.8,64.3,724.0,19.9,49.5,181.0,10.0,0.1,138.10417,Karachi,12,5,11,102.42348,105.61223,124.23997624715169,9.78458237501528,0.3483644
2025-11-22 13:00:00+00:00,78.0,73.1,853.0,33.0,45.9,146.0,10.0,0.0,145.15305,Karachi,13,5,11,131.33502,134.09863,124.81572723388672,10.593345448586867,0.105212025
2025-11-22 14:00:00+00:00,77.5,72.4,1038.0,51.2,41.0,98.0,10.0,0.0,153.22066,Karachi,14,5,11,143.66496,146.00339,125.21388117472331,11.475452053933557,0.06651375
2025-11-22 15:00:00+00:00,75.7,69.6,1232.0,65.9,37.3,58.0,10.0,0.0,145.36566,Karachi,15,5,11,137.07481,139.62585,125.55933316548665,11.962489267455098,0.060484108
2025-11-22 16:00:00+00:00,75.0,68.0,1484.0,74.2,36.4,35.0,12.0,0.0,144.63542,Karachi,16,5,11,114.96597,119.43025,126.79556020100911,12.347022413786918,0.25807157
2025-11-22 17:00:00+00:00,78.0,69.8,1745.0,79.0,36.7,21.0,14.0,0.0,146.1146,Karachi,17,5,11,106.36457,101.156235,128.45181115468344,12.151739607711399,0.3737149
2025-11-22 18:00:00+00:00,86.8,78.2,1830.0,80.2,35.6,12.0,15.0,0.0,147.47917,Karachi,18,5,11,108.80208,100.58333,130.06335671742758,11.996174002263233,0.3554812
2025-11-22 19:00:00+00:00,87.5,81.5,1593.0,76.4,31.3,8.0,13.0,0.0,149.39583,Karachi,19,5,11,111.479164,100.16666,131.64321772257486,11.938898004482024,0.34012333
2025-11-22 20:00:00+00:00,79.6,75.2,1179.0,69.0,25.5,9.0,9.0,0.0,150.35965,Karachi,20,5,11,114.177086,99.94681,133.15082454681396,11.921933660224497,0.31689864
2025-11-22 21:00:00+00:00,73.6,70.3,838.0,61.9,20.9,11.0,6.0,0.0,150.7785,Karachi,21,5,11,116.78125,99.858154,134.56737677256265,11.912107025526131,0.2911191
2025-11-22 22:00:00+00:00,69.4,66.1,614.0,56.0,18.4,12.0,5.0,0.0,151.20395,Karachi,22,5,11,118.98958,99.87588,135.90964221954346,11.895428877484685,0.2707327
2025-11-22 23:00:00+00:00,65.9,62.6,463.0,50.4,17.2,14.0,6.0,0.0,151.63817,Karachi,23,5,11,120.645836,100.114586,137.20098940531412,11.848516943533177,0.25688687
2025-11-23 00:00:00+00:00,75.4,72.2,496.0,49.8,15.7,8.0,6.0,0.0,152.07675,Karachi,0,6,11,121.635414,100.729164,138.4693784713745,11.738637145953687,0.25026706
2025-11-23 01:00:00+00:00,72.4,68.2,882.0,52.4,17.5,5.0,6.0,0.0,152.75658,Karachi,1,6,11,121.968735,101.19792,139.75220521291098,11.537568437475285,0.25242406
2025-11-23 02:00:00+00:00,76.6,72.4,1453.0,55.4,20.6,2.0,5.0,0.05,153.36404,Karachi,2,6,11,122.17708,101.16666,141.0516621271769,11.224056306348512,0.25526038
2025-11-23 03:00:00+00:00,83.4,79.4,1813.0,53.9,26.3,13.0,7.0,0.45,153.95833,Karachi,3,6,11,122.02083,100.802086,142.3823912938436,10.7530306115626,0.2617381
2025-11-23 04:00:00+00:00,76.4,70.8,1753.0,43.5,38.3,49.0,12.0,1.55,154.57455,Karachi,4,6,11,121.260414,100.625,143.77048047383627,10.034081647340354,0.2747322
2025-11-23 05:00:00+00:00,68.2,56.5,1483.0,28.5,53.1,99.0,19.0,3.1,154.9671,Karachi,5,6,11,122.572914,99.991135,145.12023830413818,9.203041747580093,0.26428506
2025-11-23 06:00:00+00:00,65.0,51.0,1237.0,16.6,61.5,139.0,25.0,4.5,155.0921,Karachi,6,6,11,125.34374,99.26418,146.35975329081217,8.391150146323097,0.23733422
2025-11-23 07:00:00+00:00,62.4,50.2,1083.0,10.7,57.9,161.0,28.0,5.1,155.0614,Karachi,7,6,11,128.26042,98.85638,147.4764607747396,7.626231163648401,0.20895752
2025-11-23 08:00:00+00:00,62.2,48.8,953.0,7.9,48.0,172.0,29.0,4.65,155.08333,Karachi,8,6,11,130.66666,98.492905,148.49382209777832,6.878196729752343,0.1868623
2025-11-23 09:00:00+00:00,63.1,47.3,874.0,7.1,39.8,177.0,29.0,3.4,155.1228,Karachi,9,6,11,132.65623,98.03191,149.4299290974935,6.1155670051340465,0.16935931
2025-11-23 10:00:00+00:00,63.1,46.4,860.0,7.1,36.5,176.0,28.0,1.85,155.1228,Karachi,10,6,11,134.5104,97.54433,150.28877894083658,5.325563360769936,0.15324016
2025-11-23 11:00:00+00:00,61.7,46.7,897.0,9.1,34.9,167.0,25.0,0.7,155.08115,Karachi,11,6,11,136.30208,97.08333,151.07124010721842,4.496193917516911,0.13777536
2025-11-23 12:00:00+00:00,58.9,50.8,973.0,17.4,36.7,156.0,15.0,0.1,155.02193,Karachi,12,6,11,138.10417,102.42348,151.77614657084146,3.614584608054225,0.12249996
2025-11-23 13:00:00+00:00,74.5,68.9,1121.0,40.3,35.3,120.0,13.0,0.0,154.72589,Karachi,13,6,11,145.15305,131.33502,152.17501513163248,3.3719902745360906,0.06595001
2025-11-23 14:00:00+00:00,78.5,74.0,1308.0,71.8,33.4,70.0,10.0,0.0,154.63377,Karachi,14,6,11,153.22066,143.66496,152.2338949839274,3.403235327305185,0.009222754
2025-11-23 15:00:00+00:00,80.3,76.4,1420.0,94.5,32.2,32.0,7.0,0.0,154.66887,Karachi,15,6,11,145.36566,137.07481,152.62152862548828,3.103549712413533,0.06399866
2025-11-23 16:00:00+00:00,83.8,79.9,1409.0,100.5,33.0,17.0,6.0,0.0,154.818,Karachi,16,6,11,144.63542,114.96597,153.0458024342855,2.6231646497582046,0.070401646
2025-11-23 17:00:00+00:00,88.0,84.3,1325.0,97.6,34.7,15.0,5.0,0.0,155.07895,Karachi,17,6,11,146.1146,106.36457,153.4193172454834,2.1969004057947026,0.06135154
2025-11-23 18:00:00+00:00,81.5,78.9,1200.0,92.1,34.6,14.0,5.0,0.0,155.39694,Karachi,18,6,11,147.47917,108.80208,153.7492243448893,1.8299451776332358,0.05368738
2025-11-23 19:00:00+00:00,71.9,69.6,1016.0,85.6,31.3,13.0,5.0,0.0,155.4123,Karachi,19,6,11,149.39583,111.479164,153.99991035461426,1.6060426621390107,0.040271968
2025-11-23 20:00:00+00:00,63.3,61.0,791.0,76.5,26.2,13.0,4.0,0.0,155.15132,Karachi,20,6,11,150.35965,114.177086,154.19956334431967,1.4210094030549185,0.03186807
2025-11-23 21:00:00+00:00,56.6,54.4,622.0,66.4,22.0,16.0,4.0,0.0,154.83992,Karachi,21,6,11,150.7785,116.78125,154.3687890370687,1.224074935243822,0.026936311
2025-11-23 22:00:00+00:00,51.1,49.1,518.0,53.5,19.2,22.0,4.0,0.0,154.49124,Karachi,22,6,11,151.20395,118.98958,154.50575955708823,1.0217373757763735,0.021740785
2025-11-23 23:00:00+00:00,46.7,44.7,469.0,39.6,17.1,29.0,4.0,0.0,154.11842,Karachi,23,6,11,151.63817,120.645836,154.60910352071127,0.8257122757677239,0.016356403
2025-11-24 00:00:00+00:00,49.5,47.3,536.0,45.4,17.3,21.0,4.0,0.0,153.72588,Karachi,0,0,11,152.07675,121.635414,154.67781702677408,0.6572467554678247,0.010844026
2025-11-24 01:00:00+00:00,47.1,45.2,830.0,49.3,19.1,18.0,3.0,0.0,153.17982,Karachi,1,0,11,152.75658,121.968735,154.69545237223306,0.6072295362605165,0.002770737
2025-11-24 02:00:00+00:00,51.5,49.5,1240.0,54.1,21.8,15.0,3.0,0.05,152.67545,Karachi,2,0,11,153.36404,122.17708,154.66676076253256,0.6842565024366807,-0.0044899615
2025-11-24 03:00:00+00:00,58.0,56.0,1494.0,53.6,24.7,23.0,3.0,0.45,152.17325,Karachi,3,0,11,153.95833,122.02083,154.59238243103027,0.8431750721769735,-0.011594566
2025-11-24 04:00:00+00:00,57.6,55.5,1454.0,42.6,28.6,52.0,5.0,1.6,151.66008,Karachi,4,0,11,154.57455,121.260414,154.47094599405924,1.0341111121878026,-0.018854814
2025-11-24 05:00:00+00:00,53.3,49.8,1259.0,26.1,32.7,93.0,7.0,3.2,151.32455,Karachi,5,0,11,154.9671,122.572914,154.31917317708334,1.2104013432562912,-0.023505297
2025-11-24 06:00:00+00:00,42.7,37.7,1054.0,13.4,34.1,124.0,9.0,4.7,151.17763,Karachi,6,0,11,155.0921,125.34374,154.15607007344565,1.356627361142138,-0.025239676
2025-11-24 07:00:00+00:00,36.8,31.3,843.0,7.6,30.4,138.0,9.0,5.35,150.88596,Karachi,7,0,11,155.0614,128.26042,153.9820931752523,1.496047848651406,-0.026927691
2025-11-24 08:00:00+00:00,34.1,28.9,622.0,5.5,24.0,143.0,9.0,5.0,150.47148,Karachi,8,0,11,155.08333,130.66666,153.78993288675943,1.6379085797888568,-0.029737864
2025-11-24 09:00:00+00:00,31.7,27.1,521.0,6.3,19.1,142.0,8.0,3.7,150.03508,Karachi,9,0,11,155.1228,132.65623,153.57794443766275,1.7809006502754574,-0.032798033
2025-11-24 10:00:00+00:00,29.8,25.7,577.0,9.3,17.3,137.0,7.0,2.1,148.06252,Karachi,10,0,11,155.1228,134.5104,153.28376579284668,2.073679254580209,-0.04551418
2025-11-24 11:00:00+00:00,28.6,25.0,752.0,15.2,17.1,127.0,6.0,0.75,145.90625,Karachi,11,0,11,155.08115,136.30208,152.90147844950357,2.5246012690950663,-0.059161905
2025-11-24 12:00:00+00:00,34.2,31.1,1066.0,21.3,20.7,122.0,6.0,0.1,143.64583,Karachi,12,0,11,155.02193,138.10417,152.42747433980307,3.1093932560778166,-0.0733838
2025-11-24 13:00:00+00:00,58.7,55.8,1710.0,46.3,27.1,91.0,6.0,0.0,141.59375,Karachi,13,0,11,154.72589,145.15305,151.88030179341635,3.7721682381878363,-0.08487359
2025-11-24 14:00:00+00:00,76.4,73.1,2492.0,80.3,35.7,49.0,6.0,0.0,140.22916,Karachi,14,0,11,154.63377,153.22066,151.28010940551758,4.407478136319055,-0.09315311
2025-11-24 15:00:00+00:00,82.4,79.6,2858.0,102.3,40.2,19.0,5.0,0.0,140.1354,Karachi,15,0,11,154.66887,145.36566,150.67454846700033,4.893272556012214,-0.09396502
2025-11-24 16:00:00+00:00,72.9,71.2,2424.0,101.9,36.7,11.0,4.0,0.0,140.46875,Karachi,16,0,11,154.818,144.63542,150.0766633351644,5.230037261157621,-0.0926846
2025-11-24 17:00:00+00:00,58.8,58.1,1574.0,89.4,29.2,15.0,2.0,0.0,139.56248,Karachi,17,0,11,155.07895,146.1146,149.4301439921061,5.534944561779709,-0.100055255
2025-11-24 18:00:00+00:00,48.0,47.4,904.0,74.8,22.5,23.0,1.0,0.0,136.83331,Karachi,18,0,11,155.39694,147.47917,148.6566594441732,5.946638988103304,-0.11945942
2025-11-24 19:00:00+00:00,42.6,41.8,665.0,59.6,18.4,33.0,1.0,0.0,133.5521,Karachi,19,0,11,155.4123,149.39583,147.7458178202311,6.513984976124849,-0.14065939
2025-11-24 20:00:00+00:00,40.4,39.1,607.0,42.3,15.3,46.0,2.0,0.0,130.65625,Karachi,20,0,11,155.15132,150.35965,146.72518984476724,7.187390818514034,-0.1578786
2025-11-24 21:00:00+00:00,39.8,38.2,576.0,28.0,13.1,58.0,3.0,0.0,128.37498,Karachi,21,0,11,154.83992,150.7785,145.62248420715332,7.884618056628808,-0.17091803
2025-11-24 22:00:00+00:00,39.8,37.7,507.0,18.0,11.9,69.0,3.0,0.0,126.68748,Karachi,22,0,11,154.49124,151.20395,144.46399402618408,8.540224246794333,-0.17996985
2025-11-24 23:00:00+00:00,39.6,37.3,466.0,11.1,11.7,80.0,4.0,0.0,125.499985,Karachi,23,0,11,154.11842,151.63817,143.27155907948813,9.112377889079582,-0.18569122
2025-11-25 00:00:00+00:00,39.5,37.0,495.0,11.6,12.3,74.0,4.0,0.0,124.72917,Karachi,0,1,11,153.72588,152.07675,142.06336307525635,9.576485228781166,-0.18862605
2025-11-25 01:00:00+00:00,39.2,36.9,667.0,19.3,13.0,68.0,4.0,0.0,123.65625,Karachi,1,1,11,153.17982,152.75658,140.8332141240438,9.974393933818673,-0.19273801
2025-11-25 02:00:00+00:00,41.4,39.1,910.0,29.5,14.2,62.0,4.0,0.05,122.79166,Karachi,2,1,11,152.67545,153.36404,139.5880562464396,10.292009587490819,-0.19573408
2025-11-25 03:00:00+00:00,44.7,42.5,1045.0,34.7,16.2,64.0,4.0,0.45,121.708336,Karachi,3,1,11,152.17325,153.95833,138.31868489583334,10.547844753517259,-0.20019887
2025-11-25 04:00:00+00:00,45.3,43.3,969.0,30.2,20.2,83.0,4.0,1.55,120.30208,Karachi,4,1,11,151.66008,154.57455,137.01210149129233,10.763353918191594,-0.20676504
2025-11-25 05:00:00+00:00,44.1,41.7,785.0,20.7,25.0,111.0,5.0,3.05,119.03125,Karachi,5,1,11,151.32455,154.9671,135.6665471394857,10.913807426710823,-0.21340425
2025-11-25 06:00:00+00:00,45.3,42.8,627.0,12.8,27.8,133.0,5.0,4.4,118.1875,Karachi,6,1,11,151.17763,155.0921,134.29195849100748,10.95273054442668,-0.21822096
2025-11-25 07:00:00+00:00,38.4,36.3,530.0,8.2,26.7,145.0,4.0,5.0,118.71874,Karachi,7,1,11,150.88596,155.0614,132.95165793100992,10.800933183954113,-0.21318892
2025-11-25 08:00:00+00:00,34.7,32.8,459.0,5.1,23.5,152.0,4.0,4.6,119.23958,Karachi,8,1,11,150.47148,155.08333,131.65032863616943,10.474850944201712,-0.20756029
2025-11-25 09:00:00+00:00,35.3,33.4,437.0,4.7,21.1,153.0,3.0,3.4,119.645836,Karachi,9,1,11,150.03508,155.1228,130.38411013285318,9.980953372479444,-0.2025476
2025-11-25 10:00:00+00:00,35.6,33.8,480.0,7.9,20.6,149.0,3.0,1.9,120.30208,Karachi,10,1,11,148.06252,155.1228,129.2274252573649,9.436879957550044,-0.18749133
2025-11-25 11:00:00+00:00,36.3,34.5,572.0,13.8,20.7,139.0,3.0,0.7,121.145836,Karachi,11,1,11,145.90625,155.08115,128.19574133555093,8.870670156638214,-0.16970085
2025-11-25 12:00:00+00:00,30.2,29.5,688.0,19.4,21.3,126.0,1.0,0.1,122.13542,Karachi,12,1,11,143.64583,155.02193,127.29947439829509,8.31077187165893,-0.14974612
2025-11-25 13:00:00+00:00,40.9,40.5,861.0,31.1,21.3,104.0,1.0,0.0,121.968735,Karachi,13,1,11,141.59375,154.72589,126.48176542917888,7.792494406356873,-0.13860086
2025-11-25 14:00:00+00:00,43.8,43.4,1059.0,46.7,21.3,75.0,1.0,0.0,120.37499,Karachi,14,1,11,140.22916,154.63377,125.65450859069824,7.308439766086357,-0.14158371
2025-11-25 15:00:00+00:00,42.4,41.9,1158.0,55.1,21.1,55.0,1.0,0.0,117.28125,Karachi,15,1,11,140.1354,154.66887,124.70225207010905,6.811619699890223,-0.16308624
2025-11-25 16:00:00+00:00,42.0,41.4,1081.0,49.7,20.7,55.0,1.0,0.0,113.35417,Karachi,16,1,11,140.46875,154.818,123.57247797648112,6.313274039931072,-0.19302925
2025-11-25 17:00:00+00:00,43.2,42.4,905.0,37.1,20.3,66.0,2.0,0.0,110.25001,Karachi,17,1,11,139.56248,155.07895,122.35112476348877,5.907724792266785,-0.21003121
2025-11-25 18:00:00+00:00,44.6,43.7,742.0,26.1,19.8,75.0,2.0,0.0,108.614586,Karachi,18,1,11,136.83331,155.39694,121.17534446716309,5.704718041950949,-0.20622702
2025-11-25 19:00:00+00:00,45.1,44.0,621.0,19.9,19.4,80.0,2.0,0.0,108.22919,Karachi,19,1,11,133.5521,155.4123,120.12022336324056,5.65765324531583,-0.1896107
2025-11-25 20:00:00+00:00,45.1,43.9,512.0,15.3,19.1,83.0,2.0,0.0,108.45834,Karachi,20,1,11,130.65625,155.15132,119.19531059265137,5.6747663538880655,-0.16989549
2025-11-25 21:00:00+00:00,45.2,43.9,436.0,11.9,18.8,86.0,2.0,0.0,108.95835,Karachi,21,1,11,128.37498,154.83992,118.38628419240315,5.693202412051538,-0.15124935
2025-11-25 22:00:00+00:00,45.4,44.1,381.0,8.7,18.5,89.0,2.0,0.0,109.55209,Karachi,22,1,11,126.68748,154.49124,117.67230987548828,5.68134870929245,-0.13525712
2025-11-25 23:00:00+00:00,45.9,44.5,358.0,6.6,18.3,92.0,2.0,0.0,110.218765,Karachi,23,1,11,125.499985,154.11842,117.03559239705403,5.621931613796583,-0.12176272
2025-11-26 00:00:00+00:00,46.2,44.9,421.0,7.9,18.5,91.0,2.0,0.0,110.96876,Karachi,0,2,11,124.72917,153.72588,116.46224180857341,5.503621044652182,-0.11032234
2025-11-26 01:00:00+00:00,47.1,45.9,665.0,16.9,19.4,81.0,2.0,0.0,111.79168,Karachi,1,2,11,123.65625,153.17982,115.96788469950359,5.360327255423582,-0.095948
2025-11-26 02:00:00+00:00,50.6,49.4,995.0,28.9,20.7,68.0,2.0,0.0,112.72918,Karachi,2,2,11,122.79166,152.67545,115.54861481984456,5.194344531687054,-0.081947565
2025-11-26 03:00:00+00:00,54.7,53.6,1182.0,35.5,21.7,65.0,2.0,0.4,113.8021,Karachi,3,2,11,121.708336,152.17325,115.21918837229411,5.034971487979967,-0.0649605
2025-11-26 04:00:00+00:00,55.4,54.2,1089.0,31.7,22.2,80.0,2.0,1.45,114.95834,Karachi,4,2,11,120.30208,151.66008,114.99653275807698,4.9172015254966075,-0.044419304
2025-11-26 05:00:00+00:00,50.9,49.6,853.0,22.4,22.4,104.0,2.0,2.9,116.09376,Karachi,5,2,11,119.03125,151.32455,114.87413724263509,4.848484535430594,-0.024678329
2025-11-26 06:00:00+00:00,37.8,36.7,652.0,14.5,21.9,125.0,2.0,4.35,116.91667,Karachi,6,2,11,118.1875,151.17763,114.82118606567383,4.817566295609247,-0.010752645
2025-11-26 07:00:00+00:00,26.1,25.1,541.0,9.5,19.9,138.0,2.0,5.05,116.28125,Karachi,7,2,11,118.71874,150.88596,114.71962388356526,4.757141175610072,-0.020531656
2025-11-26 08:00:00+00:00,22.9,21.7,466.0,5.8,17.2,147.0,2.0,4.7,115.11458,Karachi,8,2,11,119.23958,150.47148,114.54774888356526,4.660267005384023,-0.03459422
2025-11-26 09:00:00+00:00,22.4,21.1,445.0,5.1,15.4,150.0,2.0,3.55,113.958336,Karachi,9,2,11,119.645836,150.03508,114.3107697168986,4.532611947868956,-0.04753613
2025-11-26 10:00:00+00:00,22.0,20.8,457.0,8.5,15.4,146.0,2.0,2.0,112.677086,Karachi,10,2,11,120.30208,148.06252,113.99306170145671,4.358279269550936,-0.06338205
2025-11-26 11:00:00+00:00,21.9,20.7,523.0,14.9,16.3,135.0,2.0,0.75,111.32291,Karachi,11,2,11,121.145836,145.90625,113.58377297719319,4.111610784527632,-0.08108351
2025-11-26 12:00:00+00:00,32.7,31.4,724.0,26.1,18.7,120.0,2.0,0.1,109.88542,Karachi,12,2,11,122.13542,143.64583,113.07335631052653,3.748143861949459,-0.1002985
2025-11-26 13:00:00+00:00,47.0,46.1,1241.0,44.3,19.1,93.0,2.0,0.0,110.08333,Karachi,13,2,11,121.968735,141.59375,112.57813103993733,3.277352803546605,-0.09744634
2025-11-26 14:00:00+00:00,49.2,48.5,1892.0,68.7,19.6,55.0,1.0,0.0,110.66667,Karachi,14,2,11,120.37499,140.22916,112.17361768086751,2.843600265334764,-0.08065064
2025-11-26 15:00:00+00:00,40.6,40.2,2220.0,81.4,19.3,32.0,1.0,0.0,111.197914,Karachi,15,2,11,117.28125,140.1354,111.92014535268147,2.631758950603454,-0.05186964
2025-11-26 16:00:00+00:00,34.5,34.0,1923.0,71.7,17.5,35.0,1.0,0.0,111.02083,Karachi,16,2,11,113.35417,140.46875,111.822922706604,2.6195506975671137,-0.02058454
2025-11-26 17:00:00+00:00,31.4,31.0,1301.0,50.4,14.9,52.0,1.0,0.0,110.25,Karachi,17,2,11,110.25001,139.56248,111.82292238871257,2.6195508967452654,-6.920085e-08
2025-11-26 18:00:00+00:00,30.6,29.9,799.0,32.3,12.8,67.0,1.0,0.0,109.06249,Karachi,18,2,11,108.614586,136.83331,111.84158515930176,2.5971997482873967,0.0041238153
2025-11-26 19:00:00+00:00,31.2,30.4,591.0,22.7,11.7,75.0,1.0,0.0,107.62499,Karachi,19,2,11,108.22919,133.5521,111.8164103825887,2.636370150756839,-0.005582548
2025-11-26 20:00:00+00:00,32.6,31.7,503.0,16.3,11.1,81.0,2.0,0.0,106.208336,Karachi,20,2,11,108.45834,130.65625,111.72266006469727,2.7961405212758095,-0.020745363
2025-11-26 21:00:00+00:00,34.3,33.3,450.0,11.6,10.9,87.0,2.0,0.0,104.93751,Karachi,21,2,11,108.95835,128.37498,111.5551249186198,3.0754745045514458,-0.036902573
2025-11-26 22:00:00+00:00,35.7,34.6,399.0,7.9,11.1,93.0,2.0,0.0,103.83334,Karachi,22,2,11,109.55209,126.68748,111.3168436686198,3.437628108568497,-0.052201193
2025-11-26 23:00:00+00:00,36.7,35.5,384.0,5.8,11.7,98.0,2.0,0.0,102.843765,Karachi,23,2,11,110.218765,125.499985,111.00955200195312,3.8454863818462797,-0.06691238
2025-11-27 00:00:00+00:00,36.2,35.0,423.0,7.9,12.1,90.0,2.0,0.0,101.90625,Karachi,0,3,11,110.96876,124.72917,110.63194751739502,4.271060383730844,-0.0816672
2025-11-27 01:00:00+00:00,37.1,36.0,571.0,14.2,13.4,86.0,2.0,0.0,100.87501,Karachi,1,3,11,111.79168,123.65625,110.17708619435628,4.70176808860116,-0.097651914
2025-11-27 02:00:00+00:00,39.8,38.6,774.0,22.7,15.2,80.0,2.0,0.0,99.86702,Karachi,2,3,11,112.72918,122.79166,109.64116287231445,5.113254276139869,-0.11409787
2025-11-27 03:00:00+00:00,42.3,41.1,885.0,27.0,17.1,81.0,2.0,0.4,98.90957,Karachi,3,3,11,113.8021,121.708336,109.02064069112141,5.477051140350228,-0.13086343
2025-11-27 04:00:00+00:00,42.6,41.7,817.0,23.3,19.2,93.0,2.0,1.45,97.801414,Karachi,4,3,11,114.95834,120.30208,108.30576864878337,5.779671137092965,-0.14924476
2025-11-27 05:00:00+00:00,38.3,37.1,657.0,15.6,21.3,112.0,2.0,2.9,96.69326,Karachi,5,3,11,116.09376,119.03125,107.49741458892822,5.995726281669775,-0.16711059
2025-11-27 06:00:00+00:00,29.9,29.0,526.0,9.2,22.1,127.0,2.0,4.35,95.5851,Karachi,6,3,11,116.91667,118.1875,106.60859902699788,6.1185459838339815,-0.18245108
2025-11-27 07:00:00+00:00,25.6,24.5,460.0,6.0,20.4,136.0,2.0,5.05,94.90248,Karachi,7,3,11,116.28125,118.71874,105.71781698862712,6.204735608009806,-0.18385397
2025-11-27 08:00:00+00:00,26.4,25.1,421.0,4.2,17.4,141.0,2.0,4.75,94.84929,Karachi,8,3,11,115.11458,119.23958,104.87342993418376,6.249122175025876,-0.17604451
2025-11-27 09:00:00+00:00,26.7,25.4,420.0,4.2,15.2,143.0,2.0,3.55,95.150696,Karachi,9,3,11,113.958336,119.645836,104.0897782643636,6.239574078068665,-0.16503961
2025-11-27 10:00:00+00:00,27.2,25.8,469.0,6.4,14.7,141.0,2.0,2.0,95.53191,Karachi,10,3,11,112.677086,120.30208,103.37539609273274,6.194982314414096,-0.15216202
2025-11-27 11:00:00+00:00,27.9,26.7,556.0,10.3,15.0,135.0,2.0,0.75,95.975174,Karachi,11,3,11,111.32291,121.145836,102.73590723673503,6.130732268474746,-0.1378668
2025-11-27 12:00:00+00:00,32.0,31.2,649.0,15.4,16.1,126.0,1.0,0.1,96.507095,Karachi,12,3,11,109.88542,122.13542,102.17847696940105,6.0602060992109426,-0.12174796
2025-11-27 13:00:00+00:00,38.1,37.5,762.0,21.4,16.9,113.0,1.0,0.0,96.48937,Karachi,13,3,11,110.08333,121.968735,101.6120621363322,5.922982773927149,-0.123487875
2025-11-27 14:00:00+00:00,40.5,39.9,883.0,29.4,18.0,95.0,1.0,0.0,95.726944,Karachi,14,3,11,110.66667,120.37499,100.98957347869873,5.7112723133566226,-0.13499753
2025-11-27 15:00:00+00:00,39.9,39.5,938.0,33.5,18.9,83.0,1.0,0.0,94.96454,Karachi,15,3,11,111.197914,117.28125,100.31318283081055,5.402653319685024,-0.14598633
2025-11-27 16:00:00+00:00,38.4,37.8,882.0,30.4,19.4,83.0,1.0,0.0,94.90249,Karachi,16,3,11,111.02083,113.35417,99.64158535003662,5.000591925087305,-0.14518303
2025-11-27 17:00:00+00:00,36.8,36.3,761.0,23.4,19.7,89.0,1.0,0.0,95.239365,Karachi,17,3,11,110.25,110.25001,99.01614220937093,4.532917947975251,-0.13615088
2025-11-27 18:00:00+00:00,35.0,34.5,644.0,17.0,19.8,96.0,1.0,0.0,95.70921,Karachi,18,3,11,109.06249,108.614586,98.45975557963054,4.038757769648609,-0.12243695
2025-11-27 19:00:00+00:00,33.2,32.6,546.0,12.5,19.6,102.0,1.0,0.0,96.117035,Karachi,19,3,11,107.62499,108.22919,97.98025735219319,3.5578126456296055,-0.10692644
2025-11-27 20:00:00+00:00,31.9,31.3,452.0,8.7,19.1,107.0,1.0,0.0,96.31206,Karachi,20,3,11,106.208336,108.45834,97.56791241963704,3.1077437867372795,-0.09317798
2025-11-27 21:00:00+00:00,31.5,31.1,391.0,6.0,18.8,111.0,1.0,0.0,96.276596,Karachi,21,3,11,104.93751,108.95835,97.2070411046346,2.689486236934395,-0.08253399
2025-11-27 22:00:00+00:00,31.9,31.4,366.0,4.3,18.7,112.0,1.0,0.0,96.08156,Karachi,22,3,11,103.83334,109.55209,96.88405005137126,2.2957598337844,-0.07465603
2025-11-27 23:00:00+00:00,32.5,31.9,374.0,3.7,18.7,111.0,1.0,0.0,95.79787,Karachi,23,3,11,102.843765,110.218765,96.59047094980876,1.9203131997084042,-0.068510704
2025-11-28 00:00:00+00:00,32.2,31.5,438.0,5.8,19.0,104.0,1.0,0.0,95.478714,Karachi,0,4,11,101.90625,110.96876,96.32265694936116,1.5613814472980556,-0.06307303
2025-11-28 01:00:00+00:00,32.9,32.2,617.0,12.2,19.7,97.0,1.0,0.0,95.16844,Karachi,1,4,11,100.87501,111.79168,96.08488337198894,1.2392743657602803,-0.05657066
2025-11-28 02:00:00+00:00,35.4,34.6,853.0,20.7,20.6,88.0,1.0,0.0,94.83156,Karachi,2,4,11,99.86702,112.72918,95.87507247924805,0.967587684905154,-0.050421666
2025-11-28 03:00:00+00:00,38.3,37.5,994.0,25.4,21.6,86.0,1.0,0.4,94.476944,Karachi,3,4,11,98.90957,113.8021,95.69037977854411,0.7650268078445198,-0.044814926
2025-11-28 04:00:00+00:00,39.6,38.6,955.0,22.7,22.9,99.0,2.0,1.45,94.15781,Karachi,4,4,11,97.801414,114.95834,95.5385627746582,0.6852568652011386,-0.037255168
2025-11-28 05:00:00+00:00,40.5,39.1,822.0,16.1,24.2,118.0,2.0,2.95,93.88297,Karachi,5,4,11,96.69326,116.09376,95.42146746317546,0.7186597176010613,-0.029063944
2025-11-28 06:00:00+00:00,43.0,41.2,699.0,10.6,24.5,135.0,3.0,4.4,94.06028,Karachi,6,4,11,95.5851,116.91667,95.35793336232503,0.7691901411522979,-0.01595247
2025-11-28 07:00:00+00:00,42.8,41.1,608.0,7.3,22.7,145.0,3.0,5.05,95.14184,Karachi,7,4,11,94.90248,116.28125,95.36790657043457,0.764565893284349,0.0025221363
2025-11-28 08:00:00+00:00,40.7,39.0,528.0,4.9,19.9,151.0,3.0,4.7,96.613464,Karachi,8,4,11,94.84929,115.11458,95.44141387939453,0.7966689695336617,0.018599775
2025-11-28 09:00:00+00:00,39.6,37.7,496.0,4.8,17.9,153.0,3.0,3.5,97.84573,Karachi,9,4,11,95.150696,113.958336,95.55370712280273,0.932301389583633,0.02832389
2025-11-28 10:00:00+00:00,39.2,37.4,537.0,7.9,17.8,149.0,3.0,1.95,98.936165,Karachi,10,4,11,95.53191,112.677086,95.6955509185791,1.160002787321269,0.0356347
2025-11-28 11:00:00+00:00,39.7,38.0,626.0,13.2,18.5,140.0,2.0,0.7,99.96454,Karachi,11,4,11,95.975174,111.32291,95.86177444458008,1.4511148494014416,0.041566633
2025-11-28 12:00:00+00:00,34.9,34.0,730.0,19.0,19.8,128.0,2.0,0.1,101.13542,Karachi,12,4,11,96.507095,109.88542,96.05462137858073,1.804996053969266,0.047958404
2025-11-28 13:00:00+00:00,42.3,41.6,864.0,25.9,20.0,112.0,2.0,0.0,104.5493,Karachi,13,4,11,96.48937,110.08333,96.39045174916585,2.5038930949076534,0.08353178
2025-11-28 14:00:00+00:00,44.4,43.8,1012.0,35.2,20.2,91.0,1.0,0.0,103.273796,Karachi,14,4,11,95.726944,110.66667,96.70490392049153,2.864817446935832,0.07883728
2025-11-28 15:00:00+00:00,44.1,43.5,1094.0,40.1,20.6,77.0,1.0,0.0,102.26042,Karachi,15,4,11,94.96454,111.197914,97.00889905293782,3.053024950217554,0.07682745
2025-11-28 16:00:00+00:00,44.2,43.7,1066.0,36.7,21.2,77.0,1.0,0.0,102.677086,Karachi,16,4,11,94.90249,111.02083,97.3328406016032,3.227295093373328,0.08192195
2025-11-28 17:00:00+00:00,44.8,44.0,972.0,29.0,21.9,85.0,1.0,0.0,103.29168,Karachi,17,4,11,95.239365,110.25,97.6683537165324,3.413390727786169,0.084548175
2025-11-28 18:00:00+00:00,45.1,44.2,868.0,21.9,22.2,93.0,1.0,0.0,104.09376,Karachi,18,4,11,95.70921,109.06249,98.01770973205566,3.626573583982864,0.08760436
2025-11-28 19:00:00+00:00,44.1,43.3,760.0,16.8,21.9,98.0,1.0,0.0,105.10417,Karachi,19,4,11,96.117035,107.62499,98.39217376708984,3.877117075299243,0.09350202
2025-11-28 20:00:00+00:00,42.7,41.9,643.0,12.3,21.2,103.0,1.0,0.0,106.21874,Karachi,20,4,11,96.31206,106.208336,98.80495230356853,4.162857882641519,0.10286028
2025-11-28 21:00:00+00:00,41.6,40.7,556.0,9.0,20.8,107.0,1.0,0.0,107.32292,Karachi,21,4,11,96.276596,104.93751,99.26521587371826,4.47045795373957,0.11473531
2025-11-28 22:00:00+00:00,40.5,39.7,500.0,6.4,20.7,109.0,1.0,0.0,108.32293,Karachi,22,4,11,96.08156,103.83334,99.77527300516765,4.7791101982947035,0.12740605
2025-11-28 23:00:00+00:00,39.8,39.0,474.0,5.0,20.7,109.0,1.0,0.0,109.18751,Karachi,23,4,11,95.79787,102.843765,100.33317470550537,5.06744883034337,0.13976972
2025-11-29 00:00:00+00:00,40.0,39.2,514.0,6.8,20.9,104.0,1.0,0.0,109.92709,Karachi,0,5,11,95.478714,101.90625,100.9351905186971,5.317719362682133,0.15132566
2025-11-29 01:00:00+00:00,40.5,39.7,686.0,14.7,22.0,95.0,1.0,0.0,110.72917,Karachi,1,5,11,95.16844,100.87501,101.5835542678833,5.528483030199546,0.16350725
2025-11-29 02:00:00+00:00,43.4,42.5,924.0,25.3,23.5,83.0,1.0,0.0,111.51042,Karachi,2,5,11,94.83156,99.86702,102.27850691477458,5.688803241350668,0.17587882
2025-11-29 03:00:00+00:00,47.1,46.3,1061.0,31.1,25.2,81.0,1.0,0.4,112.33334,Karachi,3,5,11,94.476944,98.90957,103.02252356211345,5.790873589214035,0.18900272
2025-11-29 04:00:00+00:00,48.1,47.3,1002.0,27.5,27.5,97.0,2.0,1.45,113.25001,Karachi,4,5,11,94.15781,97.801414,103.81803194681804,5.831388838453609,0.20276812
2025-11-29 05:00:00+00:00,46.9,45.8,843.0,19.2,30.0,122.0,2.0,2.95,114.15626,Karachi,5,5,11,93.88297,96.69326,104.66275215148926,5.7979211343744606,0.21594208
2025-11-29 06:00:00+00:00,47.0,45.5,701.0,12.2,31.1,142.0,3.0,4.35,114.85417,Karachi,6,5,11,94.06028,95.5851,105.52916431427002,5.697451725183331,0.22106984
2025-11-29 07:00:00+00:00,46.4,44.6,603.0,8.3,29.4,154.0,3.0,5.0,115.3021,Karachi,7,5,11,95.14184,94.90248,106.36917527516682,5.584453954979482,0.21189693
2025-11-29 08:00:00+00:00,44.1,42.3,523.0,5.7,26.2,161.0,3.0,4.65,115.666664,Karachi,8,5,11,96.613464,94.84929,107.16305859883626,5.49079974855168,0.19721061
2025-11-29 09:00:00+00:00,42.7,40.9,499.0,5.7,23.9,163.0,3.0,3.45,116.01041,Karachi,9,5,11,97.84573,95.150696,107.91991996765137,5.40184817201893,0.18564604
2025-11-29 10:00:00+00:00,42.0,40.3,553.0,8.8,23.7,159.0,3.0,1.9,116.34375,Karachi,10,5,11,98.936165,95.53191,108.64523601531982,5.311047633255885,0.17594765
2025-11-29 11:00:00+00:00,42.4,40.7,663.0,14.4,24.4,150.0,2.0,0.7,116.645836,Karachi,11,5,11,99.96454,95.975174,109.34029006958008,5.216307651704747,0.16687214
2025-11-29 12:00:00+00:00,25.8,25.4,799.0,19.2,24.6,139.0,1.0,0.1,116.92708,Karachi,12,5,11,101.13542,96.507095,109.99827575683594,5.131639765482633,0.15614368
2025-11-29 13:00:00+00:00,38.2,37.8,996.0,29.3,23.9,118.0,1.0,0.0,119.642845,Karachi,13,5,11,104.5493,96.48937,110.62717342376709,5.354842642310254,0.14436772
2025-11-29 14:00:00+00:00,40.5,40.3,1220.0,42.9,22.9,90.0,1.0,0.0,118.79252,Karachi,14,5,11,103.273796,95.726944,111.27378686269124,5.365250117233579,0.15026776
2025-11-29 15:00:00+00:00,39.0,38.8,1338.0,49.9,22.0,72.0,1.0,0.0,115.27083,Karachi,15,5,11,102.26042,94.96454,111.81588713328044,5.063761049450986,0.12722817
2025-11-29 16:00:00+00:00,38.9,38.4,1266.0,44.3,21.4,73.0,1.0,0.0,114.78126,Karachi,16,5,11,102.677086,94.90249,112.32022762298584,4.70397453166562,0.11788581
2025-11-29 17:00:00+00:00,39.6,39.1,1088.0,32.2,20.8,83.0,1.0,0.0,114.229164,Karachi,17,5,11,103.29168,95.239365,112.77595615386963,4.304065259583613,0.10588931
2025-11-29 18:00:00+00:00,39.8,39.2,923.0,22.0,20.4,91.0,1.0,0.0,113.71875,Karachi,18,5,11,104.09376,95.70921,113.17699750264485,3.888236202047548,0.09246465
2025-11-29 19:00:00+00:00,38.9,38.4,808.0,17.0,20.1,93.0,1.0,0.0,113.197914,Karachi,19,5,11,105.10417,96.117035,113.51423676808675,3.4880114662196275,0.07700686
2025-11-29 20:00:00+00:00,37.4,36.8,707.0,14.1,19.8,93.0,1.0,0.0,112.68751,Karachi,20,5,11,106.21874,96.31206,113.78376865386963,3.1314592778366075,0.060900412
2025-11-29 21:00:00+00:00,36.1,35.5,626.0,11.9,19.7,92.0,1.0,0.0,112.15625,Karachi,21,5,11,107.32292,96.276596,113.98515733083089,2.8397164012682907,0.045035377
2025-11-29 22:00:00+00:00,35.2,34.6,546.0,9.4,19.5,92.0,1.0,0.0,111.614586,Karachi,22,5,11,108.32293,96.08156,114.12230968475342,2.6257841706933718,0.03038744
2025-11-29 23:00:00+00:00,34.6,34.0,486.0,7.8,19.5,92.0,1.0,0.0,111.08333,Karachi,23,5,11,109.18751,95.79787,114.20130221048991,2.4961923956345324,0.01736298
2025-11-30 00:00:00+00:00,34.7,34.1,514.0,10.0,19.3,86.0,1.0,0.0,110.56249,Karachi,0,6,11,109.92709,95.478714,114.22777716318767,2.4518645415608358,0.005780184
2025-11-30 01:00:00+00:00,35.3,34.7,714.0,19.9,20.4,76.0,1.0,0.0,110.03125,Karachi,1,6,11,110.72917,95.16844,114.19869709014893,2.49885207204264,-0.006302962
2025-11-30 02:00:00+00:00,39.0,38.4,1001.0,33.1,22.1,62.0,1.0,0.0,109.51041,Karachi,2,6,11,111.51042,94.83156,114.11536312103271,2.6226819479884353,-0.01793568
2025-11-30 03:00:00+00:00,44.5,43.9,1186.0,40.0,24.1,61.0,1.0,0.45,109.08333,Karachi,3,6,11,112.33334,94.476944,113.97994581858318,2.7968170306823925,-0.028931884
2025-11-30 04:00:00+00:00,49.6,49.1,1182.0,34.7,26.9,82.0,1.0,1.5,108.833336,Karachi,4,6,11,113.25001,94.15781,113.79591782887776,2.985852580041567,-0.038999308
2025-11-30 05:00:00+00:00,47.1,46.3,1077.0,23.0,30.0,115.0,2.0,3.0,109.02083,Karachi,5,6,11,114.15626,93.88297,113.58194160461426,3.138990667446595,-0.044985965
2025-11-30 06:00:00+00:00,38.1,36.9,946.0,13.7,32.5,141.0,2.0,4.35,109.0729,Karachi,6,6,11,114.85417,94.06028,113.34105523427327,3.2567341768882456,-0.05033577
2025-11-30 07:00:00+00:00,31.7,30.7,770.0,9.3,33.7,153.0,2.0,4.95,108.17708,Karachi,7,6,11,115.3021,95.14184,113.04417928059895,3.3921329176217574,-0.06179439
2025-11-30 08:00:00+00:00,28.8,27.9,568.0,7.1,34.3,158.0,2.0,4.5,106.729164,Karachi,8,6,11,115.666664,96.613464,112.67178344726562,3.5772512749243264,-0.07726946
2025-11-30 09:00:00+00:00,27.5,26.6,469.0,7.7,34.8,157.0,2.0,3.3,105.229164,Karachi,9,6,11,116.01041,97.84573,112.22256501515706,3.8091866042944234,-0.09293341
2025-11-30 10:00:00+00:00,27.0,26.1,564.0,10.4,35.5,152.0,2.0,1.8,103.73959,Karachi,10,6,11,116.34375,98.936165,111.6973918279012,4.075830320289982,-0.10833549
2025-11-30 11:00:00+00:00,26.5,25.7,762.0,15.9,36.0,142.0,1.0,0.7,102.26042,Karachi,11,6,11,116.645836,99.96454,111.0979995727539,4.3640419750337225,-0.12332557
2025-11-30 12:00:00+00:00,22.4,22.4,925.0,25.1,36.5,127.0,0.0,0.1,100.69792,Karachi,12,6,11,116.92708,101.13542,110.42178471883138,4.668306172924277,-0.13879725
2025-11-30 13:00:00+00:00,38.1,38.0,965.0,44.1,35.3,99.0,0.0,0.0,110.07652,Karachi,13,6,11,119.642845,104.5493,110.02318795522054,4.235045521879596,-0.07995733
2025-11-30 14:00:00+00:00,39.6,39.5,969.0,70.0,33.5,60.0,0.0,0.0,106.67516,Karachi,14,6,11,118.79252,103.273796,109.51829814910889,3.848823778763782,-0.102004364
2025-11-30 15:00:00+00:00,38.1,38.1,1059.0,88.1,31.9,30.0,0.0,0.0,100.32293,Karachi,15,6,11,115.27083,102.26042,108.89546902974446,4.079974640705539,-0.12967634
2025-11-30 16:00:00+00:00,38.4,38.3,1379.0,91.0,30.9,19.0,0.0,0.0,100.25001,Karachi,16,6,11,114.78126,102.677086,108.29000027974446,4.243489735922006,-0.1265995
2025-11-30 17:00:00+00:00,40.2,39.9,1783.0,86.1,30.1,18.0,0.0,0.0,100.239586,Karachi,17,6,11,114.229164,103.29168,107.70710118611653,4.351644919451959,-0.12246941
2025-11-30 18:00:00+00:00,41.8,41.6,1961.0,80.2,28.7,17.0,0.0,0.0,100.322914,Karachi,18,6,11,113.71875,104.09376,107.1489413579305,4.405806397477946,-0.117797956
2025-11-30 19:00:00+00:00,42.7,42.6,1704.0,75.9,25.9,13.0,0.0,0.0,100.57291,Karachi,19,6,11,113.197914,105.10417,106.62289937337239,4.4058699442983515,-0.11153039
2025-11-30 20:00:00+00:00,42.5,42.3,1220.0,70.7,22.4,11.0,0.0,0.0,101.01041,Karachi,20,6,11,112.68751,106.21874,106.13635349273682,4.351451665748453,-0.10362374
2025-11-30 21:00:00+00:00,41.8,41.6,817.0,63.7,19.9,12.0,0.0,0.0,101.58333,Karachi,21,6,11,112.15625,107.32292,105.69581508636475,4.249507048724777,-0.09426957
2025-11-30 22:00:00+00:00,39.2,38.9,545.0,51.8,19.0,21.0,0.0,0.0,102.21875,Karachi,22,6,11,111.614586,108.32293,105.30432192484538,4.111071277244205,-0.08418108
2025-11-30 23:00:00+00:00,33.9,33.5,354.0,38.2,18.9,35.0,0.0,0.0,102.666664,Karachi,23,6,11,111.08333,109.18751,104.95362758636475,3.952596891086813,-0.075768925
2025-12-01 00:00:00+00:00,29.3,28.6,404.0,30.9,19.3,44.0,0.0,0.0,102.61458,Karachi,0,0,12,110.56249,109.92709,104.62246449788411,3.791920713687348,-0.07188617
2025-12-01 01:00:00+00:00,28.2,27.2,945.0,40.2,20.3,34.0,0.0,0.0,102.041664,Karachi,1,0,12,110.03125,110.72917,104.28956508636475,3.644263411005662,-0.07261197
2025-12-01 02:00:00+00:00,34.0,32.8,1727.0,52.4,21.7,21.0,0.0,0.0,101.260414,Karachi,2,0,12,109.51041,111.51042,103.94581540425618,3.5172724233289934,-0.075335234
2025-12-01 03:00:00+00:00,45.5,44.4,2159.0,57.1,23.2,20.0,1.0,0.45,100.677086,Karachi,3,0,12,109.08333,112.33334,103.59555530548096,3.4000249687744253,-0.07706258
2025-12-01 04:00:00+00:00,39.5,37.6,1893.0,47.0,24.9,43.0,5.0,1.5,100.72916,Karachi,4,0,12,108.833336,113.25001,103.25788116455078,3.256626890268539,-0.07446413
2025-12-01 05:00:00+00:00,33.1,28.3,1278.0,29.5,26.7,79.0,11.0,3.15,99.60105,Karachi,5,0,12,109.02083,114.15626,102.86539045969646,3.09552903839047,-0.08640346
2025-12-01 06:00:00+00:00,31.1,22.5,764.0,15.5,27.8,106.0,15.0,4.75,98.00531,Karachi,6,0,12,109.0729,114.85417,102.40424092610677,2.9516119996826617,-0.10146965
2025-12-01 07:00:00+00:00,29.6,20.0,507.0,9.4,27.7,118.0,17.0,5.55,96.72872,Karachi,7,0,12,108.17708,115.3021,101.92722606658936,2.9027808299118822,-0.10582978
2025-12-01 08:00:00+00:00,28.5,18.9,351.0,7.0,26.9,121.0,18.0,5.15,95.78014,Karachi,8,0,12,106.729164,115.666664,101.4710168838501,2.9747788297902362,-0.10258696
2025-12-01 09:00:00+00:00,27.8,18.0,286.0,6.6,26.2,121.0,18.0,3.85,94.98227,Karachi,9,0,12,105.229164,116.01041,101.04406293233235,3.1425504142455467,-0.09737695
2025-12-01 10:00:00+00:00,27.9,17.6,311.0,6.6,26.1,120.0,18.0,2.15,94.219864,Karachi,10,0,12,103.73959,116.34375,100.64740753173828,3.379394638037486,-0.091765635
2025-12-01 11:00:00+00:00,27.9,17.4,426.0,8.7,26.1,114.0,19.0,0.8,93.46631,Karachi,11,0,12,102.26042,116.645836,100.28098615010579,3.6618545000901923,-0.08599723
2025-12-01 12:00:00+00:00,24.6,16.0,618.0,15.7,24.9,102.0,16.0,0.15,92.73049,Karachi,12,0,12,100.69792,116.92708,99.9490098953247,3.970555963721645,-0.07912209
2025-12-01 13:00:00+00:00,32.1,25.8,929.0,32.5,24.0,78.0,14.0,0.0,92.163124,Karachi,13,0,12,110.07652,119.642845,99.20261828104655,3.655165054708062,-0.16273586
2025-12-01 14:00:00+00:00,36.1,30.3,1317.0,55.7,22.9,45.0,12.0,0.0,91.08156,Karachi,14,0,12,106.67516,118.79252,98.55288473765056,3.655052047519515,-0.14617841
2025-12-01 15:00:00+00:00,37.4,31.7,1646.0,73.0,22.0,21.0,10.0,0.0,90.26595,Karachi,15,0,12,100.32293,115.27083,98.13384405771892,4.003217304691934,-0.10024604
2025-12-01 16:00:00+00:00,38.9,32.9,1900.0,79.6,22.0,12.0,10.0,0.0,89.69858,Karachi,16,0,12,100.25001,114.78126,97.69420115152995,4.327007843115143,-0.10525116
2025-12-01 17:00:00+00:00,41.9,35.0,2096.0,80.4,22.4,12.0,12.0,0.0,89.21986,Karachi,17,0,12,100.239586,114.229164,97.23504575093587,4.619922348540557,-0.10993391
2025-12-01 18:00:00+00:00,45.9,37.5,2146.0,77.0,22.1,15.0,13.0,0.0,88.78546,Karachi,18,0,12,100.322914,113.71875,96.75431855519612,4.877717189470767,-0.11500317
2025-12-01 19:00:00+00:00,44.5,35.4,1977.0,67.7,20.6,23.0,13.0,0.0,88.42199,Karachi,19,0,12,100.57291,113.197914,96.24803034464519,5.090114473472766,-0.120817006
2025-12-01 20:00:00+00:00,41.6,32.7,1662.0,54.4,18.5,34.0,13.0,0.0,87.78369,Karachi,20,0,12,101.01041,112.68751,95.69691721598308,5.265096282455211,-0.13094409
2025-12-01 21:00:00+00:00,41.1,31.9,1338.0,44.4,16.6,39.0,12.0,0.0,86.93263,Karachi,21,0,12,101.58333,112.15625,95.08647155761719,5.400514842263926,-0.14422342
2025-12-01 22:00:00+00:00,41.2,32.4,982.0,41.0,14.7,33.0,10.0,0.0,86.07269,Karachi,22,0,12,102.21875,111.614586,94.4137191772461,5.478512988416292,-0.15795593
2025-12-01 23:00:00+00:00,37.6,31.2,615.0,41.0,13.0,21.0,7.0,0.0,85.49646,Karachi,23,0,12,102.666664,111.08333,93.69829400380452,5.4750295624810805,-0.16724226
2025-12-02 00:00:00+00:00,39.2,33.4,441.0,45.6,15.5,13.0,7.0,0.0,85.29256,Karachi,0,1,12,102.61458,110.56249,92.97654310862224,5.389607268414229,-0.16880663
2025-12-02 01:00:00+00:00,36.1,31.9,629.0,46.8,16.3,9.0,5.0,0.0,85.718094,Karachi,1,1,12,102.041664,110.03125,92.29639434814453,5.223305383232276,-0.15996966
2025-12-02 02:00:00+00:00,40.5,36.7,1009.0,48.3,17.7,5.0,4.0,0.0,86.13476,Karachi,2,1,12,101.260414,109.51041,91.66615867614746,5.002549453779517,-0.14937383
2025-12-02 03:00:00+00:00,47.6,44.9,1274.0,47.2,21.3,12.0,4.0,0.4,86.48051,Karachi,3,1,12,100.677086,109.08333,91.07463455200195,4.7222096903952835,-0.14101103
2025-12-02 04:00:00+00:00,43.9,40.6,1289.0,41.6,29.1,38.0,8.0,1.5,86.52483,Karachi,4,1,12,100.72916,108.833336,90.48278776804607,4.333726138275047,-0.14101501
2025-12-02 05:00:00+00:00,40.0,33.9,1189.0,33.6,39.2,74.0,15.0,3.1,86.79079,Karachi,5,1,12,99.60105,109.02083,89.94902674357097,3.932129154289129,-0.12861575
2025-12-02 06:00:00+00:00,42.7,30.9,1067.0,26.3,46.9,105.0,21.0,4.6,87.28724,Karachi,6,1,12,98.00531,109.0729,89.50244045257568,3.5692684791456513,-0.10936215
2025-12-02 07:00:00+00:00,48.3,29.8,918.0,20.5,50.3,125.0,27.0,5.35,88.03192,Karachi,7,1,12,96.72872,108.17708,89.14007377624512,3.2289750574003824,-0.08990918
2025-12-02 08:00:00+00:00,51.2,30.3,747.0,15.6,51.4,139.0,32.0,5.0,88.90071,Karachi,8,1,12,95.78014,106.729164,88.85343074798584,2.902766762564322,-0.07182525
2025-12-02 09:00:00+00:00,49.6,30.5,661.0,12.8,51.6,148.0,35.0,3.7,89.91135,Karachi,9,1,12,94.98227,105.229164,88.6421422958374,2.6067167297744414,-0.0533881
2025-12-02 10:00:00+00:00,48.1,31.0,666.0,10.3,51.1,156.0,34.0,2.05,91.01951,Karachi,10,1,12,94.219864,103.73959,88.50879414876302,2.3810710801938306,-0.033966888
2025-12-02 11:00:00+00:00,47.1,31.5,756.0,10.0,49.7,159.0,30.0,0.75,92.20745,Karachi,11,1,12,93.46631,102.26042,88.45634174346924,2.278782762169386,-0.013468572
2025-12-02 12:00:00+00:00,44.1,29.5,1022.0,18.0,52.6,151.0,27.0,0.1,93.45745,Karachi,12,1,12,92.73049,100.69792,88.48663171132405,2.342019620299798,0.007839484
2025-12-02 13:00:00+00:00,61.7,49.2,1707.0,48.1,52.5,111.0,24.0,0.0,94.65425,Karachi,13,1,12,92.163124,110.07652,88.59042867024739,2.5573478710461472,0.027029542
2025-12-02 14:00:00+00:00,70.8,60.5,2568.0,89.0,52.1,56.0,19.0,0.0,99.234695,Karachi,14,1,12,91.08156,106.67516,88.93014272054036,3.3280468242890047,0.08951469
2025-12-02 15:00:00+00:00,72.6,64.5,2966.0,116.3,50.6,17.0,15.0,0.0,99.40604,Karachi,15,1,12,90.26595,100.32293,89.31097952524821,3.9520202802153768,0.101257265
2025-12-02 16:00:00+00:00,74.7,68.0,2460.0,118.2,47.6,7.0,11.0,0.0,102.71875,Karachi,16,1,12,89.69858,100.25001,89.85348669687907,4.808413001587535,0.14515471
2025-12-02 17:00:00+00:00,70.5,65.7,1491.0,106.4,43.4,12.0,7.0,0.0,106.375,Karachi,17,1,12,89.21986,100.239586,90.56828435262044,5.868396108663293,0.19227944
2025-12-02 18:00:00+00:00,56.9,54.4,739.0,91.3,38.2,20.0,4.0,0.0,109.572914,Karachi,18,1,12,88.78546,100.322914,91.43442821502686,7.015722241167462,0.23413126
2025-12-02 19:00:00+00:00,45.9,44.4,494.0,74.2,31.0,30.0,3.0,0.0,111.33334,Karachi,19,1,12,88.42199,100.57291,92.38906796773274,8.067886421149675,0.25911376
2025-12-02 20:00:00+00:00,38.1,37.0,465.0,53.8,22.7,43.0,2.0,0.0,112.27084,Karachi,20,1,12,87.78369,101.01041,93.40936597188313,8.959278680364518,0.27894875
2025-12-02 21:00:00+00:00,32.9,32.0,461.0,36.6,16.3,55.0,2.0,0.0,112.71875,Karachi,21,1,12,86.93263,101.58333,94.4837875366211,9.66701830402727,0.29662183
2025-12-02 22:00:00+00:00,29.0,27.9,394.0,24.0,13.2,64.0,2.0,0.0,112.72917,Karachi,22,1,12,86.07269,102.21875,95.59447415669759,10.17652696324717,0.30969727
2025-12-02 23:00:00+00:00,25.5,24.3,351.0,14.6,12.0,71.0,2.0,0.0,112.26042,Karachi,23,1,12,85.49646,102.666664,96.70963923136394,10.483645248272644,0.31304175
2025-12-03 00:00:00+00:00,24.7,23.6,406.0,12.8,11.8,64.0,2.0,0.0,111.54168,Karachi,0,2,12,85.29256,102.61458,97.80335267384847,10.60924008996156,0.30775398
2025-12-03 01:00:00+00:00,23.4,22.2,657.0,21.5,12.7,56.0,2.0,0.0,110.52084,Karachi,1,2,12,85.718094,102.041664,98.83680057525635,10.588829583444841,0.28935257
2025-12-03 02:00:00+00:00,25.6,24.3,1006.0,33.2,14.0,46.0,2.0,0.0,109.51044,Karachi,2,2,12,86.13476,101.260414,99.81078720092773,10.443748296679868,0.27138498
2025-12-03 03:00:00+00:00,29.5,28.3,1226.0,39.1,15.2,46.0,2.0,0.4,108.21875,Karachi,3,2,12,86.48051,100.677086,100.71654733022054,10.176616497395141,0.2513658
2025-12-03 04:00:00+00:00,32.0,31.2,1207.0,33.8,16.2,67.0,3.0,1.45,106.489586,Karachi,4,2,12,86.52483,100.72916,101.54841200510661,9.774136906885278,0.23074014
2025-12-03 05:00:00+00:00,27.6,26.1,1059.0,22.8,17.1,98.0,3.0,3.1,105.510414,Karachi,5,2,12,86.79079,99.60105,102.32839647928874,9.279676814578748,0.2156868
2025-12-03 06:00:00+00:00,24.0,21.8,887.0,13.7,17.5,123.0,4.0,4.6,104.69792,Karachi,6,2,12,87.28724,98.00531,103.05384159088135,8.716134415240255,0.19946423
2025-12-03 07:00:00+00:00,21.6,19.2,688.0,9.3,17.0,135.0,4.0,5.4,103.75,Karachi,7,2,12,88.03192,96.72872,103.7087615331014,8.107606324223276,0.17854977
2025-12-03 08:00:00+00:00,20.4,18.0,464.0,6.8,16.0,140.0,4.0,5.1,102.645836,Karachi,8,2,12,88.90071,95.78014,104.28147506713867,7.477051500403229,0.1546121
2025-12-03 09:00:00+00:00,19.6,17.5,335.0,6.0,15.2,142.0,4.0,3.85,101.364586,Karachi,9,2,12,89.91135,94.98227,104.75869337717693,6.860050799356883,0.1273837
2025-12-03 10:00:00+00:00,19.0,17.0,373.0,6.9,14.8,140.0,4.0,2.15,100.01042,Karachi,10,2,12,91.01951,94.219864,105.13331476847331,6.299756794312309,0.09878007
2025-12-03 11:00:00+00:00,18.7,16.9,505.0,9.5,14.7,135.0,3.0,0.8,98.76773,Karachi,11,2,12,92.20745,93.46631,105.40665976206462,5.840075205967232,0.07114696
2025-12-03 12:00:00+00:00,20.2,18.6,627.0,12.9,14.7,124.0,3.0,0.1,97.473404,Karachi,12,2,12,93.45745,92.73049,105.57399113972981,5.5322373937701625,0.042970926
2025-12-03 13:00:00+00:00,26.7,25.6,719.0,18.6,14.6,109.0,3.0,0.0,96.50709,Karachi,13,2,12,94.65425,92.163124,105.6511926651001,5.384175431743134,0.019574786
2025-12-03 14:00:00+00:00,28.6,27.6,800.0,26.2,14.5,89.0,2.0,0.0,94.41489,Karachi,14,2,12,99.234695,91.08156,105.45036729176839,5.71371400190643,-0.048569795
2025-12-03 15:00:00+00:00,28.6,27.5,829.0,30.9,14.4,74.0,2.0,0.0,91.49822,Karachi,15,2,12,99.40604,90.26595,105.12087504069011,6.2776102687741355,-0.07955064
2025-12-03 16:00:00+00:00,29.6,28.3,770.0,30.0,14.4,68.0,2.0,0.0,88.21808,Karachi,16,2,12,102.71875,89.69858,104.51668039957683,7.15531447430672,-0.14116868
2025-12-03 17:00:00+00:00,30.9,29.4,658.0,26.0,14.5,68.0,3.0,0.0,84.69858,Karachi,17,2,12,106.375,89.21986,103.61349614461263,8.202046703073673,-0.20377365
2025-12-03 18:00:00+00:00,31.3,29.8,555.0,21.7,14.4,69.0,3.0,0.0,81.48049,Karachi,18,2,12,109.572914,88.78546,102.44297854105632,9.251943775874503,-0.2563811
2025-12-03 19:00:00+00:00,31.1,29.4,475.0,17.5,13.9,73.0,3.0,0.0,79.299644,Karachi,19,2,12,111.33334,88.42199,101.1082410812378,10.1779459108203,-0.2877278
2025-12-03 20:00:00+00:00,30.5,28.8,404.0,13.0,13.3,78.0,3.0,0.0,77.969864,Karachi,20,2,12,112.27084,87.78369,99.67903359731038,10.923331625612384,-0.30551994
2025-12-03 21:00:00+00:00,30.2,28.5,356.0,9.5,13.0,83.0,3.0,0.0,77.24291,Karachi,21,2,12,112.71875,86.93263,98.2008736928304,11.468761678229807,-0.3147288
2025-12-03 22:00:00+00:00,29.9,28.2,321.0,7.0,13.3,86.0,3.0,0.0,76.93262,Karachi,22,2,12,112.72917,86.07269,96.7093505859375,11.819518260448415,-0.31754473
2025-12-03 23:00:00+00:00,29.6,28.0,310.0,5.5,13.9,87.0,3.0,0.0,76.95921,Karachi,23,2,12,112.26042,85.49646,95.23846689860027,11.995345858808523,-0.3144582
2025-12-04 00:00:00+00:00,29.6,28.1,370.0,6.9,14.5,84.0,3.0,0.0,77.28723,Karachi,0,3,12,111.54168,85.29256,93.8111982345581,12.009042298149941,-0.3071
2025-12-04 01:00:00+00:00,29.8,28.4,578.0,12.8,15.9,78.0,3.0,0.0,77.686165,Karachi,1,3,12,110.52084,85.718094,92.44308662414551,11.892409307976976,-0.29709038
2025-12-04 02:00:00+00:00,31.5,30.4,857.0,20.8,17.8,70.0,2.0,0.0,78.2358,Karachi,2,3,12,109.51044,86.13476,91.13997681935628,11.651972014939805,-0.28558588
2025-12-04 03:00:00+00:00,33.6,32.6,1023.0,25.1,19.4,69.0,2.0,0.4,78.776596,Karachi,3,3,12,108.21875,86.48051,89.91322040557861,11.320863255020035,-0.2720615
2025-12-04 04:00:00+00:00,33.9,33.1,974.0,22.2,20.6,80.0,2.0,1.45,79.15779,Karachi,4,3,12,106.489586,86.52483,88.77439562479655,10.949492687581321,-0.25666165
2025-12-04 05:00:00+00:00,30.9,30.0,812.0,15.6,21.4,97.0,1.0,3.0,79.32623,Karachi,5,3,12,105.510414,86.79079,87.68338807423909,10.504881467239626,-0.2481668
2025-12-04 06:00:00+00:00,25.4,24.8,665.0,10.2,21.7,113.0,1.0,4.5,79.67198,Karachi,6,3,12,104.69792,87.28724,86.6406405766805,9.971046856409409,-0.23902996
2025-12-04 07:00:00+00:00,21.9,21.5,554.0,7.4,20.9,125.0,1.0,5.25,79.937935,Karachi,7,3,12,103.75,88.03192,85.64847119649251,9.360581820539293,-0.22951388
2025-12-04 08:00:00+00:00,20.8,20.4,457.0,5.7,19.4,135.0,1.0,4.95,80.141846,Karachi,8,3,12,102.645836,88.90071,84.71080493927002,8.686778064990156,-0.21923919
2025-12-04 09:00:00+00:00,20.7,20.3,436.0,5.4,18.4,140.0,1.0,3.7,80.354614,Karachi,9,3,12,101.364586,89.91135,83.8353894551595,7.964099134983708,-0.20727132
2025-12-04 10:00:00+00:00,20.8,20.4,529.0,5.9,18.4,140.0,1.0,2.1,80.60284,Karachi,10,3,12,100.01042,91.01951,83.02674007415771,7.198858369905576,-0.19405563
2025-12-04 11:00:00+00:00,20.7,20.3,697.0,7.9,18.9,135.0,1.0,0.8,80.90426,Karachi,11,3,12,98.76773,92.20745,82.28242874145508,6.377174235285349,-0.18086344
2025-12-04 12:00:00+00:00,15.7,15.6,883.0,13.8,21.4,124.0,0.0,0.1,81.20568,Karachi,12,3,12,97.473404,93.45745,81.6046069463094,5.496002973666216,-0.16689397
2025-12-04 13:00:00+00:00,27.6,27.5,1120.0,29.0,20.7,99.0,0.0,0.0,81.164955,Karachi,13,3,12,96.50709,94.65425,80.96535142262776,4.4868936561389905,-0.15897416
2025-12-04 14:00:00+00:00,30.5,30.5,1376.0,49.4,19.6,64.0,0.0,0.0,81.59014,Karachi,14,3,12,94.41489,99.234695,80.43098704020183,3.462144471839488,-0.13583393
2025-12-04 15:00:00+00:00,27.4,27.4,1495.0,61.1,18.3,41.0,0.0,0.0,81.36525,Karachi,15,3,12,91.49822,99.40604,80.00877984364827,2.552059314027838,-0.11074502
2025-12-04 16:00:00+00:00,24.3,24.3,1371.0,55.6,16.6,42.0,0.0,0.0,81.35638,Karachi,16,3,12,88.21808,102.71875,79.72287559509277,1.8911785626834057,-0.07778113
2025-12-04 17:00:00+00:00,22.3,22.3,1110.0,41.3,14.8,54.0,0.0,0.0,81.00177,Karachi,17,3,12,84.69858,106.375,79.5688419342041,1.5957732356435985,-0.043646634
2025-12-04 18:00:00+00:00,21.5,21.4,881.0,29.2,13.3,64.0,0.0,0.0,80.37234,Karachi,18,3,12,81.48049,109.572914,79.52266883850098,1.5535283041995132,-0.01360024
2025-12-04 19:00:00+00:00,21.0,20.9,741.0,23.2,12.5,66.0,0.0,0.0,79.627655,Karachi,19,3,12,79.299644,111.33334,79.5363359451294,1.55292366187347,0.0041363435
2025-12-04 20:00:00+00:00,20.1,20.0,632.0,19.3,12.1,66.0,0.0,0.0,78.874115,Karachi,20,3,12,77.969864,112.27084,79.57401307423909,1.52396488040354,0.011597443
2025-12-04 21:00:00+00:00,19.2,19.0,547.0,16.5,11.9,65.0,0.0,0.0,78.09397,Karachi,21,3,12,77.24291,112.71875,79.60947386423747,1.4765279443560233,0.011017955
2025-12-04 22:00:00+00:00,18.3,18.2,447.0,13.7,11.7,64.0,0.0,0.0,77.25178,Karachi,22,3,12,76.93262,112.72917,79.62277221679688,1.4526142129493909,0.0041485713
2025-12-04 23:00:00+00:00,17.6,17.4,372.0,12.0,11.7,61.0,0.0,0.0,76.36524,Karachi,23,3,12,76.95921,112.26042,79.59802341461182,1.504114384276828,-0.0077180006
2025-12-05 00:00:00+00:00,17.7,17.6,432.0,14.5,11.5,53.0,0.0,0.0,75.42553,Karachi,0,4,12,77.28723,111.54168,79.52045249938965,1.6675915208124616,-0.024088092
2025-12-05 01:00:00+00:00,18.5,18.4,762.0,24.6,12.8,40.0,0.0,0.0,74.494675,Karachi,1,4,12,77.686165,110.52084,79.38747374216716,1.9272558228503334,-0.041081835
2025-12-05 02:00:00+00:00,23.6,23.4,1227.0,38.1,14.7,24.0,0.0,0.0,73.608154,Karachi,2,4,12,78.2358,109.51044,79.19465510050456,2.2516769906893535,-0.059149995
2025-12-05 03:00:00+00:00,31.4,31.3,1540.0,45.2,17.4,21.0,0.0,0.4,72.987595,Karachi,3,4,12,78.776596,108.21875,78.95344670613606,2.583960594315887,-0.07348631
2025-12-05 04:00:00+00:00,30.4,30.3,1570.0,39.9,21.6,45.0,0.0,1.45,72.87234,Karachi,4,4,12,79.15779,106.489586,78.69155279795329,2.865534448362655,-0.07940411
2025-12-05 05:00:00+00:00,26.5,26.3,1447.0,28.2,26.5,82.0,0.0,2.95,72.624115,Karachi,5,4,12,79.32623,105.510414,78.41229788462321,3.116568624975459,-0.08448804
2025-12-05 06:00:00+00:00,18.0,17.8,1275.0,18.3,29.7,113.0,0.0,4.45,72.2961,Karachi,6,4,12,79.67198,104.69792,78.10496934254964,3.342436575249239,-0.09257816
2025-12-05 07:00:00+00:00,18.7,18.5,1019.0,12.9,29.9,131.0,0.0,5.2,71.67553,Karachi,7,4,12,79.937935,103.75,77.76070245107015,3.5636251306399793,-0.10336026
2025-12-05 08:00:00+00:00,19.0,18.7,713.0,9.4,28.3,143.0,1.0,4.9,71.40957,Karachi,8,4,12,80.141846,102.645836,77.39685757954915,3.750806377728946,-0.10896026
2025-12-05 09:00:00+00:00,18.4,18.0,562.0,7.9,26.4,149.0,1.0,3.7,71.25886,Karachi,9,4,12,80.354614,101.364586,77.01786772410075,3.895683973448087,-0.113195196
2025-12-05 10:00:00+00:00,17.4,17.0,659.0,6.9,24.3,150.0,1.0,2.1,71.05496,Karachi,10,4,12,80.60284,100.01042,76.62003962198894,3.999793263100709,-0.11845581
2025-12-05 11:00:00+00:00,16.4,16.0,911.0,7.9,21.9,144.0,1.0,0.8,70.75355,Karachi,11,4,12,80.90426,98.76773,76.19709332784016,4.063249664665179,-0.12546572
2025-12-05 12:00:00+00:00,16.2,15.9,1241.0,15.8,21.1,126.0,0.0,0.1,70.37233,Karachi,12,4,12,81.20568,97.473404,75.74570369720459,4.08433811430613,-0.13340633
2025-12-05 13:00:00+00:00,30.6,30.4,1769.0,33.9,19.9,98.0,0.0,0.0,87.32991,Karachi,13,4,12,81.164955,96.50709,76.00257682800293,4.601151815769231,0.075955875
2025-12-05 14:00:00+00:00,36.6,36.4,2375.0,58.3,18.3,59.0,0.0,0.0,90.73128,Karachi,14,4,12,81.59014,94.41489,76.38345750172932,5.393860513171483,0.112037264
2025-12-05 15:00:00+00:00,28.5,28.4,2623.0,71.9,16.6,34.0,0.0,0.0,79.25169,Karachi,15,4,12,81.36525,91.49822,76.29539267222087,5.325811694273301,-0.02597615
2025-12-05 16:00:00+00:00,23.9,23.9,2190.0,64.6,14.9,35.0,0.0,0.0,71.26773,Karachi,16,4,12,81.35638,88.21808,75.87503242492676,5.307096049221874,-0.12400559
2025-12-05 17:00:00+00:00,22.8,22.7,1398.0,46.6,13.1,50.0,0.0,0.0,71.23226,Karachi,17,4,12,81.00177,84.69858,75.46796957651775,5.271318014673752,-0.120608576
2025-12-05 18:00:00+00:00,22.7,22.6,780.0,31.2,11.8,62.0,0.0,0.0,71.26773,Karachi,18,4,12,80.37234,81.48049,75.08861096700032,5.230477264367041,-0.11328035
2025-12-05 19:00:00+00:00,22.4,22.3,563.0,23.5,11.1,65.0,0.0,0.0,71.37411,Karachi,19,4,12,79.627655,79.299644,74.74471314748128,5.1902406934830845,-0.10365178
2025-12-05 20:00:00+00:00,21.2,21.1,519.0,18.4,10.8,66.0,0.0,0.0,71.49823,Karachi,20,4,12,78.874115,77.969864,74.43738460540771,5.153338461546382,-0.09351464
2025-12-05 21:00:00+00:00,19.6,19.4,495.0,14.6,10.7,67.0,0.0,0.0,71.59574,Karachi,21,4,12,78.09397,77.24291,74.16662502288818,5.123490194462739,-0.083210394
2025-12-05 22:00:00+00:00,17.8,17.6,412.0,11.0,10.5,69.0,0.0,0.0,71.6312,Karachi,22,4,12,77.25178,76.93262,73.93243439992268,5.10476079780683,-0.07275658
2025-12-05 23:00:00+00:00,16.4,16.2,348.0,8.7,10.4,72.0,0.0,0.0,71.57801,Karachi,23,4,12,76.36524,76.95921,73.73296642303467,5.099093115769552,-0.06268862
2025-12-06 00:00:00+00:00,16.5,16.4,391.0,10.2,10.6,68.0,0.0,0.0,71.471634,Karachi,0,5,12,75.42553,77.28723,73.56822077433269,5.1058991109299425,-0.052421182
2025-12-06 01:00:00+00:00,16.5,16.4,648.0,17.2,11.5,62.0,0.0,0.0,71.36525,Karachi,1,5,12,74.494675,77.686165,73.43782806396484,5.121147300976058,-0.04200871
2025-12-06 02:00:00+00:00,19.2,19.0,1011.0,26.7,12.9,54.0,0.0,0.0,71.18794,Karachi,2,5,12,73.608154,78.2358,73.33698590596516,5.141435923705923,-0.03287967
2025-12-06 03:00:00+00:00,23.1,22.8,1239.0,32.3,14.0,52.0,0.0,0.3,70.797874,Karachi,3,5,12,72.987595,78.776596,73.24574756622314,5.167269834564729,-0.030001264
2025-12-06 04:00:00+00:00,26.4,26.2,1210.0,30.5,14.7,60.0,0.0,1.1,70.04432,Karachi,4,5,12,72.87234,79.15779,73.12791347503662,5.208237852840765,-0.038807843
2025-12-06 05:00:00+00:00,24.9,24.7,1046.0,24.7,15.1,74.0,0.0,2.15,69.680855,Karachi,5,5,12,72.624115,79.32623,73.00527763366699,5.255057632805495,-0.040527314
2025-12-06 06:00:00+00:00,21.7,21.4,873.0,19.1,15.8,89.0,0.0,3.3,69.53901,Karachi,6,5,12,72.2961,79.67198,72.89039897918701,5.301168272648181,-0.038136054
2025-12-06 07:00:00+00:00,17.1,16.9,704.0,14.1,17.1,105.0,0.0,4.2,69.858154,Karachi,7,5,12,71.67553,79.937935,72.81467501322429,5.332165875792542,-0.025355589
2025-12-06 08:00:00+00:00,17.5,17.4,527.0,9.2,18.5,120.0,0.0,4.5,69.71631,Karachi,8,5,12,71.40957,80.141846,72.74412250518799,5.362680723733433,-0.023711951
2025-12-06 09:00:00+00:00,18.7,18.6,428.0,7.0,19.4,130.0,0.0,3.5,69.60107,Karachi,9,5,12,71.25886,80.354614,72.67504787445068,5.393233289508121,-0.023264352
2025-12-06 10:00:00+00:00,19.4,19.2,460.0,9.4,19.2,129.0,0.0,2.0,69.65426,Karachi,10,5,12,71.05496,80.60284,72.61668523152669,5.419044287756671,-0.019712957
2025-12-06 11:00:00+00:00,19.8,19.6,571.0,14.5,18.4,122.0,0.0,0.75,69.8493,Karachi,11,5,12,70.75355,80.90426,72.57900810241699,5.435679357053229,-0.012780294
2025-12-06 12:00:00+00:00,30.7,30.5,690.0,22.3,19.9,109.0,0.0,0.1,70.168434,Karachi,12,5,12,70.37233,81.20568,72.57051245371501,5.43943625891842,-0.0028973827
2025-12-06 13:00:00+00:00,38.6,38.4,822.0,28.4,18.8,95.0,0.0,0.0,71.46277,Karachi,13,5,12,87.32991,81.164955,71.90938154856364,4.439980177062041,-0.18169194
2025-12-06 14:00:00+00:00,40.0,39.8,962.0,36.5,17.4,76.0,0.0,0.0,72.17199,Karachi,14,5,12,90.73128,81.59014,71.13607788085938,1.9208465395737613,-0.20455226
2025-12-06 15:00:00+00:00,38.5,38.3,1022.0,40.6,16.1,63.0,0.0,0.0,72.473404,Karachi,15,5,12,79.25169,81.36525,70.8536491394043,0.9058462156155687,-0.08552864
2025-12-06 16:00:00+00:00,38.0,37.7,939.0,37.0,15.4,61.0,0.0,0.0,73.35106,Karachi,16,5,12,71.26773,81.35638,70.94045448303223,1.0375046917415585,0.02923242
2025-12-06 17:00:00+00:00,39.1,38.9,775.0,29.4,14.9,64.0,1.0,0.0,74.57447,Karachi,17,5,12,71.23226,81.00177,71.07971318562825,1.2754037233582307,0.046919875
2025-12-06 18:00:00+00:00,41.6,41.2,632.0,22.8,14.4,66.0,1.0,0.0,76.010635,Karachi,18,5,12,71.26773,80.37234,71.27733421325684,1.6252679041641254,0.06655052
2025-12-06 19:00:00+00:00,43.8,43.3,544.0,19.2,13.8,65.0,1.0,0.0,77.65957,Karachi,19,5,12,71.37411,79.627655,71.53922843933105,2.083390104558585,0.088063605
2025-12-06 20:00:00+00:00,45.4,45.1,476.0,16.7,13.1,64.0,1.0,0.0,79.52127,Karachi,20,5,12,71.49823,78.874115,71.87352180480957,2.6446097669292414,0.112213135
2025-12-06 21:00:00+00:00,46.7,46.2,429.0,14.6,12.7,63.0,1.0,0.0,81.64893,Karachi,21,5,12,71.59574,78.09397,72.29240481058757,3.3109272150885793,0.14041606
2025-12-06 22:00:00+00:00,47.5,46.9,378.0,12.0,12.5,63.0,1.0,0.0,84.02481,Karachi,22,5,12,71.6312,77.25178,72.80880514780681,4.080407034257295,0.17301968
2025-12-06 23:00:00+00:00,47.8,47.3,347.0,9.9,12.6,64.0,1.0,0.0,86.62234,Karachi,23,5,12,71.57801,76.36524,73.43565209706624,4.946724528914408,0.21018085
2025-12-07 00:00:00+00:00,47.8,47.3,410.0,11.6,12.9,59.0,1.0,0.0,89.37943,Karachi,0,6,12,71.471634,75.42553,74.18181037902832,5.896928608874641,0.25055814
2025-12-07 01:00:00+00:00,48.4,47.8,656.0,19.4,14.0,51.0,1.0,0.0,92.11879,Karachi,1,6,12,71.36525,74.494675,75.04654121398926,6.901961369522729,0.29080737
2025-12-07 02:00:00+00:00,51.6,51.0,996.0,30.0,15.5,41.0,1.0,0.0,94.90249,Karachi,2,6,12,71.18794,73.608154,76.03464730580647,7.944344464994025,0.3331259
2025-12-07 03:00:00+00:00,56.6,56.0,1229.0,35.9,17.0,40.0,1.0,0.35,97.739365,Karachi,3,6,12,70.797874,72.987595,77.1572093963623,9.004871809195384,0.38054094
2025-12-07 04:00:00+00:00,59.8,59.4,1269.0,33.0,18.2,55.0,1.0,1.25,100.802086,Karachi,4,6,12,70.04432,72.87234,78.438783009847,10.073827709985924,0.43911865
2025-12-07 05:00:00+00:00,58.0,57.4,1203.0,25.4,19.4,78.0,1.0,2.6,104.26042,Karachi,5,6,12,69.680855,72.624115,79.87959829966228,11.179015786225351,0.49625635
2025-12-07 06:00:00+00:00,53.2,52.6,1091.0,18.6,20.5,99.0,1.0,3.9,107.66667,Karachi,6,6,12,69.53901,72.2961,81.46825091044109,12.29871169636298,0.54829174
2025-12-07 07:00:00+00:00,39.8,39.5,901.0,13.4,21.5,114.0,1.0,4.55,110.91667,Karachi,7,6,12,69.858154,71.67553,83.17902247111003,13.418213641764538,0.58774126
2025-12-07 08:00:00+00:00,31.7,31.4,666.0,8.9,22.4,126.0,0.0,4.35,113.27083,Karachi,8,6,12,69.71631,71.40957,84.99379412333171,14.42573955763782,0.62473935
2025-12-07 09:00:00+00:00,28.9,28.6,538.0,7.6,23.5,133.0,0.0,3.25,114.729164,Karachi,9,6,12,69.60107,71.25886,86.87413152058919,15.24972592726421,0.64838225
2025-12-07 10:00:00+00:00,28.1,27.9,603.0,9.1,24.8,134.0,0.0,1.85,115.77084,Karachi,10,6,12,69.65426,71.05496,88.7956558863322,15.878105027330692,0.66207844
2025-12-07 11:00:00+00:00,28.2,28.1,776.0,13.8,26.2,130.0,0.0,0.7,116.67708,Karachi,11,6,12,69.8493,70.75355,90.74681345621745,16.31972378784119,0.67041165
2025-12-07 12:00:00+00:00,20.7,20.7,958.0,22.7,27.7,120.0,0.0,0.1,117.56251,Karachi,12,6,12,70.168434,70.37233,92.72156651814778,16.586647341686398,0.675433
2025-12-07 13:00:00+00:00,44.1,44.1,1132.0,46.1,31.9,90.0,0.0,0.0,116.54167,Karachi,13,6,12,71.46277,87.32991,94.59985415140788,16.6269526960563,0.63080263
2025-12-07 14:00:00+00:00,58.0,57.9,1315.0,77.9,37.4,48.0,0.0,0.0,117.135414,Karachi,14,6,12,72.17199,90.73128,96.47333017985027,16.52281984104872,0.62300384
2025-12-07 15:00:00+00:00,64.3,64.3,1462.0,98.8,39.8,18.0,0.0,0.0,119.02083,Karachi,15,6,12,72.473404,79.25169,98.41280619303386,16.313768301761858,0.6422691
2025-12-07 16:00:00+00:00,59.5,59.5,1584.0,99.1,36.5,10.0,0.0,0.0,121.72916,Karachi,16,6,12,73.35106,71.26773,100.42856025695801,16.069469436010547,0.6595419
2025-12-07 17:00:00+00:00,49.9,49.9,1670.0,88.4,30.1,14.0,0.0,0.0,123.99999,Karachi,17,6,12,74.57447,71.23226,102.48795700073242,15.776471474079711,0.6627673
2025-12-07 18:00:00+00:00,42.4,42.4,1641.0,76.6,24.3,19.0,0.0,0.0,125.14584,Karachi,18,6,12,76.010635,71.26773,104.53525733947754,15.374129784035173,0.6464254
2025-12-07 19:00:00+00:00,39.2,39.2,1413.0,66.2,20.3,23.0,0.0,0.0,125.27083,Karachi,19,6,12,77.65957,71.37411,106.51905981699626,14.817115343522111,0.6130765
2025-12-07 20:00:00+00:00,38.1,38.1,1071.0,54.6,16.9,29.0,0.0,0.0,124.84375,Karachi,20,6,12,79.52127,71.49823,108.40749645233154,14.097338461507361,0.5699416
2025-12-07 21:00:00+00:00,37.6,37.5,788.0,43.6,14.4,35.0,0.0,0.0,124.114586,Karachi,21,6,12,81.64893,71.59574,110.1768986384074,13.23115071547054,0.52010053
2025-12-07 22:00:00+00:00,36.7,36.6,599.0,32.2,13.1,42.0,0.0,0.0,123.20834,Karachi,22,6,12,84.02481,71.6312,111.80954583485921,12.244556917788648,0.46633288
2025-12-07 23:00:00+00:00,35.7,35.5,469.0,21.5,12.8,49.0,0.0,0.0,122.13542,Karachi,23,6,12,86.62234,71.57801,113.28925768534343,11.166818305421664,0.40997607
2025-12-08 00:00:00+00:00,34.3,34.2,469.0,14.6,12.6,53.0,0.0,0.0,120.90624,Karachi,0,0,12,89.37943,71.471634,114.60287475585938,10.028166165873433,0.35273004
2025-12-08 01:00:00+00:00,34.6,34.3,702.0,22.3,13.8,44.0,0.0,0.0,119.54167,Karachi,1,0,12,92.11879,71.36525,115.7454948425293,8.847741988576741,0.29769042
2025-12-08 02:00:00+00:00,38.1,37.7,1066.0,32.6,15.6,32.0,1.0,0.0,118.13543,Karachi,2,0,12,94.90249,71.18794,116.71353403727214,7.659290652924661,0.24480855
2025-12-08 03:00:00+00:00,43.7,43.4,1322.0,38.5,17.1,31.0,1.0,0.35,116.75,Karachi,3,0,12,97.739365,70.797874,117.50564384460449,6.508230842744514,0.19450337
2025-12-08 04:00:00+00:00,44.4,43.9,1377.0,36.2,18.3,49.0,1.0,1.35,115.43751,Karachi,4,0,12,100.802086,70.04432,118.11545308430989,5.479432306973121,0.14518967
2025-12-08 05:00:00+00:00,43.9,43.3,1324.0,29.6,19.4,77.0,2.0,2.8,113.82292,Karachi,5,0,12,104.26042,69.680855,118.51389058430989,4.723714349119242,0.09171745
2025-12-08 06:00:00+00:00,34.6,33.6,1208.0,22.9,19.9,102.0,2.0,4.25,112.35416,Karachi,6,0,12,107.66667,69.53901,118.70920244852702,4.336772107074952,0.04353701
2025-12-08 07:00:00+00:00,22.3,21.7,980.0,16.5,19.6,120.0,2.0,5.0,110.375,Karachi,7,0,12,110.91667,69.858154,118.68663279215495,4.380280880243686,-0.004883592
2025-12-08 08:00:00+00:00,18.2,17.7,689.0,10.0,18.9,135.0,1.0,4.75,108.52083,Karachi,8,0,12,113.27083,69.71631,118.48871612548828,4.729051438013522,-0.041934893
2025-12-08 09:00:00+00:00,16.8,16.3,518.0,6.8,18.1,142.0,1.0,3.6,107.09374,Karachi,9,0,12,114.729164,69.60107,118.17057355244954,5.223909811268094,-0.06655171
2025-12-08 10:00:00+00:00,15.9,15.5,574.0,8.4,17.4,139.0,1.0,2.05,105.8125,Karachi,10,0,12,115.77084,69.65426,117.75564257303874,5.787856958213747,-0.08601771
2025-12-08 11:00:00+00:00,16.0,15.5,750.0,13.4,16.7,127.0,1.0,0.75,104.520836,Karachi,11,0,12,116.67708,69.8493,117.2491324742635,6.387226300262671,-0.104187064
2025-12-08 12:00:00+00:00,16.7,16.6,916.0,21.6,18.5,114.0,0.0,0.1,103.208336,Karachi,12,0,12,117.56251,70.168434,116.6510419845581,6.999328685659215,-0.12209821
2025-12-08 13:00:00+00:00,26.9,26.8,1053.0,35.0,18.2,92.0,0.0,0.0,102.78125,Karachi,13,0,12,116.54167,71.46277,116.07769107818604,7.5505642308913075,-0.11807297
2025-12-08 14:00:00+00:00,29.5,29.5,1179.0,53.0,17.8,63.0,0.0,0.0,100.979164,Karachi,14,0,12,117.135414,72.17199,115.4045139948527,8.148684037843154,-0.13792796
2025-12-08 15:00:00+00:00,25.5,25.4,1215.0,62.5,17.2,44.0,0.0,0.0,98.3156,Karachi,15,0,12,119.02083,72.473404,114.54179604848225,8.817755675530615,-0.17396308
2025-12-08 16:00:00+00:00,24.6,24.4,1095.0,55.6,16.3,45.0,0.0,0.0,94.86701,Karachi,16,0,12,121.72916,73.35106,113.42254002888997,9.54096000061514,-0.22067142
2025-12-08 17:00:00+00:00,25.4,25.1,885.0,40.3,15.2,57.0,1.0,0.0,91.75532,Karachi,17,0,12,123.99999,74.57447,112.07901191711426,10.231988431224568,-0.26003772
2025-12-08 18:00:00+00:00,27.0,26.4,699.0,27.5,14.2,66.0,1.0,0.0,89.55674,Karachi,18,0,12,125.14584,76.010635,110.59613259633382,10.818038105127997,-0.28438103
2025-12-08 19:00:00+00:00,28.1,27.3,577.0,21.5,13.1,67.0,2.0,0.0,88.1383,Karachi,19,0,12,125.27083,77.65957,109.04894383748372,11.27375833640678,-0.296418
2025-12-08 20:00:00+00:00,28.2,27.1,479.0,18.0,12.1,66.0,2.0,0.0,87.083336,Karachi,20,0,12,124.84375,79.52127,107.4755932490031,11.60368585227442,-0.3024614
2025-12-08 21:00:00+00:00,27.6,26.3,405.0,15.4,11.4,65.0,3.0,0.0,86.108154,Karachi,21,0,12,124.114586,81.64893,105.89199193318684,11.825490926287989,-0.3062205
2025-12-08 22:00:00+00:00,26.9,25.2,322.0,12.4,11.1,66.0,3.0,0.0,85.11524,Karachi,22,0,12,123.20834,84.02481,104.30477937062581,11.95594608563976,-0.30917633
2025-12-08 23:00:00+00:00,26.1,24.2,263.0,10.3,11.1,67.0,4.0,0.0,84.10461,Karachi,23,0,12,122.13542,86.62234,102.72016207377116,12.010100387033466,-0.31138235
2025-12-09 00:00:00+00:00,25.1,23.3,322.0,12.3,11.3,60.0,3.0,0.0,83.10284,Karachi,0,1,12,120.90624,89.37943,101.14502016703288,12.00024994894012,-0.3126671
2025-12-09 01:00:00+00:00,25.3,23.3,599.0,20.1,12.6,50.0,3.0,0.0,82.13652,Karachi,1,1,12,119.54167,92.11879,99.58647219340007,11.93592772436215,-0.31290472
2025-12-09 02:00:00+00:00,28.2,25.9,994.0,30.8,14.4,37.0,3.0,0.0,81.16135,Karachi,2,1,12,118.13543,94.90249,98.045885403951,11.82331187951027,-0.31298047
2025-12-09 03:00:00+00:00,34.0,31.5,1309.0,37.7,16.5,35.0,4.0,0.35,80.11525,Karachi,3,1,12,116.75,97.739365,96.51943747202556,11.667362402223514,-0.31378803
2025-12-09 04:00:00+00:00,38.9,36.8,1497.0,37.9,18.5,51.0,5.0,1.35,79.06029,Karachi,4,1,12,115.43751,100.802086,95.00371996561687,11.463969825099566,-0.31512478
2025-12-09 05:00:00+00:00,41.1,38.4,1603.0,34.3,20.8,78.0,7.0,2.9,78.430855,Karachi,5,1,12,113.82292,104.26042,93.52905050913493,11.211457259546375,-0.31093973
2025-12-09 06:00:00+00:00,35.4,31.1,1567.0,29.4,23.4,102.0,8.0,4.4,77.99646,Karachi,6,1,12,112.35416,107.66667,92.09747982025146,10.892193219073206,-0.30579817
2025-12-09 07:00:00+00:00,26.7,23.5,1253.0,22.2,27.0,122.0,7.0,5.2,77.774826,Karachi,7,1,12,110.375,110.91667,90.73913923899333,10.540822527248212,-0.2953583
2025-12-09 08:00:00+00:00,20.4,18.6,797.0,13.6,31.0,140.0,5.0,4.9,77.93439,Karachi,8,1,12,108.52083,113.27083,89.46470419565837,10.138815615547124,-0.28184858
2025-12-09 09:00:00+00:00,18.3,16.8,536.0,9.0,33.7,150.0,3.0,3.65,78.01418,Karachi,9,1,12,107.09374,114.729164,88.2530558904012,9.667056646752815,-0.2715337
2025-12-09 10:00:00+00:00,17.6,16.2,633.0,9.6,34.3,150.0,2.0,2.1,78.0585,Karachi,10,1,12,105.8125,115.77084,87.09663931528728,9.119723730904374,-0.26229414
2025-12-09 11:00:00+00:00,17.8,16.5,926.0,14.2,33.5,142.0,2.0,0.8,78.12057,Karachi,11,1,12,104.520836,116.67708,85.99662812550862,8.497626147166708,-0.2525838
2025-12-09 12:00:00+00:00,12.8,12.8,1269.0,18.7,36.2,138.0,0.0,0.15,78.20921,Karachi,12,1,12,103.208336,117.56251,84.95499801635742,7.799618332247386,-0.24222
2025-12-09 13:00:00+00:00,27.5,27.5,1661.0,39.9,34.3,103.0,0.0,0.0,83.92858,Karachi,13,1,12,102.78125,116.54167,84.16947015126546,6.81319702755872,-0.18342517
2025-12-09 14:00:00+00:00,32.0,32.0,2102.0,68.8,31.7,55.0,0.0,0.0,89.24319,Karachi,14,1,12,100.979164,117.135414,83.68047110239665,5.916410284226652,-0.11622177
2025-12-09 15:00:00+00:00,34.1,34.0,2449.0,88.7,30.4,19.0,0.0,0.0,79.25169,Karachi,15,1,12,98.3156,119.02083,82.88614177703857,5.08781182361577,-0.19390517
2025-12-09 16:00:00+00:00,38.0,37.8,2685.0,90.9,32.4,8.0,0.0,0.0,78.91844,Karachi,16,1,12,94.86701,121.72916,82.22161801656087,4.457418135920148,-0.16811502
2025-12-09 17:00:00+00:00,43.5,43.3,2828.0,84.1,35.6,10.0,0.0,0.0,80.10638,Karachi,17,1,12,91.75532,123.99999,81.7362454732259,3.983149281479305,-0.12695658
2025-12-09 18:00:00+00:00,47.8,47.6,2784.0,76.8,36.2,13.0,0.0,0.0,81.71985,Karachi,18,1,12,89.55674,125.14584,81.40970834096272,3.618714039103277,-0.08750755
2025-12-09 19:00:00+00:00,46.7,46.4,2450.0,71.7,31.5,12.0,0.0,0.0,83.59928,Karachi,19,1,12,88.1383,125.27083,81.2205826441447,3.3612172073895055,-0.0514988
2025-12-09 20:00:00+00:00,45.2,44.7,1930.0,66.1,24.2,12.0,0.0,0.0,85.29256,Karachi,20,1,12,87.083336,124.84375,81.14596684773763,3.2432166198824617,-0.02056397
2025-12-09 21:00:00+00:00,40.9,40.4,1440.0,61.3,18.2,12.0,0.0,0.0,86.85284,Karachi,21,1,12,86.108154,124.114586,81.17699527740479,3.2958893691047084,0.00864822
2025-12-09 22:00:00+00:00,35.5,35.3,971.0,57.7,14.9,11.0,0.0,0.0,88.102844,Karachi,22,1,12,85.11524,123.20834,81.30147870381673,3.501130776658358,0.035100672
2025-12-09 23:00:00+00:00,30.7,30.6,534.0,54.9,13.0,11.0,0.0,0.0,88.99824,Karachi,23,1,12,84.10461,122.13542,81.50537999471028,3.8011259102770922,0.058185052
2025-12-10 00:00:00+00:00,23.7,23.6,373.0,53.9,14.6,11.0,0.0,0.0,89.5656,Karachi,0,2,12,83.10284,120.90624,81.77466169993083,4.133593941795623,0.07776824
2025-12-10 01:00:00+00:00,23.4,23.3,726.0,51.4,14.5,6.0,0.0,0.0,89.59219,Karachi,1,2,12,82.13652,119.54167,82.08531475067139,4.43140231933995,0.09077172
2025-12-10 02:00:00+00:00,29.0,28.9,1355.0,47.9,14.8,2.0,0.0,0.0,89.59219,Karachi,2,2,12,81.16135,118.13543,82.43660004933675,4.682048928403181,0.10387762
2025-12-10 03:00:00+00:00,41.9,41.7,1801.0,44.5,18.7,8.0,0.0,0.35,89.858154,Karachi,3,2,12,80.11525,116.75,82.84255441029866,4.889794229351087,0.12161111
2025-12-10 04:00:00+00:00,40.0,39.9,1876.0,42.3,29.5,35.0,0.0,1.4,90.76241,Karachi,4,2,12,79.06029,115.43751,83.33014297485352,5.076136881163766,0.14801522
2025-12-10 05:00:00+00:00,28.8,28.8,1766.0,40.1,43.9,74.0,0.0,3.0,91.03723,Karachi,5,2,12,78.430855,113.82292,83.85540866851807,5.197906353213858,0.16073236
2025-12-10 06:00:00+00:00,21.9,21.8,1572.0,36.1,54.5,107.0,0.0,4.55,90.186165,Karachi,6,2,12,77.99646,112.35416,84.36331303914388,5.196065777857425,0.15628536
2025-12-10 07:00:00+00:00,21.0,20.9,1262.0,27.4,58.2,131.0,0.0,5.35,89.3617,Karachi,7,2,12,77.774826,110.375,84.84609953562419,5.094588065782153,0.14897977
2025-12-10 08:00:00+00:00,18.7,18.6,868.0,16.9,58.2,150.0,0.0,5.0,89.13121,Karachi,8,2,12,77.93439,108.52083,85.31263383229573,4.9445962558321215,0.14366987
2025-12-10 09:00:00+00:00,18.0,17.9,584.0,10.5,56.2,160.0,0.0,3.75,89.13121,Karachi,9,2,12,78.01418,107.09374,85.77584330240886,4.747962351461889,0.14250007
2025-12-10 10:00:00+00:00,18.0,17.9,475.0,10.0,52.1,158.0,0.0,2.15,89.22873,Karachi,10,2,12,78.0585,105.8125,86.24126942952473,4.499558052674362,0.14310071
2025-12-10 11:00:00+00:00,17.4,17.3,476.0,13.8,46.0,147.0,0.0,0.8,89.37944,Karachi,11,2,12,78.12057,104.520836,86.71038913726807,4.192535167095237,0.14412175
2025-12-10 12:00:00+00:00,14.8,14.6,586.0,19.4,34.5,128.0,0.0,0.15,89.450356,Karachi,12,2,12,78.20921,103.208336,87.17877006530762,3.8121736567991857,0.14373168
2025-12-10 13:00:00+00:00,22.9,22.8,882.0,38.4,32.5,95.0,0.0,0.0,90.943886,Karachi,13,2,12,83.92858,102.78125,87.47107442220052,3.8210693289151285,0.083586596
2025-12-10 14:00:00+00:00,29.7,29.5,1288.0,64.6,29.7,50.0,0.0,0.0,95.40815,Karachi,14,2,12,89.24319,100.979164,87.7279478708903,4.139346172832476,0.06908049
2025-12-10 15:00:00+00:00,34.6,34.0,1573.0,83.9,27.8,16.0,0.0,0.0,88.97163,Karachi,15,2,12,79.25169,98.3156,88.13294506072998,3.729142582823522,0.12264637
2025-12-10 16:00:00+00:00,38.6,37.5,1645.0,90.6,28.0,4.0,0.0,0.0,88.97163,Karachi,16,2,12,78.91844,94.86701,88.55182774861653,3.172125961515166,0.12738702
2025-12-10 17:00:00+00:00,40.4,39.0,1597.0,90.5,29.1,4.0,1.0,0.0,88.94503,Karachi,17,2,12,80.10638,91.75532,88.92010498046875,2.6127505136997087,0.11033645
2025-12-10 18:00:00+00:00,40.9,39.1,1476.0,86.4,28.9,8.0,1.0,0.0,88.56383,Karachi,18,2,12,81.71985,89.55674,89.20527076721191,2.1196828537971095,0.08374929
2025-12-10 19:00:00+00:00,38.8,36.6,1252.0,77.9,26.2,14.0,1.0,0.0,87.81028,Karachi,19,2,12,83.59928,88.1383,89.38072903951009,1.7830152962719117,0.05037123
2025-12-10 20:00:00+00:00,34.2,31.8,954.0,65.5,22.2,24.0,1.0,0.0,86.94148,Karachi,20,2,12,85.29256,87.083336,89.44943428039551,1.6450688188752212,0.019332588
2025-12-10 21:00:00+00:00,29.0,26.4,718.0,53.6,18.9,33.0,1.0,0.0,85.79786,Karachi,21,2,12,86.85284,86.108154,89.40547688802083,1.7294016273068635,-0.012146723
2025-12-10 22:00:00+00:00,24.7,21.9,511.0,41.6,16.6,41.0,1.0,0.0,84.55673,Karachi,22,2,12,88.102844,85.11524,89.25772221883138,1.9790051142053873,-0.04024969
2025-12-10 23:00:00+00:00,21.8,18.9,364.0,30.0,15.0,48.0,2.0,0.0,83.36879,Karachi,23,2,12,88.99824,84.10461,89.02316188812256,2.3160156722658933,-0.06325348
2025-12-11 00:00:00+00:00,25.9,22.4,510.0,31.8,17.4,44.0,2.0,0.0,82.33156,Karachi,0,3,12,89.5656,83.10284,88.7217435836792,2.683874623880338,-0.080768056
2025-12-11 01:00:00+00:00,26.3,22.6,1291.0,40.5,19.7,32.0,2.0,0.0,82.22518,Karachi,1,3,12,89.59219,82.13652,88.41478474934895,2.984448635531425,-0.08222828
2025-12-11 02:00:00+00:00,32.1,28.3,2363.0,51.9,23.0,18.0,2.0,0.0,82.163124,Karachi,2,3,12,89.59219,81.16135,88.1052401860555,3.2320192605688476,-0.082920946
2025-12-11 03:00:00+00:00,45.3,41.6,2932.0,56.7,26.2,17.0,2.0,0.35,82.10993,Karachi,3,3,12,89.858154,80.11525,87.78239758809407,3.4302134063297123,-0.08622726
2025-12-11 04:00:00+00:00,52.5,49.9,2500.0,48.8,29.0,43.0,2.0,1.4,82.10106,Karachi,4,3,12,90.76241,79.06029,87.42150783538818,3.5563641360944844,-0.09542886
2025-12-11 05:00:00+00:00,30.6,25.4,1564.0,34.2,31.7,83.0,3.0,3.0,82.98758,Karachi,5,3,12,91.03723,78.430855,87.08610566457112,3.580041831278692,-0.08842154
2025-12-11 06:00:00+00:00,27.7,21.7,818.0,22.0,33.8,116.0,4.0,4.6,82.68617,Karachi,6,3,12,90.186165,77.99646,86.77360598246257,3.624730206302553,-0.08316123
2025-12-11 07:00:00+00:00,23.9,17.9,540.0,15.1,35.1,134.0,6.0,5.45,82.67731,Karachi,7,3,12,89.3617,77.774826,86.49508953094482,3.673696740968173,-0.074801564
2025-12-11 08:00:00+00:00,22.3,16.5,452.0,10.6,35.7,145.0,8.0,5.2,82.41135,Karachi,8,3,12,89.13121,77.93439,86.2150952021281,3.719837532466487,-0.07539294
2025-12-11 09:00:00+00:00,22.1,16.4,413.0,8.5,35.5,149.0,9.0,3.95,82.22518,Karachi,9,3,12,89.13121,78.01418,85.92734400431316,3.751427927623047,-0.0774816
2025-12-11 10:00:00+00:00,20.8,15.5,352.0,7.9,34.2,144.0,9.0,2.25,82.0922,Karachi,10,3,12,89.22873,78.0585,85.62998867034912,3.7611917358018108,-0.07998016
2025-12-11 11:00:00+00:00,19.7,14.6,339.0,9.7,32.2,132.0,8.0,0.85,81.87944,Karachi,11,3,12,89.37944,78.12057,85.31748867034912,3.7476684388322474,-0.08391192
2025-12-11 12:00:00+00:00,12.1,10.9,443.0,15.4,28.8,111.0,1.0,0.15,81.640076,Karachi,12,3,12,89.450356,78.20921,84.99206034342448,3.7121218719733955,-0.08731413
2025-12-11 13:00:00+00:00,20.1,18.9,762.0,31.9,27.1,84.0,1.0,0.0,82.22788,Karachi,13,3,12,90.943886,83.92858,84.62889353434245,3.526222344688155,-0.09583936
2025-12-11 14:00:00+00:00,26.0,24.4,1198.0,54.7,24.9,46.0,1.0,0.0,82.44047,Karachi,14,3,12,95.40815,89.24319,84.08857345581055,2.699257198998761,-0.13591796
2025-12-11 15:00:00+00:00,28.3,26.7,1530.0,71.7,23.6,18.0,1.0,0.0,80.51419,Karachi,15,3,12,88.97163,79.25169,83.73618030548096,2.583639342509273,-0.095057674
2025-12-11 16:00:00+00:00,31.8,29.9,1687.0,77.4,24.6,8.0,1.0,0.0,79.86702,Karachi,16,3,12,88.97163,78.91844,83.35682169596355,2.4462573051667302,-0.10233157
2025-12-11 17:00:00+00:00,37.3,35.0,1740.0,77.4,26.6,6.0,1.0,0.0,79.19327,Karachi,17,3,12,88.94503,80.10638,82.95049826304118,2.282073402540993,-0.10963808
2025-12-11 18:00:00+00:00,42.3,39.7,1683.0,75.7,27.3,7.0,1.0,0.0,78.83865,Karachi,18,3,12,88.56383,81.71985,82.54528268178304,2.0980090651226257,-0.10980977
2025-12-11 19:00:00+00:00,43.9,40.9,1464.0,74.5,25.6,7.0,1.0,0.0,78.891846,Karachi,19,3,12,87.81028,83.59928,82.17368125915527,1.9059525823218428,-0.10156481
2025-12-11 20:00:00+00:00,41.0,37.8,1134.0,71.6,22.6,9.0,2.0,0.0,79.27305,Karachi,20,3,12,86.94148,85.29256,81.85416316986084,1.7039928699758433,-0.088202246
2025-12-11 21:00:00+00:00,35.7,32.2,845.0,65.4,19.7,13.0,2.0,0.0,79.80496,Karachi,21,3,12,85.79786,86.85284,81.60445912679036,1.5313058504357402,-0.06984903
2025-12-11 22:00:00+00:00,32.6,28.5,607.0,51.9,16.8,23.0,2.0,0.0,80.319145,Karachi,22,3,12,84.55673,88.102844,81.42789300282796,1.4160653752940828,-0.050115313
2025-12-11 23:00:00+00:00,32.2,27.1,410.0,34.9,14.0,35.0,3.0,0.0,80.90426,Karachi,23,3,12,83.36879,88.99824,81.32520421346028,1.3573404246734007,-0.029561793
2025-12-12 00:00:00+00:00,36.9,34.1,367.0,32.5,13.4,33.0,3.0,0.0,81.63121,Karachi,0,4,12,82.33156,89.5656,81.29602305094402,1.3422083365220179,-0.008506433
2025-12-12 01:00:00+00:00,33.3,30.7,616.0,35.3,13.7,28.0,3.0,0.0,82.668434,Karachi,1,4,12,82.22518,89.59219,81.31449190775554,1.358500200745227,0.0053907153
2025-12-12 02:00:00+00:00,38.3,35.5,1019.0,39.0,14.2,23.0,3.0,0.0,83.38652,Karachi,2,4,12,82.163124,89.59219,81.36546675364177,1.4135645245893733,0.014889847
2025-12-12 03:00:00+00:00,40.4,37.1,1284.0,39.8,15.7,26.0,3.0,0.25,84.02481,Karachi,3,4,12,82.10993,89.858154,81.44525337219238,1.5082798707809746,0.023320917
2025-12-12 04:00:00+00:00,41.0,38.1,1277.0,35.4,19.1,45.0,4.0,1.0,83.62588,Karachi,4,4,12,82.10106,90.76241,81.5087874730428,1.568037405369433,0.018572457
2025-12-12 05:00:00+00:00,30.4,26.8,1130.0,28.1,23.5,72.0,5.0,2.55,82.57978,Karachi,5,4,12,82.98758,91.03723,81.49179585774739,1.5534578775223273,-0.0049139736
2025-12-12 06:00:00+00:00,27.9,23.5,950.0,21.4,26.9,96.0,6.0,4.15,82.70389,Karachi,6,4,12,82.68617,90.186165,81.49253400166829,1.5540541690218144,0.00021424929
2025-12-12 07:00:00+00:00,26.7,21.9,732.0,16.0,28.7,114.0,6.0,5.2,82.86347,Karachi,7,4,12,82.67731,89.3617,81.5002908706665,1.5606754365558988,0.0022517045
2025-12-12 08:00:00+00:00,24.1,19.2,480.0,11.2,29.6,128.0,6.0,5.2,83.21809,Karachi,8,4,12,82.41135,89.13121,81.53390502929688,1.5895714576731834,0.009789184
2025-12-12 09:00:00+00:00,21.1,16.9,309.0,8.5,29.6,134.0,6.0,3.95,83.45744,Karachi,9,4,12,82.22518,89.13121,81.58524926503499,1.6322007958550844,0.014986427
2025-12-12 10:00:00+00:00,18.2,14.8,251.0,7.1,28.6,130.0,5.0,2.3,83.50178,Karachi,10,4,12,82.0922,89.22873,81.64398161570232,1.676008717497544,0.017170649
2025-12-12 11:00:00+00:00,15.5,12.6,274.0,7.8,26.8,119.0,4.0,0.85,83.43972,Karachi,11,4,12,81.87944,89.37944,81.70899327596028,1.7153389803705916,0.01905582
2025-12-12 12:00:00+00:00,11.3,9.7,398.0,13.2,24.8,101.0,0.0,0.15,83.262405,Karachi,12,4,12,81.640076,89.450356,81.77659034729004,1.7442276806615373,0.019871732
2025-12-12 13:00:00+00:00,16.8,15.4,716.0,28.9,23.5,77.0,0.0,0.0,83.15604,Karachi,13,4,12,82.22788,90.943886,81.81526343027751,1.7648365722411083,0.011287582
2025-12-12 14:00:00+00:00,22.8,21.4,1134.0,50.4,21.8,45.0,0.0,0.0,82.84576,Karachi,14,4,12,82.44047,95.40815,81.83215045928955,1.7729991573565558,0.0049161376
2025-12-12 15:00:00+00:00,26.4,24.7,1391.0,66.6,20.5,20.0,0.0,0.0,82.5798,Karachi,15,4,12,80.51419,88.97163,81.91821765899658,1.7562965456060025,0.025655264
2025-12-12 16:00:00+00:00,29.2,27.4,1349.0,73.1,20.5,11.0,0.0,0.0,82.40249,Karachi,16,4,12,79.86702,88.97163,82.02386220296223,1.7029964705380334,0.031746134
2025-12-12 17:00:00+00:00,32.1,29.9,1147.0,74.3,21.0,10.0,1.0,0.0,82.180855,Karachi,17,4,12,79.19327,88.94503,82.14834499359131,1.5927145200139365,0.037725266
2025-12-12 18:00:00+00:00,33.4,30.9,939.0,71.1,20.6,13.0,1.0,0.0,81.72873,Karachi,18,4,12,78.83865,88.56383,82.26876481374104,1.4328294764254812,0.036658105
2025-12-12 19:00:00+00:00,31.7,28.8,764.0,62.1,18.5,21.0,1.0,0.0,80.94859,Karachi,19,4,12,78.891846,87.81028,82.35446262359619,1.2748745703779005,0.02607047
2025-12-12 20:00:00+00:00,28.7,25.6,583.0,48.7,15.7,33.0,1.0,0.0,79.87589,Karachi,20,4,12,79.27305,86.94148,82.37958113352458,1.2161069732929837,0.007604656
2025-12-12 21:00:00+00:00,25.5,22.2,438.0,37.1,13.3,43.0,1.0,0.0,78.79433,Karachi,21,4,12,79.80496,85.79786,82.33747132619222,1.3220192091573242,-0.012663816
2025-12-12 22:00:00+00:00,23.0,19.5,270.0,28.0,11.8,50.0,1.0,0.0,77.9078,Karachi,22,4,12,80.319145,84.55673,82.23699855804443,1.5534531540809984,-0.030022062
2025-12-12 23:00:00+00:00,21.4,17.8,138.0,20.6,10.9,55.0,1.0,0.0,77.10993,Karachi,23,4,12,80.90426,83.36879,82.07890160878499,1.8581749958232365,-0.046898976
2025-12-13 00:00:00+00:00,28.6,23.6,262.0,21.9,11.1,48.0,1.0,0.0,76.28546,Karachi,0,5,12,81.63121,82.33156,81.85616207122803,2.2026421020098153,-0.06548658
2025-12-13 01:00:00+00:00,31.7,26.6,949.0,29.6,13.0,36.0,1.0,0.0,75.35461,Karachi,1,5,12,82.668434,82.22518,81.55141925811768,2.5620061956055427,-0.08847183
2025-12-13 02:00:00+00:00,39.3,34.7,1893.0,39.7,15.7,20.0,1.0,0.0,74.991135,Karachi,2,5,12,83.38652,82.163124,81.20161151885986,2.856739623311679,-0.10068037
2025-12-13 03:00:00+00:00,51.1,48.4,2395.0,44.3,18.4,17.0,1.0,0.3,74.92021,Karachi,3,5,12,84.02481,82.10993,80.82225322723389,3.0626340794809463,-0.10835608
2025-12-13 04:00:00+00:00,45.1,43.7,2017.0,38.2,20.9,39.0,1.0,1.2,75.92199,Karachi,4,5,12,83.62588,82.10106,80.50125789642334,3.1582404108736046,-0.092123255
2025-12-13 05:00:00+00:00,33.8,32.1,1196.0,26.5,23.4,73.0,1.0,2.9,76.418434,Karachi,5,5,12,82.57978,82.98758,80.24453512827556,3.2315061280829838,-0.07461084
2025-12-13 06:00:00+00:00,20.1,17.0,550.0,16.8,25.4,102.0,1.0,4.55,76.8883,Karachi,6,5,12,82.70389,82.68617,80.00221888224284,3.257014049633541,-0.070318215
2025-12-13 07:00:00+00:00,15.6,13.6,326.0,11.7,26.8,118.0,1.0,5.4,76.31205,Karachi,7,5,12,82.86347,82.67731,79.72924296061198,3.2812340567629197,-0.07906285
2025-12-13 08:00:00+00:00,14.6,13.3,276.0,8.5,27.7,129.0,1.0,5.15,75.57623,Karachi,8,5,12,83.21809,82.41135,79.41083240509033,3.2986930730779016,-0.09182924
2025-12-13 09:00:00+00:00,14.5,13.4,270.0,7.2,28.4,133.0,1.0,3.95,75.05319,Karachi,9,5,12,83.45744,82.22518,79.06065527598064,3.296524129394454,-0.100701034
2025-12-13 10:00:00+00:00,14.3,13.3,240.0,6.5,28.9,132.0,1.0,2.25,74.74291,Karachi,10,5,12,83.50178,82.0922,78.69570255279541,3.2681959223432067,-0.104894355
2025-12-13 11:00:00+00:00,14.0,13.0,254.0,7.6,29.2,125.0,1.0,0.85,74.609924,Karachi,11,5,12,83.43972,81.87944,78.32779439290364,3.207360640209144,-0.10582245
2025-12-13 12:00:00+00:00,8.1,8.1,392.0,13.2,28.3,109.0,0.0,0.15,74.645386,Karachi,12,5,12,83.262405,81.640076,77.96875190734863,3.111832983711107,-0.10349232
2025-12-13 13:00:00+00:00,14.7,14.6,758.0,28.8,26.7,83.0,0.0,0.0,74.503555,Karachi,13,5,12,83.15604,82.22788,77.60823186238606,2.983293179138555,-0.10405115
2025-12-13 14:00:00+00:00,21.6,20.9,1248.0,50.3,24.5,48.0,0.0,0.0,74.432625,Karachi,14,5,12,82.84576,82.44047,77.2576847076416,2.8315343398075767,-0.10155175
2025-12-13 15:00:00+00:00,24.0,23.2,1629.0,66.5,23.0,21.0,0.0,0.0,74.3883,Karachi,15,5,12,82.5798,80.51419,76.9163719813029,2.6499964006812684,-0.09919502
2025-12-13 16:00:00+00:00,26.0,25.1,1830.0,72.6,23.1,11.0,0.0,0.0,74.255325,Karachi,16,5,12,82.40249,79.86702,76.57690684000652,2.4293054641263425,-0.09887036
2025-12-13 17:00:00+00:00,29.2,28.1,1921.0,73.4,23.9,9.0,0.0,0.0,74.051414,Karachi,17,5,12,82.180855,79.19327,76.23818016052246,2.1664968362671657,-0.09892134
2025-12-13 18:00:00+00:00,32.4,31.0,1880.0,72.5,24.1,8.0,0.0,0.0,73.891846,Karachi,18,5,12,81.72873,78.83865,75.91164334615071,1.8737943552411356,-0.095888965
2025-12-13 19:00:00+00:00,34.3,32.9,1645.0,70.7,23.0,7.0,0.0,0.0,73.90071,Karachi,19,5,12,80.94859,78.891846,75.61798159281413,1.5791950839357696,-0.087066144
2025-12-13 20:00:00+00:00,34.0,32.5,1278.0,67.2,21.2,6.0,0.0,0.0,74.26419,Karachi,20,5,12,79.87589,79.27305,75.38416067759196,1.3146254828915855,-0.070255265
2025-12-13 21:00:00+00:00,31.7,30.0,946.0,62.6,19.4,7.0,0.0,0.0,74.875885,Karachi,21,5,12,78.79433,79.80496,75.22089227040608,1.0981976782660683,-0.04973
2025-12-13 22:00:00+00:00,29.9,28.2,662.0,56.0,17.3,9.0,0.0,0.0,75.567375,Karachi,22,5,12,77.9078,80.319145,75.12337462107341,0.9420428429550292,-0.03004094
2025-12-13 23:00:00+00:00,30.2,28.3,413.0,48.4,15.2,11.0,0.0,0.0,76.33865,Karachi,23,5,12,77.10993,80.90426,75.09123802185059,0.8826081693704515,-0.0100023225
2025-12-14 00:00:00+00:00,33.6,32.2,321.0,47.4,16.2,6.0,0.0,0.0,77.26951,Karachi,0,6,12,76.28546,81.63121,75.13223997751872,0.9599655664418,0.012899535
2025-12-14 01:00:00+00:00,32.5,31.8,526.0,47.0,16.6,4.0,0.0,0.0,78.03192,Karachi,1,6,12,75.35461,82.668434,75.24379475911458,1.1278166194917956,0.035529543
2025-12-14 02:00:00+00:00,37.1,36.3,889.0,46.2,17.4,3.0,0.0,0.0,78.49291,Karachi,2,6,12,74.991135,83.38652,75.38970216115315,1.306127862740197,0.046695888
2025-12-14 03:00:00+00:00,45.9,45.2,1116.0,43.0,19.1,11.0,0.0,0.3,78.63475,Karachi,3,6,12,74.92021,84.02481,75.5444746017456,1.45918855210417,0.049579926
2025-12-14 04:00:00+00:00,34.9,34.1,1053.0,35.3,22.2,37.0,1.0,1.3,78.35107,Karachi,4,6,12,75.92199,83.62588,75.64568614959717,1.5667871970135756,0.031994384
2025-12-14 05:00:00+00:00,22.5,20.4,853.0,25.3,26.3,72.0,2.0,2.8,77.5,Karachi,5,6,12,76.418434,82.57978,75.69075139363606,1.6050668161872874,0.014153206
2025-12-14 06:00:00+00:00,17.9,15.4,687.0,17.3,30.6,102.0,3.0,4.25,76.46277,Karachi,6,6,12,76.8883,82.70389,75.67302099863689,1.5935720864110647,-0.0055343853
2025-12-14 07:00:00+00:00,16.9,14.6,596.0,12.8,35.2,121.0,3.0,4.9,76.32092,Karachi,7,6,12,76.31205,82.86347,75.6733907063802,1.5937278082094164,0.00011627241
2025-12-14 08:00:00+00:00,17.9,15.9,537.0,10.4,40.0,134.0,3.0,4.7,76.40958,Karachi,8,6,12,75.57623,83.21809,75.70811335245769,1.6005823041368612,0.011026529
2025-12-14 09:00:00+00:00,19.4,17.5,556.0,9.6,43.9,143.0,3.0,3.6,76.640076,Karachi,9,6,12,75.05319,83.45744,75.77423350016277,1.605121861813924,0.021143451
2025-12-14 10:00:00+00:00,20.9,19.0,654.0,8.3,47.1,151.0,3.0,2.05,77.00355,Karachi,10,6,12,74.74291,83.50178,75.86842664082845,1.6082967758831392,0.030245481
2025-12-14 11:00:00+00:00,22.2,20.4,829.0,8.8,49.4,155.0,3.0,0.8,77.508865,Karachi,11,6,12,74.609924,83.43972,75.98921585083008,1.618497373778239,0.03885463
2025-12-14 12:00:00+00:00,55.1,44.5,1118.0,18.5,51.7,144.0,17.0,0.1,78.1649,Karachi,12,6,12,74.645386,83.262405,76.13586235046387,1.6505714586630449,0.047149815
2025-12-14 13:00:00+00:00,61.9,52.0,1703.0,43.3,49.7,108.0,16.0,0.0,83.92858,Karachi,13,6,12,74.503555,83.15604,76.5285717646281,2.255636670472001,0.12650438
2025-12-14 14:00:00+00:00,68.5,59.5,2401.0,77.0,46.9,58.0,15.0,0.0,91.58163,Karachi,14,6,12,74.432625,82.84576,77.24311351776123,3.7704193239669346,0.23039632
2025-12-14 15:00:00+00:00,70.8,62.4,2705.0,99.8,43.7,22.0,13.0,0.0,88.129425,Karachi,15,6,12,74.3883,82.5798,77.81566047668457,4.321150159044787,0.18472162
2025-12-14 16:00:00+00:00,77.1,69.4,2248.0,102.6,40.5,10.0,11.0,0.0,91.604614,Karachi,16,6,12,74.255325,82.40249,78.53854751586914,5.0835689014737655,0.2336437
2025-12-14 17:00:00+00:00,81.5,75.4,1396.0,94.4,37.0,12.0,9.0,0.0,95.53191,Karachi,17,6,12,74.051414,82.180855,79.43356831868489,6.056961907308469,0.29007548
2025-12-14 18:00:00+00:00,77.8,73.1,737.0,81.9,32.8,18.0,8.0,0.0,99.72519,Karachi,18,6,12,73.891846,81.72873,80.50995763142903,7.2142026812970075,0.3496102
2025-12-14 19:00:00+00:00,78.0,73.3,519.0,64.5,26.8,29.0,8.0,0.0,104.06251,Karachi,19,6,12,73.90071,80.94859,81.76669915517171,8.521490624084365,0.40813947
2025-12-14 20:00:00+00:00,78.9,74.0,494.0,42.9,20.1,45.0,9.0,0.0,108.270836,Karachi,20,6,12,74.26419,79.87589,83.18364270528157,9.930540485627624,0.45791444
2025-12-14 21:00:00+00:00,78.7,73.6,500.0,25.7,15.1,58.0,9.0,0.0,112.59376,Karachi,21,6,12,74.875885,78.79433,84.75522073109944,11.429974004071749,0.5037386
2025-12-14 22:00:00+00:00,76.8,71.9,469.0,16.0,12.9,65.0,9.0,0.0,117.135414,Karachi,22,6,12,75.567375,77.9078,86.48722235361735,13.016517164748517,0.55007917
2025-12-14 23:00:00+00:00,73.6,68.9,470.0,10.6,12.4,70.0,9.0,0.0,121.68749,Karachi,23,6,12,76.33865,77.10993,88.3767573038737,14.666229894360178,0.5940482
2025-12-15 00:00:00+00:00,71.0,66.4,545.0,8.8,12.2,69.0,8.0,0.0,125.91667,Karachi,0,0,12,77.26951,76.28546,90.40372244517009,16.331523235744246,0.62957776
2025-12-15 01:00:00+00:00,68.7,64.0,763.0,15.1,13.2,63.0,8.0,0.0,129.47917,Karachi,1,0,12,78.03192,75.35461,92.54735787709554,17.934753857058485,0.65931034
2025-12-15 02:00:00+00:00,68.7,64.0,1056.0,23.6,14.6,55.0,8.0,0.0,132.83333,Karachi,2,0,12,78.49291,74.991135,94.81154187520345,19.44945441697082,0.6922971
2025-12-15 03:00:00+00:00,70.1,65.4,1265.0,28.7,16.2,55.0,8.0,0.3,135.71875,Karachi,3,0,12,78.63475,74.92021,97.19004185994466,20.82682861588168,0.72593856
2025-12-15 04:00:00+00:00,69.6,65.7,1328.0,27.3,17.8,69.0,9.0,1.1,137.8229,Karachi,4,0,12,78.35107,75.92199,99.66803518931071,21.993238141734405,0.75904316
2025-12-15 05:00:00+00:00,67.8,63.1,1308.0,22.4,19.5,91.0,11.0,2.4,141.1146,Karachi,5,0,12,77.5,76.418434,102.31864325205485,23.01505755571461,0.82083344
2025-12-15 06:00:00+00:00,64.3,57.9,1228.0,17.6,21.2,112.0,12.0,3.75,145.56248,Karachi,6,0,12,76.46277,76.8883,105.19779809315999,23.943312488070095,0.9037041
2025-12-15 07:00:00+00:00,56.0,49.9,1046.0,13.4,23.3,130.0,11.0,4.5,149.98958,Karachi,7,0,12,76.32092,76.31205,108.26732540130615,24.78761313454253,0.96524847
2025-12-15 08:00:00+00:00,46.9,42.3,805.0,9.2,25.4,147.0,9.0,4.35,150.77193,Karachi,8,0,12,76.40958,75.57623,111.36575667063396,25.27510455608447,0.97320724
2025-12-15 09:00:00+00:00,41.8,38.0,660.0,7.1,26.8,157.0,7.0,3.3,151.35088,Karachi,9,0,12,76.640076,75.05319,114.47870667775472,25.41266098996696,0.9748268
2025-12-15 10:00:00+00:00,39.1,35.6,690.0,6.6,26.9,161.0,6.0,1.9,151.80045,Karachi,10,0,12,77.00355,74.74291,117.59524408976237,25.202565524335462,0.9713435
2025-12-15 11:00:00+00:00,38.0,34.8,816.0,8.2,26.1,158.0,6.0,0.75,152.16447,Karachi,11,0,12,77.508865,74.609924,120.70589447021484,24.64070557517391,0.963188
2025-12-15 12:00:00+00:00,35.2,33.3,953.0,15.0,27.8,144.0,3.0,0.1,152.48027,Karachi,12,0,12,78.1649,74.645386,123.8023681640625,23.71436902173923,0.9507511
2025-12-15 13:00:00+00:00,51.9,50.3,1101.0,37.3,26.9,111.0,3.0,0.0,152.23465,Karachi,13,0,12,83.92858,74.503555,126.64845434824626,22.802183958879592,0.81385946
2025-12-15 14:00:00+00:00,63.1,61.5,1259.0,67.2,25.5,65.0,2.0,0.0,152.19737,Karachi,14,0,12,91.58163,74.432625,129.17411041259766,22.095229613108472,0.6618767
2025-12-15 15:00:00+00:00,57.5,56.3,1345.0,82.9,23.7,36.0,2.0,0.0,152.24123,Karachi,15,0,12,88.129425,74.3883,131.84543546040854,20.751891607639045,0.72747326
2025-12-15 16:00:00+00:00,56.0,54.6,1301.0,70.9,21.1,39.0,3.0,0.0,152.10747,Karachi,16,0,12,91.604614,74.255325,134.36638768513998,19.273144839807628,0.66047823
2025-12-15 17:00:00+00:00,58.1,56.1,1184.0,44.7,18.0,59.0,4.0,0.0,151.7829,Karachi,17,0,12,95.53191,74.051414,136.7101786931356,17.701415430953276,0.5888188
2025-12-15 18:00:00+00:00,60.1,57.5,1078.0,23.7,15.7,75.0,5.0,0.0,151.35965,Karachi,18,0,12,99.72519,73.891846,138.86161454518637,16.07381317948036,0.5177675
2025-12-15 19:00:00+00:00,60.5,57.6,1014.0,15.5,14.7,79.0,6.0,0.0,151.01755,Karachi,19,0,12,104.06251,73.90071,140.81807454427084,14.427291502064792,0.45121956
2025-12-15 20:00:00+00:00,59.6,56.6,962.0,12.5,14.5,80.0,6.0,0.0,150.67325,Karachi,20,0,12,108.270836,74.26419,142.58484172821045,12.76929322185808,0.39163283
2025-12-15 21:00:00+00:00,57.9,54.7,915.0,10.5,14.6,81.0,6.0,0.0,150.29166,Karachi,21,0,12,112.59376,74.875885,144.15558751424155,11.133532562768636,0.3348134
2025-12-15 22:00:00+00:00,55.9,52.7,852.0,7.9,14.7,84.0,6.0,0.0,149.41666,Karachi,22,0,12,117.135414,75.567375,145.50063927968344,9.5670328942892,0.27558908
2025-12-15 23:00:00+00:00,54.1,51.0,795.0,6.4,15.0,88.0,5.0,0.0,147.41664,Karachi,23,0,12,121.68749,76.33865,146.57268714904785,8.11378039207602,0.21143627
2025-12-16 00:00:00+00:00,53.2,50.1,804.0,7.1,15.1,87.0,5.0,0.0,145.55206,Karachi,0,1,12,125.91667,77.26951,147.39082845052084,6.828568883301695,0.15593956
2025-12-16 01:00:00+00:00,52.7,49.7,953.0,11.6,16.7,84.0,5.0,0.0,143.85414,Karachi,1,1,12,129.47917,78.03192,147.98978551228842,5.73147617446017,0.11102148
2025-12-16 02:00:00+00:00,54.5,51.7,1169.0,17.7,18.9,82.0,5.0,0.0,142.36455,Karachi,2,1,12,132.83333,78.49291,148.3869196573893,4.906454359412724,0.071753226
2025-12-16 03:00:00+00:00,57.6,54.8,1293.0,21.1,21.2,85.0,5.0,0.3,141.08331,Karachi,3,1,12,135.71875,78.63475,148.61044311523438,4.400330091386309,0.03952706
2025-12-16 04:00:00+00:00,59.8,57.5,1240.0,19.3,23.9,100.0,6.0,1.25,139.97914,Karachi,4,1,12,137.8229,78.35107,148.7002862294515,4.187359425018885,0.015644966
2025-12-16 05:00:00+00:00,61.2,58.3,1096.0,14.9,26.6,121.0,7.0,2.7,139.12498,Karachi,5,1,12,141.1146,77.5,148.6173858642578,4.360196650678551,-0.014099242
2025-12-16 06:00:00+00:00,57.4,53.9,957.0,11.0,28.0,138.0,7.0,4.2,138.62498,Karachi,6,1,12,145.56248,76.46277,148.3283233642578,4.781170174158563,-0.047659945
2025-12-16 07:00:00+00:00,47.0,44.0,840.0,8.4,26.8,148.0,6.0,5.05,138.20834,Karachi,7,1,12,149.98958,76.32092,147.83743858337402,5.1904658629079705,-0.07854702
2025-12-16 08:00:00+00:00,38.0,35.7,729.0,6.4,24.2,153.0,4.0,4.85,137.59377,Karachi,8,1,12,150.77193,76.40958,147.28834851582846,5.551056104241747,-0.08740461
2025-12-16 09:00:00+00:00,33.3,31.5,672.0,5.6,22.1,155.0,3.0,3.7,136.90625,Karachi,9,1,12,151.35088,76.640076,146.6864891052246,5.865586283302422,-0.095438
2025-12-16 10:00:00+00:00,30.7,29.3,701.0,6.4,21.3,154.0,2.0,2.15,136.22917,Karachi,10,1,12,151.80045,77.00355,146.03768603006998,6.130528034458975,-0.10257726
2025-12-16 11:00:00+00:00,29.5,28.2,785.0,8.5,21.0,148.0,2.0,0.8,135.57292,Karachi,11,1,12,152.16447,77.508865,145.34637133280435,6.341448784850503,-0.10903697
2025-12-16 12:00:00+00:00,48.2,45.8,878.0,12.3,21.8,139.0,5.0,0.15,134.8854,Karachi,12,1,12,152.48027,78.1649,144.61325200398764,6.496023890047965,-0.11539108
2025-12-16 13:00:00+00:00,54.5,52.7,987.0,17.0,20.9,125.0,4.0,0.0,136.1875,Karachi,13,1,12,152.23465,83.92858,143.94462076822916,6.503308441843614,-0.10541063
2025-12-16 14:00:00+00:00,57.2,55.5,1106.0,23.4,19.7,105.0,4.0,0.0,136.4375,Karachi,14,1,12,152.19737,91.58163,143.28795941670737,6.429008743867309,-0.103548914
2025-12-16 15:00:00+00:00,58.1,56.2,1165.0,27.0,19.0,90.0,3.0,0.0,135.8125,Karachi,15,1,12,152.24123,88.129425,142.60342915852866,6.307742227303213,-0.107912466
2025-12-16 16:00:00+00:00,60.1,58.0,1122.0,25.4,19.3,84.0,3.0,0.0,135.80208,Karachi,16,1,12,152.10747,91.604614,141.9240379333496,6.114732616015699,-0.10719651
2025-12-16 17:00:00+00:00,62.4,60.1,1019.0,21.1,20.2,83.0,4.0,0.0,136.15625,Karachi,17,1,12,151.7829,95.53191,141.27292760213217,5.845342066507072,-0.10295394
2025-12-16 18:00:00+00:00,64.3,61.7,918.0,17.0,21.1,84.0,4.0,0.0,136.5729,Karachi,18,1,12,151.35965,99.72519,140.65681330362955,5.505343103474648,-0.097692765
2025-12-16 19:00:00+00:00,65.0,62.4,833.0,14.0,22.0,86.0,4.0,0.0,137.0104,Karachi,19,1,12,151.01755,104.06251,140.07318242390951,5.08569575000247,-0.09275175
2025-12-16 20:00:00+00:00,64.7,62.2,749.0,11.2,22.9,90.0,5.0,0.0,137.51042,Karachi,20,1,12,150.67325,108.270836,139.52473131815592,4.5771935017978835,-0.08736008
2025-12-16 21:00:00+00:00,64.0,61.5,682.0,9.1,23.9,93.0,5.0,0.0,138.09375,Karachi,21,1,12,150.29166,112.59376,139.0164852142334,3.9660932450434037,-0.081161566
2025-12-16 22:00:00+00:00,62.9,60.5,609.0,7.3,24.7,94.0,5.0,0.0,138.80208,Karachi,22,1,12,149.41666,117.135414,138.57421112060547,3.290139776173174,-0.07104012
2025-12-16 23:00:00+00:00,62.2,59.8,553.0,6.2,25.4,95.0,4.0,0.0,139.61456,Karachi,23,1,12,147.41664,121.68749,138.24912452697754,2.7133555738177075,-0.052925356
2025-12-17 00:00:00+00:00,60.8,58.6,595.0,7.1,24.9,92.0,4.0,0.0,140.53127,Karachi,0,2,12,145.55206,125.91667,138.03992462158203,2.2856620252027318,-0.03449486
2025-12-17 01:00:00+00:00,61.0,58.8,841.0,11.7,26.8,90.0,4.0,0.0,141.41667,Karachi,1,2,12,143.85414,129.47917,137.9383633931478,2.0589943145788356,-0.016944034
2025-12-17 02:00:00+00:00,62.6,60.5,1186.0,17.8,29.3,88.0,3.0,0.0,142.36458,Karachi,2,2,12,142.36455,132.83333,137.93836466471353,2.0589971668953244,2.143622e-07
2025-12-17 03:00:00+00:00,65.0,63.1,1398.0,21.2,31.1,91.0,3.0,0.3,143.28125,Karachi,3,2,12,141.08331,135.71875,138.02994537353516,2.245403321804619,0.015579
2025-12-17 04:00:00+00:00,65.7,64.3,1356.0,19.4,31.7,103.0,3.0,1.2,144.14584,Karachi,4,2,12,139.97914,137.8229,138.20355796813965,2.543907327144228,0.029766593
2025-12-17 05:00:00+00:00,63.6,61.9,1182.0,14.9,31.5,120.0,3.0,2.6,144.85417,Karachi,5,2,12,139.12498,141.1146,138.44227409362793,2.8806526309148928,0.041180145
2025-12-17 06:00:00+00:00,49.5,47.7,1007.0,11.0,30.5,135.0,3.0,4.05,145.22917,Karachi,6,2,12,138.62498,145.56248,138.71744855244955,3.1969344243326967,0.04764067
2025-12-17 07:00:00+00:00,35.0,33.4,851.0,8.4,28.1,145.0,4.0,4.85,144.58333,Karachi,7,2,12,138.20834,149.98958,138.98307291666666,3.4105014854037212,0.046125904
2025-12-17 08:00:00+00:00,32.5,30.2,694.0,6.4,24.8,152.0,4.0,4.65,143.47917,Karachi,8,2,12,137.59377,150.77193,139.22829818725586,3.5162136711166725,0.042773787
2025-12-17 09:00:00+00:00,32.7,29.9,615.0,5.8,22.7,155.0,5.0,3.55,142.90627,Karachi,9,2,12,136.90625,151.35088,139.47829882303873,3.5570015079126764,0.043825723
2025-12-17 10:00:00+00:00,32.7,29.9,632.0,4.9,22.6,158.0,5.0,2.05,142.73956,Karachi,10,2,12,136.22917,151.80045,139.74956512451172,3.546675977244567,0.047789995
2025-12-17 11:00:00+00:00,32.9,30.0,725.0,5.4,23.5,157.0,5.0,0.8,142.80208,Karachi,11,2,12,135.57292,152.16447,140.05077997843424,3.482945395261674,0.05332301
2025-12-17 12:00:00+00:00,38.3,34.9,920.0,13.3,22.9,136.0,6.0,0.15,142.98958,Karachi,12,2,12,134.8854,152.48027,140.388453801473,3.350728563083971,0.060081903
2025-12-17 13:00:00+00:00,51.1,48.5,1340.0,35.7,24.5,102.0,5.0,0.0,141.85417,Karachi,13,2,12,136.1875,152.23465,140.62456512451172,3.2396466171082325,0.04160934
2025-12-17 14:00:00+00:00,63.1,60.8,1860.0,65.8,26.6,55.0,4.0,0.0,141.41667,Karachi,14,2,12,136.4375,152.19737,140.83203061421713,3.116959547894685,0.03649416
2025-12-17 15:00:00+00:00,62.9,61.0,2130.0,83.7,27.0,24.0,3.0,0.0,141.96877,Karachi,15,2,12,135.8125,152.24123,141.08854166666666,2.9338531936115664,0.04532915
2025-12-17 16:00:00+00:00,50.8,49.5,1923.0,77.9,24.1,24.0,2.0,0.0,142.46877,Karachi,16,2,12,135.80208,152.10747,141.36632029215494,2.7193256312448244,0.0490912
2025-12-17 17:00:00+00:00,40.9,39.8,1467.0,59.7,19.5,39.0,2.0,0.0,141.58336,Karachi,17,2,12,136.15625,151.7829,141.5924498240153,2.48258173057088,0.039859418
2025-12-17 18:00:00+00:00,34.5,33.5,1092.0,43.1,15.8,53.0,2.0,0.0,139.46877,Karachi,18,2,12,136.5729,151.35965,141.71311060587564,2.290990685988419,0.021203758
2025-12-17 19:00:00+00:00,30.6,29.7,932.0,32.4,14.0,60.0,2.0,0.0,136.53127,Karachi,19,2,12,137.0104,151.01755,141.693146387736,2.3354099444071337,-0.0034971156
2025-12-17 20:00:00+00:00,28.6,27.8,855.0,23.3,13.2,65.0,2.0,0.0,133.125,Karachi,20,2,12,137.51042,150.67325,141.51042048136392,2.8018769173572937,-0.03189156
2025-12-17 21:00:00+00:00,28.0,27.1,793.0,16.6,13.0,68.0,2.0,0.0,129.54167,Karachi,21,2,12,138.09375,150.29166,141.154083887736,3.665892847503163,-0.06192951
2025-12-17 22:00:00+00:00,28.2,27.2,699.0,12.3,13.4,69.0,2.0,0.0,125.958336,Karachi,22,2,12,138.80208,149.41666,140.61892795562744,4.789468249797599,-0.092532784
2025-12-17 23:00:00+00:00,28.9,27.8,621.0,10.5,14.3,68.0,2.0,0.0,122.489586,Karachi,23,2,12,139.61456,147.41664,139.9053872426351,6.054254944722976,-0.12265896
2025-12-18 00:00:00+00:00,28.2,27.1,634.0,13.3,13.9,59.0,2.0,0.0,119.15625,Karachi,0,3,12,140.53127,145.55206,139.0147616068522,7.384295627381563,-0.15210149
2025-12-18 01:00:00+00:00,29.8,28.6,812.0,22.0,15.3,49.0,2.0,0.0,115.87499,Karachi,1,3,12,141.41667,143.85414,137.95052496592203,8.739309645594547,-0.18061294
2025-12-18 02:00:00+00:00,34.0,32.5,1082.0,33.8,17.3,36.0,2.0,0.0,112.72916,Karachi,2,3,12,142.36458,142.36455,136.71571572621664,10.079416670263011,-0.20816569
2025-12-18 03:00:00+00:00,41.1,39.5,1300.0,40.9,20.0,34.0,3.0,0.25,109.812485,Karachi,3,3,12,143.28125,141.08331,135.32118384043375,11.364860155789556,-0.23358789
2025-12-18 04:00:00+00:00,44.8,43.1,1440.0,39.2,23.5,52.0,4.0,1.05,107.35415,Karachi,4,3,12,144.14584,139.97914,133.7881965637207,12.543074121571106,-0.25523937
2025-12-18 05:00:00+00:00,45.9,43.9,1529.0,32.9,27.7,82.0,6.0,2.35,105.14581,Karachi,5,3,12,144.85417,139.12498,132.1336816151937,13.594744109843768,-0.27412644
2025-12-18 06:00:00+00:00,39.2,35.6,1506.0,26.4,32.1,109.0,7.0,3.65,103.27083,Karachi,6,3,12,145.22917,138.62498,130.38541730244955,14.50488780962879,-0.28891125
2025-12-18 07:00:00+00:00,40.3,35.7,1260.0,20.4,37.0,132.0,9.0,4.4,102.01041,Karachi,7,3,12,144.58333,138.20834,128.61154556274414,15.27580123695808,-0.2944525
2025-12-18 08:00:00+00:00,42.6,37.3,901.0,14.3,42.2,152.0,10.0,4.25,102.24999,Karachi,8,3,12,143.47917,137.59377,126.89366308848064,15.839014396757412,-0.28735307
2025-12-18 09:00:00+00:00,44.2,38.4,700.0,11.0,46.5,167.0,11.0,3.3,102.98956,Karachi,9,3,12,142.90627,136.90625,125.2304671605428,16.176639019248384,-0.27932087
2025-12-18 10:00:00+00:00,45.1,39.3,811.0,9.1,49.9,177.0,11.0,1.95,103.87499,Karachi,10,3,12,142.73956,136.22917,123.61111005147298,16.292537898677818,-0.2722761
2025-12-18 11:00:00+00:00,46.1,40.7,1079.0,9.9,52.4,181.0,10.0,0.75,104.854164,Karachi,11,3,12,142.80208,135.57292,122.02994696299235,16.190179680903718,-0.26573783
2025-12-18 12:00:00+00:00,50.1,45.6,1316.0,20.7,59.9,171.0,8.0,0.15,105.96875,Karachi,12,3,12,142.98958,134.8854,120.48741245269775,15.866774302251477,-0.25890577
2025-12-18 13:00:00+00:00,68.2,65.0,1452.0,49.7,56.4,129.0,7.0,0.0,115.60373,Karachi,13,3,12,141.85417,136.1875,119.39364401499431,15.221486770508015,-0.1850523
2025-12-18 14:00:00+00:00,74.3,71.7,1556.0,89.2,51.3,70.0,5.0,0.0,125.595245,Karachi,14,3,12,141.41667,136.4375,118.73441791534424,14.554202112330783,-0.11187808
2025-12-18 15:00:00+00:00,73.1,70.8,1642.0,115.7,46.4,26.0,4.0,0.0,117.304405,Karachi,15,3,12,141.96877,135.8125,117.7067362467448,13.687241455296517,-0.1737309
2025-12-18 16:00:00+00:00,71.9,70.1,1753.0,117.7,42.4,11.0,3.0,0.0,110.958336,Karachi,16,3,12,142.46877,135.80208,116.39380168914795,12.683170986341814,-0.2211743
2025-12-18 17:00:00+00:00,71.9,70.3,1845.0,106.8,38.6,10.0,2.0,0.0,113.104164,Karachi,17,3,12,141.58336,136.15625,115.20716857910156,11.501150374459876,-0.2011479
2025-12-18 18:00:00+00:00,67.8,66.6,1805.0,94.0,34.2,13.0,2.0,0.0,116.28125,Karachi,18,3,12,139.46877,136.5729,114.24102210998535,10.283977871855294,-0.16625597
2025-12-18 19:00:00+00:00,59.4,58.1,1522.0,82.4,28.4,16.0,2.0,0.0,119.729164,Karachi,19,3,12,136.53127,137.0104,113.5409345626831,9.217154237185198,-0.12306413
2025-12-18 20:00:00+00:00,51.2,49.7,1106.0,68.9,22.0,23.0,3.0,0.0,122.68749,Karachi,20,3,12,133.125,137.51042,113.10603841145833,8.468794663277835,-0.078403816
2025-12-18 21:00:00+00:00,45.3,43.5,776.0,55.8,17.2,30.0,3.0,0.0,124.968735,Karachi,21,3,12,129.54167,138.09375,112.91549936930339,8.127498433151237,-0.035300896
2025-12-18 22:00:00+00:00,41.8,40.0,592.0,42.1,14.7,39.0,3.0,0.0,126.67706,Karachi,22,3,12,125.958336,138.80208,112.94544633229573,8.178808336055885,0.0057060705
2025-12-18 23:00:00+00:00,40.0,38.2,495.0,28.7,13.7,49.0,3.0,0.0,128.0104,Karachi,23,3,12,122.489586,139.61456,113.1754805246989,8.529053367320357,0.045071755
2025-12-19 00:00:00+00:00,38.4,36.6,522.0,22.0,13.2,52.0,3.0,0.0,129.09373,Karachi,0,4,12,119.15625,140.53127,113.58954238891602,9.056911272150629,0.08339877
2025-12-19 01:00:00+00:00,38.9,37.0,748.0,26.1,14.5,48.0,3.0,0.0,130.08333,Karachi,1,4,12,115.87499,141.41667,114.18155638376872,9.657270110805749,0.122617796
2025-12-19 02:00:00+00:00,41.8,39.8,1099.0,31.6,16.3,44.0,4.0,0.0,130.95831,Karachi,2,4,12,112.72916,142.36458,114.94110457102458,10.237505835423875,0.16170755
2025-12-19 03:00:00+00:00,46.8,44.8,1390.0,34.3,18.3,48.0,4.0,0.3,131.71875,Karachi,3,4,12,109.812485,143.28125,115.85386562347412,10.725308449697668,0.19948792
2025-12-19 04:00:00+00:00,50.9,49.2,1581.0,31.6,20.0,68.0,5.0,1.15,132.27084,Karachi,4,4,12,107.35415,144.14584,116.89206123352051,11.067274763061901,0.2320981
2025-12-19 05:00:00+00:00,50.6,48.4,1712.0,26.1,21.9,97.0,5.0,2.55,132.90623,Karachi,5,4,12,105.14581,144.85417,118.0487454732259,11.235646860563945,0.26401833
2025-12-19 06:00:00+00:00,46.7,43.4,1724.0,20.9,25.0,123.0,6.0,4.0,133.37498,Karachi,6,4,12,103.27083,145.22917,119.30308532714844,11.1944481929544,0.2915069
2025-12-19 07:00:00+00:00,43.1,39.2,1508.0,16.4,30.7,142.0,7.0,4.8,134.1875,Karachi,7,4,12,102.01041,144.58333,120.64379755655925,10.957683931122363,0.3154295
2025-12-19 08:00:00+00:00,42.7,38.8,1173.0,12.2,37.6,157.0,7.0,4.6,134.55208,Karachi,8,4,12,102.24999,143.47917,121.98971780141194,10.57737829214003,0.31591284
2025-12-19 09:00:00+00:00,41.9,38.3,984.0,10.5,42.6,166.0,7.0,3.5,134.70833,Karachi,9,4,12,102.98956,142.90627,123.31133302052815,10.069537770907187,0.3079804
2025-12-19 10:00:00+00:00,40.7,37.5,989.0,11.4,44.3,170.0,7.0,2.0,134.6979,Karachi,10,4,12,103.87499,142.73956,124.59562110900879,9.42797826846,0.29673085
2025-12-19 11:00:00+00:00,41.1,38.2,1140.0,14.7,44.0,169.0,6.0,0.75,134.51042,Karachi,11,4,12,104.854164,142.80208,125.83129851023357,8.638458970473142,0.28283337
2025-12-19 12:00:00+00:00,43.9,41.3,1556.0,19.9,47.8,168.0,5.0,0.15,134.25,Karachi,12,4,12,105.96875,142.98958,127.00968392690022,7.687810444016364,0.26688293
2025-12-19 13:00:00+00:00,61.0,59.0,2539.0,42.2,44.2,135.0,4.0,0.0,133.80211,Karachi,13,4,12,115.60373,141.85417,127.76794974009196,7.406219186630173,0.15742035
2025-12-19 14:00:00+00:00,67.1,65.4,3787.0,73.1,39.3,88.0,4.0,0.0,133.17708,Karachi,14,4,12,125.595245,141.41667,128.08385944366455,7.4709313575654015,0.060367197
2025-12-19 15:00:00+00:00,69.4,67.5,4515.0,98.3,36.8,51.0,3.0,0.0,132.52084,Karachi,15,4,12,117.304405,141.96877,128.71787770589194,7.155367238525081,0.12971753
2025-12-19 16:00:00+00:00,72.9,71.2,4283.0,113.3,39.7,32.0,3.0,0.0,132.1771,Karachi,16,4,12,110.958336,142.46877,129.6019926071167,6.098426295477677,0.19123176
2025-12-19 17:00:00+00:00,79.2,77.1,3530.0,122.6,44.9,21.0,3.0,0.0,132.29167,Karachi,17,4,12,113.104164,141.58336,130.4014720916748,5.000454266302664,0.16964458
2025-12-19 18:00:00+00:00,86.8,84.8,2787.0,124.7,47.0,15.0,3.0,0.0,133.0,Karachi,18,4,12,116.28125,139.46877,131.09808667500815,4.0153490091575055,0.14377855
2025-12-19 19:00:00+00:00,87.5,85.7,2189.0,116.6,42.8,12.0,3.0,0.0,134.89583,Karachi,19,4,12,119.729164,136.53127,131.73003101348877,3.273182136320586,0.12667477
2025-12-19 20:00:00+00:00,81.0,79.4,1600.0,101.3,35.5,13.0,3.0,0.0,137.77083,Karachi,20,4,12,122.68749,133.125,132.3585033416748,2.8867000622590666,0.12294111
2025-12-19 21:00:00+00:00,73.6,71.9,1143.0,87.3,29.0,14.0,3.0,0.0,140.8646,Karachi,21,4,12,124.968735,129.54167,133.0208307902018,2.9405447814720365,0.12719868
2025-12-19 22:00:00+00:00,67.5,66.1,812.0,76.7,24.2,15.0,3.0,0.0,143.8229,Karachi,22,4,12,126.67706,125.958336,133.7352409362793,3.3819776057783253,0.13535081
2025-12-19 23:00:00+00:00,61.9,60.3,613.0,67.4,20.3,16.0,3.0,0.0,146.54167,Karachi,23,4,12,128.0104,122.489586,134.50737698872885,4.0646463612451855,0.14476374
2025-12-20 00:00:00+00:00,63.1,61.5,684.0,65.3,18.6,13.0,3.0,0.0,148.84375,Karachi,0,5,12,129.09373,119.15625,135.33029429117838,4.845268828274543,0.15298973
2025-12-20 01:00:00+00:00,60.5,58.6,1277.0,64.1,18.9,10.0,3.0,0.0,150.30264,Karachi,1,5,12,130.08333,115.87499,136.17276573181152,5.593353443885842,0.15543357
2025-12-20 02:00:00+00:00,63.1,61.0,2140.0,62.2,19.8,7.0,3.0,0.0,150.77632,Karachi,2,5,12,130.95831,112.72916,136.99851608276367,6.218057353782898,0.15133066
2025-12-20 03:00:00+00:00,73.8,71.9,2653.0,58.4,23.8,17.0,3.0,0.25,151.24123,Karachi,3,5,12,131.71875,109.812485,137.81195259094238,6.751412166240495,0.14821334
2025-12-20 04:00:00+00:00,76.4,75.0,2462.0,51.8,34.7,52.0,4.0,1.1,151.83553,Karachi,4,5,12,132.27084,107.35415,138.62714767456055,7.218285050146871,0.1479138
2025-12-20 05:00:00+00:00,61.0,58.3,1921.0,43.4,48.8,99.0,5.0,2.45,152.40132,Karachi,5,5,12,132.90623,105.14581,139.43944295247397,7.631590377841717,0.14668301
2025-12-20 06:00:00+00:00,58.0,54.9,1477.0,34.9,57.5,136.0,5.0,3.7,152.61842,Karachi,6,5,12,133.37498,103.27083,140.24125289916992,7.970121493498684,0.14428072
2025-12-20 07:00:00+00:00,48.2,45.8,1309.0,25.6,56.0,154.0,5.0,4.35,152.87062,Karachi,7,5,12,134.1875,102.01041,141.01971626281738,8.260261404593615,0.13923146
2025-12-20 08:00:00+00:00,41.1,39.0,1237.0,16.2,49.1,162.0,4.0,4.15,153.01535,Karachi,8,5,12,134.55208,102.24999,141.7890192667643,8.488342823952905,0.13722026
2025-12-20 09:00:00+00:00,38.2,36.4,1167.0,10.8,42.7,164.0,3.0,3.2,153.01974,Karachi,9,5,12,134.70833,102.98956,142.55199495951334,8.645725297539252,0.13593382
2025-12-20 10:00:00+00:00,36.8,35.2,1038.0,10.7,38.8,161.0,3.0,1.85,152.97807,Karachi,10,5,12,134.6979,103.87499,143.31366856892905,8.728538639244736,0.13571233
2025-12-20 11:00:00+00:00,37.4,35.6,912.0,14.5,35.5,152.0,3.0,0.75,152.92764,Karachi,11,5,12,134.51042,104.854164,144.08105278015137,8.730526548300546,0.1369204
2025-12-20 12:00:00+00:00,51.3,48.9,876.0,21.3,43.6,162.0,4.0,0.15,152.87062,Karachi,12,5,12,134.25,105.96875,144.85691197713217,8.6458537027471,0.13870108
2025-12-20 13:00:00+00:00,59.1,57.3,966.0,35.0,40.5,133.0,4.0,0.0,153.0373,Karachi,13,5,12,133.80211,115.60373,145.65837796529135,8.466203115206504,0.14375845
2025-12-20 14:00:00+00:00,63.8,61.9,1146.0,53.9,36.2,94.0,3.0,0.0,153.00002,Karachi,14,5,12,133.17708,125.595245,146.48433367411295,8.156900564460003,0.14884646
2025-12-20 15:00:00+00:00,65.2,63.1,1398.0,68.6,32.6,61.0,3.0,0.0,152.92325,Karachi,15,5,12,132.52084,117.304405,147.33443387349448,7.688054235134091,0.15395619
2025-12-20 16:00:00+00:00,65.9,63.8,1854.0,76.1,31.0,42.0,3.0,0.0,152.82675,Karachi,16,5,12,132.1771,110.958336,148.19483629862467,7.046725000662067,0.1562272
2025-12-20 17:00:00+00:00,67.1,65.0,2382.0,79.4,30.2,31.0,3.0,0.0,152.66447,Karachi,17,5,12,132.29167,113.104164,149.04370307922363,6.227110754090575,0.15399913
2025-12-20 18:00:00+00:00,68.9,66.6,2567.0,77.5,28.6,26.0,3.0,0.0,152.39912,Karachi,18,5,12,133.0,116.28125,149.85199991861978,5.233865822112809,0.14585808
2025-12-20 19:00:00+00:00,66.4,64.0,2088.0,67.7,25.1,30.0,3.0,0.0,152.0,Karachi,19,5,12,134.89583,119.729164,150.56467374165854,4.16394577198608,0.12679541
2025-12-20 20:00:00+00:00,59.5,57.2,1265.0,52.7,20.8,41.0,3.0,0.0,151.52412,Karachi,20,5,12,137.77083,122.68749,151.13772773742676,3.1494713316572507,0.09982734
2025-12-20 21:00:00+00:00,52.5,50.1,646.0,39.5,17.2,50.0,3.0,0.0,151.0373,Karachi,21,5,12,140.8646,124.968735,151.56159019470215,2.2679417742502097,0.07221615
2025-12-20 22:00:00+00:00,48.8,45.9,402.0,29.0,14.8,57.0,3.0,0.0,150.5592,Karachi,22,5,12,143.8229,126.67706,151.84226926167807,1.5815332714065133,0.046837445
2025-12-20 23:00:00+00:00,44.7,41.9,361.0,20.3,13.2,63.0,2.0,0.0,150.11623,Karachi,23,5,12,146.54167,128.0104,151.99120903015137,1.1773069792807525,0.02439275
2025-12-21 00:00:00+00:00,40.3,37.5,556.0,17.1,11.5,63.0,2.0,0.0,148.6354,Karachi,0,6,12,148.84375,129.09373,151.98252805074057,1.2020325780180203,-0.0013997464
2025-12-21 01:00:00+00:00,40.9,38.1,1225.0,28.9,13.0,47.0,1.0,0.0,146.1354,Karachi,1,6,12,150.30264,130.08333,151.80889320373535,1.6664924373055392,-0.027725635
2025-12-21 02:00:00+00:00,48.4,45.5,2130.0,44.6,15.1,26.0,1.0,0.0,143.99998,Karachi,2,6,12,150.77632,130.95831,151.52654584248862,2.3019377290547727,-0.044942975
2025-12-21 03:00:00+00:00,61.2,58.3,2593.0,52.3,17.4,18.0,2.0,0.25,142.3854,Karachi,3,6,12,151.24123,131.71875,151.15755335489908,2.9641802770244756,-0.05855427
2025-12-21 04:00:00+00:00,56.9,54.5,2181.0,44.3,20.0,36.0,7.0,1.05,140.96873,Karachi,4,6,12,151.83553,132.27084,150.70477040608725,3.6146950641992937,-0.07156949
2025-12-21 05:00:00+00:00,44.0,39.3,1326.0,28.3,22.6,68.0,13.0,2.5,138.83331,Karachi,5,6,12,152.40132,132.90623,150.13943672180176,4.328375702392013,-0.08902816
2025-12-21 06:00:00+00:00,38.0,25.1,654.0,15.5,24.3,92.0,21.0,3.8,136.85417,Karachi,6,6,12,152.61842,133.37498,149.48259290059408,5.068656763100222,-0.10329193
2025-12-21 07:00:00+00:00,40.9,20.4,417.0,10.2,24.1,101.0,31.0,4.4,133.75,Karachi,7,6,12,152.87062,134.1875,148.68590037027994,5.940655661734513,-0.12507714
2025-12-21 08:00:00+00:00,45.5,19.4,362.0,8.1,22.9,102.0,42.0,4.05,131.10417,Karachi,8,6,12,153.01535,134.55208,147.7729345957438,6.859049404560865,-0.14319596
2025-12-21 09:00:00+00:00,45.6,18.5,351.0,7.7,22.0,101.0,48.0,3.1,129.06252,Karachi,9,6,12,153.01974,134.70833,146.77471669514975,7.747950890721761,-0.156563
2025-12-21 10:00:00+00:00,43.8,17.3,330.0,7.7,22.0,98.0,47.0,1.9,127.19792,Karachi,10,6,12,152.97807,134.6979,145.70054372151694,8.591664353960292,-0.16852187
2025-12-21 11:00:00+00:00,40.9,16.5,354.0,9.5,22.4,93.0,41.0,0.8,125.333336,Karachi,11,6,12,152.92764,134.51042,144.55078093210855,9.391599630384961,-0.18044028
2025-12-21 12:00:00+00:00,41.1,18.3,445.0,14.5,23.8,88.0,40.0,0.15,123.343765,Karachi,12,6,12,152.87062,134.25,143.3204952875773,10.157114911183555,-0.19314931
2025-12-21 13:00:00+00:00,36.3,22.8,683.0,28.6,22.9,69.0,32.0,0.0,120.15625,Karachi,13,6,12,153.0373,133.80211,141.9504518508911,10.974195567132048,-0.2148564
2025-12-21 14:00:00+00:00,35.6,25.9,989.0,47.7,21.6,43.0,21.0,0.0,116.5625,Karachi,14,6,12,153.00002,133.17708,140.43222204844156,11.863522825350508,-0.23815367
2025-12-21 15:00:00+00:00,34.3,26.7,1150.0,60.0,20.2,26.0,12.0,0.0,112.81249,Karachi,15,6,12,152.92325,132.52084,138.7609405517578,12.81453041554503,-0.26229337
2025-12-21 16:00:00+00:00,32.5,25.7,1035.0,59.6,18.6,25.0,9.0,0.0,109.02083,Karachi,16,6,12,152.82675,132.1771,136.93569374084473,13.805403760875116,-0.28663778
2025-12-21 17:00:00+00:00,30.5,24.4,774.0,52.5,16.9,32.0,8.0,0.0,105.05208,Karachi,17,6,12,152.66447,132.29167,134.95184389750162,14.829854623258093,-0.31187606
2025-12-21 18:00:00+00:00,28.3,22.4,548.0,44.5,15.1,40.0,8.0,0.0,100.822914,Karachi,18,6,12,152.39912,133.0,132.8028351465861,15.890664555244339,-0.33842853
2025-12-21 19:00:00+00:00,25.6,19.6,415.0,36.6,13.0,46.0,7.0,0.0,96.78192,Karachi,19,6,12,152.0,134.89583,130.50208187103271,16.95228081950246,-0.36327684
2025-12-21 20:00:00+00:00,23.2,17.3,316.0,27.7,10.8,53.0,7.0,0.0,92.84575,Karachi,20,6,12,151.52412,137.77083,128.0571495691935,17.988334953149227,-0.38725436
2025-12-21 21:00:00+00:00,21.8,16.1,252.0,21.0,9.3,57.0,7.0,0.0,89.30851,Karachi,21,6,12,151.0373,140.8646,125.48511695861816,18.947233528213516,-0.40869895
2025-12-21 22:00:00+00:00,20.7,15.3,204.0,16.9,8.7,57.0,6.0,0.0,86.29433,Karachi,22,6,12,150.5592,143.8229,122.80741373697917,19.772699736640494,-0.42684123
2025-12-21 23:00:00+00:00,19.2,14.5,191.0,14.8,8.8,54.0,5.0,0.0,83.58156,Karachi,23,6,12,150.11623,146.54167,120.03513590494792,20.430705769557463,-0.44322103
2025-12-22 00:00:00+00:00,18.7,16.0,268.0,19.4,9.8,42.0,2.0,0.0,81.15247,Karachi,0,0,12,148.6354,148.84375,117.22334702809651,20.960266946620642,-0.45401654
2025-12-22 01:00:00+00:00,18.7,15.7,513.0,27.6,11.2,33.0,2.0,0.0,79.246445,Karachi,1,0,12,146.1354,150.30264,114.43630695343018,21.39135328313771,-0.45771906
2025-12-22 02:00:00+00:00,23.1,19.6,849.0,38.4,13.3,21.0,3.0,0.0,77.260635,Karachi,2,0,12,143.99998,150.77632,111.65550072987874,21.71655370044232,-0.46346775
2025-12-22 03:00:00+00:00,31.4,27.2,1099.0,43.6,15.4,20.0,6.0,0.3,74.96453,Karachi,3,0,12,142.3854,151.24123,108.84629758199056,21.92824407214835,-0.47350973
2025-12-22 04:00:00+00:00,33.3,27.9,1196.0,37.7,17.7,40.0,12.0,1.15,72.20744,Karachi,4,0,12,140.96873,151.83553,105.9812437693278,22.040527201413244,-0.4877769
2025-12-22 05:00:00+00:00,34.6,25.8,1208.0,26.1,20.2,71.0,21.0,2.6,69.84929,Karachi,5,0,12,138.83331,152.40132,103.10690943400066,22.06810393852382,-0.4968838
2025-12-22 06:00:00+00:00,43.3,28.2,1159.0,16.4,21.9,97.0,28.0,4.0,68.65248,Karachi,6,0,12,136.85417,152.61842,100.26517232259114,21.924223754981945,-0.49835303
2025-12-22 07:00:00+00:00,50.4,27.7,1019.0,11.1,22.2,111.0,34.0,4.8,68.92731,Karachi,7,0,12,133.75,152.87062,97.56422678629558,21.610375984392693,-0.48465565
2025-12-22 08:00:00+00:00,51.5,27.8,818.0,7.7,21.9,119.0,38.0,4.6,69.57446,Karachi,8,0,12,131.10417,153.01535,95.00048891703288,21.10217893568288,-0.46931922
2025-12-22 09:00:00+00:00,49.4,28.0,672.0,6.3,22.1,124.0,40.0,3.5,70.31915,Karachi,9,0,12,129.06252,153.01974,92.55284881591797,20.373799337316555,-0.45515433
2025-12-22 10:00:00+00:00,48.0,28.5,613.0,5.3,23.5,131.0,38.0,2.0,71.16135,Karachi,10,0,12,127.19792,152.97807,90.21799151102702,19.419384057659467,-0.4405463
2025-12-22 11:00:00+00:00,47.5,29.8,609.0,6.3,25.5,135.0,34.0,0.8,72.15426,Karachi,11,0,12,125.333336,152.92764,88.00219662984212,18.23632791070433,-0.42430115
2025-12-22 12:00:00+00:00,66.4,42.3,675.0,14.8,32.3,130.0,44.0,0.15,73.333336,Karachi,12,0,12,123.343765,152.87062,85.91842873891194,16.82506277011839,-0.40545568
2025-12-22 13:00:00+00:00,75.2,57.5,876.0,40.6,32.4,95.0,37.0,0.0,75.46099,Karachi,13,0,12,120.15625,153.0373,84.05612627665202,15.272590489941205,-0.37197614
2025-12-22 14:00:00+00:00,75.9,63.1,1148.0,75.9,32.5,48.0,28.0,0.0,78.53724,Karachi,14,0,12,116.5625,153.00002,82.47174040476482,13.638729322762106,-0.3262221
2025-12-22 15:00:00+00:00,77.1,66.1,1317.0,99.2,32.2,15.0,20.0,0.0,81.835106,Karachi,15,0,12,112.81249,152.92325,81.18101596832275,12.011234536982673,-0.2745918
2025-12-22 16:00:00+00:00,82.2,72.9,1291.0,101.1,31.6,9.0,14.0,0.0,85.328,Karachi,16,0,12,109.02083,152.82675,80.19381491343181,10.502498953873198,-0.21732384
2025-12-22 17:00:00+00:00,85.2,79.4,1161.0,91.0,30.6,17.0,10.0,0.0,89.512405,Karachi,17,0,12,105.05208,152.66447,79.5463285446167,9.315247632852463,-0.14792351
2025-12-22 18:00:00+00:00,84.8,81.0,1031.0,76.5,29.1,30.0,7.0,0.0,94.38829,Karachi,18,0,12,100.822914,152.39912,79.27821922302246,8.751804385351896,-0.06382105
2025-12-22 19:00:00+00:00,86.8,84.1,923.0,56.3,26.5,49.0,6.0,0.0,99.58333,Karachi,19,0,12,96.78192,152.0,79.39494450887044,9.010271211510014,0.02894556
2025-12-22 20:00:00+00:00,86.6,83.6,815.0,31.6,23.3,74.0,6.0,0.0,106.229164,Karachi,20,0,12,92.84575,151.52412,79.95258680979411,10.212828150394685,0.14414677
2025-12-22 21:00:00+00:00,83.4,79.9,742.0,13.2,21.3,92.0,6.0,0.0,113.13541,Karachi,21,0,12,89.30851,151.0373,80.94537417093913,12.138429699168205,0.26679313
2025-12-22 22:00:00+00:00,78.9,75.4,710.0,5.7,21.4,100.0,6.0,0.0,119.78126,Karachi,22,0,12,86.29433,150.5592,82.3406629562378,14.47898709646941,0.38805485
2025-12-22 23:00:00+00:00,74.7,71.5,714.0,4.5,22.6,101.0,5.0,0.0,126.04167,Karachi,23,0,12,83.58156,150.11623,84.10983435312907,17.010052883426315,0.5080082
2025-12-23 00:00:00+00:00,72.6,69.4,773.0,6.4,23.7,98.0,5.0,0.0,131.97917,Karachi,0,1,12,81.15247,148.6354,86.22761344909668,19.5936451983238,0.6263111
2025-12-23 01:00:00+00:00,69.8,66.8,952.0,12.8,25.1,90.0,5.0,0.0,137.54166,Karachi,1,1,12,79.246445,146.1354,88.65658060709636,22.138642766294833,0.73561925
2025-12-23 02:00:00+00:00,69.2,65.9,1186.0,21.4,27.0,80.0,5.0,0.0,142.8646,Karachi,2,1,12,77.260635,143.99998,91.39007886250813,24.585309656553996,0.84912527
2025-12-23 03:00:00+00:00,69.6,66.4,1300.0,26.4,28.7,77.0,6.0,0.25,147.6875,Karachi,3,1,12,74.96453,142.3854,94.42020257314046,26.85006904727032,0.9700984
2025-12-23 04:00:00+00:00,68.2,65.0,1186.0,24.5,30.5,89.0,8.0,1.1,150.37282,Karachi,4,1,12,72.20744,140.96873,97.67709318796794,28.714498080219766,1.0825113
2025-12-23 05:00:00+00:00,65.0,60.5,951.0,19.0,32.0,108.0,10.0,2.45,151.1864,Karachi,5,1,12,69.84929,138.83331,101.06613953908284,30.055903947604193,1.1644659
2025-12-23 06:00:00+00:00,58.4,52.0,748.0,13.9,31.9,123.0,12.0,3.95,151.94737,Karachi,6,1,12,68.65248,136.85417,104.53676001230876,30.94622894748814,1.2132831
2025-12-23 07:00:00+00:00,48.1,39.7,620.0,10.2,28.4,129.0,13.0,4.8,152.4693,Karachi,7,1,12,68.92731,133.75,108.01767635345459,31.460866985016263,1.2120304
2025-12-23 08:00:00+00:00,41.1,32.7,523.0,6.9,23.2,131.0,14.0,4.65,152.73245,Karachi,8,1,12,69.57446,131.10417,111.48259258270264,31.621729286642882,1.1952373
2025-12-23 09:00:00+00:00,38.2,30.4,476.0,5.4,19.6,131.0,14.0,3.6,152.8399,Karachi,9,1,12,70.31915,129.06252,114.92095724741618,31.437127464243144,1.1735175
2025-12-23 10:00:00+00:00,37.5,29.9,499.0,4.7,19.1,132.0,14.0,2.1,152.89255,Karachi,10,1,12,71.16135,127.19792,118.32642396291097,30.913162993839084,1.1485337
2025-12-23 11:00:00+00:00,37.4,30.2,571.0,5.9,20.2,131.0,13.0,0.85,152.92325,Karachi,11,1,12,72.15426,125.333336,121.69179852803548,30.05256074780412,1.1193932
2025-12-23 12:00:00+00:00,29.7,25.4,653.0,12.4,20.8,119.0,8.0,0.15,152.932,Karachi,12,1,12,73.333336,123.343765,125.0084098180135,28.851952858957667,1.0854363
2025-12-23 13:00:00+00:00,43.0,39.1,751.0,28.4,20.6,94.0,7.0,0.0,152.5614,Karachi,13,1,12,75.46099,120.15625,128.2209269205729,27.34843089216247,1.0217254
2025-12-23 14:00:00+00:00,49.5,46.2,859.0,49.8,20.3,60.0,7.0,0.0,152.1579,Karachi,14,1,12,78.53724,116.5625,131.28845437367758,25.606741481497377,0.9373981
2025-12-23 15:00:00+00:00,47.6,43.8,913.0,61.7,19.4,38.0,7.0,0.0,151.78728,Karachi,15,1,12,81.835106,112.81249,134.2031281789144,23.638491192766857,0.85479414
2025-12-23 16:00:00+00:00,46.2,41.4,877.0,54.8,17.5,38.0,9.0,0.0,151.29825,Karachi,16,1,12,85.328,109.02083,136.95188840230307,21.44155756850927,0.7731371
2025-12-23 17:00:00+00:00,45.3,39.3,788.0,38.4,15.1,50.0,11.0,0.0,150.60745,Karachi,17,1,12,89.512405,105.05208,139.4975153605143,19.058803367537568,0.6825316
2025-12-23 18:00:00+00:00,44.9,37.8,693.0,24.9,12.9,59.0,13.0,0.0,148.70834,Karachi,18,1,12,94.38829,100.822914,141.76085090637207,16.52603525071582,0.57549566
2025-12-23 19:00:00+00:00,44.1,36.4,598.0,19.2,11.2,61.0,14.0,0.0,144.20836,Karachi,19,1,12,99.58333,96.78192,143.62022717793783,13.871457244001768,0.4481175
2025-12-23 20:00:00+00:00,42.4,34.5,496.0,16.4,9.8,62.0,15.0,0.0,139.23962,Karachi,20,1,12,106.229164,92.84575,144.99566300710043,11.42326538641614,0.31074762
2025-12-23 21:00:00+00:00,40.4,32.2,417.0,14.3,8.8,62.0,15.0,0.0,134.12502,Karachi,21,1,12,113.13541,89.30851,145.87023003896078,9.523497338036222,0.18552643
2025-12-23 22:00:00+00:00,38.6,30.4,347.0,11.2,8.2,64.0,15.0,0.0,129.15625,Karachi,22,1,12,119.78126,86.29433,146.26085472106934,8.549323846987892,0.078267604
2025-12-23 23:00:00+00:00,37.1,29.0,300.0,8.7,8.0,67.0,15.0,0.0,124.46876,Karachi,23,1,12,126.04167,83.58156,146.1953166325887,8.71547506626155,-0.012479318
2025-12-24 00:00:00+00:00,35.6,28.0,347.0,9.8,8.0,65.0,14.0,0.0,120.04168,Karachi,0,2,12,131.97917,81.15247,145.69792111714682,9.831283123192755,-0.09044982
2025-12-24 01:00:00+00:00,35.3,28.0,573.0,18.5,9.1,54.0,13.0,0.0,115.729164,Karachi,1,2,12,137.54166,79.246445,144.78906726837158,11.486896724021737,-0.15858826
2025-12-24 02:00:00+00:00,38.1,30.9,892.0,30.2,10.8,40.0,12.0,0.0,111.68751,Karachi,2,2,12,142.8646,77.260635,143.4900220235189,13.329163061442136,-0.21822822
2025-12-24 03:00:00+00:00,43.1,36.1,1119.0,36.8,12.8,36.0,12.0,0.25,108.04168,Karachi,3,2,12,147.6875,74.96453,141.83811283111572,15.12240836761875,-0.26844397
2025-12-24 04:00:00+00:00,45.3,40.0,1179.0,33.5,15.3,51.0,13.0,1.15,104.885414,Karachi,4,2,12,150.37282,72.20744,139.94280433654785,16.767274658473422,-0.3024975
2025-12-24 05:00:00+00:00,43.8,36.0,1148.0,25.1,18.2,77.0,15.0,2.55,102.28126,Karachi,5,2,12,151.1864,69.84929,137.9050900141398,18.247779379164847,-0.3234758
2025-12-24 06:00:00+00:00,42.1,33.3,1061.0,17.7,20.6,99.0,16.0,4.05,99.7695,Karachi,6,2,12,151.94737,68.65248,135.7310120264689,19.562910908749014,-0.34339437
2025-12-24 07:00:00+00:00,36.9,29.2,879.0,13.1,22.2,114.0,16.0,4.9,98.1117,Karachi,7,2,12,152.4693,68.92731,133.46611213684082,20.656823092139227,-0.35651502
2025-12-24 08:00:00+00:00,34.9,27.4,642.0,9.6,23.5,125.0,15.0,4.75,97.18085,Karachi,8,2,12,152.73245,69.57446,131.15146191914877,21.49928803458551,-0.36371842
2025-12-24 09:00:00+00:00,34.3,27.1,508.0,8.0,24.8,133.0,14.0,3.7,96.71099,Karachi,9,2,12,152.8399,70.31915,128.81275717417398,22.082389609896897,-0.36723992
2025-12-24 10:00:00+00:00,34.0,27.0,566.0,6.1,26.3,140.0,14.0,2.15,96.41844,Karachi,10,2,12,152.89255,71.16135,126.45966943105061,22.411372546978786,-0.3693712
2025-12-24 11:00:00+00:00,34.3,27.4,727.0,6.2,27.9,142.0,13.0,0.85,96.16134,Karachi,11,2,12,152.92325,72.15426,124.09458986918132,22.492146114927426,-0.37117907
2025-12-24 12:00:00+00:00,33.2,27.3,879.0,16.2,35.5,138.0,11.0,0.15,95.913124,Karachi,12,2,12,152.932,73.333336,121.71880308787028,22.324441992349332,-0.37283814
2025-12-24 13:00:00+00:00,53.6,48.4,973.0,43.4,35.2,102.0,10.0,0.0,96.08156,Karachi,13,2,12,152.5614,75.46099,119.36547629038493,21.90477738564336,-0.37021056
2025-12-24 14:00:00+00:00,62.2,57.6,1058.0,80.5,35.0,52.0,9.0,0.0,96.90603,Karachi,14,2,12,152.1579,78.53724,117.0633150736491,21.200623881802045,-0.36312193
2025-12-24 15:00:00+00:00,62.6,58.1,1174.0,105.8,35.1,16.0,8.0,0.0,97.91667,Karachi,15,2,12,151.78728,81.835106,114.81870651245117,20.192174979697405,-0.35490856
2025-12-24 16:00:00+00:00,64.7,59.8,1402.0,108.3,36.8,6.0,8.0,0.0,99.184395,Karachi,16,2,12,151.29825,85.328,112.64729595184326,18.856626745351132,-0.3444445
2025-12-24 17:00:00+00:00,68.9,63.8,1660.0,98.9,39.0,10.0,8.0,0.0,100.95832,Karachi,17,2,12,150.60745,89.512405,110.57858212788899,17.157978728400913,-0.3296592
2025-12-24 18:00:00+00:00,68.7,64.3,1740.0,89.1,38.7,14.0,8.0,0.0,103.51041,Karachi,18,2,12,148.70834,94.38829,108.69533475240071,15.154386494849943,-0.30393678
2025-12-24 19:00:00+00:00,64.5,61.2,1487.0,82.3,33.6,13.0,7.0,0.0,106.27083,Karachi,19,2,12,144.20836,99.58333,107.11460431416829,13.132782146500329,-0.26307443
2025-12-24 20:00:00+00:00,58.0,54.8,1056.0,75.0,26.0,13.0,6.0,0.0,108.854164,Karachi,20,2,12,139.23962,106.229164,105.84854348500569,11.227583609565704,-0.21822423
2025-12-24 21:00:00+00:00,52.2,49.1,710.0,68.3,19.8,12.0,5.0,0.0,110.96874,Karachi,21,2,12,134.12502,113.13541,104.88369878133138,9.563662998278291,-0.17264694
2025-12-24 22:00:00+00:00,48.3,45.2,509.0,62.5,16.3,11.0,5.0,0.0,112.72916,Karachi,22,2,12,129.15625,119.78126,104.19923655192058,8.2483586977191,-0.12718776
2025-12-24 23:00:00+00:00,45.4,42.4,391.0,57.2,14.2,11.0,5.0,0.0,114.27082,Karachi,23,2,12,124.46876,126.04167,103.77432250976562,7.3752369512107485,-0.0819317
2025-12-25 00:00:00+00:00,42.5,39.5,436.0,52.6,13.1,11.0,5.0,0.0,115.666664,Karachi,0,3,12,120.04168,131.97917,103.59203020731609,7.000211549052548,-0.0364458
2025-12-25 01:00:00+00:00,41.2,38.4,779.0,53.0,13.7,8.0,5.0,0.0,116.86457,Karachi,1,3,12,115.729164,137.54166,103.6393388112386,7.089075228131611,0.009810894
2025-12-25 02:00:00+00:00,45.6,42.8,1285.0,53.3,15.1,5.0,5.0,0.0,117.947914,Karachi,2,3,12,111.68751,142.8646,103.9001890818278,7.501286822900409,0.05605288
2025-12-25 03:00:00+00:00,55.4,52.6,1624.0,51.7,19.6,11.0,5.0,0.25,119.1875,Karachi,3,3,12,108.04168,147.6875,104.36459827423096,8.090702403093376,0.10316223
2025-12-25 04:00:00+00:00,54.6,51.8,1641.0,47.3,30.2,34.0,6.0,1.1,120.90624,Karachi,4,3,12,104.885414,150.37282,105.03213278452556,8.768094305265063,0.152746
2025-12-25 05:00:00+00:00,48.7,45.1,1491.0,41.0,44.0,67.0,8.0,2.45,122.13542,Karachi,5,3,12,102.28126,151.1864,105.85938962300618,9.410352011464742,0.19411342
2025-12-25 06:00:00+00:00,42.5,37.4,1307.0,34.3,54.9,96.0,9.0,3.7,123.08333,Karachi,6,3,12,99.7695,151.94737,106.8307991027832,9.942637032106283,0.2336769
2025-12-25 07:00:00+00:00,40.9,36.1,1103.0,26.5,60.2,118.0,9.0,4.3,123.51041,Karachi,7,3,12,98.1117,152.4693,107.88907845815022,10.318822901530531,0.25887537
2025-12-25 08:00:00+00:00,38.4,34.7,865.0,18.2,62.6,136.0,8.0,4.15,124.22917,Karachi,8,3,12,97.18085,152.73245,109.0160919825236,10.57241086318878,0.2783298
2025-12-25 09:00:00+00:00,39.1,35.5,687.0,13.1,63.9,148.0,7.0,3.2,124.98958,Karachi,9,3,12,96.71099,152.8399,110.19436645507812,10.716224710247278,0.29240304
2025-12-25 10:00:00+00:00,40.5,36.9,600.0,12.1,65.2,155.0,7.0,1.95,125.86458,Karachi,10,3,12,96.41844,152.89255,111.42128880818684,10.756015850844454,0.30539942
2025-12-25 11:00:00+00:00,41.8,38.3,573.0,14.3,65.4,157.0,6.0,0.8,126.895836,Karachi,11,3,12,96.16134,152.92325,112.7018928527832,10.689592627106128,0.31961387
2025-12-25 12:00:00+00:00,40.4,37.4,607.0,17.7,56.5,150.0,5.0,0.15,128.03123,Karachi,12,3,12,95.913124,152.932,114.04014746348064,10.505265219368557,0.3348667
2025-12-25 13:00:00+00:00,50.4,48.1,737.0,32.4,50.5,120.0,5.0,0.0,129.08333,Karachi,13,3,12,96.08156,152.5614,115.41522121429443,10.208053580238703,0.34347662
2025-12-25 14:00:00+00:00,51.8,49.6,928.0,52.6,42.1,77.0,4.0,0.0,129.0521,Karachi,14,3,12,96.90603,152.1579,116.75464057922363,9.773560719378729,0.3317241
2025-12-25 15:00:00+00:00,49.6,47.1,1076.0,66.6,34.8,45.0,4.0,0.0,128.21873,Karachi,15,3,12,97.91667,151.78728,118.01722653706868,9.173010212730082,0.30946785
2025-12-25 16:00:00+00:00,47.6,45.2,1137.0,68.7,30.1,32.0,4.0,0.0,127.07291,Karachi,16,3,12,99.184395,151.29825,119.17924785614014,8.419019412234318,0.2811784
2025-12-25 17:00:00+00:00,46.4,43.9,1156.0,64.6,26.5,29.0,4.0,0.0,125.55207,Karachi,17,3,12,100.95832,150.60745,120.20398743947347,7.557449282877858,0.243603
2025-12-25 18:00:00+00:00,46.0,43.3,1163.0,59.8,23.4,27.0,4.0,0.0,123.47915,Karachi,18,3,12,103.51041,148.70834,121.03601837158203,6.688999205414425,0.1929153
2025-12-25 19:00:00+00:00,45.6,43.0,1192.0,56.1,20.6,24.0,4.0,0.0,121.291664,Karachi,19,3,12,106.27083,144.20836,121.6618865331014,5.904072989540241,0.14134486
2025-12-25 20:00:00+00:00,44.9,42.1,1209.0,51.8,18.3,23.0,4.0,0.0,119.39583,Karachi,20,3,12,108.854164,139.23962,122.1011225382487,5.2676320037185125,0.09684209
2025-12-25 21:00:00+00:00,42.8,40.2,1149.0,46.5,16.5,24.0,4.0,0.0,118.072914,Karachi,21,3,12,110.96874,134.12502,122.39712969462077,4.793094981180735,0.064019576
2025-12-25 22:00:00+00:00,39.9,37.4,902.0,38.5,15.3,28.0,4.0,0.0,117.145836,Karachi,22,3,12,112.72916,129.15625,122.5811580022176,4.480343811514881,0.039179567
2025-12-25 23:00:00+00:00,36.7,34.2,577.0,29.6,14.6,34.0,3.0,0.0,116.33333,Karachi,23,3,12,114.27082,124.46876,122.66709582010905,4.331314075102024,0.018049294
2025-12-26 00:00:00+00:00,36.8,34.5,435.0,28.0,14.2,29.0,3.0,0.0,115.47916,Karachi,0,4,12,115.666664,120.04168,122.6592830022176,4.344639075656113,-0.0016211035
2025-12-26 01:00:00+00:00,35.6,33.5,678.0,33.5,14.5,20.0,3.0,0.0,114.958336,Karachi,1,4,12,116.86457,115.729164,122.57985655466716,4.470774320677617,-0.016311485
2025-12-26 02:00:00+00:00,40.0,38.1,1105.0,40.7,15.4,8.0,3.0,0.0,114.447914,Karachi,2,4,12,117.947914,111.68751,122.43402322133382,4.680594118546492,-0.029674115
2025-12-26 03:00:00+00:00,50.2,48.5,1368.0,43.5,19.7,10.0,3.0,0.25,113.958336,Karachi,3,4,12,119.1875,108.04168,122.2161413828532,4.952123536632126,-0.043873426
2025-12-26 04:00:00+00:00,48.5,46.6,1285.0,37.7,31.0,36.0,4.0,1.15,113.53126,Karachi,4,4,12,120.90624,104.885414,121.9088503519694,5.256409076515182,-0.060997553
2025-12-26 05:00:00+00:00,40.9,37.6,1038.0,27.5,45.6,75.0,5.0,2.6,112.98959,Karachi,5,4,12,122.13542,102.28126,121.52777417500813,5.5619154800108745,-0.074882686
2025-12-26 06:00:00+00:00,36.2,32.7,834.0,18.9,55.7,108.0,6.0,4.05,112.20834,Karachi,6,4,12,123.08333,99.7695,121.07464981079102,5.864436317978104,-0.088354655
2025-12-26 07:00:00+00:00,36.4,33.3,741.0,14.0,57.1,129.0,6.0,4.9,111.71875,Karachi,7,4,12,123.51041,98.1117,120.58333079020183,6.1390184460601045,-0.09547096
2025-12-26 08:00:00+00:00,36.4,33.6,690.0,10.8,54.0,144.0,5.0,4.75,111.42708,Karachi,8,4,12,124.22917,97.18085,120.04991022745769,6.360644951064045,-0.103052236
2025-12-26 09:00:00+00:00,37.1,34.6,677.0,9.5,50.9,153.0,4.0,3.65,111.3125,Karachi,9,4,12,124.98958,96.71099,119.48003196716309,6.509782752776487,-0.109425746
2025-12-26 10:00:00+00:00,37.6,35.2,705.0,9.2,50.0,157.0,4.0,2.15,111.218735,Karachi,10,4,12,125.86458,96.41844,118.86978848775227,6.5714346074085865,-0.116361916
2025-12-26 11:00:00+00:00,38.1,35.5,770.0,10.7,49.2,156.0,4.0,0.85,111.041664,Karachi,11,4,12,126.895836,96.16134,118.20919799804688,6.526252315875885,-0.12493847
2025-12-26 12:00:00+00:00,35.9,33.1,857.0,15.9,47.4,140.0,5.0,0.15,110.749985,Karachi,12,4,12,128.03123,95.913124,117.48914591471355,6.346307897005664,-0.13497683
2025-12-26 13:00:00+00:00,47.1,44.9,984.0,33.6,43.1,108.0,5.0,0.0,110.30206,Karachi,13,4,12,129.08333,96.08156,116.70659319559734,6.003155391601725,-0.14549722
2025-12-26 14:00:00+00:00,49.9,47.7,1131.0,58.0,37.0,63.0,4.0,0.0,109.968735,Karachi,14,4,12,129.0521,96.90603,115.91145324707031,5.543051015210907,-0.1478733
2025-12-26 15:00:00+00:00,48.7,46.1,1228.0,75.5,32.0,28.0,4.0,0.0,109.77082,Karachi,15,4,12,128.21873,97.91667,115.14279015858968,5.016245328422829,-0.14387846
2025-12-26 16:00:00+00:00,49.0,46.1,1245.0,79.8,29.3,14.0,4.0,0.0,109.66666,Karachi,16,4,12,127.07291,99.184395,114.41752974192302,4.44179162582522,-0.13697845
2025-12-26 17:00:00+00:00,50.9,47.7,1210.0,77.2,27.7,10.0,5.0,0.0,109.76041,Karachi,17,4,12,125.55207,100.95832,113.75954373677571,3.8510241321471,-0.12577781
2025-12-26 18:00:00+00:00,53.7,50.6,1137.0,73.6,26.1,8.0,5.0,0.0,110.15625,Karachi,18,4,12,123.47915,103.51041,113.20442295074463,3.311482537727662,-0.10789594
2025-12-26 19:00:00+00:00,55.6,52.9,1009.0,71.0,24.1,6.0,4.0,0.0,110.916664,Karachi,19,4,12,121.291664,106.27083,112.77213128407796,2.8556688576862443,-0.08553762
2025-12-26 20:00:00+00:00,55.9,53.6,843.0,67.4,22.0,6.0,4.0,0.0,111.94792,Karachi,20,4,12,119.39583,108.854164,112.4618018468221,2.4852266245370314,-0.062379956
2025-12-26 21:00:00+00:00,54.4,52.4,698.0,62.4,20.4,9.0,3.0,0.0,113.14583,Karachi,21,4,12,118.072914,110.96874,112.2565066019694,2.1871948032067317,-0.04172918
2025-12-26 22:00:00+00:00,52.3,50.4,563.0,54.4,19.2,15.0,3.0,0.0,114.41667,Karachi,22,4,12,117.145836,112.72916,112.14279143015544,1.9833909349874903,-0.02329715
2025-12-26 23:00:00+00:00,49.8,48.1,449.0,45.0,18.4,24.0,3.0,0.0,115.77084,Karachi,23,4,12,116.33333,114.27082,112.11935456593831,1.9344394873426256,-0.0048351125
2025-12-27 00:00:00+00:00,47.5,45.4,454.0,41.2,17.9,26.0,3.0,0.0,117.21876,Karachi,0,5,12,115.47916,115.666664,112.1918379465739,2.091980977446698,0.0150642
2025-12-27 01:00:00+00:00,46.1,44.2,684.0,45.2,18.2,22.0,3.0,0.0,118.35416,Karachi,1,5,12,114.958336,116.86457,112.33333047231038,2.3819704784012323,0.029539578
2025-12-27 02:00:00+00:00,49.6,47.7,1032.0,50.3,18.8,17.0,3.0,0.0,119.46876,Karachi,2,5,12,114.447914,117.947914,112.54253228505452,2.765387813140532,0.043870118
2025-12-27 03:00:00+00:00,56.3,54.7,1279.0,51.2,21.1,24.0,3.0,0.25,120.46875,Karachi,3,5,12,113.958336,119.1875,112.81379954020183,3.1960836748217227,0.057129774
2025-12-27 04:00:00+00:00,54.6,53.0,1336.0,44.0,26.8,53.0,4.0,1.05,121.114586,Karachi,4,5,12,113.53126,120.90624,113.12977155049641,3.6172056108585884,0.066795066
2025-12-27 05:00:00+00:00,49.8,47.5,1291.0,32.5,34.2,94.0,5.0,2.35,121.781265,Karachi,5,5,12,112.98959,122.13542,113.49609120686848,4.024620907036536,0.07780957
2025-12-27 06:00:00+00:00,42.8,39.5,1188.0,22.7,39.6,128.0,6.0,3.7,122.81251,Karachi,6,5,12,112.20834,123.08333,113.93793137868245,4.4379595995249135,0.09450424
2025-12-27 07:00:00+00:00,42.3,38.6,989.0,16.4,40.8,148.0,6.0,4.45,123.520836,Karachi,7,5,12,111.71875,123.51041,114.42968495686848,4.8188927964458665,0.10564105
2025-12-27 08:00:00+00:00,41.3,37.8,732.0,11.8,40.0,162.0,6.0,4.4,124.07292,Karachi,8,5,12,111.42708,124.22917,114.95659510294597,5.155886819624607,0.11348986
2025-12-27 09:00:00+00:00,41.2,37.8,579.0,9.5,39.7,171.0,6.0,3.45,124.51043,Karachi,9,5,12,111.3125,124.98958,115.50650882720947,5.44598568730344,0.11856646
2025-12-27 10:00:00+00:00,41.7,38.3,617.0,7.9,41.1,179.0,6.0,2.05,124.843765,Karachi,10,5,12,111.218735,125.86458,116.07421843210857,5.684516624358024,0.12250661
2025-12-27 11:00:00+00:00,42.4,39.1,759.0,8.6,43.0,182.0,6.0,0.85,125.16668,Karachi,11,5,12,111.041664,126.895836,116.6627607345581,5.869037574126791,0.12720464
2025-12-27 12:00:00+00:00,29.5,28.1,908.0,16.4,39.9,165.0,3.0,0.15,125.541664,Karachi,12,5,12,110.749985,128.03123,117.27908070882161,5.996399082698959,0.1335592
2025-12-27 13:00:00+00:00,53.1,51.7,1051.0,52.4,41.4,122.0,3.0,0.0,127.93368,Karachi,13,5,12,110.30206,129.08333,118.01373132069905,6.181652476213853,0.15984845
2025-12-27 14:00:00+00:00,63.6,62.4,1200.0,101.6,43.4,63.0,2.0,0.0,133.88605,Karachi,14,5,12,109.968735,129.0521,119.01028601328532,6.73171780263023,0.21749194
2025-12-27 15:00:00+00:00,65.7,64.3,1302.0,135.0,44.4,20.0,2.0,0.0,127.260414,Karachi,15,5,12,109.77082,128.21873,119.73901907602946,6.633971245579097,0.15932825
2025-12-27 16:00:00+00:00,67.8,66.1,1347.0,138.5,43.9,7.0,2.0,0.0,129.15623,Karachi,16,5,12,109.66666,127.07291,120.55108483632405,6.539594645499975,0.17771654
2025-12-27 17:00:00+00:00,68.5,67.1,1343.0,126.3,42.4,10.0,1.0,0.0,131.23958,Karachi,17,5,12,109.76041,125.55207,121.44605032602946,6.468004503010481,0.19569144
2025-12-27 18:00:00+00:00,65.2,64.5,1261.0,112.1,39.3,13.0,1.0,0.0,133.26042,Karachi,18,5,12,110.15625,123.47915,122.40872414906819,6.43389425395178,0.20974
2025-12-27 19:00:00+00:00,55.1,54.6,1042.0,99.8,33.5,12.0,1.0,0.0,134.70833,Karachi,19,5,12,110.916664,121.291664,123.40004348754883,6.419103864825536,0.21450035
2025-12-27 20:00:00+00:00,45.4,45.2,744.0,85.6,26.2,13.0,0.0,0.0,134.8854,Karachi,20,5,12,111.94792,119.39583,124.35577201843262,6.347039824939219,0.20489424
2025-12-27 21:00:00+00:00,38.1,37.8,514.0,71.9,20.5,15.0,0.0,0.0,134.01039,Karachi,21,5,12,113.14583,118.072914,125.22512880961101,6.171333157864214,0.18440418
2025-12-27 22:00:00+00:00,32.8,32.6,385.0,58.2,17.7,21.0,0.0,0.0,132.48958,Karachi,22,5,12,114.41667,117.145836,125.9781665802002,5.891419767660695,0.15795693
2025-12-27 23:00:00+00:00,29.3,29.2,323.0,45.1,16.6,29.0,0.0,0.0,130.6354,Karachi,23,5,12,115.77084,116.33333,126.59752337137859,5.542707662950337,0.12839644
2025-12-28 00:00:00+00:00,28.1,27.9,377.0,49.5,15.8,19.0,0.0,0.0,128.66666,Karachi,0,6,12,117.21876,115.47916,127.07451915740967,5.181306092552749,0.09766269
2025-12-28 01:00:00+00:00,27.4,27.2,624.0,49.4,16.6,16.0,0.0,0.0,126.84375,Karachi,1,6,12,118.35416,114.958336,127.42825222015381,4.838531642524964,0.07173042
2025-12-28 02:00:00+00:00,31.3,31.1,987.0,49.0,17.9,14.0,0.0,0.0,125.0729,Karachi,2,6,12,119.46876,114.447914,127.66175810496013,4.5652156947576525,0.046908844
2025-12-28 03:00:00+00:00,39.2,39.0,1274.0,46.3,20.3,21.0,0.0,0.25,123.34373,Karachi,3,6,12,120.46875,113.958336,127.78154881795247,4.40310710607409,0.023864921
2025-12-28 04:00:00+00:00,42.0,41.7,1435.0,39.4,24.6,46.0,1.0,1.1,121.70832,Karachi,4,6,12,121.114586,113.53126,127.80628776550293,4.365527598229249,0.004902256
2025-12-28 05:00:00+00:00,42.5,42.0,1521.0,30.3,30.0,81.0,1.0,2.45,120.53125,Karachi,5,6,12,121.781265,112.98959,127.75420379638672,4.447228205531289,-0.01026443
2025-12-28 06:00:00+00:00,35.0,33.9,1496.0,22.5,34.3,110.0,2.0,3.85,119.95834,Karachi,6,6,12,122.81251,112.20834,127.63528029123943,4.619928193674985,-0.023240011
2025-12-28 07:00:00+00:00,29.7,28.5,1277.0,16.9,36.2,128.0,2.0,4.65,119.375,Karachi,7,6,12,123.520836,111.71875,127.46253712972005,4.85213244330477,-0.03356386
2025-12-28 08:00:00+00:00,27.7,26.5,948.0,12.7,37.1,139.0,2.0,4.45,118.32292,Karachi,8,6,12,124.07292,111.42708,127.22295379638672,5.1590310235966355,-0.046343714
2025-12-28 09:00:00+00:00,29.0,27.6,721.0,10.7,38.6,148.0,2.0,3.4,117.145836,Karachi,9,6,12,124.51043,111.3125,126.91609573364258,5.5328640957030855,-0.05914841
2025-12-28 10:00:00+00:00,31.3,29.9,696.0,10.0,42.2,157.0,2.0,2.0,116.083336,Karachi,10,6,12,124.843765,111.218735,126.5510778427124,5.948861332055078,-0.07017114
2025-12-28 11:00:00+00:00,33.6,32.4,775.0,11.6,46.5,162.0,2.0,0.85,115.20833,Karachi,11,6,12,125.16668,111.041664,126.13614654541016,6.381206285516437,-0.07956072
2025-12-28 12:00:00+00:00,32.4,31.5,871.0,17.8,49.0,159.0,1.0,0.15,114.51043,Karachi,12,6,12,125.541664,110.749985,125.67651176452637,6.8088459252722835,-0.087869115
2025-12-28 13:00:00+00:00,50.6,50.1,967.0,39.1,48.9,129.0,1.0,0.0,114.864586,Karachi,13,6,12,127.93368,110.30206,125.13196627298991,7.135261591855499,-0.10215521
2025-12-28 14:00:00+00:00,59.0,58.6,1081.0,68.3,48.6,88.0,1.0,0.0,114.69792,Karachi,14,6,12,133.88605,109.968735,124.33246103922527,7.186549562403791,-0.14331685
2025-12-28 15:00:00+00:00,61.7,61.2,1186.0,88.6,48.0,56.0,1.0,0.0,114.302086,Karachi,15,6,12,127.260414,109.77082,123.79253069559734,7.439343993153816,-0.10182529
2025-12-28 16:00:00+00:00,64.5,64.0,1307.0,91.7,47.1,44.0,1.0,0.0,113.97917,Karachi,16,6,12,129.15623,109.66666,123.16015307108562,7.606757166933609,-0.117509335
2025-12-28 17:00:00+00:00,68.0,67.3,1420.0,86.0,45.9,43.0,1.0,0.0,113.76042,Karachi,17,6,12,131.23958,109.76041,122.43185488382976,7.6362725809803536,-0.1331851
2025-12-28 18:00:00+00:00,68.9,68.2,1424.0,78.9,43.3,41.0,1.0,0.0,113.78125,Karachi,18,6,12,133.26042,110.15625,121.62022272745769,7.468648494401055,-0.14617372
2025-12-28 19:00:00+00:00,67.1,66.4,1232.0,72.7,38.4,35.0,1.0,0.0,114.166664,Karachi,19,6,12,134.70833,110.916664,120.76432005564372,7.069935434856445,-0.15248993
2025-12-28 20:00:00+00:00,62.2,61.5,933.0,65.3,32.2,30.0,1.0,0.0,115.39583,Karachi,20,6,12,134.8854,111.94792,119.95225429534912,6.471410387025989,-0.1444899
2025-12-28 21:00:00+00:00,56.3,55.8,690.0,57.9,26.8,26.0,1.0,0.0,117.09374,Karachi,21,6,12,134.01039,113.14583,119.2473939259847,5.755286817054486,-0.12623386
2025-12-28 22:00:00+00:00,51.6,51.0,528.0,49.7,22.7,25.0,1.0,0.0,118.96875,Karachi,22,6,12,132.48958,114.41667,118.68402608235677,5.017107702049462,-0.10205201
2025-12-28 23:00:00+00:00,47.7,47.3,422.0,41.6,19.4,27.0,1.0,0.0,120.88542,Karachi,23,6,12,130.6354,115.77084,118.27777671813965,4.3588551898015355,-0.07463509
2025-12-29 00:00:00+00:00,42.7,42.1,471.0,33.5,18.2,28.0,1.0,0.0,122.770836,Karachi,0,0,12,128.66666,117.21876,118.0321175257365,3.888677108683006,-0.045822445
2025-12-29 01:00:00+00:00,41.7,41.2,804.0,38.5,18.5,21.0,1.0,0.0,124.25001,Karachi,1,0,12,126.84375,118.35416,117.92404492696126,3.662611328355878,-0.020448327
2025-12-29 02:00:00+00:00,44.8,44.2,1291.0,45.1,19.1,13.0,1.0,0.0,125.70832,Karachi,2,0,12,125.0729,119.46876,117.95052083333333,3.7184066954768853,0.005080411
2025-12-29 03:00:00+00:00,52.0,51.5,1636.0,48.0,20.4,17.0,1.0,0.25,127.07291,Karachi,3,0,12,123.34373,120.46875,118.10590330759685,4.019314289241301,0.030234043
2025-12-29 04:00:00+00:00,51.1,50.5,1719.0,44.0,22.6,41.0,1.0,1.0,128.37498,Karachi,4,0,12,121.70832,121.114586,118.38368097941081,4.482755275382611,0.05477575
2025-12-29 05:00:00+00:00,47.8,47.1,1661.0,36.3,25.7,77.0,2.0,2.25,129.29166,Karachi,5,0,12,120.53125,121.781265,118.74869791666667,4.9928704044539876,0.07268162
2025-12-29 06:00:00+00:00,41.0,39.9,1524.0,28.7,29.8,110.0,2.0,3.55,129.8229,Karachi,6,0,12,119.95834,122.81251,119.15972137451172,5.47913690647191,0.082233235
2025-12-29 07:00:00+00:00,39.5,38.3,1273.0,21.7,36.1,136.0,2.0,4.3,130.44792,Karachi,7,0,12,119.375,123.520836,119.62109311421712,5.9444897328855975,0.092757456
2025-12-29 08:00:00+00:00,39.9,38.6,944.0,14.9,43.6,158.0,3.0,4.15,131.46877,Karachi,8,0,12,118.32292,124.07292,120.16883659362793,6.407304169397484,0.11110141
2025-12-29 09:00:00+00:00,42.6,41.0,711.0,10.8,48.9,173.0,3.0,3.2,132.72917,Karachi,9,0,12,117.145836,124.51043,120.8181422551473,6.861159466943905,0.1330251
2025-12-29 10:00:00+00:00,45.2,43.4,643.0,10.2,50.9,180.0,3.0,1.9,134.125,Karachi,10,0,12,116.083336,124.843765,121.5698782602946,7.294513171445106,0.15541993
2025-12-29 11:00:00+00:00,46.7,44.8,672.0,12.4,50.8,179.0,3.0,0.75,135.53125,Karachi,11,0,12,115.20833,125.16668,122.41666666666667,7.692654834186299,0.1764015
2025-12-29 12:00:00+00:00,39.7,38.4,763.0,15.4,54.4,177.0,2.0,0.15,136.82292,Karachi,12,0,12,114.51043,125.541664,123.34635384877522,8.036215696589851,0.19485117
2025-12-29 13:00:00+00:00,49.5,48.5,963.0,26.7,50.5,150.0,2.0,0.0,137.54169,Karachi,13,0,12,114.864586,127.93368,124.29123306274414,8.323611039070087,0.19742465
2025-12-29 14:00:00+00:00,50.5,49.7,1227.0,42.2,44.9,112.0,1.0,0.0,137.375,Karachi,14,0,12,114.69792,133.88605,125.23611132303874,8.47303593740945,0.19771133
2025-12-29 15:00:00+00:00,47.7,46.8,1382.0,51.9,39.3,83.0,1.0,0.0,136.44792,Karachi,15,0,12,114.302086,127.260414,126.1588544845581,8.436310330843655,0.19374831
2025-12-29 16:00:00+00:00,45.6,44.6,1318.0,50.8,34.1,71.0,1.0,0.0,134.94792,Karachi,16,0,12,113.97917,129.15623,127.03255240122478,8.202659470046804,0.18397002
2025-12-29 17:00:00+00:00,44.7,43.4,1147.0,44.1,28.9,68.0,2.0,0.0,132.92708,Karachi,17,0,12,113.76042,131.23958,127.83116308848064,7.776253152365084,0.16848265
2025-12-29 18:00:00+00:00,44.8,43.4,1027.0,37.5,24.5,66.0,2.0,0.0,130.4375,Karachi,18,0,12,113.78125,133.26042,128.5251735051473,7.188898217457754,0.14638835
2025-12-29 19:00:00+00:00,44.9,43.5,1054.0,32.9,21.1,63.0,2.0,0.0,127.85418,Karachi,19,0,12,114.166664,134.70833,129.09548664093018,6.511271818813598,0.119890645
2025-12-29 20:00:00+00:00,44.4,43.0,1133.0,28.5,18.4,62.0,2.0,0.0,125.46876,Karachi,20,0,12,115.39583,134.8854,129.51519203186035,5.884275495705891,0.08729024
2025-12-29 21:00:00+00:00,43.5,42.1,1143.0,24.6,16.5,61.0,2.0,0.0,123.541664,Karachi,21,0,12,117.09374,134.01039,129.78385543823242,5.4214804647314105,0.05506632
2025-12-29 22:00:00+00:00,43.0,41.4,964.0,19.8,15.4,63.0,2.0,0.0,122.114586,Karachi,22,0,12,118.96875,132.48958,129.91493193308511,5.18134280357893,0.026442539
2025-12-29 23:00:00+00:00,42.3,40.7,716.0,15.5,15.1,66.0,2.0,0.0,121.11458,Karachi,23,0,12,120.88542,130.6354,129.92448012034097,5.164162407714922,0.0018956504
2025-12-30 00:00:00+00:00,45.9,44.4,632.0,19.4,14.6,52.0,2.0,0.0,120.427086,Karachi,0,1,12,122.770836,128.66666,129.82682387034097,5.324978780135796,-0.019090446
2025-12-30 01:00:00+00:00,47.8,46.4,898.0,30.0,15.6,37.0,2.0,0.0,120.66667,Karachi,1,1,12,124.25001,126.84375,129.67751820882162,5.534267448086977,-0.028839724
2025-12-30 02:00:00+00:00,55.3,53.8,1328.0,44.2,17.3,17.0,1.0,0.0,121.208336,Karachi,2,1,12,125.70832,125.0729,129.4900188446045,5.7467398995587455,-0.035797033
2025-12-30 03:00:00+00:00,70.5,69.2,1597.0,51.2,20.4,13.0,1.0,0.2,122.208336,Karachi,3,1,12,127.07291,123.34373,129.28732840220133,5.918908244829271,-0.038281728
2025-12-30 04:00:00+00:00,73.6,72.2,1546.0,44.4,27.0,41.0,2.0,0.85,124.052086,Karachi,4,1,12,128.37498,121.70832,129.10720761617026,6.012908831087682,-0.033673998
2025-12-30 05:00:00+00:00,62.9,59.6,1333.0,30.5,35.2,85.0,4.0,1.95,126.31249,Karachi,5,1,12,129.29166,120.53125,128.9830757776896,6.039627374223401,-0.0230422
2025-12-30 06:00:00+00:00,57.4,52.9,1111.0,18.9,39.4,119.0,5.0,3.15,127.61459,Karachi,6,1,12,129.8229,119.95834,128.89106273651123,6.043097058519754,-0.017010195
2025-12-30 07:00:00+00:00,54.9,50.6,898.0,12.9,36.3,134.0,5.0,3.85,128.96877,Karachi,7,1,12,130.44792,119.375,128.82943121592203,6.034064793252569,-0.011339057
2025-12-30 08:00:00+00:00,51.9,47.8,675.0,9.2,29.3,140.0,5.0,3.15,130.25,Karachi,8,1,12,131.46877,118.32292,128.77864933013916,6.015988164351525,-0.009270378
2025-12-30 09:00:00+00:00,50.4,46.1,537.0,7.2,23.6,141.0,5.0,2.0,131.20834,Karachi,9,1,12,132.72917,117.145836,128.71528148651123,5.9804719437923755,-0.0114581315
2025-12-30 10:00:00+00:00,50.3,45.9,507.0,6.3,21.3,139.0,4.0,1.25,131.7396,Karachi,10,1,12,134.125,116.083336,128.61588954925537,5.906015157903271,-0.017784951
2025-12-30 11:00:00+00:00,49.9,46.1,561.0,7.2,20.2,133.0,4.0,0.55,132.0,Karachi,11,1,12,135.53125,115.20833,128.4687541325887,5.768632448452599,-0.026054876
2025-12-30 12:00:00+00:00,41.8,38.6,721.0,11.0,16.0,112.0,3.0,0.15,132.13542,Karachi,12,1,12,136.82292,114.51043,128.2734416325887,5.5486409418977,-0.03425961
2025-12-30 13:00:00+00:00,40.9,38.8,1089.0,22.6,16.0,93.0,2.0,0.0,132.15625,Karachi,13,1,12,137.54169,114.864586,128.0490484237671,5.2588556693187005,-0.039154943
2025-12-30 14:00:00+00:00,41.8,39.8,1563.0,38.5,15.9,68.0,2.0,0.0,131.14583,Karachi,14,1,12,137.375,114.69792,127.78949960072835,4.9214607505490555,-0.04534429
2025-12-30 15:00:00+00:00,43.3,41.3,1863.0,49.6,15.6,49.0,1.0,0.0,130.1146,Karachi,15,1,12,136.44792,114.302086,127.52561092376709,4.596049059561198,-0.046415716
2025-12-30 16:00:00+00:00,42.7,40.7,1868.0,52.2,15.1,42.0,1.0,0.0,129.54166,Karachi,16,1,12,134.94792,113.97917,127.30034987131755,4.341910322540613,-0.040061865
2025-12-30 17:00:00+00:00,39.3,37.3,1699.0,50.0,14.3,42.0,1.0,0.0,129.1354,Karachi,17,1,12,132.92708,113.76042,127.14236354827881,4.194761686979621,-0.02852445
2025-12-30 18:00:00+00:00,35.0,32.8,1441.0,44.9,13.1,46.0,2.0,0.0,128.49998,Karachi,18,1,12,130.4375,113.78125,127.06163374582927,4.146960043666613,-0.014853974
2025-12-30 19:00:00+00:00,28.8,26.5,1040.0,35.6,10.9,55.0,3.0,0.0,127.395836,Karachi,19,1,12,127.85418,114.166664,127.04253609975179,4.144205981969376,-0.0035848927
2025-12-30 20:00:00+00:00,25.0,21.5,550.0,23.5,8.2,67.0,4.0,0.0,125.625,Karachi,20,1,12,125.46876,115.39583,127.04904619852702,4.141748249071837,0.0012452691
2025-12-30 21:00:00+00:00,21.0,15.5,220.0,14.7,6.6,75.0,6.0,0.0,123.38541,Karachi,21,1,12,123.541664,117.09374,127.04253546396892,4.147620147178672,-0.0012648173
2025-12-30 22:00:00+00:00,19.9,13.3,185.0,11.1,6.8,75.0,7.0,0.0,120.61458,Karachi,22,1,12,122.114586,118.96875,126.98003514607747,4.235479092315277,-0.012283607
2025-12-30 23:00:00+00:00,20.8,13.6,310.0,10.8,8.1,71.0,9.0,0.0,117.687485,Karachi,23,1,12,121.11458,120.88542,126.83723958333333,4.491838235599457,-0.028296292
2025-12-31 00:00:00+00:00,24.4,14.4,444.0,11.9,8.1,66.0,14.0,0.0,114.86456,Karachi,0,2,12,120.427086,122.770836,126.60546779632568,4.956452646865265,-0.046189964
2025-12-31 01:00:00+00:00,27.2,17.1,569.0,25.8,11.0,48.0,13.0,0.0,111.73956,Karachi,1,2,12,120.66667,124.25001,126.233504931132,5.700621627800567,-0.07398156
2025-12-31 02:00:00+00:00,34.2,24.2,702.0,44.4,14.9,25.0,12.0,0.0,108.687485,Karachi,2,2,12,121.208336,125.70832,125.71180280049641,6.670869004923388,-0.10330025
2025-12-31 03:00:00+00:00,45.6,35.7,744.0,53.7,18.2,15.0,14.0,0.15,105.60416,Karachi,3,2,12,122.208336,127.07291,125.01996199289958,7.813219166425752,-0.13586782
2025-12-31 04:00:00+00:00,44.7,33.8,613.0,44.8,20.2,33.0,22.0,0.85,102.11457,Karachi,4,2,12,124.052086,128.37498,124.1058988571167,9.107414447118822,-0.17684117
2025-12-31 05:00:00+00:00,43.5,23.1,392.0,26.6,21.5,64.0,33.0,2.15,98.395386,Karachi,5,2,12,126.31249,129.29166,122.94268608093262,10.491037264921697,-0.2210162
2025-12-31 06:00:00+00:00,43.8,20.0,229.0,12.2,21.8,90.0,39.0,3.5,95.15957,Karachi,6,2,12,127.61459,129.8229,121.59039338429768,11.864468403171921,-0.25432065
2025-12-31 07:00:00+00:00,39.9,18.0,191.0,6.8,20.5,103.0,37.0,4.65,92.2429,Karachi,7,2,12,128.96877,130.44792,120.06014887491862,13.168217094982932,-0.2847656
2025-12-31 08:00:00+00:00,34.9,16.2,212.0,5.1,18.2,110.0,30.0,4.95,89.35283,Karachi,8,2,12,130.25,131.46877,118.35610008239746,14.382447496722481,-0.3139898
2025-12-31 09:00:00+00:00,29.9,14.3,241.0,4.8,16.3,113.0,25.0,4.05,86.551414,Karachi,9,2,12,131.20834,132.72917,116.49539470672607,15.49323103902466,-0.34035128
2025-12-31 10:00:00+00:00,26.5,12.7,233.0,4.4,15.6,111.0,24.0,2.5,83.73226,Karachi,10,2,12,131.7396,134.125,114.49508921305339,16.50550994323731,-0.36441082
2025-12-31 11:00:00+00:00,25.2,11.9,234.0,5.3,15.3,105.0,24.0,1.05,80.78901,Karachi,11,2,12,132.0,135.53125,112.36129792531331,17.428533718502862,-0.38796204
2025-12-31 12:00:00+00:00,26.5,13.1,333.0,10.2,18.4,98.0,23.0,0.2,77.757095,Karachi,12,2,12,132.13542,136.82292,110.095534324646,18.260867574562454,-0.41153482
2025-12-31 13:00:00+00:00,27.1,16.8,616.0,21.5,17.7,80.0,21.0,0.0,75.49646,Karachi,13,2,12,132.15625,137.54169,107.73470973968506,18.934923440052472,-0.42873335
2025-12-31 14:00:00+00:00,30.0,20.7,997.0,37.2,16.8,56.0,17.0,0.0,73.5461,Karachi,14,2,12,131.14583,137.375,105.3347209294637,19.481052739796635,-0.43920368
2025-12-31 15:00:00+00:00,31.8,22.6,1304.0,49.7,16.4,36.0,15.0,0.0,71.85284,Karachi,15,2,12,130.1146,136.44792,102.90714772542317,19.88480125017668,-0.44777265
2025-12-31 16:00:00+00:00,32.9,24.1,1491.0,56.2,16.9,26.0,15.0,0.0,70.195045,Karachi,16,2,12,129.54166,134.94792,100.43437226613362,20.1173255533724,-0.45812762
2025-12-31 17:00:00+00:00,35.4,26.1,1605.0,59.5,17.9,22.0,16.0,0.0,68.723404,Karachi,17,2,12,129.1354,132.92708,97.91720549265544,20.14946883765595,-0.46781904
2025-12-31 18:00:00+00:00,40.3,29.7,1615.0,60.3,18.4,20.0,17.0,0.0,67.7305,Karachi,18,2,12,128.49998,130.4375,95.38514359792073,19.956565792975404,-0.47291434
2025-12-31 19:00:00+00:00,42.6,31.4,1477.0,58.1,18.0,21.0,17.0,0.0,67.45568,Karachi,19,2,12,127.395836,127.85418,92.8876371383667,19.52228766971215,-0.47050324
2025-12-31 20:00:00+00:00,41.1,30.3,1236.0,53.3,17.2,24.0,18.0,0.0,67.890076,Karachi,20,2,12,125.625,125.46876,90.48201529184978,18.858752115414806,-0.4595815
2025-12-31 21:00:00+00:00,39.9,29.2,987.0,48.1,16.1,26.0,17.0,0.0,68.67021,Karachi,21,2,12,123.38541,123.541664,88.20221551259358,17.995639751565328,-0.4434495
2025-12-31 22:00:00+00:00,37.7,27.9,702.0,42.0,14.5,26.0,14.0,0.0,69.88475,Karachi,22,2,12,120.61458,122.114586,86.08847268422444,16.973289262655417,-0.42059448
2025-12-31 23:00:00+00:00,31.4,24.4,411.0,35.4,12.7,25.0,11.0,0.0,71.17908,Karachi,23,2,12,117.687485,121.11458,84.15062236785889,15.824849464157207,-0.39518568
2026-01-01 00:00:00+00:00,22.9,21.2,299.0,35.1,13.1,23.0,1.0,0.0,72.136536,Karachi,0,3,1,114.86456,120.427086,82.37028789520264,14.573228498929971,-0.37198615
2026-01-01 01:00:00+00:00,25.1,22.2,533.0,35.9,13.8,24.0,5.0,0.0,72.739365,Karachi,1,3,1,111.73956,120.66667,80.74527963002522,13.272301106412657,-0.34902766
2026-01-01 02:00:00+00:00,40.5,34.7,946.0,36.7,14.9,27.0,10.0,0.0,73.19149,Karachi,2,3,1,108.687485,121.208336,79.26627985636394,11.933394509439342,-0.32658768
2026-01-01 03:00:00+00:00,61.9,53.4,1221.0,35.2,16.4,37.0,15.0,0.25,74.122345,Karachi,3,3,1,105.60416,122.208336,77.95453770955403,10.564123258751241,-0.29811147
2026-01-01 04:00:00+00:00,77.3,67.5,1211.0,29.4,18.9,59.0,20.0,1.05,75.6915,Karachi,4,3,1,102.11457,124.052086,76.85357634226482,9.229299945952034,-0.25875908
2026-01-01 05:00:00+00:00,90.8,77.1,1064.0,21.3,21.8,88.0,26.0,2.35,78.679085,Karachi,5,3,1,98.395386,126.31249,76.03206380208333,8.02773784439485,-0.20037831
2026-01-01 06:00:00+00:00,90.6,74.0,905.0,14.6,23.7,112.0,30.0,3.8,83.46631,Karachi,6,3,1,95.15957,127.61459,75.54484462738037,7.119888222039422,-0.12288055
2026-01-01 07:00:00+00:00,75.0,57.0,752.0,10.3,23.5,125.0,32.0,4.65,88.25355,Karachi,7,3,1,92.2429,128.96877,75.37862173716228,6.750064889899055,-0.04324831
2026-01-01 08:00:00+00:00,63.3,46.1,588.0,7.4,22.3,132.0,33.0,4.5,91.71099,Karachi,8,3,1,89.35283,130.25,75.47687848409016,6.9757148852869815,0.026391575
2026-01-01 09:00:00+00:00,59.8,41.1,484.0,6.3,21.9,137.0,34.0,3.5,94.3617,Karachi,9,3,1,86.551414,131.20834,75.80230712890625,7.663133870815804,0.090238705
2026-01-01 10:00:00+00:00,60.8,40.4,463.0,3.9,22.8,143.0,36.0,2.1,96.73758,Karachi,10,3,1,83.73226,131.7396,76.34419536590576,8.645172797065712,0.15532027
2026-01-01 11:00:00+00:00,61.9,41.0,504.0,3.3,24.4,147.0,39.0,0.85,99.19326,Karachi,11,3,1,80.78901,132.0,77.11103916168213,9.796200462451424,0.22780637
2026-01-01 12:00:00+00:00,65.4,43.2,610.0,13.5,23.8,126.0,41.0,0.15,102.08333,Karachi,12,3,1,77.757095,132.13542,78.1246321996053,11.044865881403275,0.31284904
2026-01-01 13:00:00+00:00,74.0,53.1,814.0,41.7,29.8,93.0,40.0,0.0,105.21874,Karachi,13,3,1,75.49646,132.15625,79.36306063334148,12.329044941270231,0.39369106
2026-01-01 14:00:00+00:00,93.4,72.9,1085.0,80.1,37.9,49.0,39.0,0.0,108.99999,Karachi,14,3,1,73.5461,131.14583,80.84030628204346,13.654525563520956,0.4820636
2026-01-01 15:00:00+00:00,106.6,87.1,1332.0,105.1,42.9,16.0,36.0,0.0,114.4375,Karachi,15,3,1,71.85284,130.1146,82.61466725667317,15.123686895423557,0.592665
2026-01-01 16:00:00+00:00,108.3,90.1,1574.0,104.0,42.3,7.0,31.0,0.0,121.15624,Karachi,16,3,1,70.195045,129.54166,84.73805046081543,16.789867129958004,0.7259942
2026-01-01 17:00:00+00:00,98.3,82.4,1792.0,89.4,38.7,11.0,25.0,0.0,128.03123,Karachi,17,3,1,68.723404,129.1354,87.20921007792155,18.597526091591995,0.8629932
2026-01-01 18:00:00+00:00,85.0,73.3,1843.0,75.9,33.9,15.0,21.0,0.0,133.89584,Karachi,18,3,1,67.7305,128.49998,89.96609942118327,20.401166311831435,0.97689146
2026-01-01 19:00:00+00:00,74.3,63.8,1601.0,69.4,27.8,15.0,20.0,0.0,138.4375,Karachi,19,3,1,67.45568,127.395836,92.92367521921794,22.072605604131137,1.0522734
2026-01-01 20:00:00+00:00,67.5,56.5,1193.0,63.8,20.6,15.0,21.0,0.0,141.81252,Karachi,20,3,1,67.890076,125.625,96.0037768681844,23.5366015280277,1.0888549
2026-01-01 21:00:00+00:00,64.5,51.8,853.0,55.7,15.2,19.0,23.0,0.0,144.54167,Karachi,21,3,1,68.67021,123.38541,99.16508769989014,24.768754208659658,1.1048671
2026-01-01 22:00:00+00:00,63.3,49.2,646.0,40.7,13.0,31.0,25.0,0.0,146.89584,Karachi,22,3,1,69.88475,120.61458,102.37388324737549,25.778379295016943,1.1019728
2026-01-01 23:00:00+00:00,63.1,47.7,508.0,23.1,12.7,46.0,27.0,0.0,149.1146,Karachi,23,3,1,71.17908,117.687485,105.62119642893474,26.57439789258317,1.0949217
2026-01-02 00:00:00+00:00,64.3,49.5,484.0,23.1,13.0,40.0,26.0,0.0,150.32455,Karachi,0,4,1,72.136536,114.86456,108.87903054555257,27.07880002791551,1.0838892
2026-01-02 01:00:00+00:00,65.2,48.9,663.0,28.3,14.2,35.0,27.0,0.0,150.94518,Karachi,1,4,1,72.739365,111.73956,112.13760598500569,27.245787858853934,1.0751511
2026-01-02 02:00:00+00:00,68.9,51.8,955.0,35.1,15.9,28.0,28.0,0.0,151.5307,Karachi,2,4,1,73.19149,108.687485,115.40173975626628,27.06912592316704,1.0703322
2026-01-02 03:00:00+00:00,74.7,56.8,1137.0,37.8,17.6,30.0,32.0,0.2,151.9057,Karachi,3,4,1,74.122345,105.60416,118.64271291097005,26.563640777665416,1.0493915
2026-01-02 04:00:00+00:00,73.8,59.0,1100.0,32.6,19.4,47.0,40.0,0.95,151.98027,Karachi,4,4,1,75.6915,102.11457,121.82141176859538,25.752592175345306,1.0078909
2026-01-02 05:00:00+00:00,75.2,52.4,953.0,23.4,21.2,71.0,51.0,2.2,151.79385,Karachi,5,4,1,78.679085,98.395386,124.86786047617595,24.731474923498983,0.9292783
2026-01-02 06:00:00+00:00,73.6,42.0,802.0,15.6,22.7,94.0,58.0,3.6,151.2522,Karachi,6,4,1,83.46631,95.15957,127.69227250417073,23.644508548737953,0.81213474
2026-01-02 07:00:00+00:00,77.3,42.0,657.0,11.0,23.5,113.0,60.0,4.5,150.55043,Karachi,7,4,1,88.25355,92.2429,130.28797594706217,22.51938505231517,0.7058853
2026-01-02 08:00:00+00:00,76.1,44.0,507.0,7.9,24.0,129.0,59.0,4.45,150.2215,Karachi,8,4,1,91.71099,89.35283,132.7259136835734,21.29537475026741,0.6379879
2026-01-02 09:00:00+00:00,75.2,44.2,427.0,6.6,24.6,140.0,57.0,3.5,150.17545,Karachi,9,4,1,94.3617,86.551414,135.05148633321127,19.92727339996162,0.5914872
2026-01-02 10:00:00+00:00,74.5,44.2,447.0,4.7,25.1,146.0,56.0,2.15,150.24342,Karachi,10,4,1,96.73758,83.73226,137.28089650472006,18.388046909756124,0.55310297
2026-01-02 11:00:00+00:00,73.8,44.2,537.0,4.7,25.9,147.0,55.0,0.9,150.32675,Karachi,11,4,1,99.19326,80.78901,139.41145865122476,16.664658526247692,0.51549363
2026-01-02 12:00:00+00:00,69.6,43.2,674.0,14.7,29.1,139.0,48.0,0.2,150.39693,Karachi,12,4,1,102.08333,77.757095,141.4245252609253,14.76980190007157,0.47327608
2026-01-02 13:00:00+00:00,73.1,48.0,850.0,47.7,35.5,104.0,48.0,0.0,150.39693,Karachi,13,4,1,105.21874,75.49646,143.30694961547852,12.686834787265248,0.42937392
2026-01-02 14:00:00+00:00,93.6,68.7,1074.0,92.8,44.2,55.0,47.0,0.0,150.28508,Karachi,14,4,1,108.99999,73.5461,145.02716159820557,10.431329804803667,0.3787623
2026-01-02 15:00:00+00:00,111.1,86.4,1351.0,123.2,50.4,19.0,45.0,0.0,150.19298,Karachi,15,4,1,114.4375,71.85284,146.51697317759195,8.183706215872489,0.31244546
2026-01-02 16:00:00+00:00,119.7,95.9,1797.0,125.5,52.6,9.0,41.0,0.0,150.17763,Karachi,16,4,1,121.15624,70.195045,147.72619756062826,6.169773611874779,0.23953685
2026-01-02 17:00:00+00:00,112.0,90.6,2297.0,113.1,52.4,12.0,35.0,0.0,150.30482,Karachi,17,4,1,128.03123,68.723404,148.65426381429037,4.53779700680415,0.17396997
2026-01-02 18:00:00+00:00,96.6,79.9,2507.0,100.0,49.2,15.0,30.0,0.0,150.48465,Karachi,18,4,1,133.89584,67.7305,149.34546407063803,3.2815690427677198,0.123893365
2026-01-02 19:00:00+00:00,80.6,68.7,2180.0,90.1,41.4,14.0,25.0,0.0,150.6294,Karachi,19,4,1,138.4375,67.45568,149.85345967610678,2.3233349551090643,0.08806786
2026-01-02 20:00:00+00:00,69.4,58.9,1563.0,79.4,30.6,14.0,21.0,0.0,150.73685,Karachi,20,4,1,141.81252,67.890076,150.22530682881674,1.5736479469426639,0.062930495
2026-01-02 21:00:00+00:00,61.5,51.5,1058.0,70.1,22.0,14.0,18.0,0.0,150.78947,Karachi,21,4,1,144.54167,68.67021,150.48563194274902,1.0074629848301404,0.043224923
2026-01-02 22:00:00+00:00,55.8,45.6,779.0,62.9,17.4,15.0,17.0,0.0,150.7829,Karachi,22,4,1,146.89584,69.88475,150.64759254455566,0.6566322077395177,0.026461296
2026-01-02 23:00:00+00:00,52.3,41.7,611.0,57.1,14.9,16.0,18.0,0.0,150.70395,Karachi,23,4,1,149.1146,71.17908,150.7138156890869,0.5696929978424399,0.010658618
2026-01-03 00:00:00+00:00,48.8,38.9,612.0,49.6,13.9,17.0,18.0,0.0,150.57237,Karachi,0,5,1,150.32455,72.136536,150.7241414388021,0.5645535188895932,0.001648553
2026-01-03 01:00:00+00:00,48.0,38.0,910.0,50.1,14.2,12.0,17.0,0.0,150.33992,Karachi,1,5,1,150.94518,72.739365,150.69892247517905,0.5677599693148134,-0.004009768
2026-01-03 02:00:00+00:00,53.0,43.1,1378.0,50.5,15.1,7.0,16.0,0.0,150.10088,Karachi,2,5,1,151.5307,73.19149,150.63934644063315,0.5514685249603378,-0.009435875
2026-01-03 03:00:00+00:00,64.5,55.1,1687.0,48.2,18.8,12.0,17.0,0.25,149.57292,Karachi,3,5,1,151.9057,74.122345,150.54214731852213,0.5234321418684905,-0.015356757
2026-01-03 04:00:00+00:00,61.2,51.1,1689.0,41.3,28.2,36.0,20.0,1.05,149.39583,Karachi,4,5,1,151.98027,75.6915,150.4344622294108,0.47863534905257266,-0.017005116
2026-01-03 05:00:00+00:00,52.4,40.2,1534.0,31.7,40.3,71.0,25.0,2.5,148.57292,Karachi,5,5,1,151.79385,78.679085,150.30025672912598,0.5297346407383303,-0.02121912
2026-01-03 06:00:00+00:00,53.2,36.9,1341.0,23.3,48.6,104.0,29.0,4.0,147.30206,Karachi,6,5,1,151.2522,83.46631,150.13566780090332,0.7770361391720044,-0.026116211
2026-01-03 07:00:00+00:00,63.6,43.3,1117.0,17.0,49.8,132.0,33.0,4.95,146.77083,Karachi,7,5,1,150.55043,88.25355,149.97818438212076,1.0308702815096376,-0.025105223
2026-01-03 08:00:00+00:00,67.3,46.1,857.0,11.9,47.1,157.0,36.0,4.85,146.90625,Karachi,8,5,1,150.2215,91.71099,149.84004910786948,1.2043684775506307,-0.022069056
2026-01-03 09:00:00+00:00,68.2,47.5,662.0,8.9,44.2,173.0,37.0,3.8,147.125,Karachi,9,5,1,150.17545,94.3617,149.71294720967612,1.3225939983561192,-0.020312546
2026-01-03 10:00:00+00:00,67.5,48.1,546.0,7.5,42.3,180.0,36.0,2.3,147.46875,Karachi,10,5,1,150.24342,96.73758,149.5973358154297,1.3935736753340733,-0.018467853
2026-01-03 11:00:00+00:00,66.4,48.0,496.0,8.2,40.2,177.0,33.0,0.95,147.875,Karachi,11,5,1,150.32675,99.19326,149.49517949422201,1.4272354809770018,-0.016309483
2026-01-03 12:00:00+00:00,81.3,57.5,575.0,13.9,35.9,161.0,42.0,0.2,148.27083,Karachi,12,5,1,150.39693,102.08333,149.40659205118814,1.4347938452888167,-0.014136583
2026-01-03 13:00:00+00:00,81.0,64.0,876.0,33.6,33.7,126.0,36.0,0.0,149.7604,Karachi,13,5,1,150.39693,105.21874,149.38007036844888,1.4215133959269974,-0.0042322697
2026-01-03 14:00:00+00:00,84.3,70.3,1307.0,60.7,30.6,78.0,28.0,0.0,150.30045,Karachi,14,5,1,150.28508,108.99999,149.38071060180664,1.4219421194758564,0.00010224302
2026-01-03 15:00:00+00:00,85.2,71.7,1649.0,80.6,28.1,40.0,23.0,0.0,150.33553,Karachi,15,5,1,150.19298,114.4375,149.38665008544922,1.4257750398627562,0.00094909634
2026-01-03 16:00:00+00:00,86.1,71.9,1829.0,87.0,27.1,23.0,23.0,0.0,150.01315,Karachi,16,5,1,150.17763,121.15624,149.37979698181152,1.4221986369049757,-0.0010951996
2026-01-03 17:00:00+00:00,86.8,71.2,1921.0,86.2,26.7,17.0,27.0,0.0,147.56248,Karachi,17,5,1,150.30482,128.03123,149.26553281148276,1.4544462892530219,-0.01824519
2026-01-03 18:00:00+00:00,89.6,71.7,1930.0,82.6,25.8,15.0,30.0,0.0,145.54166,Karachi,18,5,1,150.48465,133.89584,149.05957476298013,1.6153809875890497,-0.03284716
2026-01-03 19:00:00+00:00,92.2,72.4,1849.0,77.2,23.7,15.0,33.0,0.0,144.68748,Karachi,19,5,1,150.6294,138.4375,148.81199518839517,1.8081605289214622,-0.039447214
2026-01-03 20:00:00+00:00,92.4,71.0,1685.0,69.1,21.0,18.0,36.0,0.0,145.0729,Karachi,20,5,1,150.73685,141.81252,148.57599767049155,1.9126157553964018,-0.03757502
2026-01-03 21:00:00+00:00,90.1,67.5,1467.0,60.0,18.5,22.0,38.0,0.0,146.33333,Karachi,21,5,1,150.78947,144.54167,148.39032491048178,1.9046736476354647,-0.029552104
2026-01-03 22:00:00+00:00,84.1,62.9,1115.0,48.6,16.1,26.0,37.0,0.0,147.99998,Karachi,22,5,1,150.7829,146.89584,148.27437019348145,1.8361614850423242,-0.018456426
2026-01-03 23:00:00+00:00,77.5,58.3,709.0,36.4,13.8,31.0,34.0,0.0,149.8021,Karachi,23,5,1,150.70395,149.1146,148.23679288228354,1.7929989832726623,-0.0059842854
2026-01-04 00:00:00+00:00,77.8,58.9,519.0,34.1,13.7,28.0,32.0,0.0,150.32237,Karachi,0,6,1,150.57237,150.32455,148.22637621561685,1.7795156790860356,-0.0016603312
2026-01-04 01:00:00+00:00,77.5,59.4,756.0,37.3,13.6,19.0,28.0,0.0,150.76097,Karachi,1,6,1,150.33992,150.94518,148.24392000834146,1.803176736917832,0.0028006602
2026-01-04 02:00:00+00:00,83.4,65.4,1209.0,41.6,13.8,8.0,25.0,0.0,151.23027,Karachi,2,6,1,150.10088,151.5307,148.2909781138102,1.8673408473012967,0.0075242366
2026-01-04 03:00:00+00:00,95.5,77.3,1514.0,42.9,16.0,9.0,31.0,0.25,151.71931,Karachi,3,6,1,149.57292,151.9057,148.3804111480713,1.9794408004345032,0.014350143
2026-01-04 04:00:00+00:00,94.5,74.3,1506.0,39.0,21.4,32.0,58.0,1.1,152.20615,Karachi,4,6,1,149.39583,151.98027,148.49750773111978,2.120237617651041,0.018811222
2026-01-04 05:00:00+00:00,101.3,57.5,1351.0,32.2,28.9,66.0,94.0,2.55,152.71492,Karachi,5,6,1,148.57292,151.79385,148.67009099324545,2.288538678766742,0.027878555
2026-01-04 06:00:00+00:00,123.4,54.7,1184.0,25.8,36.1,97.0,120.0,4.05,153.0943,Karachi,6,6,1,147.30206,151.2522,148.91143417358398,2.438501102909763,0.039322168
2026-01-04 07:00:00+00:00,129.5,53.4,1028.0,20.2,43.1,120.0,124.0,5.0,153.48465,Karachi,7,6,1,146.77083,150.55043,149.1911767323812,2.5641218517117883,0.04574357
2026-01-04 08:00:00+00:00,121.5,52.9,860.0,15.1,49.8,139.0,118.0,4.9,153.70615,Karachi,8,6,1,146.90625,150.2215,149.47450574239096,2.6739974280041467,0.046287317
2026-01-04 09:00:00+00:00,112.2,51.0,746.0,12.1,54.4,153.0,110.0,3.85,153.85527,Karachi,9,6,1,147.125,150.17545,149.75493367513022,2.7681385791698263,0.045745254
2026-01-04 10:00:00+00:00,108.5,52.4,720.0,11.2,56.3,162.0,105.0,2.3,153.93202,Karachi,10,6,1,147.46875,150.24342,150.02423667907715,2.849259634792177,0.043828078
2026-01-04 11:00:00+00:00,106.9,53.8,747.0,12.6,56.1,165.0,99.0,0.95,154.02632,Karachi,11,6,1,147.875,150.32675,150.28054173787436,2.9232300466703083,0.041598115
2026-01-04 12:00:00+00:00,96.6,48.4,791.0,16.1,47.9,145.0,87.0,0.2,154.15352,Karachi,12,6,1,148.27083,150.39693,150.52565383911133,2.993183438895827,0.039675307
2026-01-04 13:00:00+00:00,92.7,54.9,823.0,31.2,42.9,115.0,79.0,0.0,153.95396,Karachi,13,6,1,149.7604,150.39693,150.7003854115804,3.0680353790036623,0.028001778
2026-01-04 14:00:00+00:00,91.5,57.5,872.0,52.1,35.9,73.0,68.0,0.0,153.7544,Karachi,14,6,1,150.30045,150.28508,150.84429995218912,3.1288648541152515,0.022980297
2026-01-04 15:00:00+00:00,93.1,57.7,990.0,67.8,30.2,40.0,60.0,0.0,153.4737,Karachi,15,6,1,150.33553,150.19298,150.97505696614584,3.171954647948515,0.02087443
2026-01-04 16:00:00+00:00,93.4,58.0,1283.0,73.8,27.4,25.0,60.0,0.0,153.16667,Karachi,16,6,1,150.01315,150.17763,151.1064535776774,3.195604108706243,0.021021614
2026-01-04 17:00:00+00:00,96.2,59.6,1645.0,74.6,25.8,19.0,64.0,0.0,152.86185,Karachi,17,6,1,147.56248,150.30482,151.32726033528647,3.1223244195092685,0.035912666
2026-01-04 18:00:00+00:00,99.7,61.2,1813.0,72.4,24.2,16.0,66.0,0.0,152.60745,Karachi,18,6,1,145.54166,150.48465,151.62166849772134,2.8765194613534684,0.04854827
2026-01-04 19:00:00+00:00,100.6,61.0,1616.0,67.1,21.7,16.0,63.0,0.0,152.37718,Karachi,19,6,1,144.68748,150.6294,151.94207255045572,2.47012112879136,0.05314694
2026-01-04 20:00:00+00:00,93.1,57.6,1223.0,58.8,19.1,19.0,58.0,0.0,152.1272,Karachi,20,6,1,145.0729,150.73685,152.23600133260092,1.9903007501195473,0.04862583
2026-01-04 21:00:00+00:00,84.1,52.2,883.0,50.5,17.1,22.0,54.0,0.0,151.83333,Karachi,21,6,1,146.33333,150.78947,152.46516799926758,1.5487724752035037,0.037585422
2026-01-04 22:00:00+00:00,84.8,49.6,641.0,41.9,15.8,25.0,54.0,0.0,151.4978,Karachi,22,6,1,147.99998,150.7829,152.6109104156494,1.2451325356398797,0.023633908
2026-01-04 23:00:00+00:00,84.1,48.8,450.0,33.2,15.0,29.0,56.0,0.0,151.20613,Karachi,23,6,1,149.8021,150.70395,152.66941197713217,1.1355898708800778,0.009372616
2026-01-05 00:00:00+00:00,85.2,49.8,420.0,33.7,14.6,22.0,59.0,0.0,150.9978,Karachi,0,0,1,150.32237,150.57237,152.69755490620932,1.0820000488179322,0.004493212
2026-01-05 01:00:00+00:00,82.2,48.7,688.0,36.6,15.4,16.0,56.0,0.0,150.79825,Karachi,1,0,1,150.76097,150.33992,152.6991081237793,1.0791221309655157,0.0002472604
2026-01-05 02:00:00+00:00,82.9,51.5,1116.0,40.4,16.8,8.0,52.0,0.0,150.5636,Karachi,2,0,1,151.23027,150.10088,152.67133013407388,1.1261323359497448,-0.0044083223
2026-01-05 03:00:00+00:00,89.9,59.1,1403.0,41.4,19.5,13.0,51.0,0.25,150.25877,Karachi,3,0,1,151.71931,149.57292,152.61047426859537,1.2157161930276164,-0.009626597
2026-01-05 04:00:00+00:00,85.7,59.6,1404.0,37.4,24.8,39.0,55.0,1.1,149.33333,Karachi,4,0,1,152.20615,149.39583,152.49077351888022,1.3866685326955221,-0.01887452
2026-01-05 05:00:00+00:00,86.1,53.3,1262.0,30.7,31.5,76.0,62.0,2.5,147.80208,Karachi,5,0,1,152.71492,148.57292,152.28607177734375,1.6830807114070985,-0.03217002
2026-01-05 06:00:00+00:00,81.5,43.8,1110.0,24.2,36.8,111.0,65.0,4.0,147.36456,Karachi,6,0,1,153.0943,147.30206,152.04733276367188,1.948841362271324,-0.03742619
2026-01-05 07:00:00+00:00,72.4,41.7,968.0,18.3,39.7,139.0,59.0,4.85,146.22916,Karachi,7,0,1,153.48465,146.77083,151.7450205485026,2.2549026018621663,-0.047271784
2026-01-05 08:00:00+00:00,67.8,42.6,815.0,12.6,41.3,164.0,49.0,4.75,145.0104,Karachi,8,0,1,153.70615,146.90625,151.38269805908203,2.5985265266202773,-0.056573793
2026-01-05 09:00:00+00:00,64.3,42.0,715.0,9.2,42.0,181.0,41.0,3.75,143.9375,Karachi,9,0,1,153.85527,147.125,150.96945762634277,2.952690438742964,-0.064461686
2026-01-05 10:00:00+00:00,61.9,41.6,682.0,6.2,41.9,192.0,37.0,2.25,143.0,Karachi,10,0,1,153.93202,147.46875,150.51395670572916,3.2987394135286117,-0.0710185
2026-01-05 11:00:00+00:00,61.0,41.6,703.0,5.5,40.9,195.0,35.0,0.95,141.875,Karachi,11,0,1,154.02632,147.875,150.00765164693198,3.6500224606850034,-0.0788912
2026-01-05 12:00:00+00:00,86.1,53.4,798.0,14.3,34.3,173.0,60.0,0.2,140.60414,Karachi,12,0,1,154.15352,148.27083,149.44309425354004,4.010907219190308,-0.08789535
2026-01-05 13:00:00+00:00,96.4,65.4,1043.0,48.7,37.8,129.0,61.0,0.0,141.12498,Karachi,13,0,1,153.95396,149.7604,148.90855344136557,4.232354927525867,-0.08332997
2026-01-05 14:00:00+00:00,118.7,86.1,1363.0,95.6,42.4,69.0,62.0,0.0,142.21875,Karachi,14,0,1,153.7544,150.30045,148.42790158589682,4.312377104065787,-0.07502644
2026-01-05 15:00:00+00:00,123.4,90.8,1551.0,125.9,44.2,25.0,59.0,0.0,145.1979,Karachi,15,0,1,153.4737,150.33553,148.08307711283365,4.221275664118446,-0.053923164
2026-01-05 16:00:00+00:00,121.1,90.8,1500.0,125.7,41.0,13.0,48.0,0.0,148.64581,Karachi,16,0,1,153.16667,150.01315,147.89470799763998,4.083173405587858,-0.029515943
2026-01-05 17:00:00+00:00,103.8,83.4,1317.0,108.9,35.0,17.0,32.0,0.0,150.4342,Karachi,17,0,1,152.86185,147.56248,147.7935562133789,3.9836296936394815,-0.015881287
2026-01-05 18:00:00+00:00,78.5,67.5,1120.0,88.9,28.8,26.0,20.0,0.0,150.95615,Karachi,18,0,1,152.60745,145.54166,147.7247517903646,3.9104586043510197,-0.010820613
2026-01-05 19:00:00+00:00,61.7,54.5,926.0,67.1,22.5,39.0,15.0,0.0,151.0943,Karachi,19,0,1,152.37718,144.68748,147.67129834493002,3.8524354720613085,-0.008419126
2026-01-05 20:00:00+00:00,53.8,46.7,718.0,42.0,16.0,56.0,14.0,0.0,150.95175,Karachi,20,0,1,152.1272,145.0729,147.62232144673666,3.8004446417894373,-0.0077267285
2026-01-05 21:00:00+00:00,50.5,42.5,562.0,22.6,11.3,71.0,14.0,0.0,150.71272,Karachi,21,0,1,151.83333,146.33333,147.5756295522054,3.7530474971071923,-0.007380497
2026-01-05 22:00:00+00:00,48.8,39.8,460.0,12.5,9.6,80.0,15.0,0.0,150.5,Karachi,22,0,1,151.4978,147.99998,147.5340544382731,3.7130230455151945,-0.0065862522
2026-01-05 23:00:00+00:00,47.7,38.1,410.0,8.1,9.7,86.0,17.0,0.0,150.2851,Karachi,23,0,1,151.20613,149.8021,147.49567794799805,3.6780143286208022,-0.0060912594
2026-01-06 00:00:00+00:00,46.4,37.1,471.0,8.4,10.1,84.0,17.0,0.0,150.05043,Karachi,0,1,1,150.9978,150.32237,147.45620409647623,3.643717889537086,-0.006274081
2026-01-06 01:00:00+00:00,46.9,37.3,753.0,14.4,11.2,77.0,17.0,0.0,148.91666,Karachi,1,1,1,150.79825,150.76097,147.3778044382731,3.588506937917498,-0.012477544
2026-01-06 02:00:00+00:00,49.4,39.8,1146.0,22.5,12.7,69.0,16.0,0.0,147.72916,Karachi,2,1,1,150.5636,151.23027,147.25970268249512,3.525183917644582,-0.018825548
2026-01-06 03:00:00+00:00,52.2,43.3,1376.0,26.8,14.1,68.0,16.0,0.2,146.51044,Karachi,3,1,1,150.25877,151.71931,147.10352198282877,3.4691231295066576,-0.024945876
2026-01-06 04:00:00+00:00,51.6,44.4,1293.0,23.8,15.4,81.0,16.0,1.05,144.86461,Karachi,4,1,1,149.33333,152.20615,146.91732533772787,3.4641605261000468,-0.029924462
2026-01-06 05:00:00+00:00,50.1,41.4,1047.0,17.0,16.7,101.0,15.0,2.45,143.28125,Karachi,5,1,1,147.80208,152.71492,146.72895749409994,3.5361245363809592,-0.030587042
2026-01-06 06:00:00+00:00,43.8,35.5,819.0,11.3,17.1,117.0,15.0,4.0,142.0417,Karachi,6,1,1,147.36456,153.0943,146.50717163085938,3.659305570103338,-0.03612036
2026-01-06 07:00:00+00:00,37.0,28.2,656.0,8.1,16.0,125.0,14.0,5.05,141.17711,Karachi,7,1,1,146.22916,153.48465,146.29666964213052,3.8178682221619336,-0.03454884
2026-01-06 08:00:00+00:00,30.4,22.6,511.0,6.0,14.0,129.0,13.0,5.05,139.77084,Karachi,8,1,1,145.0104,153.70615,146.0783545176188,4.038072972132013,-0.036132324
2026-01-06 09:00:00+00:00,27.4,20.3,424.0,5.1,12.7,131.0,13.0,4.0,137.6875,Karachi,9,1,1,143.9375,153.85527,145.81793785095215,4.370028075989904,-0.043421622
2026-01-06 10:00:00+00:00,27.2,20.1,417.0,5.4,12.7,132.0,13.0,2.45,135.42708,Karachi,10,1,1,143.0,153.93202,145.50239944458008,4.831391849901951,-0.052957494
2026-01-06 11:00:00+00:00,28.2,20.8,467.0,6.9,13.2,131.0,14.0,1.05,133.18748,Karachi,11,1,1,141.875,154.02632,145.14041964213052,5.406229812755242,-0.061233588
2026-01-06 12:00:00+00:00,41.7,30.9,545.0,11.2,15.3,126.0,20.0,0.2,131.02084,Karachi,12,1,1,140.60414,154.15352,144.74111557006836,6.069117609413081,-0.06815801
2026-01-06 13:00:00+00:00,47.0,39.7,674.0,19.5,15.3,110.0,17.0,0.0,128.6771,Karachi,13,1,1,141.12498,153.95396,144.22245343526205,6.870562566911483,-0.088204734
2026-01-06 14:00:00+00:00,50.6,44.6,831.0,30.8,15.2,88.0,13.0,0.0,125.999985,Karachi,14,1,1,142.21875,153.7544,143.54667154947916,7.809664246393092,-0.11404098
2026-01-06 15:00:00+00:00,50.8,44.7,923.0,37.3,15.1,72.0,11.0,0.0,121.677086,Karachi,15,1,1,145.1979,153.4737,142.56663735707602,8.981359130177513,-0.16199146
2026-01-06 16:00:00+00:00,52.2,45.3,898.0,34.7,14.9,69.0,12.0,0.0,116.87501,Karachi,16,1,1,148.64581,153.16667,141.24285380045572,10.292117000244717,-0.21373495
2026-01-06 17:00:00+00:00,54.9,47.1,807.0,27.4,14.7,73.0,14.0,0.0,112.13541,Karachi,17,1,1,150.4342,152.86185,139.64707056681314,11.680497408289591,-0.25458837
2026-01-06 18:00:00+00:00,58.1,49.4,718.0,20.7,14.5,77.0,16.0,0.0,108.354164,Karachi,18,1,1,150.95615,152.60745,137.87198797861734,13.044591112326293,-0.28221428
2026-01-06 19:00:00+00:00,60.1,50.9,647.0,16.4,14.1,80.0,17.0,0.0,106.46875,Karachi,19,1,1,151.0943,152.37718,136.01259009043375,14.206655519110226,-0.295349
2026-01-06 20:00:00+00:00,61.0,51.5,577.0,12.8,13.7,84.0,17.0,0.0,106.09375,Karachi,20,1,1,150.95175,152.1272,134.14350668589273,15.079764010127212,-0.2971678
2026-01-06 21:00:00+00:00,61.5,52.0,521.0,10.0,13.6,87.0,17.0,0.0,106.59375,Karachi,21,1,1,150.71272,151.83333,132.30521615346274,15.65043433402209,-0.29273555
2026-01-06 22:00:00+00:00,61.2,52.5,468.0,7.4,13.8,91.0,15.0,0.0,107.58333,Karachi,22,1,1,150.5,151.4978,130.51702149709067,15.930430820257905,-0.2851606
2026-01-06 23:00:00+00:00,60.1,52.7,430.0,5.7,14.3,95.0,12.0,0.0,108.90624,Karachi,23,1,1,150.2851,151.20613,128.79290262858072,15.93712561467815,-0.2753357
2026-01-07 00:00:00+00:00,58.8,52.9,456.0,6.6,14.7,92.0,11.0,0.0,110.42708,Karachi,0,2,1,150.05043,150.9978,127.14192962646484,15.689679956067778,-0.2640669
2026-01-07 01:00:00+00:00,56.8,52.2,615.0,12.4,15.4,85.0,9.0,0.0,112.07292,Karachi,1,2,1,148.91666,150.79825,125.60677401224773,15.263190611434087,-0.24741177
2026-01-07 02:00:00+00:00,56.6,52.9,839.0,20.2,16.4,77.0,7.0,0.0,113.625015,Karachi,2,2,1,147.72916,150.5636,124.1857681274414,14.690865642505674,-0.23085585
2026-01-07 03:00:00+00:00,57.7,54.6,968.0,24.5,17.4,76.0,6.0,0.2,114.98959,Karachi,3,2,1,146.51044,150.25877,122.8723996480306,14.001048984108785,-0.21514401
2026-01-07 04:00:00+00:00,57.3,54.8,915.0,21.9,18.8,90.0,6.0,1.05,116.16667,Karachi,4,2,1,144.86461,149.33333,121.67665227254231,13.246278579915778,-0.19810177
2026-01-07 05:00:00+00:00,55.4,52.2,768.0,15.8,20.2,111.0,7.0,2.45,117.25,Karachi,5,2,1,143.28125,147.80208,120.59201685587566,12.441640819846377,-0.18167938
2026-01-07 06:00:00+00:00,49.0,44.6,635.0,10.5,20.4,128.0,8.0,4.05,118.375,Karachi,6,2,1,142.0417,147.36456,119.60590426127116,11.575386050173003,-0.16661799
2026-01-07 07:00:00+00:00,36.7,32.0,546.0,7.5,18.2,134.0,8.0,5.1,119.32292,Karachi,7,2,1,141.17711,146.22916,118.69531313578288,10.625283459069594,-0.15479979
2026-01-07 08:00:00+00:00,29.4,24.6,472.0,5.4,14.7,135.0,9.0,5.1,119.71876,Karachi,8,2,1,139.77084,145.0104,117.85980955759685,9.638552088222962,-0.14346401
2026-01-07 09:00:00+00:00,27.5,22.5,432.0,4.5,12.1,135.0,9.0,4.05,119.92709,Karachi,9,2,1,137.6875,143.9375,117.11979262034099,8.684649474152598,-0.1289907
2026-01-07 10:00:00+00:00,27.1,22.2,436.0,4.7,11.3,135.0,9.0,2.5,120.15625,Karachi,10,2,1,135.42708,143.0,116.48350811004639,7.799328048457645,-0.11276052
2026-01-07 11:00:00+00:00,26.8,22.2,475.0,6.0,11.3,133.0,9.0,1.05,120.37499,Karachi,11,2,1,133.18748,141.875,115.94965426127116,7.004221491863126,-0.096198924
2026-01-07 12:00:00+00:00,31.7,27.6,543.0,9.9,12.5,128.0,7.0,0.25,120.52082,Karachi,12,2,1,131.02084,140.60414,115.51215330759685,6.316027841057581,-0.0801401
2026-01-07 13:00:00+00:00,37.0,33.8,669.0,16.8,12.7,113.0,6.0,0.0,120.17708,Karachi,13,2,1,128.6771,141.12498,115.1579860051473,5.75951471249567,-0.066056944
2026-01-07 14:00:00+00:00,40.3,37.4,823.0,26.1,12.9,93.0,6.0,0.0,119.56251,Karachi,14,2,1,125.999985,142.21875,114.88975779215495,5.3693185738942795,-0.051091094
2026-01-07 15:00:00+00:00,39.6,36.6,914.0,32.2,13.0,77.0,5.0,0.0,118.81249,Karachi,15,2,1,121.677086,145.1979,114.77039972941081,5.242213673301874,-0.023542589
2026-01-07 16:00:00+00:00,39.2,36.2,890.0,32.3,12.9,71.0,5.0,0.0,117.96875,Karachi,16,2,1,116.87501,148.64581,114.81597232818604,5.2660055065246665,0.009358223
2026-01-07 17:00:00+00:00,39.8,36.9,803.0,29.1,12.8,69.0,5.0,0.0,117.02082,Karachi,17,2,1,112.13541,150.4342,115.01953125,5.2522880108975505,0.0435671
2026-01-07 18:00:00+00:00,40.7,38.0,714.0,25.0,12.6,71.0,5.0,0.0,115.958336,Karachi,18,2,1,108.354164,150.95615,115.3363717397054,5.058505969203391,0.07017886
2026-01-07 19:00:00+00:00,40.9,38.4,637.0,20.2,12.4,77.0,4.0,0.0,114.77083,Karachi,19,2,1,106.46875,151.0943,115.68229166666667,4.696661027439716,0.07797667
2026-01-07 20:00:00+00:00,40.3,38.1,557.0,14.5,12.3,87.0,4.0,0.0,113.46876,Karachi,20,2,1,106.09375,150.95175,115.98958365122478,4.263299862290912,0.069514066
2026-01-07 21:00:00+00:00,39.2,37.4,496.0,10.0,12.3,94.0,3.0,0.0,112.07292,Karachi,21,2,1,106.59375,150.71272,116.2178824742635,3.8665193505341677,0.051402375
2026-01-07 22:00:00+00:00,38.2,36.7,448.0,7.2,12.6,96.0,3.0,0.0,110.55209,Karachi,22,2,1,107.58333,150.5,116.34158102671306,3.6177566877612137,0.02759503
2026-01-07 23:00:00+00:00,37.6,36.2,418.0,5.6,13.1,96.0,2.0,0.0,108.90626,Karachi,23,2,1,108.90624,150.2851,116.34158166249593,3.6177553242670384,1.401094e-07
2026-01-08 00:00:00+00:00,39.1,38.0,443.0,6.1,14.7,95.0,2.0,0.0,107.18751,Karachi,0,3,1,110.42708,150.05043,116.2065995534261,3.897635677767856,-0.029336741
2026-01-08 01:00:00+00:00,39.7,38.3,579.0,10.8,15.0,88.0,2.0,0.0,105.63543,Karachi,1,3,1,112.07292,148.91666,115.93837070465088,4.385458156733149,-0.05744021
2026-01-08 02:00:00+00:00,41.3,39.9,771.0,17.1,15.5,78.0,3.0,0.0,104.187515,Karachi,2,3,1,113.625015,147.72916,115.54514153798421,4.984155262484731,-0.0830583
2026-01-08 03:00:00+00:00,44.0,42.6,886.0,20.5,15.9,76.0,3.0,0.25,102.83334,Karachi,3,3,1,114.98959,146.51044,115.03863112131755,5.620170943530809,-0.10571609
2026-01-08 04:00:00+00:00,44.9,43.4,855.0,18.1,16.4,88.0,3.0,1.05,101.583336,Karachi,4,3,1,116.16667,144.86461,114.43099212646484,6.246378024937483,-0.12553804
2026-01-08 05:00:00+00:00,42.3,40.6,748.0,12.7,16.8,107.0,2.0,2.45,100.39584,Karachi,5,3,1,117.25,143.28125,113.72873560587566,6.835327459520423,-0.14374547
2026-01-08 06:00:00+00:00,35.2,33.8,645.0,8.3,16.6,123.0,2.0,3.95,99.30851,Karachi,6,3,1,118.375,142.0417,112.93429851531982,7.359723369497491,-0.16106856
2026-01-08 07:00:00+00:00,28.1,27.1,563.0,6.2,15.3,130.0,2.0,4.95,98.35107,Karachi,7,3,1,119.32292,141.17711,112.06047121683757,7.800048809015993,-0.17575714
2026-01-08 08:00:00+00:00,23.5,22.6,484.0,5.0,13.5,134.0,1.0,4.95,97.916664,Karachi,8,3,1,119.71876,139.77084,111.15205065409343,8.131874940209975,-0.18211092
2026-01-08 09:00:00+00:00,21.1,20.3,440.0,4.8,12.2,135.0,1.0,4.0,97.739365,Karachi,9,3,1,119.92709,137.6875,110.2275619506836,8.349216145918922,-0.18501015
2026-01-08 10:00:00+00:00,20.1,19.3,431.0,4.9,11.8,135.0,1.0,2.5,97.54433,Karachi,10,3,1,120.15625,135.42708,109.28539848327637,8.455247703551347,-0.18818766
2026-01-08 11:00:00+00:00,20.1,19.3,457.0,6.0,12.0,133.0,2.0,1.05,97.28723,Karachi,11,3,1,120.37499,133.18748,108.32340844472249,8.452076254866503,-0.19179864
2026-01-08 12:00:00+00:00,11.9,11.7,544.0,9.9,12.6,124.0,0.0,0.25,97.03013,Karachi,12,3,1,120.52082,131.02084,107.34462960561116,8.33753627383176,-0.19490983
2026-01-08 13:00:00+00:00,18.2,17.9,757.0,19.7,12.8,106.0,0.0,0.0,95.62056,Karachi,13,3,1,120.17708,128.6771,106.32144133249919,8.199920177454983,-0.20433612
2026-01-08 14:00:00+00:00,24.0,23.6,1031.0,33.0,13.0,82.0,1.0,0.0,94.21098,Karachi,14,3,1,119.56251,125.999985,105.26512781778972,8.051594740607614,-0.21203573
2026-01-08 15:00:00+00:00,24.0,23.6,1199.0,41.5,13.1,64.0,1.0,0.0,92.98758,Karachi,15,3,1,118.81249,121.677086,104.18908977508545,7.886329978634135,-0.21735856
2026-01-08 16:00:00+00:00,23.8,23.2,1170.0,40.9,13.0,59.0,1.0,0.0,91.8351,Karachi,16,3,1,117.96875,116.87501,103.10018761952718,7.703053298661021,-0.22153029
2026-01-08 17:00:00+00:00,24.6,23.8,1034.0,35.4,12.8,60.0,2.0,0.0,90.68262,Karachi,17,3,1,117.02082,112.13541,102.0027624766032,7.5072704427334065,-0.2250728
2026-01-08 18:00:00+00:00,25.9,25.0,901.0,29.7,12.5,62.0,2.0,0.0,89.52126,Karachi,18,3,1,115.958336,108.354164,100.90121777852376,7.307434268067974,-0.22798769
2026-01-08 19:00:00+00:00,26.9,25.8,800.0,25.0,12.0,64.0,2.0,0.0,88.36878,Karachi,19,3,1,114.77083,106.46875,99.80113252003987,7.113425908162352,-0.23004143
2026-01-08 20:00:00+00:00,26.9,25.8,700.0,20.1,11.5,68.0,2.0,0.0,87.25177,Karachi,20,3,1,113.46876,106.09375,98.70875803629558,6.9340458175732635,-0.23105027
2026-01-08 21:00:00+00:00,26.7,25.4,620.0,15.9,11.2,72.0,2.0,0.0,86.16134,Karachi,21,3,1,112.07292,106.59375,97.62910874684651,6.778239599533434,-0.23120289
2026-01-08 22:00:00+00:00,26.7,25.3,534.0,11.7,11.4,77.0,2.0,0.0,85.09752,Karachi,22,3,1,110.55209,107.58333,96.56850147247314,6.658646353795295,-0.2302496
2026-01-08 23:00:00+00:00,27.0,25.5,467.0,8.2,11.9,83.0,3.0,0.0,84.08687,Karachi,23,3,1,108.90626,108.90624,95.53436024983723,6.586112944354159,-0.22789681
2026-01-09 00:00:00+00:00,26.1,24.7,511.0,8.0,11.9,84.0,2.0,0.0,83.1383,Karachi,0,4,1,107.18751,110.42708,94.53230985005696,6.565510410858285,-0.22436579
2026-01-09 01:00:00+00:00,26.9,25.5,779.0,15.0,13.0,76.0,2.0,0.0,81.95922,Karachi,1,4,1,105.63543,112.07292,93.54580116271973,6.603302327152626,-0.22413132
2026-01-09 02:00:00+00:00,29.6,28.2,1159.0,24.4,14.5,65.0,2.0,0.0,80.82447,Karachi,2,4,1,104.187515,113.625015,92.572340965271,6.6878410684938245,-0.22424035
2026-01-09 03:00:00+00:00,34.3,32.9,1402.0,29.7,16.0,63.0,2.0,0.25,79.78723,Karachi,3,4,1,102.83334,114.98959,91.61208629608154,6.803984552571508,-0.22411127
2026-01-09 04:00:00+00:00,36.4,35.2,1389.0,27.0,17.4,76.0,2.0,1.1,78.92731,Karachi,4,4,1,101.583336,116.16667,90.6680850982666,6.930892467966454,-0.22302899
2026-01-09 05:00:00+00:00,33.1,31.5,1240.0,20.2,18.7,98.0,2.0,2.55,78.200356,Karachi,5,4,1,100.39584,117.25,89.7432730992635,7.056127656497446,-0.22107975
2026-01-09 06:00:00+00:00,27.0,25.4,1063.0,14.2,19.7,117.0,3.0,4.1,77.393616,Karachi,6,4,1,99.30851,118.375,88.83015251159668,7.181361458954716,-0.22067489
2026-01-09 07:00:00+00:00,24.1,22.4,860.0,10.5,20.1,130.0,4.0,5.2,76.64894,Karachi,7,4,1,98.35107,119.32292,87.92589728037517,7.295814025500422,-0.22065979
2026-01-09 08:00:00+00:00,24.0,21.7,629.0,7.7,20.1,140.0,5.0,5.2,76.23227,Karachi,8,4,1,97.916664,119.71876,87.02238082885742,7.347280061156129,-0.22145766
2026-01-09 09:00:00+00:00,25.0,21.8,476.0,6.3,20.1,146.0,6.0,4.2,76.15249,Karachi,9,4,1,97.739365,119.92709,86.12292766571045,7.299441574978911,-0.22086163
2026-01-09 10:00:00+00:00,25.1,21.6,420.0,5.2,20.2,149.0,6.0,2.6,76.28547,Karachi,10,4,1,97.54433,120.15625,85.23714192708333,7.141364286877074,-0.21794048
2026-01-09 11:00:00+00:00,24.8,21.3,443.0,5.5,20.3,148.0,6.0,1.15,76.48936,Karachi,11,4,1,97.28723,120.37499,84.37056382497151,6.872361249960446,-0.21377805
2026-01-09 12:00:00+00:00,11.3,10.6,593.0,11.5,21.2,136.0,1.0,0.25,80.10203,Karachi,12,4,1,97.03013,120.52082,83.66522630055745,6.366661904903577,-0.17446232
2026-01-09 13:00:00+00:00,20.7,20.3,1019.0,34.5,20.8,103.0,1.0,0.0,92.85713,Karachi,13,4,1,95.62056,120.17708,83.55008347829182,6.162769605702674,-0.028899932
2026-01-09 14:00:00+00:00,33.5,33.2,1573.0,65.4,20.2,58.0,0.0,0.0,93.92006,Karachi,14,4,1,94.21098,119.56251,83.53796164194743,6.141136622644474,-0.0030880058
2026-01-09 15:00:00+00:00,25.4,25.3,1860.0,82.2,19.0,29.0,0.0,0.0,81.37754,Karachi,15,4,1,92.98758,118.81249,83.05421002705891,5.812907776430039,-0.1248558
2026-01-09 16:00:00+00:00,18.2,18.0,1626.0,71.4,16.6,34.0,0.0,0.0,77.78368,Karachi,16,4,1,91.8351,117.96875,82.4687344233195,5.593533980893487,-0.15300702
2026-01-09 17:00:00+00:00,14.8,14.6,1124.0,46.5,13.5,55.0,0.0,0.0,77.3227,Karachi,17,4,1,90.68262,117.02082,81.91207122802734,5.402061346712488,-0.1473261
2026-01-09 18:00:00+00:00,13.8,13.4,721.0,26.4,11.3,72.0,0.0,0.0,76.50709,Karachi,18,4,1,89.52126,115.958336,81.36981391906738,5.256255693618846,-0.14537524
2026-01-09 19:00:00+00:00,14.2,13.8,566.0,18.5,10.7,76.0,1.0,0.0,75.47872,Karachi,19,4,1,88.36878,114.77083,80.83272806803386,5.167816352811072,-0.14586668
2026-01-09 20:00:00+00:00,15.3,14.7,511.0,15.3,10.9,77.0,1.0,0.0,74.414894,Karachi,20,4,1,87.25177,113.46876,80.29785823822021,5.138786569149657,-0.14712453
2026-01-09 21:00:00+00:00,16.5,15.5,472.0,13.1,11.4,77.0,2.0,0.0,73.43085,Karachi,21,4,1,86.16134,112.07292,79.76742108662923,5.164202203719832,-0.14775178
2026-01-09 22:00:00+00:00,17.6,16.4,400.0,10.0,12.1,80.0,2.0,0.0,72.55319,Karachi,22,4,1,85.09752,110.55209,79.24474080403645,5.235601893657497,-0.1474112
2026-01-09 23:00:00+00:00,18.6,17.4,345.0,7.9,13.1,84.0,2.0,0.0,71.76418,Karachi,23,4,1,84.08687,108.90626,78.73129558563232,5.343222636812905,-0.14654708
2026-01-10 00:00:00+00:00,21.0,19.7,377.0,8.8,14.1,82.0,2.0,0.0,71.0461,Karachi,0,5,1,83.1383,107.18751,78.2274538675944,5.478014166086664,-0.14544682
2026-01-10 01:00:00+00:00,22.7,21.4,583.0,15.1,15.3,75.0,2.0,0.0,70.60284,Karachi,1,5,1,81.95922,105.63543,77.75427118937175,5.630019540554516,-0.1385614
2026-01-10 02:00:00+00:00,26.1,24.8,877.0,23.5,17.1,67.0,2.0,0.0,70.23936,Karachi,2,5,1,80.82447,104.187515,77.31322479248047,5.791346790367782,-0.13096422
2026-01-10 03:00:00+00:00,31.4,30.3,1066.0,28.2,19.1,66.0,2.0,0.25,69.93794,Karachi,3,5,1,79.78723,102.83334,76.9028377532959,5.955067645518528,-0.12344442
2026-01-10 04:00:00+00:00,33.9,32.7,1058.0,25.7,21.7,80.0,3.0,1.1,69.70744,Karachi,4,5,1,78.92731,101.583336,76.5186767578125,6.114055151645313,-0.11681463
2026-01-10 05:00:00+00:00,32.7,31.2,946.0,19.6,24.4,102.0,3.0,2.6,69.48582,Karachi,5,5,1,78.200356,100.39584,76.15557098388672,6.266707038239756,-0.1114386
2026-01-10 06:00:00+00:00,32.6,30.4,820.0,14.1,26.1,121.0,4.0,4.2,69.45922,Karachi,6,5,1,77.393616,99.30851,75.82497119903564,6.406289144953365,-0.10252002
2026-01-10 07:00:00+00:00,30.9,28.0,688.0,10.6,25.7,133.0,5.0,5.25,69.90248,Karachi,7,5,1,76.64894,98.35107,75.54386870066325,6.515643216847723,-0.08801766
2026-01-10 08:00:00+00:00,28.7,25.7,542.0,7.7,24.1,142.0,5.0,5.2,70.39894,Karachi,8,5,1,76.23227,97.916664,75.30081335703532,6.597138753432327,-0.07652046
2026-01-10 09:00:00+00:00,28.2,25.1,449.0,6.4,23.0,147.0,6.0,4.1,70.75355,Karachi,9,5,1,76.15249,97.739365,75.07585748036702,6.658597791611346,-0.07089645
2026-01-10 10:00:00+00:00,28.5,25.1,368.0,4.3,22.9,152.0,6.0,2.5,71.046104,Karachi,10,5,1,76.28547,97.54433,74.85755062103271,6.702955950468396,-0.06868103
2026-01-10 11:00:00+00:00,28.9,25.6,340.0,3.7,23.2,153.0,6.0,1.1,71.35638,Karachi,11,5,1,76.48936,97.28723,74.64367643992107,6.730459122787256,-0.06710712
2026-01-10 12:00:00+00:00,26.0,24.6,556.0,12.1,25.8,143.0,2.0,0.25,85.62925,Karachi,12,5,1,80.10203,97.03013,74.87397734324138,7.013946146028154,0.06900227
2026-01-10 13:00:00+00:00,35.3,34.1,1315.0,39.1,28.3,106.0,2.0,0.0,99.02212,Karachi,13,5,1,92.85713,95.62056,75.13085174560547,7.773003264010539,0.06639216
2026-01-10 14:00:00+00:00,55.6,54.7,2317.0,75.4,31.5,55.0,1.0,0.0,99.87244,Karachi,14,5,1,93.92006,94.21098,75.37886746724446,8.462926185574874,0.06337706
2026-01-10 15:00:00+00:00,58.4,57.7,2856.0,97.0,32.3,21.0,1.0,0.0,85.84183,Karachi,15,5,1,81.37754,92.98758,75.56487941741943,8.647555049807984,0.054858953
2026-01-10 16:00:00+00:00,46.9,46.3,2486.0,90.2,28.5,21.0,1.0,0.0,78.9805,Karachi,16,5,1,77.78368,91.8351,75.61474672953288,8.664340904237264,0.015386459
2026-01-10 17:00:00+00:00,40.2,39.6,1653.0,68.6,22.4,37.0,2.0,0.0,81.48936,Karachi,17,5,1,77.3227,90.68262,75.78835741678874,8.741453066944972,0.05388659
2026-01-10 18:00:00+00:00,37.6,36.7,990.0,48.5,17.3,53.0,2.0,0.0,83.70567,Karachi,18,5,1,76.50709,89.52126,76.08829847971599,8.88943487338866,0.09409044
2026-01-10 19:00:00+00:00,37.1,35.9,755.0,34.6,14.6,62.0,2.0,0.0,85.77127,Karachi,19,5,1,75.47872,88.36878,76.51715469360352,9.10442211926335,0.13636358
2026-01-10 20:00:00+00:00,37.3,35.6,690.0,22.3,13.0,70.0,3.0,0.0,87.7305,Karachi,20,5,1,74.414894,87.25177,77.07197157541911,9.372516304747863,0.17893736
2026-01-10 21:00:00+00:00,37.4,35.5,648.0,13.3,12.1,76.0,3.0,0.0,89.58333,Karachi,21,5,1,73.43085,86.16134,77.74499162038167,9.674751403560947,0.2199686
2026-01-10 22:00:00+00:00,38.0,35.9,556.0,8.6,11.9,79.0,3.0,0.0,91.356384,Karachi,22,5,1,72.55319,85.09752,78.528457959493,9.992175849288545,0.25916424
2026-01-10 23:00:00+00:00,38.6,36.6,488.0,7.3,12.5,79.0,4.0,0.0,93.08511,Karachi,23,5,1,71.76418,84.08687,79.41683006286621,10.307452316589968,0.2970971
2026-01-11 00:00:00+00:00,39.9,37.8,516.0,10.2,13.2,70.0,3.0,0.0,94.78723,Karachi,0,6,1,71.0461,83.1383,80.40604400634766,10.604136163610958,0.33416522
2026-01-11 01:00:00+00:00,41.1,39.0,735.0,16.3,14.1,63.0,3.0,0.0,96.39184,Karachi,1,6,1,70.60284,81.95922,81.48058573404948,10.870839664690976,0.36526862
2026-01-11 02:00:00+00:00,43.8,41.6,1050.0,24.5,15.3,55.0,4.0,0.0,97.95213,Karachi,2,6,1,70.23936,80.82447,82.63528474171956,11.094407721411075,0.3945477
2026-01-11 03:00:00+00:00,48.3,46.1,1253.0,29.1,16.8,55.0,4.0,0.2,99.44149,Karachi,3,6,1,69.93794,79.78723,83.86459922790527,11.259647466163669,0.42185324
2026-01-11 04:00:00+00:00,50.4,48.4,1249.0,26.9,18.9,71.0,5.0,1.05,100.98958,Karachi,4,6,1,69.70744,78.92731,85.16802151997884,11.359727134241696,0.4487632
2026-01-11 05:00:00+00:00,46.7,44.0,1134.0,21.2,21.3,96.0,5.0,2.45,102.625,Karachi,5,6,1,69.48582,78.200356,86.5488208134969,11.38468500279925,0.4769201
2026-01-11 06:00:00+00:00,44.4,41.0,985.0,15.9,22.5,116.0,6.0,4.0,103.958336,Karachi,6,6,1,69.45922,77.393616,87.98628393809001,11.310825506186609,0.49668157
2026-01-11 07:00:00+00:00,39.6,36.1,790.0,11.9,21.7,128.0,6.0,5.0,105.0625,Karachi,7,6,1,69.90248,76.64894,89.45128472646077,11.142483462219577,0.5029867
2026-01-11 08:00:00+00:00,33.8,30.3,562.0,8.2,19.7,136.0,6.0,5.05,105.90625,Karachi,8,6,1,70.39894,76.23227,90.93075593312581,10.856385835093546,0.5043728
2026-01-11 09:00:00+00:00,29.7,26.6,418.0,6.2,17.8,140.0,6.0,4.1,106.38541,Karachi,9,6,1,70.75355,76.15249,92.4154167175293,10.404077117509608,0.50360525
2026-01-11 10:00:00+00:00,27.1,24.2,416.0,5.7,16.1,140.0,5.0,2.55,106.54166,Karachi,10,6,1,71.046104,76.28547,93.89439805348714,9.735718099429633,0.49961293
2026-01-11 11:00:00+00:00,25.3,22.7,499.0,6.9,14.4,136.0,5.0,1.1,106.447914,Karachi,11,6,1,71.35638,76.48936,95.35654544830322,8.793169571766567,0.49177858
2026-01-11 12:00:00+00:00,24.9,22.7,612.0,11.3,13.2,127.0,4.0,0.25,106.145836,Karachi,12,6,1,85.62925,80.10203,96.21140321095784,8.803669826538455,0.23959787
2026-01-11 13:00:00+00:00,31.9,30.5,775.0,22.6,12.8,107.0,3.0,0.0,105.947914,Karachi,13,6,1,99.02212,92.85713,96.49997806549072,9.010879352227523,0.069941916
2026-01-11 14:00:00+00:00,37.5,36.4,967.0,37.0,12.8,82.0,3.0,0.0,105.572914,Karachi,14,6,1,99.87244,93.92006,96.7374979654948,9.177234332616676,0.057077587
2026-01-11 15:00:00+00:00,36.6,35.6,1073.0,45.3,12.9,65.0,2.0,0.0,103.666664,Karachi,15,6,1,85.84183,81.37754,97.48019949595134,8.976192334010495,0.20764746
2026-01-11 16:00:00+00:00,36.6,35.4,1020.0,41.7,13.0,63.0,2.0,0.0,101.364586,Karachi,16,6,1,78.9805,77.78368,98.41286977132161,8.089524196215088,0.2834128
2026-01-11 17:00:00+00:00,38.1,36.8,880.0,31.9,13.2,70.0,2.0,0.0,100.22917,Karachi,17,6,1,81.48936,77.3227,99.19369538625081,7.245359475552881,0.2299664
2026-01-11 18:00:00+00:00,40.3,38.9,757.0,23.5,13.1,75.0,2.0,0.0,99.94681,Karachi,18,6,1,83.70567,76.50709,99.87040932973225,6.450777256259901,0.1940267
2026-01-11 19:00:00+00:00,42.1,40.5,690.0,19.4,12.6,76.0,2.0,0.0,100.16668,Karachi,19,6,1,85.77127,75.47872,100.47021802266438,5.709472304486527,0.16783485
2026-01-11 20:00:00+00:00,43.1,41.3,640.0,16.6,11.9,76.0,3.0,0.0,100.64584,Karachi,20,6,1,87.7305,74.414894,101.0083573659261,5.024011290948644,0.14721613
2026-01-11 21:00:00+00:00,43.3,41.4,594.0,14.4,11.3,76.0,3.0,0.0,101.239586,Karachi,21,6,1,89.58333,73.43085,101.49403476715088,4.395634458484891,0.13011637
2026-01-11 22:00:00+00:00,43.2,41.3,504.0,11.3,10.8,78.0,3.0,0.0,101.85417,Karachi,22,6,1,91.356384,72.55319,101.93144257863362,3.8287401701398713,0.114910275
2026-01-11 23:00:00+00:00,42.5,40.6,418.0,8.6,10.5,80.0,3.0,0.0,102.41668,Karachi,23,6,1,93.08511,71.76418,102.32025782267253,3.3330521439042817,0.10024767
2026-01-12 00:00:00+00:00,42.5,40.4,466.0,9.2,10.2,79.0,4.0,0.0,102.83334,Karachi,0,0,1,94.78723,71.0461,102.65551249186198,2.921671019340303,0.08488603
2026-01-12 01:00:00+00:00,43.5,41.3,769.0,18.6,11.2,67.0,4.0,0.0,103.10417,Karachi,1,0,1,96.39184,70.60284,102.93519306182861,2.5995157086406455,0.06963591
2026-01-12 02:00:00+00:00,46.9,44.6,1205.0,31.3,12.6,51.0,4.0,0.0,103.34375,Karachi,2,0,1,97.95213,70.23936,103.15984376271565,2.373283238771441,0.055043384
2026-01-12 03:00:00+00:00,54.4,52.2,1540.0,39.2,14.1,46.0,4.0,0.2,103.65626,Karachi,3,0,1,99.44149,69.93794,103.3354590733846,2.2382736188778267,0.042384397
2026-01-12 04:00:00+00:00,59.4,57.4,1700.0,37.8,15.1,60.0,5.0,1.05,104.29166,Karachi,4,0,1,100.98958,69.70744,103.47304566701253,2.1887441028298342,0.03269722
2026-01-12 05:00:00+00:00,57.4,54.5,1758.0,31.6,16.1,85.0,6.0,2.45,105.229164,Karachi,5,0,1,102.625,69.48582,103.58155250549316,2.209328229207029,0.025375534
2026-01-12 06:00:00+00:00,58.2,54.1,1698.0,25.5,18.7,109.0,7.0,3.95,106.32291,Karachi,6,0,1,103.958336,69.45922,103.68007628122966,2.278501678904429,0.022745369
2026-01-12 07:00:00+00:00,54.4,50.2,1441.0,20.5,24.1,130.0,7.0,4.9,107.6875,Karachi,7,0,1,105.0625,69.90248,103.78945128122966,2.4071212092298855,0.024985127
2026-01-12 08:00:00+00:00,49.8,46.1,1065.0,15.6,31.0,150.0,6.0,4.85,109.15625,Karachi,8,0,1,105.90625,70.39894,103.92486794789632,2.6139170620853345,0.030687518
2026-01-12 09:00:00+00:00,48.1,44.5,790.0,12.8,36.7,165.0,6.0,3.85,110.80208,Karachi,9,0,1,106.38541,70.75355,104.10889593760173,2.9309288905176047,0.041515768
2026-01-12 10:00:00+00:00,47.5,43.9,683.0,9.6,40.1,177.0,6.0,2.35,112.666664,Karachi,10,0,1,106.54166,71.046104,104.36410458882649,3.3836681483144515,0.05748932
2026-01-12 11:00:00+00:00,47.3,43.7,678.0,8.6,42.3,183.0,6.0,1.05,114.71875,Karachi,11,0,1,106.447914,71.35638,104.70872275034587,3.9746915238922598,0.07769843
2026-01-12 12:00:00+00:00,28.5,27.4,794.0,17.2,38.6,168.0,2.0,0.25,116.90625,Karachi,12,0,1,106.145836,85.62925,105.15707333882649,4.68692868377635,0.101373866
2026-01-12 13:00:00+00:00,43.8,42.6,1070.0,50.5,38.5,124.0,2.0,0.0,117.39583,Karachi,13,0,1,105.947914,99.02212,105.63406976064046,5.31179569113245,0.10805228
2026-01-12 14:00:00+00:00,59.8,58.7,1468.0,96.0,38.3,64.0,2.0,0.0,123.044205,Karachi,14,0,1,105.572914,99.87244,106.36204020182292,6.390684339661967,0.16549027
2026-01-12 15:00:00+00:00,68.5,67.1,1891.0,126.7,38.8,20.0,2.0,0.0,120.979164,Karachi,15,0,1,103.666664,85.84183,107.08339436848958,7.019371584347933,0.1670016
2026-01-12 16:00:00+00:00,78.7,77.1,2433.0,128.8,41.3,8.0,2.0,0.0,124.260414,Karachi,16,0,1,101.364586,78.9805,108.03738721211751,7.728403462723382,0.225876
2026-01-12 17:00:00+00:00,80.6,79.2,3000.0,116.2,44.4,12.0,1.0,0.0,128.60416,Karachi,17,0,1,100.22917,81.48936,109.2196782430013,8.602894715007162,0.28310105
2026-01-12 18:00:00+00:00,72.4,71.5,3219.0,103.8,44.3,16.0,1.0,0.0,133.02083,Karachi,18,0,1,99.94681,83.70567,110.59776242574056,9.639491178232563,0.33091623
2026-01-12 19:00:00+00:00,63.1,62.9,2811.0,97.8,37.9,15.0,1.0,0.0,136.41666,Karachi,19,0,1,100.16668,85.77127,112.10817813873291,10.71409156704473,0.36189657
2026-01-12 20:00:00+00:00,54.1,53.9,2054.0,92.0,28.3,15.0,0.0,0.0,138.75,Karachi,20,0,1,100.64584,87.7305,113.69585132598877,11.717907228430132,0.37859643
2026-01-12 21:00:00+00:00,47.5,47.4,1410.0,82.7,20.8,18.0,0.0,0.0,140.0625,Karachi,21,0,1,101.239586,89.58333,115.31347274780273,12.57214983091151,0.38347563
2026-01-12 22:00:00+00:00,43.5,43.3,1010.0,65.5,17.7,29.0,0.0,0.0,140.68752,Karachi,22,0,1,101.85417,91.356384,116.93152872721355,13.245525262368544,0.38126415
2026-01-12 23:00:00+00:00,41.1,41.0,723.0,44.9,16.6,43.0,0.0,0.0,140.89586,Karachi,23,0,1,102.41668,93.08511,118.53482786814372,13.732103349672304,0.37571204
2026-01-13 00:00:00+00:00,39.0,38.8,620.0,32.8,16.4,51.0,0.0,0.0,140.9375,Karachi,0,1,1,102.83334,94.78723,120.12250105539958,14.037173311417106,0.37054282
2026-01-13 01:00:00+00:00,36.8,36.6,820.0,34.8,17.0,49.0,0.0,0.0,140.77084,Karachi,1,1,1,103.10417,96.39184,121.69194571177165,14.156863679037656,0.36532634
2026-01-13 02:00:00+00:00,36.8,36.6,1203.0,37.2,17.8,46.0,1.0,0.0,140.28127,Karachi,2,1,1,103.34375,97.95213,123.23100884755452,14.083051021180667,0.35742378
2026-01-13 03:00:00+00:00,39.6,39.2,1481.0,37.1,19.0,51.0,1.0,0.25,139.44792,Karachi,3,1,1,103.65626,99.44149,124.72232818603516,13.812540108244598,0.34529188
2026-01-13 04:00:00+00:00,39.8,39.6,1549.0,32.3,20.7,69.0,1.0,1.05,138.09375,Karachi,4,1,1,104.29166,100.98958,126.1307487487793,13.354463656233865,0.3241112
2026-01-13 05:00:00+00:00,32.1,31.7,1512.0,25.1,22.7,94.0,1.0,2.45,136.23958,Karachi,5,1,1,105.229164,102.625,127.42284933725993,12.729805335428264,0.2946941
2026-01-13 06:00:00+00:00,28.3,27.5,1393.0,18.6,24.4,116.0,1.0,4.05,133.86458,Karachi,6,1,1,106.32291,103.958336,128.570418993632,11.963322582261679,0.259038
2026-01-13 07:00:00+00:00,26.8,25.3,1135.0,13.7,25.4,131.0,3.0,5.1,131.09373,Karachi,7,1,1,107.6875,105.0625,129.54567877451578,11.110568143945983,0.21735331
2026-01-13 08:00:00+00:00,27.4,24.6,796.0,9.7,26.0,143.0,5.0,5.15,128.5,Karachi,8,1,1,109.15625,105.90625,130.35166835784912,10.234218902279776,0.17721157
2026-01-13 09:00:00+00:00,28.8,25.0,571.0,7.5,26.6,150.0,7.0,4.15,126.260414,Karachi,9,1,1,110.80208,106.38541,130.99576568603516,9.403046812623735,0.13951305
2026-01-13 10:00:00+00:00,30.2,25.7,498.0,4.4,26.7,154.0,8.0,2.55,124.22917,Karachi,10,1,1,112.666664,106.54166,131.47753683725992,8.69247050999608,0.10262581
2026-01-13 11:00:00+00:00,31.3,26.7,541.0,3.2,26.8,153.0,8.0,1.1,122.33332,Karachi,11,1,1,114.71875,106.447914,131.79481061299643,8.177917914268432,0.06637599
2026-01-13 12:00:00+00:00,31.4,27.4,781.0,13.2,28.7,138.0,7.0,0.25,120.562485,Karachi,12,1,1,116.90625,106.145836,131.94715372721353,7.9184450539454305,0.03127493
2026-01-13 13:00:00+00:00,42.4,38.9,1379.0,38.7,31.0,105.0,6.0,0.0,120.562485,Karachi,13,1,1,117.39583,105.947914,132.07909774780273,7.688479668128653,0.026974183
2026-01-13 14:00:00+00:00,59.6,56.6,2176.0,73.4,34.1,58.0,6.0,0.0,120.17708,Karachi,14,1,1,123.044205,105.572914,131.95963414510092,7.855429608640988,-0.023301598
2026-01-13 15:00:00+00:00,65.7,63.1,2776.0,96.7,36.6,24.0,5.0,0.0,119.95833,Karachi,15,1,1,120.979164,103.666664,131.91709931691489,7.919969285239627,-0.008438113
2026-01-13 16:00:00+00:00,70.8,68.7,3022.0,97.6,38.4,13.0,4.0,0.0,119.54167,Karachi,16,1,1,124.260414,101.364586,131.720485051473,8.172846391494318,-0.037974622
2026-01-13 17:00:00+00:00,75.2,73.3,3071.0,87.0,39.6,15.0,4.0,0.0,118.666664,Karachi,17,1,1,128.60416,100.22917,131.3064228693644,8.57922316986467,-0.07727194
2026-01-13 18:00:00+00:00,75.9,74.5,3002.0,76.8,38.5,16.0,3.0,0.0,118.052086,Karachi,18,1,1,133.02083,99.94681,130.6827252705892,8.983736293535012,-0.112529315
2026-01-13 19:00:00+00:00,72.2,71.2,2813.0,70.9,33.6,14.0,3.0,0.0,118.36459,Karachi,19,1,1,136.41666,100.16668,129.9305559794108,9.234983356510345,-0.13233034
2026-01-13 20:00:00+00:00,68.0,67.1,2505.0,65.3,26.4,12.0,2.0,0.0,119.229164,Karachi,20,1,1,138.75,100.64584,129.11718781789145,9.283956880175591,-0.14069071
2026-01-13 21:00:00+00:00,64.7,63.6,2160.0,59.8,20.6,11.0,2.0,0.0,120.60417,Karachi,21,1,1,140.0625,101.239586,128.30642414093018,9.134997563407136,-0.13892604
2026-01-13 22:00:00+00:00,62.2,61.0,1678.0,53.4,17.1,11.0,2.0,0.0,122.29167,Karachi,22,1,1,140.68752,101.85417,127.53993066151936,8.817210655363272,-0.13075677
2026-01-13 23:00:00+00:00,59.6,58.6,1159.0,46.9,15.0,11.0,2.0,0.0,124.135414,Karachi,23,1,1,140.89586,102.41668,126.84157880147298,8.365558053880218,-0.11895626
2026-01-14 00:00:00+00:00,56.0,54.7,985.0,46.0,15.8,13.0,2.0,0.0,125.96874,Karachi,0,2,1,140.9375,102.83334,126.21788056691487,7.808383947394411,-0.10620848
2026-01-14 01:00:00+00:00,55.4,54.1,1527.0,47.3,17.5,9.0,2.0,0.0,127.625,Karachi,1,2,1,140.77084,103.10417,125.67013708750407,7.178835080935771,-0.093384705
2026-01-14 02:00:00+00:00,59.0,57.6,2413.0,48.7,19.9,5.0,1.0,0.0,129.4479,Karachi,2,2,1,140.28127,103.34375,125.21874713897705,6.5315850920576395,-0.07722598
2026-01-14 03:00:00+00:00,70.5,69.2,2917.0,47.4,22.4,13.0,2.0,0.2,131.6354,Karachi,3,2,1,139.44792,103.65626,124.89322566986084,5.961389732128358,-0.056024607
2026-01-14 04:00:00+00:00,71.2,69.8,2647.0,41.4,25.2,42.0,4.0,1.05,134.7604,Karachi,4,2,1,138.09375,104.29166,124.7543363571167,5.672290781859446,-0.024138264
2026-01-14 05:00:00+00:00,51.3,48.1,1993.0,32.6,28.1,83.0,8.0,2.55,137.90623,Karachi,5,2,1,136.23958,105.229164,124.82378037770589,5.82710388551024,0.012233277
2026-01-14 06:00:00+00:00,40.2,32.2,1402.0,24.6,29.6,115.0,12.0,4.15,139.61456,Karachi,6,2,1,133.86458,106.32291,125.06336307525635,6.3129330335898715,0.042953745
2026-01-14 07:00:00+00:00,37.8,26.3,1001.0,17.9,28.5,130.0,17.0,5.25,140.10416,Karachi,7,2,1,131.09373,107.6875,125.43879731496175,6.925375844741412,0.068732664
2026-01-14 08:00:00+00:00,38.0,24.2,663.0,11.9,26.0,136.0,22.0,5.3,140.20831,Karachi,8,2,1,128.5,109.15625,125.92664368947347,7.535870385937367,0.09111527
2026-01-14 09:00:00+00:00,37.5,23.0,443.0,8.3,23.9,137.0,25.0,4.3,140.16666,Karachi,9,2,1,126.260414,110.80208,126.50607045491536,8.077784322319843,0.11013937
2026-01-14 10:00:00+00:00,36.6,21.9,358.0,6.8,23.0,134.0,26.0,2.7,139.95831,Karachi,10,2,1,124.22917,112.666664,127.16145133972168,8.511459724623425,0.12661391
2026-01-14 11:00:00+00:00,35.2,21.1,392.0,7.8,22.6,127.0,25.0,1.2,139.56248,Karachi,11,2,1,122.33332,114.71875,127.87933317820232,8.807951081757563,0.14083786
2026-01-14 12:00:00+00:00,32.5,19.6,557.0,12.9,20.8,106.0,22.0,0.3,138.97916,Karachi,12,2,1,120.562485,116.90625,128.64669450124106,8.943974451967835,0.15275624
2026-01-14 13:00:00+00:00,32.5,22.2,962.0,28.4,20.0,82.0,19.0,0.0,138.16664,Karachi,13,2,1,120.562485,117.39583,129.38020102183023,8.973971520917859,0.14601687
2026-01-14 14:00:00+00:00,37.4,28.5,1498.0,49.7,19.0,49.0,16.0,0.0,136.42706,Karachi,14,2,1,120.17708,123.044205,130.0572837193807,8.861735042114692,0.13521701
2026-01-14 15:00:00+00:00,39.3,30.7,1849.0,64.8,18.1,24.0,13.0,0.0,133.49998,Karachi,15,2,1,119.95833,120.979164,130.62151940663657,8.618535651465152,0.11288634
2026-01-14 16:00:00+00:00,40.3,31.9,1866.0,68.7,17.7,16.0,12.0,0.0,130.12497,Karachi,16,2,1,119.54167,124.260414,131.0624901453654,8.291528466159754,0.08853229
2026-01-14 17:00:00+00:00,40.4,32.2,1698.0,66.4,17.6,17.0,12.0,0.0,126.29166,Karachi,17,2,1,118.666664,128.60416,131.38019816080728,7.934292792759768,0.06425556
2026-01-14 18:00:00+00:00,40.9,31.7,1482.0,61.4,16.9,21.0,12.0,0.0,122.01041,Karachi,18,2,1,118.052086,133.02083,131.5451281865438,7.6823360964698955,0.03353029
2026-01-14 19:00:00+00:00,40.0,30.2,1225.0,53.4,15.3,28.0,12.0,0.0,117.55209,Karachi,19,2,1,118.36459,136.41666,131.5112740198771,7.7444837037770045,-0.006864384
2026-01-14 20:00:00+00:00,37.8,28.1,919.0,42.6,13.3,37.0,11.0,0.0,113.281265,Karachi,20,2,1,119.229164,138.75,131.2634449005127,8.234288263272544,-0.049886275
2026-01-14 21:00:00+00:00,35.6,26.1,674.0,33.5,11.5,45.0,11.0,0.0,109.21875,Karachi,21,2,1,120.60417,140.0625,130.78905232747397,9.151925155903038,-0.094403215
2026-01-14 22:00:00+00:00,36.1,26.4,442.0,26.7,10.0,50.0,11.0,0.0,105.312515,Karachi,22,2,1,122.29167,140.68752,130.08158747355142,10.407489341976921,-0.13884148
2026-01-14 23:00:00+00:00,38.0,27.8,271.0,21.7,8.7,53.0,10.0,0.0,101.70834,Karachi,23,2,1,124.135414,140.89586,129.14712619781494,11.868831959670612,-0.18066618
2026-01-15 00:00:00+00:00,41.4,31.9,419.0,18.9,7.9,53.0,9.0,0.0,98.72341,Karachi,0,3,1,125.96874,140.9375,128.01190408070883,13.391369291419904,-0.21628644
2026-01-15 01:00:00+00:00,45.5,36.2,1247.0,25.3,9.9,39.0,8.0,0.0,96.70213,Karachi,1,3,1,127.625,140.77084,126.72345129648845,14.839534666613286,-0.24229474
2026-01-15 02:00:00+00:00,52.6,45.8,2394.0,34.1,12.7,20.0,8.0,0.0,95.11526,Karachi,2,3,1,129.4479,140.28127,125.29292424519856,16.161431060523075,-0.26522368
2026-01-15 03:00:00+00:00,68.0,62.4,3028.0,40.7,15.6,13.0,7.0,0.15,94.06915,Karachi,3,3,1,131.6354,139.44792,123.72766367594402,17.299545715126893,-0.28538108
2026-01-15 04:00:00+00:00,72.6,67.8,2656.0,44.3,18.5,29.0,7.0,0.8,93.466324,Karachi,4,3,1,134.7604,138.09375,122.00707689921062,18.185380781789082,-0.30642593
2026-01-15 05:00:00+00:00,69.4,64.7,1772.0,45.6,21.4,57.0,7.0,2.15,93.28902,Karachi,5,3,1,137.90623,136.23958,120.1480261484782,18.76083315293417,-0.323533
2026-01-15 06:00:00+00:00,47.7,41.2,1030.0,42.9,23.9,82.0,7.0,4.25,94.76064,Karachi,6,3,1,139.61456,133.86458,118.27911281585693,18.970261476120204,-0.32126963
2026-01-15 07:00:00+00:00,34.7,26.0,666.0,32.6,26.0,102.0,7.0,5.3,95.55851,Karachi,7,3,1,140.10416,131.09373,116.42304420471191,18.921166388989015,-0.31794664
2026-01-15 08:00:00+00:00,28.3,21.1,444.0,18.2,27.5,120.0,8.0,5.3,95.53191,Karachi,8,3,1,140.20831,128.5,114.5615275700887,18.67546265403889,-0.318643
2026-01-15 09:00:00+00:00,24.9,18.7,309.0,8.0,27.9,130.0,8.0,4.35,95.257095,Karachi,9,3,1,140.16666,126.260414,112.69029585520427,18.24325855757255,-0.32040116
2026-01-15 10:00:00+00:00,23.5,17.3,218.0,3.9,26.2,130.0,8.0,2.75,94.875885,Karachi,10,3,1,139.95831,124.22917,110.81186135609944,17.62397476727836,-0.32211325
2026-01-15 11:00:00+00:00,22.6,16.0,215.0,3.9,23.2,121.0,8.0,1.25,94.46808,Karachi,11,3,1,139.56248,122.33332,108.93292776743571,16.81057468267804,-0.32311267
2026-01-15 12:00:00+00:00,17.1,12.3,377.0,10.0,18.5,104.0,4.0,0.3,94.01595,Karachi,12,3,1,138.97916,120.562485,107.05946095784505,15.79102371746964,-0.3235248
2026-01-15 13:00:00+00:00,19.8,15.5,807.0,28.3,18.6,78.0,4.0,0.0,93.36879,Karachi,13,3,1,138.16664,120.562485,105.19288380940755,14.553285988486607,-0.32423058
2026-01-15 14:00:00+00:00,29.5,25.4,1403.0,53.4,18.8,43.0,4.0,0.0,92.774826,Karachi,14,3,1,136.42706,120.17708,103.3740406036377,13.139046844213944,-0.31996757
2026-01-15 15:00:00+00:00,36.3,32.0,1938.0,72.3,20.1,16.0,4.0,0.0,92.5,Karachi,15,3,1,133.49998,119.95833,101.66570790608723,11.630591838373315,-0.30711603
2026-01-15 16:00:00+00:00,44.7,39.3,2381.0,78.6,23.5,7.0,5.0,0.0,92.61525,Karachi,16,3,1,130.12497,119.54167,100.10280291239421,10.05329802419208,-0.2882592
2026-01-15 17:00:00+00:00,53.1,46.8,2762.0,78.5,27.8,6.0,6.0,0.0,93.27127,Karachi,17,3,1,126.29166,118.666664,98.72695350646973,8.444100406124502,-0.26146135
2026-01-15 18:00:00+00:00,59.3,52.3,2953.0,77.6,30.7,6.0,7.0,0.0,94.5656,Karachi,18,3,1,122.01041,118.052086,97.58341979980469,6.864460347264144,-0.22493826
2026-01-15 19:00:00+00:00,62.9,55.3,2863.0,77.5,30.8,5.0,8.0,0.0,96.39184,Karachi,19,3,1,117.55209,118.36459,96.70174249013265,5.388369863642275,-0.18000747
2026-01-15 20:00:00+00:00,63.6,55.5,2583.0,76.7,29.3,5.0,8.0,0.0,98.61702,Karachi,20,3,1,113.281265,119.229164,96.09073225657146,4.105255869552712,-0.12944987
2026-01-15 21:00:00+00:00,63.6,55.1,2247.0,75.6,27.7,6.0,9.0,0.0,101.229164,Karachi,21,3,1,109.21875,120.60417,95.75783284505208,3.2236948562070853,-0.07315215
2026-01-15 22:00:00+00:00,61.7,53.0,1795.0,74.6,26.0,8.0,10.0,0.0,104.25,Karachi,22,3,1,105.312515,122.29167,95.71356137593587,3.0913533264453257,-0.010089165
2026-01-15 23:00:00+00:00,58.8,49.4,1287.0,73.4,24.2,12.0,11.0,0.0,107.02083,Karachi,23,3,1,101.70834,124.135414,95.93491490681966,3.6744691305407855,0.052232537
2026-01-16 00:00:00+00:00,59.8,48.9,1046.0,56.2,16.4,26.0,11.0,0.0,109.270836,Karachi,0,4,1,98.72341,125.96874,96.37439092000325,4.5491297425532435,0.10683813
2026-01-16 01:00:00+00:00,66.1,54.7,1353.0,57.1,18.3,19.0,11.0,0.0,111.041664,Karachi,1,4,1,96.70213,127.625,96.9718713760376,5.447094444013502,0.14828557
2026-01-16 02:00:00+00:00,73.6,63.3,1927.0,58.1,20.9,11.0,11.0,0.0,112.96876,Karachi,2,4,1,95.11526,129.4479,97.71576722462972,6.330057628419544,0.18770385
2026-01-16 03:00:00+00:00,85.4,76.8,2240.0,56.6,23.7,13.0,12.0,0.15,114.791664,Karachi,3,4,1,94.06915,131.6354,98.57920519510905,7.168764782329782,0.22029018
2026-01-16 04:00:00+00:00,81.5,74.0,2019.0,51.2,27.0,33.0,14.0,0.85,116.291664,Karachi,4,4,1,93.466324,134.7604,99.53026103973389,7.934182536447139,0.24420924
2026-01-16 05:00:00+00:00,74.5,66.6,1538.0,43.3,30.5,62.0,17.0,2.3,116.93749,Karachi,5,4,1,93.28902,137.90623,100.51561419169109,8.568484417693059,0.2534969
2026-01-16 06:00:00+00:00,53.9,37.8,1092.0,34.7,31.7,87.0,19.0,3.8,117.13541,Karachi,6,4,1,94.76064,139.61456,101.44789600372314,9.114902984877599,0.23611873
2026-01-16 07:00:00+00:00,38.5,24.6,757.0,24.6,28.9,103.0,18.0,4.55,116.78125,Karachi,7,4,1,95.55851,140.10416,102.33217684427898,9.53832888120568,0.22209157
2026-01-16 08:00:00+00:00,32.9,21.7,456.0,13.8,23.9,114.0,16.0,4.7,116.63541,Karachi,8,4,1,95.53191,140.20831,103.21148904164632,9.851761599821085,0.22090515
2026-01-16 09:00:00+00:00,28.5,19.5,259.0,6.6,20.1,119.0,14.0,3.9,116.69791,Karachi,9,4,1,95.257095,140.16666,104.10485617319743,10.068833343723732,0.22508362
2026-01-16 10:00:00+00:00,25.8,18.0,182.0,3.7,19.0,118.0,13.0,2.55,116.78125,Karachi,10,4,1,94.875885,139.95831,105.0175797144572,10.188006209765277,0.23088443
2026-01-16 11:00:00+00:00,24.0,16.6,208.0,4.4,19.1,110.0,12.0,1.2,116.854164,Karachi,11,4,1,94.46808,139.56248,105.95033327738444,10.204917566002374,0.23696984
2026-01-16 12:00:00+00:00,22.7,14.9,352.0,9.8,17.2,94.0,11.0,0.3,116.91666,Karachi,12,4,1,94.01595,138.97916,106.90452925364177,10.110706621575547,0.24358317
2026-01-16 13:00:00+00:00,24.2,17.1,729.0,23.5,16.9,75.0,10.0,0.0,117.187485,Karachi,13,4,1,93.36879,138.16664,107.89697488149007,9.890907332303286,0.25510338
2026-01-16 14:00:00+00:00,29.9,23.1,1225.0,42.4,16.4,48.0,9.0,0.0,117.35416,Karachi,14,4,1,92.774826,136.42706,108.92111365000407,9.522689961230794,0.26493534
2026-01-16 15:00:00+00:00,34.3,27.1,1508.0,56.1,16.0,28.0,9.0,0.0,117.11457,Karachi,15,4,1,92.5,133.49998,109.9467207590739,8.987702320901628,0.26610348
2026-01-16 16:00:00+00:00,37.8,29.7,1386.0,60.4,15.9,22.0,11.0,0.0,116.60415,Karachi,16,4,1,92.61525,130.12497,110.94625822703044,8.282710891104959,0.25901672
2026-01-16 17:00:00+00:00,41.3,31.7,1051.0,59.5,15.8,22.0,13.0,0.0,115.60415,Karachi,17,4,1,93.27127,126.29166,111.87679481506348,7.420257513339368,0.23944005
2026-01-16 18:00:00+00:00,44.4,32.9,754.0,55.7,15.2,26.0,16.0,0.0,114.03124,Karachi,18,4,1,94.5656,122.01041,112.68786334991455,6.445629516639057,0.20584278
2026-01-16 19:00:00+00:00,46.2,33.1,577.0,48.5,13.5,32.0,18.0,0.0,112.01041,Karachi,19,4,1,96.39184,117.55209,113.33863703409831,5.438572269445,0.16203207
2026-01-16 20:00:00+00:00,44.7,31.2,437.0,38.4,11.3,42.0,20.0,0.0,109.6979,Karachi,20,4,1,98.61702,113.281265,113.80034033457439,4.52869330034282,0.11236275
2026-01-16 21:00:00+00:00,44.1,29.5,333.0,29.5,9.5,50.0,22.0,0.0,107.16666,Karachi,21,4,1,101.229164,109.21875,114.04773585001628,3.9354068911639803,0.05865397
2026-01-16 22:00:00+00:00,45.5,28.4,252.0,21.7,8.5,58.0,23.0,0.0,104.49999,Karachi,22,4,1,104.25,105.312515,114.0581521987915,3.9085858886820124,0.0023980082
2026-01-16 23:00:00+00:00,44.4,26.8,207.0,15.1,8.0,65.0,24.0,0.0,101.9375,Karachi,23,4,1,107.02083,101.70834,113.84634685516357,4.41184970164666,-0.047498494
2026-01-17 00:00:00+00:00,42.4,25.9,239.0,14.9,8.4,64.0,24.0,0.0,99.645386,Karachi,0,5,1,109.270836,98.72341,113.44528643290202,5.2109968081261115,-0.088088006
2026-01-17 01:00:00+00:00,41.6,25.3,427.0,25.7,9.4,51.0,22.0,0.0,97.60639,Karachi,1,5,1,111.041664,96.70213,112.88548342386882,6.122394003483998,-0.12099307
2026-01-17 02:00:00+00:00,45.6,28.9,691.0,40.1,10.9,35.0,19.0,0.0,95.00001,Karachi,2,5,1,112.96876,95.11526,112.13678550720215,7.127885947310557,-0.15905946
2026-01-17 03:00:00+00:00,53.8,37.6,836.0,46.9,12.7,30.0,24.0,0.2,91.950356,Karachi,3,5,1,114.791664,94.06915,111.1850643157959,8.20196279034988,-0.19898055
2026-01-17 04:00:00+00:00,54.1,41.6,740.0,38.7,15.4,49.0,43.0,0.95,88.47518,Karachi,4,5,1,116.291664,93.466324,110.02604420979817,9.335956677365395,-0.23919584
2026-01-17 05:00:00+00:00,55.4,33.3,525.0,23.0,18.5,80.0,68.0,2.35,85.602844,Karachi,5,5,1,116.93749,93.28902,108.72043387095134,10.451743652077969,-0.26796067
2026-01-17 06:00:00+00:00,80.6,30.7,352.0,10.6,20.2,105.0,87.0,3.8,82.65071,Karachi,6,5,1,117.13541,94.76064,107.28357156117757,11.556599220623317,-0.29440027
2026-01-17 07:00:00+00:00,82.2,29.9,284.0,6.0,19.4,116.0,93.0,4.75,82.02127,Karachi,7,5,1,116.78125,95.55851,105.83523909250896,12.457577766257025,-0.29765034
2026-01-17 08:00:00+00:00,80.1,29.6,258.0,4.7,17.2,121.0,92.0,4.85,82.491135,Karachi,8,5,1,116.63541,95.53191,104.41256109873454,13.103477633153927,-0.29274362
2026-01-17 09:00:00+00:00,80.3,29.4,253.0,4.6,15.5,122.0,90.0,3.9,83.19149,Karachi,9,5,1,116.69791,95.257095,103.01646041870117,13.516096215775418,-0.28712097
2026-01-17 10:00:00+00:00,79.9,28.8,233.0,4.3,15.1,119.0,89.0,2.5,84.069145,Karachi,10,5,1,116.78125,94.875885,101.65345605214436,13.715583471279606,-0.28011435
2026-01-17 11:00:00+00:00,77.1,27.6,234.0,5.1,15.2,113.0,87.0,1.15,85.026596,Karachi,11,5,1,116.854164,94.46808,100.3273073832194,13.720627360849585,-0.27236998
2026-01-17 12:00:00+00:00,73.1,26.6,336.0,9.6,17.7,104.0,83.0,0.3,86.00176,Karachi,12,5,1,116.91666,94.01595,99.03918679555257,13.545529942761455,-0.2644182
2026-01-17 13:00:00+00:00,59.0,24.9,636.0,18.6,17.1,89.0,67.0,0.0,87.03901,Karachi,13,5,1,117.187485,93.36879,97.78300031026204,13.18240462951606,-0.25726703
2026-01-17 14:00:00+00:00,48.5,26.0,1037.0,31.0,16.4,68.0,45.0,0.0,87.73049,Karachi,14,5,1,117.35416,92.774826,96.54868094126384,12.646190223164519,-0.2524296
2026-01-17 15:00:00+00:00,44.1,26.8,1333.0,40.9,15.8,52.0,28.0,0.0,87.98759,Karachi,15,5,1,117.11457,92.5,95.33505662282307,11.96605383490123,-0.24870504
2026-01-17 16:00:00+00:00,41.1,27.4,1417.0,45.9,15.7,44.0,20.0,0.0,87.96099,Karachi,16,5,1,116.60415,92.61525,94.1415917078654,11.153291923991558,-0.24564442
2026-01-17 17:00:00+00:00,39.3,27.8,1396.0,48.3,15.7,40.0,16.0,0.0,87.75709,Karachi,17,5,1,115.60415,93.27127,92.98129749298096,10.234035127342489,-0.24088289
2026-01-17 18:00:00+00:00,38.2,28.2,1381.0,48.8,15.5,38.0,14.0,0.0,87.41135,Karachi,18,5,1,114.03124,94.5656,91.87213516235352,9.248535287867597,-0.23344389
2026-01-17 19:00:00+00:00,37.6,28.1,1443.0,47.1,14.6,38.0,13.0,0.0,86.994675,Karachi,19,5,1,112.01041,96.39184,90.82981300354004,8.23428545841179,-0.223334
2026-01-17 20:00:00+00:00,38.1,28.1,1512.0,43.5,13.3,39.0,14.0,0.0,86.551414,Karachi,20,5,1,109.6979,98.61702,89.86537615458171,7.221514409902815,-0.21100208
2026-01-17 21:00:00+00:00,38.9,28.1,1488.0,39.8,12.4,40.0,15.0,0.0,86.27659,Karachi,21,5,1,107.16666,101.229164,88.99495665232341,6.237398397885952,-0.19493067
2026-01-17 22:00:00+00:00,39.1,27.9,1252.0,35.9,12.1,39.0,15.0,0.0,86.15247,Karachi,22,5,1,104.49999,104.25,88.23047669728597,5.3098164198721856,-0.17557436
2026-01-17 23:00:00+00:00,38.8,27.6,922.0,31.9,12.2,36.0,15.0,0.0,86.10815,Karachi,23,5,1,101.9375,107.02083,87.57092030843098,4.446038321068819,-0.15528488
2026-01-18 00:00:00+00:00,47.0,33.9,754.0,35.8,13.1,23.0,18.0,0.0,86.17907,Karachi,0,6,1,99.645386,109.270836,87.0098237991333,3.6309989964945673,-0.1351424
2026-01-18 01:00:00+00:00,49.1,35.6,925.0,37.9,13.0,15.0,19.0,0.0,86.88829,Karachi,1,6,1,97.60639,111.041664,86.56323623657227,2.845106242918971,-0.10980942
2026-01-18 02:00:00+00:00,56.0,42.5,1258.0,40.4,13.2,5.0,21.0,0.0,87.80141,Karachi,2,6,1,95.00001,112.96876,86.26329453786214,2.229947101012909,-0.07577474
2026-01-18 03:00:00+00:00,72.4,56.2,1473.0,39.9,16.0,7.0,26.0,0.2,89.00709,Karachi,3,6,1,91.950356,114.791664,86.14065837860107,1.9692865719525792,-0.032009315
2026-01-18 04:00:00+00:00,70.8,56.2,1449.0,33.6,24.5,33.0,37.0,1.05,90.65602,Karachi,4,6,1,88.47518,116.291664,86.23152669270833,2.1257877694648153,0.024649167
2026-01-18 05:00:00+00:00,68.7,44.0,1309.0,24.2,35.6,72.0,51.0,2.4,91.950356,Karachi,5,6,1,85.602844,116.93749,86.49600632985432,2.418833422510692,0.074150704
2026-01-18 06:00:00+00:00,69.6,33.5,1138.0,16.4,42.7,104.0,62.0,3.9,92.89894,Karachi,6,6,1,82.65071,117.13541,86.92301591237386,2.607702242574553,0.123994455
2026-01-18 07:00:00+00:00,77.1,32.8,937.0,11.8,42.0,122.0,67.0,4.85,93.14716,Karachi,7,6,1,82.02127,116.78125,87.38659477233887,2.6861782312421627,0.13564643
2026-01-18 08:00:00+00:00,72.4,31.3,707.0,8.9,37.3,133.0,69.0,4.85,93.40426,Karachi,8,6,1,82.491135,116.63541,87.84130827585857,2.744497538508804,0.1322945
2026-01-18 09:00:00+00:00,67.5,29.5,535.0,7.4,33.3,139.0,67.0,3.75,93.55498,Karachi,9,6,1,83.19149,116.69791,88.27312024434407,2.7958996672536816,0.12457389
2026-01-18 10:00:00+00:00,61.0,27.9,446.0,7.0,32.4,143.0,62.0,2.25,93.56383,Karachi,10,6,1,84.069145,116.78125,88.66873200734456,2.8464641154704173,0.11293896
2026-01-18 11:00:00+00:00,55.5,26.7,415.0,8.0,32.2,143.0,53.0,1.0,93.48405,Karachi,11,6,1,85.026596,116.854164,89.02112579345703,2.8989952055013486,0.0994683
2026-01-18 12:00:00+00:00,61.7,30.2,462.0,11.4,31.2,134.0,52.0,0.25,93.40426,Karachi,12,6,1,86.00176,116.91666,89.32956314086914,2.9569966862773573,0.08607378
2026-01-18 13:00:00+00:00,48.4,28.5,605.0,19.5,27.7,112.0,43.0,0.0,93.72341,Karachi,13,6,1,87.03901,117.187485,89.60807991027832,3.0453501560014464,0.076797776
2026-01-18 14:00:00+00:00,43.0,27.8,825.0,30.7,22.9,82.0,32.0,0.0,94.04255,Karachi,14,6,1,87.73049,117.35416,89.8710823059082,3.147011815917009,0.071948275
2026-01-18 15:00:00+00:00,44.1,27.5,1083.0,39.8,19.1,58.0,26.0,0.0,94.20213,Karachi,15,6,1,87.98759,117.11457,90.13002173105876,3.23960527305057,0.070629805
2026-01-18 16:00:00+00:00,49.5,29.5,1427.0,44.7,17.4,45.0,30.0,0.0,94.26418,Karachi,16,6,1,87.96099,116.60415,90.39265473683675,3.31083295854297,0.07165895
2026-01-18 17:00:00+00:00,56.2,32.4,1809.0,47.4,16.8,38.0,39.0,0.0,94.45036,Karachi,17,6,1,87.75709,115.60415,90.67154121398926,3.3607016754981722,0.07627048
2026-01-18 18:00:00+00:00,63.8,35.3,2047.0,49.2,16.3,33.0,49.0,0.0,94.858154,Karachi,18,6,1,87.41135,114.03124,90.98182487487793,3.390251360414796,0.08519269
2026-01-18 19:00:00+00:00,74.0,38.8,2052.0,50.4,15.7,29.0,61.0,0.0,95.487595,Karachi,19,6,1,86.994675,112.01041,91.33569653828938,3.399211475679241,0.09762575
2026-01-18 20:00:00+00:00,84.5,41.8,1914.0,50.6,15.3,27.0,74.0,0.0,96.43617,Karachi,20,6,1,86.551414,109.6979,91.74756145477295,3.393158104680015,0.114206776
2026-01-18 21:00:00+00:00,90.6,43.1,1717.0,49.5,14.9,25.0,82.0,0.0,97.6507,Karachi,21,6,1,86.27659,107.16666,92.22148291269939,3.39011418642583,0.13183315
2026-01-18 22:00:00+00:00,92.2,43.4,1402.0,46.0,14.5,24.0,82.0,0.0,98.98049,Karachi,22,6,1,86.15247,104.49999,92.75598367055257,3.4028814144391393,0.14889902
2026-01-18 23:00:00+00:00,88.5,42.0,1028.0,41.3,14.1,23.0,78.0,0.0,100.41667,Karachi,23,6,1,86.10815,101.9375,93.35217221577962,3.440757439980264,0.16616924
2026-01-19 00:00:00+00:00,104.5,44.0,858.0,36.8,16.2,30.0,104.0,0.0,101.91667,Karachi,0,0,1,86.17907,99.645386,94.00790564219157,3.513144563700254,0.18261513
2026-01-19 01:00:00+00:00,95.0,44.0,1109.0,40.7,16.3,21.0,91.0,0.0,102.96874,Karachi,1,0,1,86.88829,97.60639,94.6779244740804,3.6278135515760717,0.18507041
2026-01-19 02:00:00+00:00,89.9,47.3,1565.0,45.6,16.7,9.0,73.0,0.0,103.84375,Karachi,2,0,1,87.80141,95.00001,95.34635543823242,3.780420847187553,0.18271169
2026-01-19 03:00:00+00:00,97.3,58.4,1840.0,46.4,18.5,9.0,67.0,0.2,104.34375,Karachi,3,0,1,89.00709,91.950356,95.98538303375244,3.9544835538859497,0.17230833
2026-01-19 04:00:00+00:00,95.2,57.6,1739.0,39.3,23.4,29.0,85.0,0.95,104.572914,Karachi,4,0,1,90.65602,88.47518,96.5652535756429,4.154338850737358,0.15351316
2026-01-19 05:00:00+00:00,109.4,47.6,1456.0,28.0,29.6,60.0,115.0,2.3,104.71874,Karachi,5,0,1,91.950356,85.602844,97.09726969401042,4.350588803459976,0.13886175
2026-01-19 06:00:00+00:00,114.6,40.0,1189.0,18.4,33.2,88.0,133.0,3.8,105.09374,Karachi,6,0,1,92.89894,82.65071,97.60538641611735,4.546649778769927,0.13126954
2026-01-19 07:00:00+00:00,105.5,39.6,998.0,12.4,31.5,109.0,126.0,4.8,105.77083,Karachi,7,0,1,93.14716,82.02127,98.13137245178223,4.734771346432634,0.13552389
2026-01-19 08:00:00+00:00,95.0,39.1,824.0,8.2,27.2,127.0,107.0,4.8,106.47916,Karachi,8,0,1,93.40426,82.491135,98.67615985870361,4.915955512321095,0.13998182
2026-01-19 09:00:00+00:00,89.6,38.1,683.0,5.8,23.9,138.0,92.0,3.9,107.29165,Karachi,9,0,1,93.55498,83.19149,99.24852116902669,5.0903575928133655,0.14682993
2026-01-19 10:00:00+00:00,86.1,37.1,549.0,4.7,23.5,142.0,87.0,2.5,108.187485,Karachi,10,0,1,93.56383,84.069145,99.85784022013347,5.252944865907606,0.15629606
2026-01-19 11:00:00+00:00,85.0,37.0,449.0,5.6,24.2,139.0,87.0,1.1,109.14582,Karachi,11,0,1,93.48405,85.026596,100.51041412353516,5.397542753437154,0.16753419
2026-01-19 12:00:00+00:00,75.9,34.2,481.0,9.9,25.0,129.0,73.0,0.3,110.21874,Karachi,12,0,1,93.40426,86.00176,101.21101760864258,5.524820145947962,0.18001838
2026-01-19 13:00:00+00:00,70.5,35.5,773.0,20.8,23.0,103.0,69.0,0.0,110.6354,Karachi,13,0,1,93.72341,87.03901,101.91568374633789,5.606211922592884,0.1804457
2026-01-19 14:00:00+00:00,70.3,37.4,1198.0,35.7,20.2,67.0,63.0,0.0,111.36457,Karachi,14,0,1,94.04255,87.73049,102.63743464152019,5.663284147617726,0.18419345
2026-01-19 15:00:00+00:00,70.1,37.0,1467.0,46.4,17.9,40.0,58.0,0.0,112.36456,Karachi,15,0,1,94.20213,87.98759,103.39420255025227,5.70046557909601,0.19280274
2026-01-19 16:00:00+00:00,69.4,36.9,1414.0,49.2,16.8,31.0,56.0,0.0,113.35416,Karachi,16,0,1,94.26418,87.96099,104.18961811065674,5.702978033192226,0.20251566
2026-01-19 17:00:00+00:00,68.2,36.9,1206.0,47.8,16.2,30.0,54.0,0.0,114.12499,Karachi,17,0,1,94.45036,87.75709,105.00939432779948,5.656011906733008,0.20830655
2026-01-19 18:00:00+00:00,66.1,36.0,1057.0,44.8,15.3,32.0,53.0,0.0,114.59374,Karachi,18,0,1,94.858154,87.41135,105.83171049753825,5.549633696871102,0.20805368
2026-01-19 19:00:00+00:00,63.8,34.5,1080.0,40.2,13.7,35.0,51.0,0.0,114.666664,Karachi,19,0,1,95.487595,86.994675,106.63083839416504,5.37341737419541,0.20085405
2026-01-19 20:00:00+00:00,61.2,33.1,1162.0,34.0,11.8,39.0,48.0,0.0,114.21875,Karachi,20,0,1,96.43617,86.551414,107.37177912394206,5.126921620497353,0.18439738
2026-01-19 21:00:00+00:00,57.6,31.0,1180.0,28.4,10.4,43.0,46.0,0.0,113.31251,Karachi,21,0,1,97.6507,86.27659,108.0243542989095,4.823560474058018,0.16038598
2026-01-19 22:00:00+00:00,54.9,29.0,1011.0,23.2,9.7,45.0,45.0,0.0,112.052086,Karachi,22,0,1,98.98049,86.15247,108.56900405883789,4.484013385978451,0.13206233
2026-01-19 23:00:00+00:00,53.6,27.6,779.0,18.6,9.5,46.0,45.0,0.0,110.55209,Karachi,23,0,1,100.41667,86.10815,108.99131329854329,4.147490013741355,0.100933656
2026-01-20 00:00:00+00:00,58.0,28.6,731.0,19.6,10.4,43.0,50.0,0.0,109.0521,Karachi,0,1,1,101.91667,86.17907,109.28862285614014,3.864387005403281,0.07001238
2026-01-20 01:00:00+00:00,56.3,29.2,1099.0,27.5,11.8,31.0,45.0,0.0,107.44792,Karachi,1,1,1,102.96874,86.88829,109.47525533040364,3.647998439897097,0.04350038
2026-01-20 02:00:00+00:00,57.6,33.3,1652.0,38.0,14.0,14.0,38.0,0.0,105.90625,Karachi,2,1,1,103.84375,87.80141,109.56119283040364,3.5320164881603584,0.019861571
2026-01-20 03:00:00+00:00,66.1,44.7,1943.0,42.7,16.9,11.0,37.0,0.2,104.447914,Karachi,3,1,1,104.34375,89.00709,109.5655330022176,3.525384272770434,0.0009982785
2026-01-20 04:00:00+00:00,68.7,45.2,1705.0,36.0,21.5,31.0,49.0,1.0,103.020836,Karachi,4,1,1,104.572914,90.65602,109.50086307525635,3.6335282448404,-0.014842068
2026-01-20 05:00:00+00:00,74.7,38.3,1205.0,23.5,26.7,64.0,67.0,2.45,101.729164,Karachi,5,1,1,104.71874,91.950356,109.37629731496175,3.8494288662438687,-0.028548645
2026-01-20 06:00:00+00:00,74.3,29.3,796.0,13.4,30.0,92.0,79.0,4.0,100.760414,Karachi,6,1,1,105.09374,92.89894,109.19574197133382,4.149002606496405,-0.04123298
2026-01-20 07:00:00+00:00,76.4,31.9,614.0,8.9,29.6,110.0,78.0,5.05,99.69857,Karachi,7,1,1,105.77083,93.14716,108.94273122151692,4.534203398565289,-0.057409573
2026-01-20 08:00:00+00:00,75.9,33.8,522.0,6.8,27.1,124.0,72.0,5.1,99.01595,Karachi,8,1,1,106.47916,93.40426,108.63176441192627,4.947585823944332,-0.07009075
2026-01-20 09:00:00+00:00,71.5,33.2,463.0,6.0,24.9,131.0,65.0,4.2,98.5461,Karachi,9,1,1,107.29165,93.55498,108.26736640930176,5.355800780142359,-0.08151195
2026-01-20 10:00:00+00:00,66.4,31.7,372.0,4.9,23.7,132.0,61.0,2.7,98.1117,Karachi,10,1,1,108.187485,93.56383,107.84754212697347,5.74322635756028,-0.09313261
2026-01-20 11:00:00+00:00,62.4,30.3,314.0,5.1,22.8,127.0,57.0,1.2,97.63298,Karachi,11,1,1,109.14582,93.48405,107.3678404490153,6.0998073504646095,-0.105481274
2026-01-20 12:00:00+00:00,52.4,25.3,430.0,9.1,20.4,117.0,47.0,0.3,97.03901,Karachi,12,1,1,110.21874,93.40426,106.81868489583333,6.417013171740571,-0.11957797
2026-01-20 13:00:00+00:00,49.7,26.7,841.0,22.2,19.6,94.0,43.0,0.0,96.25,Karachi,13,1,1,110.6354,93.72341,106.21929327646892,6.710156618566457,-0.13002528
2026-01-20 14:00:00+00:00,52.2,31.1,1426.0,40.3,18.4,61.0,38.0,0.0,95.46986,Karachi,14,1,1,111.36457,94.04255,105.55701351165771,6.959986294250212,-0.14272685
2026-01-20 15:00:00+00:00,54.1,33.9,1958.0,54.4,17.6,36.0,34.0,0.0,94.91135,Karachi,15,1,1,112.36456,94.20213,104.82979615529378,7.127557138650263,-0.1553267
2026-01-20 16:00:00+00:00,55.9,36.1,2442.0,61.4,17.7,24.0,32.0,0.0,94.63652,Karachi,16,1,1,113.35416,94.26418,104.04989465077718,7.1781306357646,-0.16512528
2026-01-20 17:00:00+00:00,57.3,38.1,2873.0,64.4,18.2,18.0,32.0,0.0,94.565605,Karachi,17,1,1,114.12499,94.45036,103.23492018381755,7.094368920072945,-0.17138566
2026-01-20 18:00:00+00:00,55.4,37.0,3009.0,63.1,18.0,17.0,31.0,0.0,94.671974,Karachi,18,1,1,114.59374,94.858154,102.40484650929768,6.869454399060867,-0.17384692
2026-01-20 19:00:00+00:00,51.6,33.6,2648.0,55.6,16.2,22.0,30.0,0.0,94.76063,Karachi,19,1,1,114.666664,95.487595,101.57542832692464,6.517293939689717,-0.17359915
2026-01-20 20:00:00+00:00,47.5,30.4,1992.0,43.8,13.7,31.0,28.0,0.0,94.68085,Karachi,20,1,1,114.21875,96.43617,100.76134904225667,6.0745514462509576,-0.17105688
2026-01-20 21:00:00+00:00,44.6,28.0,1401.0,33.9,11.7,38.0,27.0,0.0,94.44148,Karachi,21,1,1,113.31251,97.6507,99.97505633036296,5.580536877977694,-0.16653965
2026-01-20 22:00:00+00:00,42.3,26.3,979.0,27.1,10.7,41.0,26.0,0.0,94.17553,Karachi,22,1,1,112.052086,98.98049,99.23019981384277,5.067970230750649,-0.15953791
2026-01-20 23:00:00+00:00,39.6,24.6,622.0,22.2,10.2,42.0,24.0,0.0,93.93617,Karachi,23,1,1,110.55209,100.41667,98.53786977132161,4.563928319606557,-0.15029947
