date,pm10,pm2_5,carbon_monoxide,nitrogen_dioxide,sulphur_dioxide,ozone,dust,uv_index,us_aqi,city,hour,day_of_week,month,aqi_lag_24,aqi_lag_48,aqi_rolling_24_mean,aqi_rolling_24_std,aqi_change_rate
2025-09-30 00:00:00+00:00,101.0,79.6,1123.0,75.0,18.8,16.0,41.0,0.0,148.54167,Lahore,0,1,9,117.5104,127.97916,140.93154748280844,20.12971671241337,0.26407257
2025-09-30 01:00:00+00:00,106.9,85.4,1435.0,70.3,19.6,29.0,42.0,0.0,150.33333,Lahore,1,1,9,117.687485,125.583336,142.29179096221924,19.586405130191196,0.27739435
2025-09-30 02:00:00+00:00,111.3,94.1,1827.0,63.3,20.7,49.0,43.0,0.4,151.17325,Lahore,2,1,9,117.57291,122.62499,143.6918052037557,18.93265317559843,0.28578302
2025-09-30 03:00:00+00:00,84.8,62.6,1976.0,53.6,21.7,77.0,43.0,1.45,152.19078,Lahore,3,1,9,117.61458,119.15625,145.13248030344644,18.161881891134584,0.29397887
2025-09-30 04:00:00+00:00,78.0,53.8,1647.0,38.9,22.7,121.0,41.0,3.1,152.55043,Lahore,4,1,9,117.854164,116.406265,146.57815806070963,17.25436399275495,0.2944
2025-09-30 05:00:00+00:00,71.0,49.5,1076.0,21.5,23.5,174.0,38.0,4.55,152.88377,Lahore,5,1,9,118.52082,114.31251,148.00994777679443,16.21961620839174,0.28993177
2025-09-30 06:00:00+00:00,63.8,46.9,651.0,8.8,23.4,213.0,34.0,5.3,153.16228,Lahore,6,1,9,119.77083,112.302086,149.40125815073648,15.08438237315309,0.2787945
2025-09-30 07:00:00+00:00,53.7,41.0,546.0,4.3,21.4,227.0,29.0,5.45,153.3158,Lahore,7,1,9,121.593735,110.5625,150.72301069895425,13.883872625344042,0.26088566
2025-09-30 08:00:00+00:00,48.8,38.0,586.0,4.3,18.4,227.0,24.0,4.6,153.2478,Lahore,8,1,9,123.92708,109.07292,151.94470755259195,12.65951383222286,0.2365966
2025-09-30 09:00:00+00:00,46.3,36.6,634.0,5.6,16.1,223.0,20.0,3.35,153.09868,Lahore,9,1,9,126.364586,107.72917,153.0586280822754,11.427018041241691,0.21156317
2025-09-30 10:00:00+00:00,44.8,35.5,597.0,4.1,14.9,220.0,18.0,1.85,152.94737,Lahore,10,1,9,128.66667,120.91834,154.0703239440918,10.180427107475406,0.18871011
2025-09-30 11:00:00+00:00,43.9,34.9,567.0,3.7,14.4,213.0,18.0,0.7,173.78827,Lahore,11,1,9,142.38945,152.74236,155.3786080678304,10.622005825188232,0.22051366
2025-09-30 12:00:00+00:00,58.3,46.2,683.0,13.9,16.7,191.0,24.0,0.1,195.47192,Lahore,12,1,9,168.36736,173.9477,156.50796508789062,13.192845321132113,0.1609847
2025-09-30 13:00:00+00:00,64.5,53.8,1121.0,24.6,17.5,166.0,22.0,0.0,202.7927,Lahore,13,1,9,181.60077,183.19514,157.39096196492514,15.459753894982617,0.11669513
2025-09-30 14:00:00+00:00,68.0,58.6,1705.0,39.1,18.6,131.0,19.0,0.0,202.25562,Lahore,14,1,9,181.44133,178.8903,158.25822385152182,17.337390177087943,0.11471634
2025-09-30 15:00:00+00:00,67.1,58.9,2043.0,48.4,19.0,104.0,16.0,0.0,192.28316,Lahore,15,1,9,166.45409,160.3954,159.3344351450602,18.622314405382337,0.15517235
2025-09-30 16:00:00+00:00,65.4,57.7,1906.0,47.6,18.2,94.0,15.0,0.0,172.6722,Lahore,16,1,9,143.96877,127.29591,160.53041140238443,18.51397483358651,0.19937262
2025-09-30 17:00:00+00:00,63.1,55.6,1524.0,41.6,16.8,93.0,14.0,0.0,151.46683,Lahore,17,1,9,146.76042,108.41668,160.72651163736978,18.38626624518653,0.03206863
2025-09-30 18:00:00+00:00,59.3,52.7,1197.0,35.7,15.4,92.0,13.0,0.0,150.3443,Lahore,18,1,9,148.34373,109.79167,160.8098684946696,18.332141524769476,0.013486006
2025-09-30 19:00:00+00:00,54.9,49.5,1036.0,31.3,14.2,89.0,12.0,0.0,149.72916,Lahore,19,1,9,149.11458,111.270836,160.83547592163086,18.31551625764291,0.004121517
2025-09-30 20:00:00+00:00,51.3,46.7,930.0,27.1,13.1,85.0,11.0,0.0,148.18748,Lahore,20,1,9,149.29169,112.83332,160.78946749369302,18.347134522061594,-0.0073962742
2025-09-30 21:00:00+00:00,50.8,44.7,852.0,24.5,12.2,80.0,12.0,0.0,146.8229,Lahore,21,1,9,149.1146,114.36458,160.69398053487143,18.416370619433255,-0.01536863
2025-09-30 22:00:00+00:00,53.8,44.2,768.0,24.6,11.5,70.0,18.0,0.0,145.59372,Lahore,22,1,9,148.84377,115.70833,160.5585619608561,18.518959053079456,-0.021835282
2025-09-30 23:00:00+00:00,58.1,44.4,711.0,26.4,11.1,57.0,26.0,0.0,144.60414,Lahore,23,1,9,148.55208,116.79166,160.39406458536783,18.647334447188022,-0.026576115
2025-10-01 00:00:00+00:00,43.8,41.0,752.0,15.5,11.1,92.0,5.0,0.0,143.6354,Lahore,0,2,10,148.54167,117.5104,160.18963686625162,18.809111245223622,-0.033029556
2025-10-01 01:00:00+00:00,45.5,43.4,1006.0,20.9,11.9,87.0,6.0,0.0,139.61456,Lahore,1,2,10,150.33333,117.687485,159.7430216471354,19.17698008143032,-0.07129999
2025-10-01 02:00:00+00:00,50.6,48.5,1359.0,28.0,13.1,82.0,9.0,0.35,135.2396,Lahore,2,2,10,151.17325,117.57291,159.07911936442056,19.753700348473835,-0.105399966
2025-10-01 03:00:00+00:00,55.3,48.4,1539.0,30.9,14.6,89.0,13.0,1.25,130.4896,Lahore,3,2,10,152.19078,117.61458,158.17490323384604,20.562829272097563,-0.142592
2025-10-01 04:00:00+00:00,61.0,46.4,1378.0,25.7,16.8,119.0,22.0,2.75,129.01042,Lahore,4,2,10,152.55043,117.854164,157.19406954447427,21.38765617919035,-0.15430969
2025-10-01 05:00:00+00:00,64.3,44.6,1044.0,16.3,19.2,161.0,34.0,4.45,128.2396,Lahore,5,2,10,152.88377,118.52082,156.16722869873047,22.180494397654826,-0.16119553
2025-10-01 06:00:00+00:00,65.0,44.0,775.0,8.9,20.4,193.0,41.0,5.25,127.72918,Lahore,6,2,10,153.16228,119.77083,155.10751628875732,22.92535218619015,-0.16605328
2025-10-01 07:00:00+00:00,62.4,42.7,657.0,5.9,19.2,205.0,41.0,5.5,127.427086,Lahore,7,2,10,153.3158,121.593735,154.0288200378418,23.612101436054907,-0.16885872
2025-10-01 08:00:00+00:00,58.9,41.3,604.0,5.0,16.7,206.0,36.0,4.65,127.60417,Lahore,8,2,10,153.2478,123.92708,152.9603354136149,24.22132810665062,-0.16733441
2025-10-01 09:00:00+00:00,56.1,40.2,590.0,5.2,14.8,204.0,32.0,3.35,127.94793,Lahore,9,2,10,153.09868,126.364586,151.91238753000894,24.753319981972766,-0.16427803
2025-10-01 10:00:00+00:00,53.9,39.0,593.0,3.6,14.0,203.0,30.0,1.9,134.31122,Lahore,10,2,10,152.94737,128.66667,151.13588110605875,25.010412114721053,-0.12184684
2025-10-01 11:00:00+00:00,52.0,37.8,634.0,3.1,13.7,198.0,28.0,0.65,157.5255,Lahore,11,2,10,173.78827,142.38945,150.45826562245688,24.586717019356232,-0.09357808
2025-10-01 12:00:00+00:00,59.1,41.7,757.0,10.1,11.2,146.0,35.0,0.1,174.90433,Lahore,12,2,10,195.47192,168.36736,149.60128243764242,23.272868569928008,-0.105220206
2025-10-01 13:00:00+00:00,60.8,46.4,1064.0,29.9,12.5,117.0,34.0,0.0,179.20917,Lahore,13,2,10,202.7927,181.60077,148.61863549550375,21.347572682015322,-0.116293766
2025-10-01 14:00:00+00:00,68.9,54.1,1453.0,57.4,14.2,78.0,32.0,0.0,172.19388,Lahore,14,2,10,202.25562,181.44133,147.36606311798096,18.7926277599948,-0.14863239
2025-10-01 15:00:00+00:00,77.1,61.5,1655.0,79.7,15.8,45.0,31.0,0.0,153.85841,Lahore,15,2,10,192.28316,166.45409,145.76503213246664,16.266572544037874,-0.19983417
2025-10-01 16:00:00+00:00,85.4,69.8,1501.0,93.3,17.1,26.0,30.0,0.0,127.5521,Lahore,16,2,10,172.6722,143.96877,143.88502820332846,15.615935642209733,-0.26130491
2025-10-01 17:00:00+00:00,93.8,78.5,1160.0,101.7,18.3,14.0,29.0,0.0,128.81252,Lahore,17,2,10,151.46683,146.76042,142.94109853108725,15.821056617915387,-0.14956616
2025-10-01 18:00:00+00:00,90.3,76.6,877.0,102.3,18.7,9.0,27.0,0.0,131.19792,Lahore,18,2,10,150.3443,148.34373,142.14333279927573,15.913973409683189,-0.12735021
2025-10-01 19:00:00+00:00,82.0,70.3,732.0,90.6,17.9,15.0,24.0,0.0,133.68752,Lahore,19,2,10,149.72916,149.11458,141.47493108113608,15.91839039180964,-0.107137725
2025-10-01 20:00:00+00:00,75.2,65.2,645.0,71.1,16.4,28.0,20.0,0.0,135.85417,Lahore,20,2,10,148.18748,149.29169,140.96104303995767,15.891322663714757,-0.08322776
2025-10-01 21:00:00+00:00,70.3,61.7,617.0,55.1,15.0,38.0,17.0,0.0,137.78127,Lahore,21,2,10,146.8229,149.1146,140.5843079884847,15.853443417562517,-0.06158195
2025-10-01 22:00:00+00:00,66.4,58.6,671.0,46.6,13.8,39.0,15.0,0.0,139.55208,Lahore,22,2,10,145.59372,148.84377,140.33257293701172,15.818369577824498,-0.04149658
2025-10-01 23:00:00+00:00,63.1,55.8,785.0,41.6,12.6,36.0,14.0,0.0,141.05206,Lahore,23,2,10,144.60414,148.55208,140.18456967671713,15.793262764697442,-0.024564153
2025-10-02 00:00:00+00:00,76.1,66.6,894.0,61.5,13.4,16.0,18.0,0.0,142.23956,Lahore,0,3,10,143.6354,148.54167,140.12640953063965,15.782568757786292,-0.009717963
2025-10-02 01:00:00+00:00,74.3,66.4,1003.0,59.6,13.5,22.0,18.0,0.0,144.90623,Lahore,1,3,10,139.61456,150.33333,140.34689585367838,15.81204268983798,0.037902005
2025-10-02 02:00:00+00:00,73.3,66.1,1108.0,56.4,13.6,33.0,17.0,0.35,147.30208,Lahore,2,3,10,135.2396,151.17325,140.84949938456217,15.834337124566947,0.08919344
2025-10-02 03:00:00+00:00,69.8,61.0,1127.0,50.2,14.4,56.0,17.0,1.25,149.1354,Lahore,3,3,10,130.4896,152.19078,141.62640825907388,15.761187674904614,0.14289118
2025-10-02 04:00:00+00:00,64.3,53.3,986.0,38.0,16.5,103.0,18.0,2.55,150.0943,Lahore,4,3,10,129.01042,152.55043,142.5049031575521,15.614327080125149,0.16342771
2025-10-02 05:00:00+00:00,58.3,47.5,759.0,22.7,19.3,162.0,20.0,3.95,150.24562,Lahore,5,3,10,128.2396,152.88377,143.4218209584554,15.384644751166785,0.17160088
2025-10-02 06:00:00+00:00,55.2,44.6,590.0,11.1,20.8,207.0,21.0,5.3,150.3092,Lahore,6,3,10,127.72918,153.16228,144.362655321757,15.070473216790305,0.17678048
2025-10-02 07:00:00+00:00,56.5,44.7,544.0,6.3,19.9,225.0,22.0,5.35,150.32237,Lahore,7,3,10,127.427086,153.3158,145.31662559509277,14.671184477488941,0.17967363
2025-10-02 08:00:00+00:00,56.7,44.6,556.0,5.3,17.8,227.0,23.0,4.65,150.36623,Lahore,8,3,10,127.60417,153.2478,146.26504453023276,14.204689248780799,0.17838018
2025-10-02 09:00:00+00:00,55.9,44.0,579.0,5.6,16.0,224.0,24.0,3.2,150.4386,Lahore,9,3,10,127.94793,153.09868,147.20215574900308,13.675762614591262,0.17577986
2025-10-02 10:00:00+00:00,54.9,43.3,556.0,5.1,15.0,219.0,24.0,1.7,150.52193,Lahore,10,3,10,134.31122,152.94737,147.8776019414266,13.409121264099884,0.12069512
2025-10-02 11:00:00+00:00,53.8,42.6,544.0,6.0,14.2,209.0,23.0,0.65,164.38138,Lahore,11,3,10,157.5255,173.78827,148.1632636388143,13.693601394763027,0.043522354
2025-10-02 12:00:00+00:00,61.5,49.6,669.0,14.7,15.1,165.0,24.0,0.1,188.7755,Lahore,12,3,10,174.90433,195.47192,148.741229057312,15.092599003148806,0.07930718
2025-10-02 13:00:00+00:00,66.8,55.2,1048.0,35.6,16.4,131.0,24.0,0.0,198.66072,Lahore,13,3,10,179.20917,202.7927,149.55171044667563,17.17807727261811,0.108541064
2025-10-02 14:00:00+00:00,76.4,65.0,1563.0,64.1,18.2,85.0,23.0,0.0,193.71811,Lahore,14,3,10,172.19388,202.25562,150.4485534032186,18.888327371398546,0.12499998
2025-10-02 15:00:00+00:00,84.5,73.3,1993.0,83.5,19.4,50.0,22.0,0.0,174.26659,Lahore,15,3,10,153.85841,192.28316,151.29889392852783,19.498051851698367,0.13264255
2025-10-02 16:00:00+00:00,90.3,79.4,2289.0,86.6,19.5,37.0,21.0,0.0,151.58553,Lahore,16,3,10,127.5521,172.6722,152.30028661092123,18.83118100230809,0.18842044
2025-10-02 17:00:00+00:00,89.9,79.9,2499.0,80.7,19.1,35.0,19.0,0.0,151.79605,Lahore,17,3,10,128.81252,151.46683,153.25793393452963,18.15713588501726,0.17842627
2025-10-02 18:00:00+00:00,83.8,75.0,2542.0,70.7,18.3,39.0,17.0,0.0,151.82675,Lahore,18,3,10,131.19792,150.3443,154.1174685160319,17.545406154576032,0.15723443
2025-10-02 19:00:00+00:00,75.0,67.3,2326.0,55.3,17.0,49.0,15.0,0.0,151.79167,Lahore,19,3,10,133.68752,149.72916,154.87180836995444,17.009868015351692,0.13542144
2025-10-02 20:00:00+00:00,67.1,60.3,1943.0,35.8,15.4,64.0,13.0,0.0,151.72588,Lahore,20,3,10,135.85417,148.18748,155.5331293741862,16.540397352479655,0.11682898
2025-10-02 21:00:00+00:00,61.9,55.5,1582.0,21.0,14.1,76.0,12.0,0.0,151.61842,Lahore,21,3,10,137.78127,146.8229,156.10967763264975,16.130807115627114,0.10042845
2025-10-02 22:00:00+00:00,58.2,52.0,1285.0,14.7,13.5,82.0,11.0,0.0,151.48245,Lahore,22,3,10,139.55208,145.59372,156.60677655537924,15.77834801308915,0.08549048
2025-10-02 23:00:00+00:00,55.4,49.6,1011.0,13.2,13.2,86.0,10.0,0.0,151.33772,Lahore,23,3,10,141.05206,144.60414,157.03534571329752,15.474242013473727,0.072921015
2025-10-03 00:00:00+00:00,41.2,37.4,828.0,6.9,9.0,119.0,7.0,0.0,151.20177,Lahore,0,4,10,142.23956,143.6354,157.4087708791097,15.207504665579098,0.06300782
2025-10-03 01:00:00+00:00,43.4,39.3,801.0,11.8,9.7,111.0,7.0,0.0,150.5614,Lahore,1,4,10,144.90623,139.61456,157.64440282185873,15.048341059785958,0.039026387
2025-10-03 02:00:00+00:00,46.1,42.0,864.0,18.3,10.6,101.0,7.0,0.25,149.84377,Lahore,2,4,10,147.30208,135.2396,157.75030644734701,14.981185554030068,0.01725493
2025-10-03 03:00:00+00:00,46.2,42.3,893.0,21.9,11.8,101.0,8.0,0.65,147.33334,Lahore,3,4,10,149.1354,130.4896,157.67522048950195,15.030675127296266,-0.012083402
2025-10-03 04:00:00+00:00,49.6,43.7,825.0,19.8,13.4,120.0,11.0,2.0,145.38544,Lahore,4,4,10,150.0943,129.01042,157.4790178934733,15.164076544201148,-0.031372692
2025-10-03 05:00:00+00:00,54.1,46.4,722.0,14.7,15.2,150.0,14.0,3.55,144.38542,Lahore,5,4,10,150.24562,128.2396,157.2348429361979,15.331866945197149,-0.039004125
2025-10-03 06:00:00+00:00,58.2,49.7,644.0,10.5,16.5,177.0,17.0,4.8,144.27084,Lahore,6,4,10,150.3092,127.72918,156.9832445780436,15.499092370242973,-0.040172927
2025-10-03 07:00:00+00:00,61.9,52.6,598.0,8.2,17.0,198.0,18.0,4.85,144.8021,Lahore,7,4,10,150.32237,127.427086,156.75323295593262,15.642537287760938,-0.036722936
2025-10-03 08:00:00+00:00,63.1,53.2,577.0,6.7,17.0,215.0,19.0,3.85,145.625,Lahore,8,4,10,150.36623,127.60417,156.55568186442056,15.756231966983993,-0.031531192
2025-10-03 09:00:00+00:00,62.6,52.7,616.0,6.4,17.1,225.0,19.0,2.85,146.52081,Lahore,9,4,10,150.4386,127.94793,156.39244079589844,15.84242213025634,-0.026042422
2025-10-03 10:00:00+00:00,61.2,51.9,727.0,6.3,17.4,226.0,18.0,1.5,147.42706,Lahore,10,4,10,150.52193,134.31122,156.26348813374838,15.904756973092088,-0.020560885
2025-10-03 11:00:00+00:00,59.8,51.0,900.0,7.4,17.8,219.0,17.0,0.6,162.62755,Lahore,11,4,10,164.38138,157.5255,156.19041188557944,15.869827441212669,-0.010669274
2025-10-03 12:00:00+00:00,38.3,34.0,1136.0,11.9,14.7,165.0,8.0,0.1,181.44133,Lahore,12,4,10,188.7755,174.90433,155.88482157389322,15.274534849293007,-0.03885127
2025-10-03 13:00:00+00:00,42.6,39.1,1458.0,30.2,15.5,132.0,7.0,0.0,188.61606,Lahore,13,4,10,198.66072,179.20917,155.4662939707438,14.147537621717882,-0.050561894
2025-10-03 14:00:00+00:00,50.6,47.3,1844.0,55.4,16.6,87.0,7.0,0.0,185.74617,Lahore,14,4,10,193.71811,172.19388,155.1341298421224,13.277205732082125,-0.041152265
2025-10-03 15:00:00+00:00,54.8,51.7,2230.0,74.1,17.4,52.0,6.0,0.0,171.39667,Lahore,15,4,10,174.26659,153.85841,155.01454989115396,13.109260703840121,-0.016468555
2025-10-03 16:00:00+00:00,57.7,54.8,2684.0,80.4,17.6,37.0,6.0,0.0,147.49149,Lahore,16,4,10,151.58553,127.5521,154.84396489461264,13.182254836231495,-0.027008118
2025-10-03 17:00:00+00:00,60.1,57.0,3139.0,80.2,17.6,32.0,6.0,0.0,139.23958,Lahore,17,4,10,151.79605,128.81252,154.32077852884927,13.552458636849886,-0.08271936
2025-10-03 18:00:00+00:00,59.6,56.7,3327.0,78.0,17.3,30.0,6.0,0.0,136.85417,Lahore,18,4,10,151.82675,131.19792,153.69692103068033,14.009176392628602,-0.09861622
2025-10-03 19:00:00+00:00,58.3,55.2,3032.0,74.7,16.9,28.0,6.0,0.0,134.94792,Lahore,19,4,10,151.79167,133.68752,152.99509811401367,14.521326449995984,-0.110966235
2025-10-03 20:00:00+00:00,57.6,54.4,2470.0,69.4,16.2,29.0,7.0,0.0,133.68748,Lahore,20,4,10,151.72588,135.85417,152.2434984842936,15.047173017572023,-0.118888035
2025-10-03 21:00:00+00:00,60.1,56.5,2023.0,63.7,15.6,31.0,7.0,0.0,133.07292,Lahore,21,4,10,151.61842,137.78127,151.47076924641928,15.548507835445761,-0.12231694
2025-10-03 22:00:00+00:00,62.6,59.1,1829.0,57.1,14.9,33.0,7.0,0.0,133.17708,Lahore,22,4,10,151.48245,139.55208,150.7080453236898,15.99060492236611,-0.12084155
2025-10-03 23:00:00+00:00,62.4,58.7,1749.0,50.2,14.1,36.0,7.0,0.0,133.91666,Lahore,23,4,10,151.33772,141.05206,149.98216756184897,16.352098567008323,-0.11511384
2025-10-04 00:00:00+00:00,67.3,63.3,1752.0,57.2,13.6,20.0,7.0,0.0,134.8646,Lahore,0,5,10,151.20177,142.23956,149.30145200093588,16.636691492744102,-0.10804883
2025-10-04 01:00:00+00:00,73.8,69.8,1926.0,61.7,14.1,21.0,6.0,0.0,137.56248,Lahore,1,5,10,150.5614,144.90623,148.75983047485352,16.80463700865111,-0.086336315
2025-10-04 02:00:00+00:00,79.4,75.7,2182.0,67.2,14.8,26.0,5.0,0.3,140.7396,Lahore,2,5,10,149.84377,147.30208,148.3804899851481,16.881685059464765,-0.06075776
2025-10-04 03:00:00+00:00,67.1,64.0,2220.0,65.4,16.2,43.0,6.0,1.0,144.25,Lahore,3,5,10,147.33334,149.1354,148.25201733907065,16.901721017012676,-0.02092767
2025-10-04 04:00:00+00:00,55.6,50.6,1810.0,49.2,19.2,87.0,9.0,2.2,146.51042,Lahore,4,5,10,145.38544,150.0943,148.29889170328775,16.894983981897717,0.0077379467
2025-10-04 05:00:00+00:00,54.0,46.9,1181.0,25.7,23.0,145.0,14.0,3.8,147.22917,Lahore,5,5,10,144.38542,150.24562,148.4173812866211,16.87630603665411,0.019695548
2025-10-04 06:00:00+00:00,60.1,50.9,727.0,8.2,24.8,187.0,18.0,4.85,147.28125,Lahore,6,5,10,144.27084,150.3092,148.5428148905436,16.855321231486652,0.020866355
2025-10-04 07:00:00+00:00,64.0,53.4,632.0,2.7,23.0,200.0,20.0,5.1,147.40625,Lahore,7,5,10,144.8021,150.32237,148.6513214111328,16.838567083896425,0.017984247
2025-10-04 08:00:00+00:00,65.4,54.5,711.0,3.3,19.4,198.0,21.0,4.05,147.48958,Lahore,8,5,10,145.625,150.36623,148.7290121714274,16.828295295215508,0.012803971
2025-10-04 09:00:00+00:00,65.4,54.1,800.0,4.9,16.6,193.0,22.0,2.75,147.625,Lahore,9,5,10,146.52081,150.4386,148.77501996358237,16.8235044125306,0.007536042
2025-10-04 10:00:00+00:00,64.7,53.3,795.0,5.6,15.8,190.0,22.0,1.45,147.77084,Lahore,10,5,10,147.42706,150.52193,148.7893441518148,16.82245313044467,0.0023318685
2025-10-04 11:00:00+00:00,64.5,53.1,799.0,7.5,15.8,185.0,22.0,0.55,147.91667,Lahore,11,5,10,162.62755,164.38138,148.17639096577963,16.562309176908066,-0.09045747
2025-10-04 12:00:00+00:00,67.3,58.2,958.0,12.3,19.0,167.0,18.0,0.1,158.3227,Lahore,12,5,10,181.44133,188.7755,147.2131144205729,15.156077266820711,-0.1274166
2025-10-04 13:00:00+00:00,67.8,61.2,1423.0,18.1,18.3,146.0,15.0,0.0,171.0778,Lahore,13,5,10,188.61606,198.66072,146.4823538462321,13.39330949460626,-0.09298389
2025-10-04 14:00:00+00:00,67.3,61.7,2043.0,26.4,17.4,117.0,12.0,0.0,171.23724,Lahore,14,5,10,185.74617,193.71811,145.87781524658203,11.773483661034474,-0.078111574
2025-10-04 15:00:00+00:00,66.4,61.5,2506.0,34.9,16.7,91.0,9.0,0.0,160.07652,Lahore,15,5,10,171.39667,174.26659,145.4061425526937,10.901127140331592,-0.06604647
2025-10-04 16:00:00+00:00,67.1,62.4,2729.0,43.9,16.6,73.0,9.0,0.0,151.1535,Lahore,16,5,10,147.49149,151.58553,145.55872662862143,10.95707020719802,0.024828672
2025-10-04 17:00:00+00:00,68.9,64.0,2796.0,53.1,16.7,58.0,9.0,0.0,151.32018,Lahore,17,5,10,139.23958,151.79605,146.06208483378092,10.931608932333997,0.08676123
2025-10-04 18:00:00+00:00,72.4,67.3,2650.0,59.6,16.8,46.0,10.0,0.0,151.4737,Lahore,18,5,10,136.85417,151.82675,146.67123158772787,10.802769598427725,0.10682555
2025-10-04 19:00:00+00:00,75.2,70.1,2147.0,62.8,16.7,37.0,10.0,0.0,151.70613,Lahore,19,5,10,134.94792,151.79167,147.36949030558267,10.550723786540745,0.12418279
2025-10-04 20:00:00+00:00,75.9,71.0,1431.0,63.3,16.5,31.0,9.0,0.0,152.0329,Lahore,20,5,10,133.68748,151.72588,148.133882522583,10.174212434365048,0.1372261
2025-10-04 21:00:00+00:00,75.2,70.8,877.0,60.3,16.1,30.0,9.0,0.0,152.39693,Lahore,21,5,10,133.07292,151.61842,148.9390494028727,9.683283956374714,0.14521365
2025-10-04 22:00:00+00:00,74.5,70.1,644.0,51.0,15.0,37.0,8.0,0.0,152.71054,Lahore,22,5,10,133.17708,151.48245,149.7529436747233,9.104475648784591,0.14667286
2025-10-04 23:00:00+00:00,72.6,68.7,574.0,38.2,13.6,50.0,7.0,0.0,152.95175,Lahore,23,5,10,133.91666,151.33772,150.54607264200845,8.472079625268364,0.14214136
2025-10-05 00:00:00+00:00,59.3,54.6,566.0,31.3,12.6,52.0,9.0,0.0,153.17105,Lahore,0,6,10,134.8646,151.20177,151.30884170532227,7.795955437525691,0.13573954
2025-10-05 01:00:00+00:00,70.1,64.7,633.0,38.3,13.4,48.0,9.0,0.0,152.98026,Lahore,1,6,10,137.56248,150.5614,151.95124880472818,7.228554474286746,0.11207831
2025-10-05 02:00:00+00:00,75.9,71.5,763.0,47.4,14.6,45.0,8.0,0.3,152.86841,Lahore,2,6,10,140.7396,149.84377,152.45661608378092,6.8232545334750965,0.08617912
2025-10-05 03:00:00+00:00,71.7,66.8,813.0,50.2,15.6,54.0,9.0,1.15,152.7763,Lahore,3,6,10,144.25,147.33334,152.81187884012857,6.595555259038682,0.05910784
2025-10-05 04:00:00+00:00,64.0,56.3,691.0,40.7,16.6,86.0,12.0,2.4,152.83772,Lahore,4,6,10,146.51042,145.38544,153.07551638285318,6.457739621431266,0.043186694
2025-10-05 05:00:00+00:00,62.4,52.0,490.0,25.0,17.4,131.0,17.0,3.15,152.96272,Lahore,5,6,10,147.22917,144.38542,153.31441434224448,6.336980719293455,0.038943037
2025-10-05 06:00:00+00:00,62.9,51.9,349.0,12.7,17.6,166.0,21.0,4.35,153.07457,Lahore,6,6,10,147.28125,144.27084,153.55580266316733,6.206162716972517,0.03933508
2025-10-05 07:00:00+00:00,68.2,56.2,299.0,7.6,16.6,184.0,23.0,5.25,153.09648,Lahore,7,6,10,147.40625,144.8021,153.79289563496908,6.068175517943159,0.038602374
2025-10-05 08:00:00+00:00,65.7,53.0,308.0,5.9,14.8,192.0,23.0,4.6,153.15788,Lahore,8,6,10,147.48958,145.625,154.02907498677573,5.920693406654543,0.038431898
2025-10-05 09:00:00+00:00,61.0,49.0,420.0,6.6,13.4,193.0,23.0,2.85,153.125,Lahore,9,6,10,147.625,146.52081,154.25824165344238,5.766472804959114,0.03725656
2025-10-05 10:00:00+00:00,58.3,46.2,739.0,9.5,12.7,185.0,22.0,1.55,153.01315,Lahore,10,6,10,147.77084,147.42706,154.47667121887207,5.607136886521439,0.03547594
2025-10-05 11:00:00+00:00,57.0,45.6,1161.0,14.7,12.4,170.0,21.0,0.55,152.85745,Lahore,11,6,10,147.91667,162.62755,154.68253707885742,5.4441463260022,0.033402458
2025-10-05 12:00:00+00:00,40.3,33.8,1415.0,15.7,12.9,163.0,13.0,0.1,152.693,Lahore,12,6,10,158.3227,181.44133,154.4479662577311,5.40160104908281,-0.035558388
2025-10-05 13:00:00+00:00,51.5,45.1,1351.0,39.7,13.8,127.0,12.0,0.0,158.16327,Lahore,13,6,10,171.0778,188.61606,153.9098606109619,4.177477539841095,-0.07548925
2025-10-05 14:00:00+00:00,64.5,58.4,1119.0,72.1,15.0,77.0,10.0,0.0,157.5255,Lahore,14,6,10,171.23724,185.74617,153.3385378519694,2.150643196188056,-0.080074556
2025-10-05 15:00:00+00:00,63.1,58.3,901.0,91.5,15.4,42.0,9.0,0.0,151.73245,Lahore,15,6,10,160.07652,171.39667,152.99086825052896,1.6239941496050376,-0.05212551
2025-10-05 16:00:00+00:00,56.1,52.3,755.0,86.3,14.3,35.0,8.0,0.0,151.66228,Lahore,16,6,10,151.1535,147.49149,153.01206715901694,1.602140824532651,0.003365941
2025-10-05 17:00:00+00:00,53.3,49.6,624.0,68.1,12.4,44.0,7.0,0.0,151.44078,Lahore,17,6,10,151.32018,139.23958,153.0170923868815,1.5967835449143588,0.0007970217
2025-10-05 18:00:00+00:00,48.3,44.5,517.0,50.8,11.0,55.0,7.0,0.0,151.125,Lahore,18,6,10,151.4737,136.85417,153.0025634765625,1.6129418877114237,-0.0023020094
2025-10-05 19:00:00+00:00,44.4,39.6,438.0,38.0,10.6,68.0,9.0,0.0,150.625,Lahore,19,6,10,151.70613,134.94792,152.9575163523356,1.6649813197952723,-0.0071264817
2025-10-05 20:00:00+00:00,41.9,35.5,384.0,26.0,10.6,84.0,12.0,0.0,149.79167,Lahore,20,6,10,152.0329,133.68748,152.86413192749023,1.7781047739959164,-0.014741719
2025-10-05 21:00:00+00:00,41.6,33.9,356.0,17.6,10.5,94.0,14.0,0.0,146.09375,Lahore,21,6,10,152.39693,133.07292,152.60149955749512,2.252365656015703,-0.041360263
2025-10-05 22:00:00+00:00,37.5,32.5,359.0,14.5,10.0,93.0,13.0,0.0,142.24998,Lahore,22,6,10,152.71054,133.17708,152.16564305623373,3.0875989106915123,-0.06849924
2025-10-05 23:00:00+00:00,34.9,31.1,387.0,14.9,9.4,86.0,10.0,0.0,138.33331,Lahore,23,6,10,152.95175,133.91666,151.5565414428711,4.1758957146482745,-0.09557549
2025-10-06 00:00:00+00:00,31.0,27.1,430.0,11.3,9.5,91.0,7.0,0.0,134.41666,Lahore,0,0,10,153.17105,134.8646,150.77510833740234,5.427747252915143,-0.12244085
2025-10-06 01:00:00+00:00,31.9,27.9,506.0,15.8,10.1,83.0,8.0,0.0,131.55208,Lahore,1,0,10,152.98026,137.56248,149.88226763407388,6.669594833300716,-0.14007153
2025-10-06 02:00:00+00:00,33.5,28.8,595.0,21.9,10.9,72.0,9.0,0.15,127.71875,Lahore,2,0,10,152.86841,140.7396,148.8343652089437,8.01919024732583,-0.16451836
2025-10-06 03:00:00+00:00,35.6,29.3,632.0,24.7,11.4,68.0,12.0,0.9,123.270836,Lahore,3,0,10,152.7763,144.25,147.6049706141154,9.511438763246565,-0.19312857
2025-10-06 04:00:00+00:00,35.0,28.5,565.0,21.1,11.4,77.0,17.0,2.75,119.364586,Lahore,4,0,10,152.83772,146.51042,146.2102565765381,11.04182548309624,-0.21901096
2025-10-06 05:00:00+00:00,34.9,25.3,446.0,14.4,11.2,92.0,23.0,2.75,116.46874,Lahore,5,0,10,152.96272,147.22917,144.68967405954996,12.489428031692036,-0.23858088
2025-10-06 06:00:00+00:00,37.7,23.5,355.0,9.5,10.8,104.0,27.0,2.5,113.68749,Lahore,6,0,10,153.07457,147.28125,143.04854583740234,13.853053719531367,-0.25730646
2025-10-06 07:00:00+00:00,41.9,22.5,321.0,8.1,10.3,110.0,30.0,2.9,110.72915,Lahore,7,0,10,153.09648,147.40625,141.28324031829834,15.155217736193464,-0.27673617
2025-10-06 08:00:00+00:00,44.2,23.1,316.0,8.6,9.7,114.0,31.0,2.1,107.21873,Lahore,8,0,10,153.15788,147.48958,139.3691088358561,16.437106366365228,-0.2999464
2025-10-06 09:00:00+00:00,39.2,23.3,339.0,10.9,9.0,113.0,30.0,0.4,104.104164,Lahore,9,0,10,153.125,147.625,137.32657400767008,17.654128388148767,-0.32013607
2025-10-06 10:00:00+00:00,37.8,24.8,406.0,16.5,8.3,106.0,25.0,0.15,101.42706,Lahore,10,0,10,153.01315,147.77084,135.1771535873413,18.766523922943637,-0.33713502
2025-10-06 11:00:00+00:00,31.9,24.0,501.0,23.9,7.5,94.0,18.0,0.1,99.31736,Lahore,11,0,10,152.85745,147.91667,132.94631640116373,19.730894192855615,-0.35026157
2025-10-06 12:00:00+00:00,40.3,23.9,576.0,25.2,9.8,101.0,31.0,0.05,97.40248,Lahore,12,0,10,152.693,158.3227,130.64254506429037,20.536441162441143,-0.36210248
2025-10-06 13:00:00+00:00,51.8,35.4,620.0,41.3,11.7,79.0,31.0,0.0,96.524826,Lahore,13,0,10,158.16327,171.0778,128.07427660624185,20.797647225547667,-0.389714
2025-10-06 14:00:00+00:00,66.6,51.8,643.0,63.3,14.4,49.0,30.0,0.0,95.66489,Lahore,14,0,10,157.5255,171.23724,125.49675114949544,20.82224547627488,-0.39270222
2025-10-06 15:00:00+00:00,76.6,61.0,631.0,77.8,15.8,27.0,29.0,0.0,95.07978,Lahore,15,0,10,151.73245,160.07652,123.1362231572469,20.929660371212368,-0.37337214
2025-10-06 16:00:00+00:00,82.9,66.8,559.0,78.5,15.0,19.0,27.0,0.0,95.319145,Lahore,16,0,10,151.66228,151.1535,120.78859265645345,20.750009874336715,-0.37150392
2025-10-06 17:00:00+00:00,82.2,68.7,451.0,71.7,13.1,18.0,24.0,0.0,96.60461,Lahore,17,0,10,151.44078,151.32018,118.50375207265218,20.24090086633937,-0.3620965
2025-10-06 18:00:00+00:00,67.1,55.6,368.0,63.6,11.2,20.0,21.0,0.0,98.29787,Lahore,18,0,10,151.125,151.4737,116.30262152353923,19.393876361024873,-0.3495592
2025-10-06 19:00:00+00:00,54.9,44.6,333.0,55.0,9.8,23.0,19.0,0.0,99.281906,Lahore,19,0,10,150.625,151.70613,114.1633259455363,18.24072982148558,-0.340867
2025-10-06 20:00:00+00:00,51.0,41.1,321.0,45.1,8.6,29.0,17.0,0.0,99.725174,Lahore,20,0,10,149.79167,152.0329,112.07722187042236,16.794531258776356,-0.33424085
2025-10-06 21:00:00+00:00,48.9,40.3,325.0,37.0,7.6,34.0,16.0,0.0,100.2604,Lahore,21,0,10,146.09375,152.39693,110.16749890645345,15.297454408047722,-0.31372562
2025-10-06 22:00:00+00:00,47.0,39.2,337.0,32.2,6.9,37.0,15.0,0.0,100.92706,Lahore,22,0,10,142.24998,152.71054,108.44571050008138,13.779677841336865,-0.2904951
2025-10-06 23:00:00+00:00,45.6,37.8,364.0,29.4,6.6,39.0,14.0,0.0,101.62499,Lahore,23,0,10,138.33331,152.95175,106.91619714101155,12.272869582218046,-0.2653614
2025-10-07 00:00:00+00:00,37.1,37.1,413.0,39.6,7.4,18.0,0.0,0.0,102.322914,Lahore,0,1,10,134.41666,153.17105,105.57895787556966,10.807088074121113,-0.23876314
2025-10-07 01:00:00+00:00,36.4,36.2,518.0,37.4,7.8,22.0,0.0,0.0,103.36458,Lahore,1,1,10,131.55208,152.98026,104.404478708903,9.286355990886488,-0.21426876
2025-10-07 02:00:00+00:00,39.3,39.0,646.0,34.0,8.5,28.0,0.0,0.35,104.22915,Lahore,2,1,10,127.71875,152.86841,103.42574532826741,7.848906909628675,-0.18391663
2025-10-07 03:00:00+00:00,38.1,36.9,705.0,29.4,9.3,42.0,2.0,1.2,105.291664,Lahore,3,1,10,123.270836,152.7763,102.67661317189534,6.636880064974582,-0.14585097
2025-10-07 04:00:00+00:00,35.7,32.9,629.0,22.5,10.6,71.0,5.0,2.6,106.08332,Lahore,4,1,10,119.364586,152.83772,102.1232271194458,5.667894427721418,-0.11126638
2025-10-07 05:00:00+00:00,31.7,26.3,485.0,14.5,12.1,109.0,10.0,3.65,106.54166,Lahore,5,1,10,116.46874,152.96272,101.70959854125977,4.883415636926933,-0.085233904
2025-10-07 06:00:00+00:00,30.3,22.2,379.0,8.4,12.7,137.0,15.0,4.5,106.645836,Lahore,6,1,10,113.68749,153.07457,101.41619618733723,4.31039527270537,-0.06193871
2025-10-07 07:00:00+00:00,35.0,21.3,317.0,4.8,11.5,149.0,22.0,4.6,106.51042,Lahore,7,1,10,110.72915,153.09648,101.24041589101155,3.9880645180323944,-0.038099516
2025-10-07 08:00:00+00:00,38.0,21.1,295.0,3.2,9.5,152.0,29.0,3.95,106.38541,Lahore,8,1,10,107.21873,153.15788,101.2056941986084,3.9370532831540896,-0.0077721556
2025-10-07 09:00:00+00:00,39.0,21.7,404.0,5.6,8.1,149.0,33.0,2.9,106.17708,Lahore,9,1,10,104.104164,153.125,101.29206562042236,4.025156911132779,0.019911923
2025-10-07 10:00:00+00:00,38.6,21.8,712.0,12.6,8.0,141.0,33.0,1.55,106.01042,Lahore,10,1,10,101.42706,153.01315,101.48303890228271,4.138960113577841,0.045188718
2025-10-07 11:00:00+00:00,39.1,22.6,1152.0,23.6,8.6,128.0,30.0,0.6,105.69793,Lahore,11,1,10,99.31736,152.85745,101.74889596303304,4.198299892877186,0.06424425
2025-10-07 12:00:00+00:00,54.5,31.8,1614.0,34.5,7.7,88.0,43.0,0.1,105.55208,Lahore,12,1,10,97.40248,152.693,102.08846251169841,4.160879653762932,0.0836693
2025-10-07 13:00:00+00:00,65.0,43.5,2156.0,45.6,8.3,69.0,38.0,0.0,106.375,Lahore,13,1,10,96.524826,158.16327,102.49888642628987,4.0731077460300815,0.10204809
2025-10-07 14:00:00+00:00,67.8,50.1,2720.0,60.7,9.2,42.0,32.0,0.0,107.21876,Lahore,14,1,10,95.66489,157.5255,102.98029772440593,3.909777148498312,0.12077442
2025-10-07 15:00:00+00:00,61.5,48.3,3017.0,70.9,9.6,22.0,25.0,0.0,107.04167,Lahore,15,1,10,95.07978,151.73245,103.47870985666911,3.609774503457433,0.12580898
2025-10-07 16:00:00+00:00,53.6,44.1,2881.0,71.1,9.1,15.0,19.0,0.0,105.71874,Lahore,16,1,10,95.319145,151.66228,103.91202640533447,3.187160300613005,0.10910292
2025-10-07 17:00:00+00:00,45.9,39.3,2478.0,66.4,8.2,14.0,13.0,0.0,103.35416,Lahore,17,1,10,96.60461,151.44078,104.19325764973958,2.786991823167945,0.06986778
2025-10-07 18:00:00+00:00,40.9,36.0,2016.0,63.1,7.7,14.0,9.0,0.0,100.29166,Lahore,18,1,10,98.29787,151.125,104.27633221944173,2.6288505014248456,0.020283142
2025-10-07 19:00:00+00:00,39.6,34.9,1489.0,63.6,7.9,12.0,8.0,0.0,98.51063,Lahore,19,1,10,99.281906,150.625,104.24419562021892,2.696406093414825,-0.0077685695
2025-10-07 20:00:00+00:00,41.8,36.8,904.0,65.5,8.4,9.0,9.0,0.0,97.6507,Lahore,20,1,10,99.725174,149.79167,104.15775934855144,2.874907989321521,-0.020801874
2025-10-07 21:00:00+00:00,47.7,41.9,489.0,67.6,9.1,7.0,11.0,0.0,97.2695,Lahore,21,1,10,100.2604,146.09375,104.03313859303792,3.106677008578741,-0.029831301
2025-10-07 22:00:00+00:00,55.6,48.9,336.0,70.3,9.9,3.0,13.0,0.0,97.41135,Lahore,22,1,10,100.92706,142.24998,103.88665040334065,3.3340703780995327,-0.03483423
2025-10-07 23:00:00+00:00,60.1,51.9,354.0,73.2,10.9,0.0,15.0,0.0,98.27127,Lahore,23,1,10,101.62499,138.33331,103.74691200256348,3.4991758623332347,-0.033000953
2025-10-08 00:00:00+00:00,51.2,45.3,495.0,70.7,10.4,1.0,11.0,0.0,99.52128,Lahore,0,2,10,102.322914,134.41666,103.63017717997234,3.594189093687929,-0.027380336
2025-10-08 01:00:00+00:00,56.2,49.8,850.0,66.2,10.9,7.0,10.0,0.0,100.29167,Lahore,1,2,10,103.36458,131.55208,103.50213940938313,3.658225503210165,-0.029728815
2025-10-08 02:00:00+00:00,61.0,54.9,1330.0,59.4,11.6,16.0,10.0,0.35,101.70834,Lahore,2,2,10,104.22915,127.71875,103.39710585276286,3.672604276713434,-0.024185225
2025-10-08 03:00:00+00:00,56.3,50.6,1615.0,50.1,12.0,34.0,11.0,1.25,103.364586,Lahore,3,2,10,105.291664,123.270836,103.31681092580159,3.650381051503762,-0.018302286
2025-10-08 04:00:00+00:00,46.3,34.5,1532.0,35.9,12.0,70.0,16.0,2.75,104.791664,Lahore,4,2,10,106.08332,119.364586,103.2629919052124,3.6171907324263,-0.012175868
2025-10-08 05:00:00+00:00,46.4,30.3,1256.0,19.3,11.8,115.0,22.0,4.4,104.95833,Lahore,5,2,10,106.54166,116.46874,103.1970198949178,3.568909532379929,-0.014861119
2025-10-08 06:00:00+00:00,40.6,26.6,992.0,7.2,11.5,149.0,27.0,5.5,105.37499,Lahore,6,2,10,106.645836,113.68749,103.14406808217366,3.5246682836218977,-0.011916485
2025-10-08 07:00:00+00:00,38.4,25.4,741.0,2.7,11.0,165.0,28.0,5.5,105.83333,Lahore,7,2,10,106.51042,110.72915,103.11585585276286,3.499169284028777,-0.0063570635
2025-10-08 08:00:00+00:00,38.5,25.5,501.0,2.8,10.4,171.0,27.0,4.55,106.26042,Lahore,8,2,10,106.38541,107.21873,103.1106481552124,3.4941812067064237,-0.0011748298
2025-10-08 09:00:00+00:00,39.2,26.2,478.0,5.6,10.1,169.0,25.0,3.1,106.71874,Lahore,9,2,10,106.17708,104.104164,103.13321749369304,3.5165266854609873,0.0051015164
2025-10-08 10:00:00+00:00,40.0,27.1,761.0,9.6,10.1,160.0,23.0,1.65,107.187485,Lahore,10,2,10,106.01042,101.42706,103.18226178487141,3.5662556708369038,0.011103276
2025-10-08 11:00:00+00:00,40.3,27.9,1260.0,16.3,10.3,144.0,20.0,0.6,107.73957,Lahore,11,2,10,105.69793,99.31736,103.26733016967773,3.6521877299437793,0.01931581
2025-10-08 12:00:00+00:00,33.2,27.9,1907.0,30.1,10.9,119.0,10.0,0.1,109.65136,Lahore,12,2,10,105.55208,97.40248,103.43813355763753,3.8539675562042714,0.038836576
2025-10-08 13:00:00+00:00,44.5,38.8,2801.0,47.7,11.9,94.0,11.0,0.0,120.06802,Lahore,13,2,10,106.375,96.524826,104.00867621103923,5.114923278059702,0.12872408
2025-10-08 14:00:00+00:00,55.6,49.6,3842.0,71.8,13.4,59.0,11.0,0.0,115.60373,Lahore,14,2,10,107.21876,95.66489,104.35805002848308,5.60646856960404,0.078204334
2025-10-08 15:00:00+00:00,59.6,53.2,4664.0,89.3,14.6,32.0,12.0,0.0,107.34374,Lahore,15,2,10,107.04167,95.07978,104.37063630421956,5.613090279457529,0.0028219908
2025-10-08 16:00:00+00:00,62.6,55.8,5132.0,93.2,15.5,23.0,13.0,0.0,107.854164,Lahore,16,2,10,105.71874,95.319145,104.45961221059163,5.652177618745906,0.020199085
2025-10-08 17:00:00+00:00,67.5,60.5,5380.0,90.5,16.2,22.0,13.0,0.0,109.0729,Lahore,17,2,10,103.35416,96.60461,104.6978931427002,5.72364009414656,0.055331517
2025-10-08 18:00:00+00:00,74.0,66.6,5442.0,88.6,16.6,20.0,14.0,0.0,111.28125,Lahore,18,2,10,100.29166,98.29787,105.15579287211101,5.7949559046346675,0.10957635
2025-10-08 19:00:00+00:00,78.5,71.0,5343.0,91.3,16.4,14.0,14.0,0.0,114.46874,Lahore,19,2,10,98.51063,99.281906,105.82071431477864,5.913642064571813,0.16199383
2025-10-08 20:00:00+00:00,81.7,74.0,5057.0,94.8,15.9,8.0,14.0,0.0,118.22917,Lahore,20,2,10,97.6507,99.725174,106.67815049489339,6.164106309319696,0.21073548
2025-10-08 21:00:00+00:00,82.4,75.0,4540.0,95.3,15.3,4.0,14.0,0.0,122.10416,Lahore,21,2,10,97.2695,100.2604,107.71292781829834,6.586063625264833,0.25531802
2025-10-08 22:00:00+00:00,80.3,73.1,3549.0,90.3,14.6,5.0,14.0,0.0,125.55209,Lahore,22,2,10,97.41135,100.92706,108.88545894622803,7.152897665460032,0.2888857
2025-10-08 23:00:00+00:00,77.8,70.8,2328.0,82.2,13.9,9.0,13.0,0.0,128.0729,Lahore,23,2,10,98.27127,101.62499,110.12719376881917,7.7886823097130735,0.3032589
2025-10-09 00:00:00+00:00,71.5,65.9,1561.0,53.4,12.7,31.0,11.0,0.0,130.04167,Lahore,0,3,10,99.52128,102.322914,111.39887682596843,8.445608284584829,0.30667204
2025-10-09 01:00:00+00:00,76.6,71.2,1736.0,55.7,12.9,32.0,10.0,0.0,132.1875,Lahore,1,3,10,100.29167,103.36458,112.72786966959636,9.105560664346816,0.3180307
2025-10-09 02:00:00+00:00,86.8,82.2,2365.0,58.2,13.1,35.0,8.0,0.35,134.41666,Lahore,2,3,10,101.70834,104.22915,114.09071604410808,9.805401165890475,0.3215893
2025-10-09 03:00:00+00:00,78.2,74.3,2669.0,55.5,13.8,49.0,7.0,1.3,137.2604,Lahore,3,3,10,103.364586,105.291664,115.5030419031779,10.602026590022323,0.32792488
2025-10-09 04:00:00+00:00,61.5,56.9,2218.0,42.4,15.4,86.0,9.0,2.85,139.72916,Lahore,4,3,10,104.791664,106.08332,116.95877075195312,11.433322310809983,0.33339953
2025-10-09 05:00:00+00:00,38.2,32.1,1441.0,23.9,17.3,134.0,12.0,4.6,142.0625,Lahore,5,3,10,104.95833,106.54166,118.5047779083252,12.221511763797714,0.35351336
2025-10-09 06:00:00+00:00,33.5,25.6,850.0,10.1,18.3,171.0,15.0,5.3,142.24998,Lahore,6,3,10,105.37499,106.645836,120.04123592376709,12.803175127429858,0.34994063
2025-10-09 07:00:00+00:00,32.6,24.3,618.0,4.3,17.4,190.0,16.0,5.3,142.14584,Lahore,7,3,10,105.83333,106.51042,121.5542573928833,13.19090129024759,0.34311038
2025-10-09 08:00:00+00:00,32.5,24.5,570.0,3.1,15.4,199.0,16.0,4.8,142.03125,Lahore,8,3,10,106.26042,106.38541,123.04470856984456,13.406825503900007,0.3366336
2025-10-09 09:00:00+00:00,32.8,25.1,697.0,5.9,13.9,197.0,15.0,3.4,141.92708,Lahore,9,3,10,106.71874,106.17708,124.51172256469727,13.468875397582721,0.32991707
2025-10-09 10:00:00+00:00,32.7,25.2,999.0,12.7,13.2,183.0,14.0,1.8,141.8125,Lahore,10,3,10,107.187485,106.01042,125.95443153381348,13.386686713120632,0.32303226
2025-10-09 11:00:00+00:00,32.8,25.5,1475.0,23.6,12.8,159.0,12.0,0.6,141.61458,Lahore,11,3,10,107.73957,105.69793,127.36589018503825,13.166696510313605,0.31441566
2025-10-09 12:00:00+00:00,35.9,30.6,2112.0,41.4,12.4,116.0,10.0,0.1,147.06631,Lahore,12,3,10,109.65136,105.55208,128.92484664916992,13.193044075240092,0.34121743
2025-10-09 13:00:00+00:00,46.9,41.2,3135.0,58.4,13.7,91.0,10.0,0.0,152.5829,Lahore,13,3,10,120.06802,106.375,130.27963320414224,13.894801936013941,0.2708038
2025-10-09 14:00:00+00:00,59.4,53.4,4320.0,81.5,15.5,57.0,11.0,0.0,144.30272,Lahore,14,3,10,115.60373,107.21876,131.47542444864908,13.811548035426393,0.24825315
2025-10-09 15:00:00+00:00,66.1,60.1,4981.0,97.0,16.7,32.0,11.0,0.0,142.29166,Lahore,15,3,10,107.34374,107.04167,132.93158753712973,12.973579663036494,0.3255701
2025-10-09 16:00:00+00:00,69.6,63.3,4723.0,97.7,16.9,25.0,12.0,0.0,143.0104,Lahore,16,3,10,107.854164,105.71874,134.39643096923828,11.964483180850845,0.3259609
2025-10-09 17:00:00+00:00,70.8,64.3,3940.0,90.7,16.6,27.0,12.0,0.0,143.79166,Lahore,17,3,10,109.0729,103.35416,135.84304587046304,10.813011568857531,0.31830782
2025-10-09 18:00:00+00:00,70.5,63.8,3133.0,83.2,16.0,29.0,13.0,0.0,144.1875,Lahore,18,3,10,111.28125,100.29166,137.21413962046304,9.579004636400935,0.29570344
2025-10-09 19:00:00+00:00,70.8,63.8,2392.0,77.6,15.1,29.0,14.0,0.0,143.89584,Lahore,19,3,10,114.46874,98.51063,138.44026883443198,8.344821951705502,0.25707543
2025-10-09 20:00:00+00:00,71.2,64.0,1625.0,71.5,13.9,30.0,14.0,0.0,143.14583,Lahore,20,3,10,118.22917,97.6507,139.47846285502115,7.191222755956169,0.2107488
2025-10-09 21:00:00+00:00,71.5,64.0,1060.0,64.8,12.8,32.0,14.0,0.0,142.10417,Lahore,21,3,10,122.10416,97.2695,140.31179682413736,6.177715499698019,0.16379471
2025-10-09 22:00:00+00:00,70.8,63.6,766.0,56.2,12.0,36.0,14.0,0.0,140.95833,Lahore,22,3,10,125.55209,97.41135,140.95372327168783,5.317957165767236,0.12270791
2025-10-09 23:00:00+00:00,69.4,62.4,674.0,47.1,11.3,41.0,13.0,0.0,139.96875,Lahore,23,3,10,128.0729,98.27127,141.4493834177653,4.5664838035639574,0.09288337
2025-10-10 00:00:00+00:00,72.6,65.4,798.0,45.6,11.8,44.0,13.0,0.0,139.09375,Lahore,0,4,10,130.04167,99.52128,141.82655334472656,3.9099247253314835,0.06960906
2025-10-10 01:00:00+00:00,69.6,62.9,1336.0,47.6,11.6,42.0,12.0,0.0,139.04166,Lahore,1,4,10,132.1875,100.29167,142.11214319864908,3.3911623296729756,0.051851775
2025-10-10 02:00:00+00:00,72.9,66.4,2092.0,50.0,11.4,41.0,10.0,0.35,138.17708,Lahore,2,4,10,134.41666,101.70834,142.2688274383545,3.09399563315076,0.027975861
2025-10-10 03:00:00+00:00,71.9,66.6,2487.0,47.9,11.6,52.0,10.0,1.35,136.53125,Lahore,3,4,10,137.2604,103.364586,142.2384459177653,3.148415530532244,-0.0053122127
2025-10-10 04:00:00+00:00,66.1,58.2,2169.0,37.3,12.6,88.0,13.0,2.95,135.72917,Lahore,4,4,10,139.72916,104.791664,142.0717798868815,3.384076672464295,-0.0286267
2025-10-10 05:00:00+00:00,55.1,45.4,1491.0,22.4,14.0,137.0,18.0,4.7,135.86456,Lahore,5,4,10,142.0625,104.95833,141.81353251139322,3.6135269884923673,-0.043628242
2025-10-10 06:00:00+00:00,48.4,37.7,938.0,11.0,14.7,173.0,21.0,5.9,137.25,Lahore,6,4,10,142.24998,105.37499,141.60519981384277,3.7295410368390285,-0.03514928
2025-10-10 07:00:00+00:00,41.2,31.2,635.0,4.8,14.0,187.0,21.0,5.55,138.5104,Lahore,7,4,10,142.14584,105.83333,141.45372327168783,3.7801122746606604,-0.025575401
2025-10-10 08:00:00+00:00,36.4,27.5,456.0,2.1,12.5,188.0,18.0,4.75,139.22917,Lahore,8,4,10,142.03125,106.26042,141.33697001139322,3.8046919727613253,-0.019728603
2025-10-10 09:00:00+00:00,35.3,27.0,514.0,5.6,11.5,180.0,16.0,3.3,139.54166,Lahore,9,4,10,141.92708,106.71874,141.2375774383545,3.819734186428266,-0.016807375
2025-10-10 10:00:00+00:00,34.8,26.9,812.0,17.6,11.0,161.0,14.0,1.75,139.73958,Lahore,10,4,10,141.8125,107.187485,141.15120569864908,3.829592534979963,-0.014617342
2025-10-10 11:00:00+00:00,35.0,27.6,1345.0,35.9,11.0,134.0,12.0,0.6,139.91666,Lahore,11,4,10,141.61458,107.73957,141.0804589589437,3.836337654716129,-0.011989739
2025-10-10 12:00:00+00:00,33.8,29.1,2213.0,58.3,11.7,91.0,9.0,0.1,140.1354,Lahore,12,4,10,147.06631,109.65136,140.79167111714682,3.620973235990039,-0.047127776
2025-10-10 13:00:00+00:00,47.7,42.8,3826.0,80.8,14.6,68.0,9.0,0.0,139.97916,Lahore,13,4,10,152.5829,120.06802,140.26651509602866,2.6091097146034157,-0.0826026
2025-10-10 14:00:00+00:00,64.5,59.4,5773.0,111.6,18.6,36.0,10.0,0.0,140.14584,Lahore,14,4,10,144.30272,115.60373,140.09331194559732,2.46342872889329,-0.028806634
2025-10-10 15:00:00+00:00,82.2,77.1,6921.0,134.1,22.0,11.0,10.0,0.0,140.77084,Lahore,15,4,10,142.29166,107.34374,140.0299447377523,2.4236607771506558,-0.0106879985
2025-10-10 16:00:00+00:00,95.7,90.3,6673.0,141.3,24.6,1.0,10.0,0.0,142.54169,Lahore,16,4,10,143.0104,107.854164,140.01041475931802,2.4003764997275567,-0.0032775202
2025-10-10 17:00:00+00:00,105.0,99.7,5626.0,140.1,26.6,0.0,10.0,0.0,145.35419,Lahore,17,4,10,143.79166,109.0729,140.07552019755045,2.5253321126785306,0.010866629
2025-10-10 18:00:00+00:00,106.4,101.0,4439.0,134.3,26.6,0.0,10.0,0.0,149.04167,Lahore,18,4,10,144.1875,111.28125,140.27777735392252,3.0157532570290577,0.03366569
2025-10-10 19:00:00+00:00,92.9,87.8,3144.0,124.0,23.3,3.0,9.0,0.0,150.61403,Lahore,19,4,10,143.89584,114.46874,140.5577017466227,3.6178709044570394,0.046687834
2025-10-10 20:00:00+00:00,73.1,68.2,1709.0,109.1,18.2,8.0,9.0,0.0,151.14035,Lahore,20,4,10,143.14583,118.22917,140.89080683390299,4.189416291171073,0.055848796
2025-10-10 21:00:00+00:00,60.5,56.3,692.0,93.1,14.0,14.0,8.0,0.0,151.23245,Lahore,21,4,10,142.10417,122.10416,141.27115186055502,4.688947624992138,0.064236544
2025-10-10 22:00:00+00:00,54.6,50.9,341.0,74.7,12.0,21.0,7.0,0.0,151.0636,Lahore,22,4,10,140.95833,125.55209,141.69220479329428,5.095704019843145,0.07168977
2025-10-10 23:00:00+00:00,53.0,49.7,407.0,55.1,11.1,30.0,7.0,0.0,150.7851,Lahore,23,4,10,139.96875,128.0729,142.14288584391275,5.405545564305266,0.077276856
2025-10-11 00:00:00+00:00,66.8,61.7,707.0,85.1,13.7,8.0,9.0,0.0,150.50658,Lahore,0,5,10,139.09375,130.04167,142.61842028299967,5.623263504198343,0.08205132
2025-10-11 01:00:00+00:00,60.8,56.3,1409.0,76.1,13.3,15.0,8.0,0.0,150.42543,Lahore,1,5,10,139.04166,132.1875,143.09274419148764,5.786196829159038,0.08187312
2025-10-11 02:00:00+00:00,63.6,59.5,2344.0,63.2,12.8,27.0,7.0,0.35,150.2807,Lahore,2,5,10,138.17708,134.41666,143.59706179300943,5.866042933962512,0.08759501
2025-10-11 03:00:00+00:00,61.2,57.6,2819.0,49.9,12.7,48.0,7.0,1.35,150.1294,Lahore,3,5,10,136.53125,137.2604,144.16365114847818,5.8103419189011944,0.099597305
2025-10-11 04:00:00+00:00,55.3,50.4,2386.0,35.8,13.7,86.0,9.0,3.0,149.67708,Lahore,4,5,10,135.72917,139.72916,144.74481391906738,5.624608645902599,0.10276277
2025-10-11 05:00:00+00:00,46.8,40.3,1493.0,21.3,15.1,134.0,11.0,4.8,148.86458,Lahore,5,5,10,135.86456,142.0625,145.28648122151694,5.351574469571332,0.095683634
2025-10-11 06:00:00+00:00,41.1,34.1,795.0,10.5,15.9,169.0,13.0,6.05,148.33334,Lahore,6,5,10,137.25,142.24998,145.74828720092773,5.1002345173298265,0.08075296
2025-10-11 07:00:00+00:00,34.8,28.9,520.0,4.5,15.3,184.0,12.0,6.25,147.95834,Lahore,7,5,10,138.5104,142.14584,146.14195124308267,4.877023048245755,0.06821103
2025-10-11 08:00:00+00:00,31.9,26.8,440.0,2.3,14.0,186.0,11.0,5.3,147.71877,Lahore,8,5,10,139.22917,142.03125,146.4956843058268,4.6567385020089755,0.060975682
2025-10-11 09:00:00+00:00,30.3,25.7,520.0,5.1,13.0,180.0,9.0,3.65,147.64584,Lahore,9,5,10,139.54166,141.92708,146.83335876464844,4.41828068255592,0.058077186
2025-10-11 10:00:00+00:00,29.6,25.4,816.0,14.1,12.5,164.0,8.0,1.9,147.51042,Lahore,10,5,10,139.73958,141.8125,147.15714391072592,4.152570209470144,0.05560947
2025-10-11 11:00:00+00:00,29.8,26.0,1271.0,28.2,12.2,139.0,7.0,0.65,147.35417,Lahore,11,5,10,139.91666,141.61458,147.46704037984213,3.855642996894242,0.053156752
2025-10-11 12:00:00+00:00,30.0,27.6,1686.0,46.6,11.5,97.0,5.0,0.1,147.1875,Lahore,12,5,10,140.1354,147.06631,147.76087760925293,3.527351062527247,0.050323423
2025-10-11 13:00:00+00:00,42.3,39.6,2024.0,63.2,13.1,76.0,5.0,0.0,147.03125,Lahore,13,5,10,139.97916,152.5829,148.05471483866373,3.121285494922197,0.050379597
2025-10-11 14:00:00+00:00,53.0,50.2,2322.0,85.8,15.2,47.0,6.0,0.0,146.69792,Lahore,14,5,10,140.14584,144.30272,148.32771809895834,2.6504932702042447,0.046751857
2025-10-11 15:00:00+00:00,61.0,58.1,2482.0,100.5,16.5,26.0,6.0,0.0,145.73958,Lahore,15,5,10,140.77084,142.29166,148.53474871317545,2.188319479357388,0.03529662
2025-10-11 16:00:00+00:00,63.6,60.5,2458.0,101.4,16.3,21.0,6.0,0.0,143.7604,Lahore,16,5,10,142.54169,143.0104,148.5855286916097,2.0531708015086982,0.008549917
2025-10-11 17:00:00+00:00,61.7,58.6,2296.0,94.5,15.2,25.0,6.0,0.0,140.65625,Lahore,17,5,10,145.35419,143.79166,148.38978131612143,2.5407036041960778,-0.03232062
2025-10-11 18:00:00+00:00,57.4,54.2,2044.0,83.8,14.1,32.0,6.0,0.0,136.375,Lahore,18,5,10,149.04167,144.1875,147.86200332641602,3.5245341281984803,-0.084987454
2025-10-11 19:00:00+00:00,52.9,49.8,1642.0,67.9,13.1,44.0,6.0,0.0,131.49998,Lahore,19,5,10,150.61403,143.89584,147.06558481852213,4.8032283870701695,-0.12690747
2025-10-11 20:00:00+00:00,50.9,47.8,1149.0,48.3,12.0,59.0,6.0,0.0,127.541664,Lahore,20,5,10,151.14035,143.14583,146.08230622609457,6.15738775021288,-0.15613757
2025-10-11 21:00:00+00:00,51.5,48.2,789.0,33.7,11.3,68.0,6.0,0.0,125.41667,Lahore,21,5,10,151.23245,142.10417,145.00664869944254,7.356701333506961,-0.17070265
2025-10-11 22:00:00+00:00,53.6,49.9,628.0,28.1,11.1,66.0,7.0,0.0,124.57291,Lahore,22,5,10,151.0636,140.95833,143.9028698603312,8.331176560630148,-0.17536119
2025-10-11 23:00:00+00:00,56.7,52.5,600.0,27.5,11.2,59.0,9.0,0.0,124.468735,Lahore,23,5,10,150.7851,139.96875,142.80635484059653,9.083812319330532,-0.17452893
2025-10-12 00:00:00+00:00,64.5,59.3,725.0,29.3,11.6,54.0,10.0,0.0,124.760414,Lahore,0,6,10,150.50658,139.09375,141.73359807332358,9.638245952694602,-0.17106338
2025-10-12 01:00:00+00:00,70.1,63.8,1158.0,34.5,12.0,47.0,10.0,0.0,124.51042,Lahore,1,6,10,150.42543,139.04166,140.6538060506185,10.064379917129772,-0.1722781
2025-10-12 02:00:00+00:00,75.7,68.9,1744.0,41.4,12.7,38.0,11.0,0.35,125.29167,Lahore,2,6,10,150.2807,138.17708,139.61259651184082,10.3146357525814,-0.16628236
2025-10-12 03:00:00+00:00,72.2,66.1,2042.0,43.3,13.6,44.0,12.0,1.35,126.27084,Lahore,3,6,10,150.1294,136.53125,138.6184902191162,10.40629145668899,-0.15891992
2025-10-12 04:00:00+00:00,65.2,56.2,1773.0,35.8,15.3,78.0,16.0,3.0,127.15624,Lahore,4,6,10,149.67708,135.72917,137.68012205759683,10.381104625162772,-0.15046282
2025-10-12 05:00:00+00:00,58.6,47.8,1215.0,23.5,17.4,128.0,21.0,4.8,127.76042,Lahore,5,6,10,148.86458,135.86456,136.80078220367432,10.285911285702134,-0.14176749
2025-10-12 06:00:00+00:00,55.4,43.8,766.0,13.6,18.4,165.0,23.0,6.05,128.54167,Lahore,6,6,10,148.33334,137.25,135.9761292139689,10.11303723019755,-0.133427
2025-10-12 07:00:00+00:00,46.6,36.8,547.0,7.3,17.6,182.0,21.0,6.2,129.5521,Lahore,7,6,10,147.95834,138.5104,135.2092021306356,9.859600332009233,-0.12440157
2025-10-12 08:00:00+00:00,39.6,32.0,437.0,3.4,15.7,187.0,17.0,5.25,130.37502,Lahore,8,6,10,147.71877,139.22917,134.4865458806356,9.533045852006955,-0.11741061
2025-10-12 09:00:00+00:00,36.4,29.9,465.0,5.5,14.3,182.0,13.0,3.6,130.91667,Lahore,9,6,10,147.64584,139.54166,133.78949705759683,9.132198153871956,-0.11330608
2025-10-12 10:00:00+00:00,35.3,29.4,635.0,16.2,13.6,165.0,11.0,1.85,131.35417,Lahore,10,6,10,147.51042,139.73958,133.11631997426352,8.660060772425457,-0.10952616
2025-10-12 11:00:00+00:00,35.0,29.8,943.0,32.9,13.3,139.0,9.0,0.65,131.77084,Lahore,11,6,10,147.35417,139.91666,132.4670146306356,8.113055915813785,-0.10575424
2025-10-12 12:00:00+00:00,37.3,33.4,1406.0,46.5,13.3,103.0,7.0,0.1,132.16667,Lahore,12,6,10,147.1875,140.1354,131.84114678700766,7.483009792310684,-0.10205234
2025-10-12 13:00:00+00:00,51.0,46.8,2203.0,62.0,15.0,82.0,8.0,0.0,132.77084,Lahore,13,6,10,147.03125,139.97916,131.24696318308511,6.755181001454273,-0.096988946
2025-10-12 14:00:00+00:00,64.0,59.8,3155.0,83.6,17.5,52.0,8.0,0.0,133.52084,Lahore,14,6,10,146.69792,140.14584,130.69791825612387,5.9298450062849,-0.08982457
2025-10-12 15:00:00+00:00,78.2,73.8,3744.0,101.7,20.0,28.0,9.0,0.0,134.52084,Lahore,15,6,10,145.73958,140.77084,130.23047097524008,5.072815342584166,-0.07697795
2025-10-12 16:00:00+00:00,89.2,84.3,3702.0,112.9,22.7,15.0,9.0,0.0,136.15627,Lahore,16,6,10,143.7604,142.54169,129.91363175710043,4.381364037556868,-0.052894544
2025-10-12 17:00:00+00:00,98.3,93.1,3296.0,120.6,25.4,9.0,10.0,0.0,138.63544,Lahore,17,6,10,140.65625,145.35419,129.82943121592203,4.180763169983588,-0.014367033
2025-10-12 18:00:00+00:00,103.8,98.7,2812.0,125.1,26.8,4.0,10.0,0.0,142.22916,Lahore,18,6,10,136.375,149.04167,130.0733544031779,4.715804636390037,0.042926904
2025-10-12 19:00:00+00:00,105.5,99.9,2272.0,126.4,26.3,0.0,10.0,0.0,146.86458,Lahore,19,6,10,131.49998,150.61403,130.71354579925537,5.829334927257702,0.116841026
2025-10-12 20:00:00+00:00,104.5,99.4,1653.0,124.4,24.5,0.0,9.0,0.0,150.4386,Lahore,20,6,10,127.541664,151.14035,131.66758473714194,7.0363610277865485,0.17952514
2025-10-12 21:00:00+00:00,99.9,94.8,1171.0,119.7,22.5,0.0,9.0,0.0,151.57018,Lahore,21,6,10,125.41667,151.23245,132.75731404622397,7.987157119088249,0.20853291
2025-10-12 22:00:00+00:00,88.7,84.1,847.0,111.2,20.1,4.0,9.0,0.0,152.59212,Lahore,22,6,10,124.57291,151.0636,133.92478116353354,8.750157761738334,0.2249222
2025-10-12 23:00:00+00:00,77.1,72.6,658.0,100.0,17.5,10.0,8.0,0.0,153.3421,Lahore,23,6,10,124.468735,150.7851,135.12783813476562,9.35735058737159,0.23197286
2025-10-13 00:00:00+00:00,71.2,67.5,756.0,71.3,14.6,25.0,7.0,0.0,153.7829,Lahore,0,0,10,124.760414,150.50658,136.3371082941691,9.823025263998755,0.23262574
2025-10-13 01:00:00+00:00,72.4,68.7,1437.0,70.7,14.6,27.0,6.0,0.0,153.96272,Lahore,1,0,10,124.51042,150.42543,137.5642875035604,10.116625366771098,0.23654486
2025-10-13 02:00:00+00:00,80.8,77.1,2404.0,69.2,14.6,32.0,5.0,0.35,154.07018,Lahore,2,0,10,125.29167,150.2807,138.76339181264242,10.302552038279364,0.22969207
2025-10-13 03:00:00+00:00,71.9,69.2,2913.0,63.0,15.2,50.0,5.0,1.35,154.25,Lahore,3,0,10,126.27084,150.1294,139.92918999989828,10.409929468839813,0.2215805
2025-10-13 04:00:00+00:00,59.6,56.0,2508.0,47.7,16.9,94.0,6.0,2.9,154.31798,Lahore,4,0,10,127.15624,149.67708,141.06092898050943,10.437352564795978,0.21360914
2025-10-13 05:00:00+00:00,49.1,44.7,1646.0,27.6,19.2,152.0,9.0,4.65,154.31358,Lahore,5,0,10,127.76042,148.86458,142.16731071472168,10.37332067054812,0.20783558
2025-10-13 06:00:00+00:00,45.8,40.6,954.0,12.5,20.5,195.0,10.0,5.8,154.24562,Lahore,6,0,10,128.54167,148.33334,143.23830858866373,10.231306688674321,0.19996588
2025-10-13 07:00:00+00:00,42.7,37.8,655.0,5.1,20.0,213.0,10.0,5.9,154.17543,Lahore,7,0,10,129.5521,147.95834,144.26428095499674,10.031855621188804,0.19006515
2025-10-13 08:00:00+00:00,39.2,34.9,525.0,2.5,18.5,216.0,8.0,5.0,154.19737,Lahore,8,0,10,130.37502,147.71877,145.2568791707357,9.77304523159377,0.1827218
2025-10-13 09:00:00+00:00,36.2,32.6,524.0,6.0,17.3,210.0,7.0,3.4,154.26096,Lahore,9,0,10,130.91667,147.64584,146.22955767313638,9.439765254461987,0.17831406
2025-10-13 10:00:00+00:00,34.9,31.7,670.0,16.4,16.7,194.0,6.0,1.75,154.32018,Lahore,10,0,10,131.35417,147.51042,147.18647448221842,9.021026876564102,0.1748403
2025-10-13 11:00:00+00:00,34.6,31.7,944.0,32.8,16.3,169.0,6.0,0.6,154.3706,Lahore,11,0,10,131.77084,147.35417,148.1281312306722,8.506785366230138,0.17150806
2025-10-13 12:00:00+00:00,41.7,38.5,1252.0,51.8,17.1,134.0,6.0,0.05,167.57014,Lahore,12,0,10,132.16667,147.1875,149.60327593485513,8.686327559550566,0.2678699
2025-10-13 13:00:00+00:00,55.2,52.2,1612.0,77.4,19.0,101.0,6.0,0.0,173.9477,Lahore,13,0,10,132.77084,147.03125,151.3189779917399,9.26441353686787,0.31013474
2025-10-13 14:00:00+00:00,70.1,67.1,2005.0,112.6,21.7,56.0,6.0,0.0,165.81633,Lahore,14,0,10,133.52084,146.69792,152.66462326049805,8.905339366733848,0.24187599
2025-10-13 15:00:00+00:00,86.4,83.4,2278.0,139.0,24.0,21.0,6.0,0.0,154.80263,Lahore,15,0,10,134.52084,145.73958,153.5096975962321,8.027808450382667,0.15077057
2025-10-13 16:00:00+00:00,97.1,94.1,2363.0,148.4,25.7,6.0,6.0,0.0,155.01315,Lahore,16,0,10,136.15627,143.7604,154.2954012552897,7.1278819788520265,0.13849446
2025-10-13 17:00:00+00:00,103.8,100.6,2326.0,148.9,26.9,2.0,6.0,0.0,155.22807,Lahore,17,0,10,138.63544,140.65625,154.98676109313965,6.299475647917784,0.11968539
2025-10-13 18:00:00+00:00,107.3,104.1,2219.0,146.4,27.3,0.0,6.0,0.0,155.39253,Lahore,18,0,10,142.22916,136.375,155.5352350870768,5.68333358609449,0.09255047
2025-10-13 19:00:00+00:00,107.8,104.5,2016.0,141.6,26.4,0.0,6.0,0.0,155.51096,Lahore,19,0,10,146.86458,131.49998,155.89550081888834,5.375515186128161,0.058873132
2025-10-13 20:00:00+00:00,106.9,103.6,1742.0,133.7,24.6,0.0,6.0,0.0,155.61183,Lahore,20,0,10,150.4386,127.541664,156.1110521952311,5.249427919534701,0.03438767
2025-10-13 21:00:00+00:00,105.5,102.2,1517.0,126.2,22.8,0.0,6.0,0.0,155.70395,Lahore,21,0,10,151.57018,125.41667,156.28329277038574,5.1610308853931945,0.027273003
2025-10-13 22:00:00+00:00,100.1,96.9,1316.0,120.3,21.2,0.0,6.0,0.0,155.86623,Lahore,22,0,10,152.59212,124.57291,156.41971397399902,5.102156516650632,0.021456605
2025-10-13 23:00:00+00:00,95.0,91.7,1164.0,114.6,19.7,0.0,6.0,0.0,156.14693,Lahore,23,0,10,153.3421,124.468735,156.53658167521158,5.0605505371061135,0.018291289
2025-10-14 00:00:00+00:00,102.9,101.0,1257.0,108.4,20.0,0.0,4.0,0.0,156.56578,Lahore,0,1,10,153.7829,124.760414,156.65253512064615,5.026479205465378,0.018096179
2025-10-14 01:00:00+00:00,105.0,103.4,1897.0,107.4,20.0,2.0,3.0,0.0,157.30043,Lahore,1,1,10,153.96272,124.51042,156.7916062672933,4.994896711210648,0.021678673
2025-10-14 02:00:00+00:00,113.4,112.2,2781.0,104.9,20.1,7.0,2.0,0.3,158.0614,Lahore,2,1,10,154.07018,125.29167,156.95790735880533,4.966712190830957,0.025905248
2025-10-14 03:00:00+00:00,100.1,99.4,3195.0,95.3,20.5,26.0,1.0,1.25,158.83115,Lahore,3,1,10,154.25,126.27084,157.14878845214844,4.94610561399637,0.02969949
2025-10-14 04:00:00+00:00,70.8,69.6,2676.0,71.7,21.8,74.0,2.0,2.75,159.49342,Lahore,4,1,10,154.31798,127.15624,157.36443201700845,4.930115399380026,0.03353754
2025-10-14 05:00:00+00:00,49.0,47.1,1687.0,41.0,23.4,136.0,4.0,4.4,159.79166,Lahore,5,1,10,154.31358,127.76042,157.59268506368002,4.90949490414558,0.035499617
2025-10-14 06:00:00+00:00,41.2,38.3,905.0,17.6,24.0,183.0,6.0,5.55,159.84428,Lahore,6,1,10,154.24562,128.54167,157.82596270243326,4.876443109995588,0.036297064
2025-10-14 07:00:00+00:00,40.2,35.9,593.0,7.3,22.5,203.0,8.0,5.7,159.79385,Lahore,7,1,10,154.17543,129.5521,158.06006368001303,4.82819603663132,0.036441755
2025-10-14 08:00:00+00:00,40.7,35.4,487.0,4.3,19.9,208.0,10.0,4.8,159.7522,Lahore,8,1,10,154.19737,130.37502,158.29151471455893,4.767741388261608,0.03602412
2025-10-14 09:00:00+00:00,40.5,34.8,478.0,5.9,17.9,203.0,11.0,3.25,159.76315,Lahore,9,1,10,154.26096,130.91667,158.52077293395996,4.697270822711528,0.035668112
2025-10-14 10:00:00+00:00,39.8,34.1,520.0,10.7,16.8,190.0,11.0,1.65,159.8114,Lahore,10,1,10,154.32018,131.35417,158.74957402547201,4.616814377062623,0.035583332
2025-10-14 11:00:00+00:00,39.3,33.8,658.0,20.1,16.3,168.0,10.0,0.55,159.86403,Lahore,11,1,10,154.3706,131.77084,158.97846666971842,4.52554904050606,0.035585944
2025-10-14 12:00:00+00:00,39.0,35.6,913.0,37.5,17.2,138.0,7.0,0.05,159.9101,Lahore,12,1,10,167.57014,132.16667,158.65929794311523,4.147601809226995,-0.045712497
2025-10-14 13:00:00+00:00,54.1,50.4,1348.0,64.0,20.0,107.0,7.0,0.0,165.338,Lahore,13,1,10,173.9477,132.77084,158.30056063334146,2.9740998355586723,-0.049495887
2025-10-14 14:00:00+00:00,69.2,65.4,1900.0,100.2,23.9,63.0,7.0,0.0,160.71428,Lahore,14,1,10,165.81633,133.52084,158.0879751841227,2.5681649095508425,-0.03076929
2025-10-14 15:00:00+00:00,86.4,82.7,2400.0,124.7,26.4,30.0,7.0,0.0,159.76974,Lahore,15,1,10,154.80263,134.52084,158.29493840535483,2.4908760704373667,0.032086775
2025-10-14 16:00:00+00:00,98.5,95.0,2822.0,126.7,26.4,17.0,6.0,0.0,159.7544,Lahore,16,1,10,155.01315,136.15627,158.49249013264975,2.4058436065219784,0.030586058
2025-10-14 17:00:00+00:00,103.6,100.4,3192.0,117.0,25.1,14.0,6.0,0.0,159.77412,Lahore,17,1,10,155.22807,138.63544,158.68190892537436,2.314894864476101,0.02928627
2025-10-14 18:00:00+00:00,97.3,94.5,3421.0,106.3,23.5,14.0,5.0,0.0,159.76974,Lahore,18,1,10,155.39253,142.22916,158.86429278055826,2.214733620870843,0.028168743
2025-10-14 19:00:00+00:00,88.2,85.7,3482.0,96.9,21.5,14.0,5.0,0.0,159.55922,Lahore,19,1,10,155.51096,146.86458,159.0329704284668,2.0993916075825343,0.026032016
2025-10-14 20:00:00+00:00,82.4,80.3,3401.0,86.4,19.3,17.0,4.0,0.0,159.14693,Lahore,20,1,10,155.61183,150.4386,159.1802660624186,1.9688810478031546,0.022717394
2025-10-14 21:00:00+00:00,79.9,77.8,3168.0,78.7,17.6,18.0,4.0,0.0,158.63596,Lahore,21,1,10,155.70395,151.57018,159.30243301391602,1.829856589386011,0.018830651
2025-10-14 22:00:00+00:00,80.1,78.0,2630.0,75.7,17.0,15.0,4.0,0.0,158.10088,Lahore,22,1,10,155.86623,152.59212,159.39554341634116,1.6996263189358698,0.014336972
2025-10-14 23:00:00+00:00,81.7,79.9,1939.0,75.5,17.0,11.0,4.0,0.0,157.6864,Lahore,23,1,10,156.14693,153.3421,159.4596881866455,1.5976843196150192,0.00985914
2025-10-15 00:00:00+00:00,82.9,79.4,1546.0,64.1,15.8,20.0,6.0,0.0,157.42763,Lahore,0,2,10,156.56578,153.7829,159.49559847513834,1.5383970987941655,0.0055046952
2025-10-15 01:00:00+00:00,84.3,80.8,1813.0,66.2,15.9,19.0,6.0,0.0,156.95395,Lahore,1,2,10,157.30043,153.96272,159.48116175333658,1.5613473330928904,-0.0022026724
2025-10-15 02:00:00+00:00,89.2,85.9,2377.0,68.4,16.2,20.0,5.0,0.3,156.45834,Lahore,2,2,10,158.0614,154.07018,159.41436767578125,1.6561369693261474,-0.010141995
2025-10-15 03:00:00+00:00,80.8,78.2,2600.0,64.4,17.5,37.0,5.0,1.1,155.88158,Lahore,3,2,10,158.83115,154.25,159.29146893819174,1.8041272705726887,-0.018570473
2025-10-15 04:00:00+00:00,53.4,49.7,2083.0,48.4,21.0,87.0,6.0,2.45,155.41667,Lahore,4,2,10,159.49342,154.31798,159.12160428365073,1.9686996521685856,-0.025560625
2025-10-15 05:00:00+00:00,43.3,39.1,1226.0,26.3,25.4,152.0,7.0,3.95,154.98027,Lahore,5,2,10,159.79166,154.31358,158.92112986246744,2.135415833797229,-0.030110372
2025-10-15 06:00:00+00:00,39.6,35.4,589.0,9.8,27.9,201.0,8.0,4.9,154.80482,Lahore,6,2,10,159.84428,154.24562,158.71115239461264,2.2833385034034057,-0.031527303
2025-10-15 07:00:00+00:00,39.7,35.5,426.0,4.1,26.5,217.0,8.0,4.45,154.74123,Lahore,7,2,10,159.79385,154.17543,158.50062624613443,2.408661545513914,-0.03161966
2025-10-15 08:00:00+00:00,40.0,35.7,484.0,4.0,23.1,216.0,8.0,3.4,154.73245,Lahore,8,2,10,159.7522,154.19737,158.29147020975748,2.5110257246945475,-0.03142207
2025-10-15 09:00:00+00:00,40.5,36.3,563.0,6.0,20.4,210.0,8.0,1.7,154.73903,Lahore,9,2,10,159.76315,154.26096,158.08213170369467,2.591147138196279,-0.03144733
2025-10-15 10:00:00+00:00,41.3,37.3,528.0,6.8,19.4,206.0,8.0,1.25,154.77193,Lahore,10,2,10,159.8114,154.32018,157.87215360005698,2.6484770309626082,-0.031533886
2025-10-15 11:00:00+00:00,42.3,38.4,515.0,9.7,19.2,197.0,7.0,0.45,154.8421,Lahore,11,2,10,159.86403,154.3706,157.66290664672852,2.6824285361077065,-0.031413738
2025-10-15 12:00:00+00:00,58.2,52.3,734.0,19.0,18.0,163.0,11.0,0.05,174.42603,Lahore,12,2,10,159.9101,167.57014,158.2677370707194,4.337236863031669,0.09077557
2025-10-15 13:00:00+00:00,68.7,63.1,1473.0,43.8,19.1,126.0,11.0,0.0,186.54337,Lahore,13,2,10,165.338,173.9477,159.15129407246908,7.112309512223428,0.12825465
2025-10-15 14:00:00+00:00,77.8,72.2,2443.0,77.9,20.5,75.0,10.0,0.0,182.39796,Lahore,14,2,10,160.71428,165.81633,160.054780960083,8.551195209854619,0.13492072
2025-10-15 15:00:00+00:00,83.4,78.0,2987.0,102.6,21.6,36.0,10.0,0.0,162.30867,Lahore,15,2,10,159.76974,154.80263,160.16056950887045,8.563211989094789,0.015891152
2025-10-15 16:00:00+00:00,87.8,82.4,2704.0,108.3,22.0,20.0,10.0,0.0,155.63377,Lahore,16,2,10,159.7544,155.01315,159.9888769785563,8.612875123549411,-0.025793474
2025-10-15 17:00:00+00:00,92.7,87.3,1995.0,104.6,22.0,16.0,10.0,0.0,155.35745,Lahore,17,2,10,159.77412,155.22807,159.80484898885092,8.6646919593283,-0.027643222
2025-10-15 18:00:00+00:00,96.2,90.8,1407.0,101.6,21.9,13.0,10.0,0.0,155.07018,Lahore,18,2,10,159.76974,155.39253,159.60903358459473,8.718456312737333,-0.02941464
2025-10-15 19:00:00+00:00,99.2,93.8,1145.0,103.4,21.7,7.0,10.0,0.0,154.98904,Lahore,19,2,10,159.55922,155.51096,159.41860961914062,8.769352761424399,-0.028642502
2025-10-15 20:00:00+00:00,102.9,97.3,1004.0,105.9,21.5,3.0,11.0,0.0,155.16667,Lahore,20,2,10,159.14693,155.61183,159.25276565551758,8.812246082607116,-0.02500994
2025-10-15 21:00:00+00:00,106.4,100.8,921.0,107.4,21.3,0.0,11.0,0.0,155.53947,Lahore,21,2,10,158.63596,155.70395,159.12374560038248,8.844278996331319,-0.019519417
2025-10-15 22:00:00+00:00,110.1,104.5,823.0,107.1,21.2,0.0,11.0,0.0,156.04387,Lahore,22,2,10,158.10088,155.86623,159.03803698221842,8.864566264242981,-0.0130107235
2025-10-15 23:00:00+00:00,114.1,108.5,783.0,105.9,21.1,0.0,11.0,0.0,156.62502,Lahore,23,2,10,157.6864,156.14693,158.99381256103516,8.874244908571795,-0.0067309933
2025-10-16 00:00:00+00:00,110.1,104.1,960.0,95.8,20.3,0.0,11.0,0.0,157.2522,Lahore,0,3,10,157.42763,156.56578,158.98650296529135,8.875663179396687,-0.0011143552
2025-10-16 01:00:00+00:00,115.9,109.7,1633.0,94.7,20.9,5.0,10.0,0.0,157.79387,Lahore,1,3,10,156.95395,157.30043,159.02149963378906,8.868953748664335,0.005351379
2025-10-16 02:00:00+00:00,129.0,122.9,2522.0,92.2,21.9,14.0,9.0,0.3,158.42763,Lahore,2,3,10,156.45834,158.0614,159.1035531361898,8.853304865004514,0.012586635
2025-10-16 03:00:00+00:00,115.3,111.1,2953.0,83.1,23.3,38.0,8.0,1.1,159.23903,Lahore,3,3,10,155.88158,158.83115,159.24344698588052,8.826665861502706,0.021538481
2025-10-16 04:00:00+00:00,79.6,73.8,2477.0,61.1,26.0,91.0,9.0,2.45,159.96053,Lahore,4,3,10,155.41667,159.49342,159.43277422587076,8.789668868826075,0.029236592
2025-10-16 05:00:00+00:00,62.9,56.5,1542.0,32.6,29.2,159.0,10.0,4.0,160.48903,Lahore,5,3,10,154.98027,159.79166,159.66230583190918,8.74012949436946,0.035544902
2025-10-16 06:00:00+00:00,54.5,48.5,817.0,11.4,30.5,210.0,11.0,5.0,160.8706,Lahore,6,3,10,154.80482,159.84428,159.91504669189453,8.681060489229928,0.039183408
2025-10-16 07:00:00+00:00,48.1,43.0,563.0,3.8,28.0,230.0,10.0,5.1,161.1579,Lahore,7,3,10,154.74123,159.79385,160.18240801493326,8.613334830830883,0.04146711
2025-10-16 08:00:00+00:00,44.9,40.4,519.0,3.7,23.6,232.0,9.0,4.25,161.32237,Lahore,8,3,10,154.73245,159.7522,160.4569880167643,8.536742559749849,0.042589128
2025-10-16 09:00:00+00:00,44.5,40.2,576.0,6.1,20.2,229.0,8.0,2.85,161.42543,Lahore,9,3,10,154.73903,159.76315,160.73558807373047,8.450694295538565,0.043210827
2025-10-16 10:00:00+00:00,44.6,40.4,649.0,6.8,18.9,225.0,7.0,1.45,161.51096,Lahore,10,3,10,154.77193,159.8114,161.01638094584146,8.355344690848607,0.043541674
2025-10-16 11:00:00+00:00,44.8,40.7,824.0,10.1,18.7,216.0,7.0,0.45,162.94641,Lahore,11,3,10,154.8421,159.86403,161.35406049092612,8.258165103099357,0.05233918
2025-10-16 12:00:00+00:00,35.7,32.5,1247.0,19.8,16.6,171.0,6.0,0.05,191.32652,Lahore,12,3,10,174.42603,159.9101,162.0582478841146,9.965394045166235,0.09689207
2025-10-16 13:00:00+00:00,49.1,46.1,2169.0,49.1,18.3,132.0,6.0,0.0,201.71857,Lahore,13,3,10,186.54337,165.338,162.69054794311523,11.88337063254631,0.081349455
2025-10-16 14:00:00+00:00,60.8,57.6,3340.0,89.5,20.7,78.0,6.0,0.0,199.77678,Lahore,14,3,10,182.39796,160.71428,163.41466522216797,13.549194465191079,0.09527966
2025-10-16 15:00:00+00:00,71.0,68.0,4156.0,119.5,22.9,36.0,6.0,0.0,178.73087,Lahore,15,3,10,162.30867,159.76974,164.09892336527506,13.90101836914253,0.101178795
2025-10-16 16:00:00+00:00,84.5,81.5,4367.0,128.9,24.8,19.0,6.0,0.0,160.2829,Lahore,16,3,10,155.63377,159.7544,164.2926368713379,13.810021351588297,0.029872205
2025-10-16 17:00:00+00:00,96.2,93.1,4222.0,128.0,26.5,14.0,5.0,0.0,160.26315,Lahore,17,3,10,155.35745,159.77412,164.49704106648764,13.707948084813436,0.03157686
2025-10-16 18:00:00+00:00,102.4,99.7,3868.0,125.9,27.4,11.0,5.0,0.0,160.39035,Lahore,18,3,10,155.07018,159.76974,164.71871503194174,13.591397694664817,0.034308176
2025-10-16 19:00:00+00:00,103.8,101.0,3221.0,125.4,27.0,6.0,5.0,0.0,160.58553,Lahore,19,3,10,154.98904,159.55922,164.9519017537435,13.464626499186782,0.036108885
2025-10-16 20:00:00+00:00,104.1,101.3,2365.0,123.7,25.8,2.0,5.0,0.0,160.74341,Lahore,20,3,10,155.16667,159.14693,165.18426577250162,13.335921895463095,0.035940297
2025-10-16 21:00:00+00:00,104.8,102.2,1695.0,122.4,25.0,0.0,5.0,0.0,160.83115,Lahore,21,3,10,155.53947,158.63596,165.40475209554037,13.212704038033243,0.034021407
2025-10-16 22:00:00+00:00,106.2,103.4,1313.0,122.5,25.1,0.0,5.0,0.0,160.86183,Lahore,22,3,10,156.04387,158.10088,165.6055005391439,13.100418844079869,0.030875694
2025-10-16 23:00:00+00:00,108.5,105.5,1118.0,122.9,25.6,0.0,6.0,0.0,160.83772,Lahore,23,3,10,156.62502,157.6864,165.78103001912436,13.00271800018407,0.026896773
2025-10-17 00:00:00+00:00,117.1,114.1,1196.0,114.7,24.0,0.0,6.0,0.0,160.77193,Lahore,0,4,10,157.2522,157.42763,165.92768541971842,12.921938663254531,0.022382705
2025-10-17 01:00:00+00:00,118.3,115.0,1825.0,116.9,24.1,2.0,5.0,0.0,160.99123,Lahore,1,4,10,157.79387,156.95395,166.06090863545737,12.850720113472645,0.020262873
2025-10-17 02:00:00+00:00,126.2,122.9,2728.0,118.6,24.3,7.0,4.0,0.3,161.10745,Lahore,2,4,10,158.42763,156.45834,166.17256800333658,12.793024071022412,0.016915135
2025-10-17 03:00:00+00:00,105.9,103.6,3163.0,109.7,24.6,29.0,4.0,1.2,161.10745,Lahore,3,4,10,159.23903,155.88158,166.25041898091635,12.754623485257147,0.011733452
2025-10-17 04:00:00+00:00,71.2,68.5,2654.0,79.8,25.6,83.0,4.0,2.75,160.94298,Lahore,4,4,10,159.96053,155.41667,166.29135449727377,12.735120250877864,0.006141843
2025-10-17 05:00:00+00:00,51.9,48.4,1677.0,39.3,26.7,154.0,5.0,4.4,160.82675,Lahore,5,4,10,160.48903,154.98027,166.30542627970377,12.728615090469834,0.0021043357
2025-10-17 06:00:00+00:00,43.9,40.5,913.0,9.5,26.7,207.0,6.0,5.5,160.64912,Lahore,6,4,10,160.8706,154.80482,166.29619789123535,12.732806312249817,-0.001376767
2025-10-17 07:00:00+00:00,38.9,36.1,630.0,0.3,24.4,226.0,6.0,5.6,160.47368,Lahore,7,4,10,161.1579,154.74123,166.2676887512207,12.745570926690673,-0.004245646
2025-10-17 08:00:00+00:00,37.5,34.9,561.0,1.9,21.0,227.0,5.0,4.7,160.32237,Lahore,8,4,10,161.32237,154.73245,166.22602208455405,12.764061752420155,-0.006198768
2025-10-17 09:00:00+00:00,37.4,34.8,589.0,5.7,18.4,222.0,5.0,3.15,160.20175,Lahore,9,4,10,161.42543,154.73903,166.17503547668457,12.786495978665265,-0.0075804573
2025-10-17 10:00:00+00:00,37.5,34.9,624.0,5.9,17.4,219.0,5.0,1.6,160.08333,Lahore,10,4,10,161.51096,154.77193,166.11555099487305,12.812431739184698,-0.008839199
2025-10-17 11:00:00+00:00,37.8,35.4,757.0,8.4,17.3,211.0,5.0,0.5,159.96272,Lahore,11,4,10,162.94641,154.8421,165.9912306467692,12.858910422875605,-0.018310856
2025-10-17 12:00:00+00:00,37.4,36.2,1141.0,39.6,18.0,156.0,2.0,0.05,184.47066,Lahore,12,4,10,191.32652,174.42603,165.7055695851644,12.337183112735724,-0.035833325
2025-10-17 13:00:00+00:00,48.7,47.4,2016.0,63.4,19.2,121.0,2.0,0.0,196.1097,Lahore,13,4,10,201.71857,186.54337,165.47186660766602,11.65986070488128,-0.027805429
2025-10-17 14:00:00+00:00,59.1,57.7,3143.0,96.5,20.9,72.0,3.0,0.0,190.84822,Lahore,14,4,10,199.77678,182.39796,165.09984334309897,10.613188644786103,-0.044692673
2025-10-17 15:00:00+00:00,68.5,66.8,3956.0,122.7,22.9,34.0,3.0,0.0,169.32397,Lahore,15,4,10,178.73087,162.30867,164.70788955688477,10.255573750366255,-0.052631598
2025-10-17 16:00:00+00:00,82.2,80.8,4241.0,135.0,25.4,19.0,3.0,0.0,159.93202,Lahore,16,4,10,160.2829,155.63377,164.69326972961426,10.262403878436535,-0.0021891035
2025-10-17 17:00:00+00:00,94.5,92.9,4213.0,140.4,28.2,15.0,3.0,0.0,159.91666,Lahore,17,4,10,160.26315,155.35745,164.67883237202963,10.269148741907289,-0.0021620477
2025-10-17 18:00:00+00:00,103.8,102.2,3952.0,144.1,30.4,12.0,3.0,0.0,159.91228,Lahore,18,4,10,160.39035,155.07018,164.6589126586914,10.278288666802466,-0.002980685
2025-10-17 19:00:00+00:00,109.7,107.8,3360.0,148.8,31.8,8.0,3.0,0.0,159.96712,Lahore,19,4,10,160.58553,154.98904,164.63314565022787,10.289713179642769,-0.0038509585
2025-10-17 20:00:00+00:00,112.7,111.1,2534.0,151.8,32.5,6.0,3.0,0.0,160.11623,Lahore,20,4,10,160.74341,155.16667,164.6070130666097,10.300811813520506,-0.0039017587
2025-10-17 21:00:00+00:00,113.4,111.8,1847.0,150.4,32.2,5.0,3.0,0.0,160.33115,Lahore,21,4,10,160.83115,155.53947,164.58617973327637,10.309282652401969,-0.0031088507
2025-10-17 22:00:00+00:00,112.2,110.4,1360.0,141.7,30.3,4.0,3.0,0.0,160.54167,Lahore,22,4,10,160.86183,156.04387,164.57283973693848,10.314517223841696,-0.001990279
2025-10-17 23:00:00+00:00,109.9,108.0,1011.0,128.7,27.3,4.0,3.0,0.0,160.69519,Lahore,23,4,10,160.83772,156.62502,164.56690088907877,10.31680209737843,-0.0008861873
2025-10-18 00:00:00+00:00,108.3,106.2,993.0,108.0,21.9,2.0,4.0,0.0,160.75,Lahore,0,5,10,160.77193,157.2522,164.56598726908365,10.317153743650081,-0.000136385
2025-10-18 01:00:00+00:00,113.9,112.0,1639.0,109.8,22.2,5.0,4.0,0.0,160.57675,Lahore,1,5,10,160.99123,157.79387,164.5487174987793,10.323742448440406,-0.002574516
2025-10-18 02:00:00+00:00,124.8,122.9,2615.0,111.1,22.6,12.0,3.0,0.3,160.51097,Lahore,2,5,10,161.10745,158.42763,164.52386411031088,10.333100892751705,-0.0037023819
2025-10-18 03:00:00+00:00,112.2,110.6,3113.0,103.0,23.7,35.0,3.0,1.2,160.51097,Lahore,3,5,10,161.10745,159.23903,164.49901072184244,10.342388548287646,-0.0037023819
2025-10-18 04:00:00+00:00,80.1,78.2,2636.0,76.4,26.4,90.0,3.0,2.7,160.66447,Lahore,4,5,10,160.94298,159.96053,164.4874064127604,10.346707283895155,-0.0017304478
2025-10-18 05:00:00+00:00,52.3,50.2,1680.0,40.4,29.7,161.0,4.0,4.35,160.8772,Lahore,5,5,10,160.82675,160.48903,164.48950831095377,10.345936397030828,0.00031366397
2025-10-18 06:00:00+00:00,43.2,41.0,927.0,13.6,31.0,214.0,4.0,5.45,160.91666,Lahore,6,5,10,160.64912,160.8706,164.50065549214682,10.34176197198082,0.001665321
2025-10-18 07:00:00+00:00,38.8,36.8,637.0,3.7,28.6,234.0,4.0,5.55,160.92763,Lahore,7,5,10,160.47368,161.1579,164.51957003275552,10.334489186427067,0.0028288064
2025-10-18 08:00:00+00:00,37.7,35.7,549.0,2.9,24.2,236.0,4.0,4.7,160.94298,Lahore,8,5,10,160.32237,161.32237,164.54542859395346,10.324301915006483,0.0038709848
2025-10-18 09:00:00+00:00,36.7,34.6,565.0,6.6,20.7,228.0,4.0,3.15,160.96053,Lahore,9,5,10,160.20175,161.42543,164.57704416910806,10.311576109637619,0.004736364
2025-10-18 10:00:00+00:00,35.9,33.6,624.0,12.2,18.9,213.0,4.0,1.6,160.95613,Lahore,10,5,10,160.08333,161.51096,164.61341094970703,10.29656682206892,0.0054521775
2025-10-18 11:00:00+00:00,35.3,32.9,787.0,22.3,17.9,189.0,4.0,0.5,162.46811,Lahore,11,5,10,159.96272,162.94641,164.7178020477295,10.260001506027443,0.015662314
2025-10-18 12:00:00+00:00,33.8,33.3,1139.0,38.8,19.7,159.0,1.0,0.05,187.02167,Lahore,12,5,10,184.47066,191.32652,164.824094136556,10.484297739938338,0.013828812
2025-10-18 13:00:00+00:00,46.2,45.6,1840.0,64.8,21.6,126.0,1.0,0.0,198.02296,Lahore,13,5,10,196.1097,201.71857,164.90381368001303,10.736761510155548,0.009756116
2025-10-18 14:00:00+00:00,57.5,56.7,2730.0,101.0,24.3,79.0,2.0,0.0,192.44258,Lahore,14,5,10,190.84822,199.77678,164.97024536132812,10.907836502463702,0.008354075
2025-10-18 15:00:00+00:00,70.8,69.8,3409.0,131.0,27.1,41.0,2.0,0.0,170.91837,Lahore,15,5,10,169.32397,178.73087,165.03667831420898,10.940312151282997,0.009416214
2025-10-18 16:00:00+00:00,87.3,86.4,3709.0,149.1,30.0,20.0,2.0,0.0,160.8136,Lahore,16,5,10,159.93202,160.2829,165.07341066996256,10.92389561375715,0.005512195
2025-10-18 17:00:00+00:00,101.5,100.6,3799.0,161.0,33.0,8.0,2.0,0.0,160.9364,Lahore,17,5,10,159.91666,160.26315,165.11590003967285,10.904932664845061,0.006376727
2025-10-18 18:00:00+00:00,111.5,110.6,3781.0,167.4,34.9,0.0,2.0,0.0,161.10527,Lahore,18,5,10,159.91228,160.39035,165.16560808817545,10.882878368051545,0.0074602976
2025-10-18 19:00:00+00:00,116.9,115.9,3667.0,166.7,35.1,0.0,2.0,0.0,161.28947,Lahore,19,5,10,159.96712,160.58553,165.2207063039144,10.85873561779117,0.008266431
2025-10-18 20:00:00+00:00,120.1,119.2,3445.0,160.4,34.3,0.0,2.0,0.0,161.4671,Lahore,20,5,10,160.11623,160.74341,165.27699279785156,10.834600359089903,0.008436846
2025-10-18 21:00:00+00:00,121.5,120.6,3190.0,153.7,33.3,0.0,2.0,0.0,161.64473,Lahore,21,5,10,160.33115,160.83115,165.33172543843588,10.81182330966007,0.00819294
2025-10-18 22:00:00+00:00,121.1,120.1,2828.0,148.0,32.5,0.0,2.0,0.0,161.83772,Lahore,22,5,10,160.54167,160.86183,165.3857275644938,10.790072905810261,0.008072988
2025-10-18 23:00:00+00:00,119.7,118.7,2433.0,141.8,31.5,0.0,2.0,0.0,162.05045,Lahore,23,5,10,160.69519,160.83772,165.44219652811685,10.767981773271295,0.008433701
2025-10-19 00:00:00+00:00,111.3,110.1,2293.0,111.5,22.0,0.0,2.0,0.0,162.2851,Lahore,0,6,10,160.75,160.77193,165.50615882873535,10.743429369135258,0.009549581
2025-10-19 01:00:00+00:00,114.3,113.4,2743.0,114.1,22.7,0.0,2.0,0.0,162.3706,Lahore,1,6,10,160.57675,160.99123,165.58090273539224,10.713842887680695,0.011171317
2025-10-19 02:00:00+00:00,128.5,127.6,3450.0,116.5,23.8,1.0,1.0,0.3,162.4013,Lahore,2,6,10,160.51097,161.10745,165.65966669718424,10.68185095049185,0.011776984
2025-10-19 03:00:00+00:00,112.9,112.2,3699.0,109.1,25.4,22.0,1.0,1.15,162.5044,Lahore,3,6,10,160.51097,161.10745,165.74272600809732,10.647771183699788,0.012419235
2025-10-19 04:00:00+00:00,77.1,76.6,3012.0,82.5,28.8,81.0,0.0,2.55,162.53947,Lahore,4,6,10,160.66447,160.94298,165.82085100809732,10.61572134920628,0.011670284
2025-10-19 05:00:00+00:00,54.4,54.1,1868.0,46.2,32.7,158.0,0.0,4.1,162.5044,Lahore,5,6,10,160.8772,160.82675,165.88865089416504,10.587934605873853,0.01011453
2025-10-19 06:00:00+00:00,49.1,48.9,991.0,18.5,34.0,214.0,0.0,5.1,162.5899,Lahore,6,6,10,160.91666,160.64912,165.95836957295737,10.559241991358732,0.01039823
2025-10-19 07:00:00+00:00,45.8,44.8,686.0,6.7,30.2,230.0,1.0,5.2,162.76315,Lahore,7,6,10,160.92763,160.47368,166.03484980265299,10.527820834053152,0.011405907
2025-10-19 08:00:00+00:00,42.7,41.1,648.0,3.6,23.7,224.0,3.0,4.3,162.9386,Lahore,8,6,10,160.94298,160.32237,166.11800066630045,10.493681202474122,0.012399551
2025-10-19 09:00:00+00:00,39.6,37.7,684.0,6.0,18.6,210.0,4.0,2.9,163.05702,Lahore,9,6,10,160.96053,160.20175,166.20535469055176,10.457545313360987,0.013024911
2025-10-19 10:00:00+00:00,37.4,35.3,698.0,13.2,16.1,191.0,4.0,1.45,163.12498,Lahore,10,6,10,160.95613,160.08333,166.29572359720865,10.41951382930031,0.013474813
2025-10-19 11:00:00+00:00,36.4,34.3,786.0,25.9,14.9,164.0,3.0,0.45,163.16228,Lahore,11,6,10,162.46811,159.96272,166.32464726765951,10.409385292573743,0.004272642
2025-10-19 12:00:00+00:00,28.9,27.6,1042.0,34.8,12.7,124.0,2.0,0.05,172.19388,Lahore,12,6,10,187.02167,184.47066,165.70682271321616,9.53048245348325,-0.0792838
2025-10-19 13:00:00+00:00,39.1,37.8,1613.0,56.0,14.1,96.0,2.0,0.0,179.04974,Lahore,13,6,10,198.02296,196.1097,164.91627184549967,7.246568686599072,-0.09581324
2025-10-19 14:00:00+00:00,47.3,46.0,2353.0,85.4,16.0,58.0,3.0,0.0,169.16454,Lahore,14,6,10,192.44258,190.84822,163.94635327657065,4.401411127083624,-0.120960996
2025-10-19 15:00:00+00:00,54.6,53.2,2910.0,109.2,18.0,27.0,3.0,0.0,162.66228,Lahore,15,6,10,170.91837,169.32397,163.60234959920248,4.14815532795212,-0.04830428
2025-10-19 16:00:00+00:00,63.3,61.9,3140.0,121.8,20.0,12.0,3.0,0.0,162.29823,Lahore,16,6,10,160.8136,159.93202,163.66420936584473,4.115702588343432,0.00923202
2025-10-19 17:00:00+00:00,71.7,70.3,3189.0,128.7,22.1,4.0,3.0,0.0,161.76096,Lahore,17,6,10,160.9364,159.91666,163.6985658009847,4.095332911922769,0.00512348
2025-10-19 18:00:00+00:00,78.2,76.8,3140.0,132.8,23.5,0.0,3.0,0.0,161.0965,Lahore,18,6,10,161.10527,159.91228,163.69820022583008,4.095574855175811,-5.4460066e-05
2025-10-19 19:00:00+00:00,81.3,79.6,3003.0,134.8,24.0,0.0,3.0,0.0,160.35527,Lahore,19,6,10,161.28947,159.96712,163.65927505493164,4.123805356643199,-0.005792096
2025-10-19 20:00:00+00:00,83.6,82.2,2769.0,134.1,23.8,0.0,3.0,0.0,159.55922,Lahore,20,6,10,161.4671,160.11623,163.5797799428304,4.185824375292323,-0.011815922
2025-10-19 21:00:00+00:00,85.7,84.1,2495.0,130.9,23.4,0.0,3.0,0.0,158.7478,Lahore,21,6,10,161.64473,160.33115,163.4590746561686,4.284653101972862,-0.017921567
2025-10-19 22:00:00+00:00,86.6,85.0,2077.0,124.2,22.5,0.0,3.0,0.0,157.94737,Lahore,22,6,10,161.83772,160.54167,163.2969767252604,4.420108509404721,-0.024038589
2025-10-19 23:00:00+00:00,87.5,85.9,1618.0,115.1,21.2,0.0,3.0,0.0,157.17763,Lahore,23,6,10,162.05045,160.69519,163.0939426422119,4.588560958842704,-0.03006976
2025-10-20 00:00:00+00:00,84.5,82.7,1485.0,90.0,16.4,6.0,3.0,0.0,156.45833,Lahore,0,0,10,162.2851,160.75,162.85116068522134,4.783236210441638,-0.03590451
2025-10-20 01:00:00+00:00,87.5,85.7,2068.0,89.4,16.7,7.0,3.0,0.0,155.85745,Lahore,1,0,10,162.3706,160.57675,162.57977930704752,4.991899929061956,-0.040112883
2025-10-20 02:00:00+00:00,96.9,95.2,2978.0,87.6,17.2,12.0,2.0,0.3,155.25,Lahore,2,0,10,162.4013,160.51097,162.28180821736655,5.211615047501431,-0.044034783
2025-10-20 03:00:00+00:00,89.9,88.9,3412.0,80.3,18.5,31.0,2.0,1.15,154.53946,Lahore,3,0,10,162.5044,160.51097,161.94993591308594,5.4451913530578375,-0.04901366
2025-10-20 04:00:00+00:00,67.1,65.7,2878.0,62.3,21.8,81.0,3.0,2.55,154.0285,Lahore,4,0,10,162.53947,160.66447,161.59531211853027,5.677322731828756,-0.052362487
2025-10-20 05:00:00+00:00,45.1,42.8,1868.0,38.7,25.8,146.0,5.0,4.15,153.78947,Lahore,5,0,10,162.5044,160.8772,161.23219045003256,5.89131985734491,-0.05362883
2025-10-20 06:00:00+00:00,43.4,40.0,1055.0,20.2,27.6,194.0,6.0,5.15,153.54166,Lahore,6,0,10,162.5899,160.91666,160.85518010457358,6.086926772627225,-0.055650737
2025-10-20 07:00:00+00:00,42.4,38.1,684.0,9.5,25.0,213.0,7.0,5.25,153.3465,Lahore,7,0,10,162.76315,160.92763,160.46281941731772,6.259638914715084,-0.057854965
2025-10-20 08:00:00+00:00,39.5,35.3,510.0,3.9,20.1,215.0,8.0,4.3,153.19955,Lahore,8,0,10,162.9386,160.94298,160.05702590942383,6.406125870341121,-0.059771255
2025-10-20 09:00:00+00:00,36.4,32.0,473.0,6.6,16.3,206.0,8.0,2.8,153.07237,Lahore,9,0,10,163.05702,160.96053,159.64099884033203,6.525921030530263,-0.061234098
2025-10-20 10:00:00+00:00,35.7,31.1,584.0,21.6,15.0,184.0,8.0,1.4,152.94737,Lahore,10,0,10,163.12498,160.95613,159.21693166097006,6.619688443864115,-0.062391497
2025-10-20 11:00:00+00:00,36.6,31.8,832.0,44.9,14.9,150.0,8.0,0.45,152.85527,Lahore,11,0,10,163.16228,162.46811,158.787473042806,6.686602038314475,-0.063170284
2025-10-20 12:00:00+00:00,42.5,39.1,1117.0,68.9,13.6,102.0,6.0,0.05,158.96046,Lahore,12,0,10,172.19388,187.02167,158.2360808054606,6.048162864244774,-0.07685182
2025-10-20 13:00:00+00:00,53.1,49.4,1467.0,82.3,14.5,81.0,7.0,0.0,162.30867,Lahore,13,0,10,179.04974,198.02296,157.53853607177734,4.237750002966786,-0.09349957
2025-10-20 14:00:00+00:00,58.8,54.8,1854.0,100.6,15.8,51.0,7.0,0.0,153.30702,Lahore,14,0,10,169.16454,192.44258,156.87780634562174,3.522044822455688,-0.09374018
2025-10-20 15:00:00+00:00,63.8,59.8,2102.0,113.1,16.9,30.0,8.0,0.0,153.50002,Lahore,15,0,10,162.66228,170.91837,156.4960454305013,3.3606545016054086,-0.0563269
2025-10-20 16:00:00+00:00,69.4,65.2,2122.0,114.2,17.6,24.0,8.0,0.0,153.64474,Lahore,16,0,10,162.29823,160.8136,156.1354834238688,3.1698743938150327,-0.053318437
2025-10-20 17:00:00+00:00,74.3,70.1,2002.0,109.4,18.1,26.0,8.0,0.0,153.71712,Lahore,17,0,10,161.76096,160.9364,155.80032348632812,2.968039663019524,-0.0497267
2025-10-20 18:00:00+00:00,77.5,73.3,1826.0,104.7,18.3,28.0,8.0,0.0,153.71272,Lahore,18,0,10,161.0965,161.10527,155.49266624450684,2.7713591307190404,-0.045834478
2025-10-20 19:00:00+00:00,79.9,75.2,1589.0,102.4,18.3,27.0,8.0,0.0,153.63597,Lahore,19,0,10,160.35527,161.28947,155.21269543965658,2.592389473759472,-0.04190258
2025-10-20 20:00:00+00:00,82.7,78.2,1297.0,100.2,18.2,25.0,8.0,0.0,153.53947,Lahore,20,0,10,159.55922,161.4671,154.96187273661295,2.4403191407974933,-0.03772734
2025-10-20 21:00:00+00:00,85.4,81.0,1052.0,96.5,17.7,23.0,8.0,0.0,153.45175,Lahore,21,0,10,158.7478,161.64473,154.74120394388834,2.3195497041435984,-0.033361413
2025-10-20 22:00:00+00:00,85.9,81.7,838.0,90.0,16.7,20.0,8.0,0.0,153.38377,Lahore,22,0,10,157.94737,161.83772,154.5510540008545,2.230641175634882,-0.02889316
2025-10-20 23:00:00+00:00,84.8,81.0,671.0,82.1,15.4,16.0,7.0,0.0,153.3114,Lahore,23,0,10,157.17763,162.05045,154.38996124267578,2.1715303177678966,-0.024597814
2025-10-21 00:00:00+00:00,82.0,79.6,696.0,75.5,12.8,7.0,5.0,0.0,153.20393,Lahore,0,1,10,156.45833,162.2851,154.25436147054037,2.138109020844406,-0.020800391
2025-10-21 01:00:00+00:00,86.4,84.1,1124.0,76.5,13.4,7.0,4.0,0.0,153.13596,Lahore,1,1,10,155.85745,162.3706,154.1409657796224,2.1214951555561465,-0.017461447
2025-10-21 02:00:00+00:00,98.3,95.9,1743.0,77.0,14.4,10.0,3.0,0.25,153.10088,Lahore,2,1,10,155.25,162.4013,154.05141894022623,2.1180019487386583,-0.01384299
2025-10-21 03:00:00+00:00,88.0,86.6,2070.0,71.7,15.9,28.0,3.0,1.1,153.11623,Lahore,3,1,10,154.53946,162.5044,153.99211756388345,2.123660133389983,-0.009209512
2025-10-21 04:00:00+00:00,55.2,53.3,1809.0,55.1,18.9,78.0,4.0,2.45,153.0658,Lahore,4,1,10,154.0285,162.53947,153.95200475056967,2.1320185915652745,-0.0062501905
2025-10-21 05:00:00+00:00,38.1,35.5,1254.0,32.7,22.6,143.0,6.0,3.9,152.79385,Lahore,5,1,10,153.78947,162.5044,153.91052055358887,2.1449654950562476,-0.00647392
2025-10-21 06:00:00+00:00,34.5,31.0,807.0,15.5,24.4,190.0,7.0,4.65,152.63377,Lahore,6,1,10,153.54166,162.5899,153.8726921081543,2.1597085975209804,-0.0059129405
2025-10-21 07:00:00+00:00,31.4,27.6,607.0,6.9,22.7,205.0,8.0,4.4,152.4364,Lahore,7,1,10,153.3465,162.76315,153.83477147420248,2.177267794997952,-0.005934894
2025-10-21 08:00:00+00:00,29.8,25.7,514.0,3.5,19.3,201.0,9.0,3.65,152.20613,Lahore,8,1,10,153.19955,162.9386,153.79337882995605,2.1992017813836244,-0.006484506
2025-10-21 09:00:00+00:00,30.7,26.1,511.0,6.2,16.6,190.0,9.0,2.45,151.9956,Lahore,9,1,10,153.07237,163.05702,153.74851353963217,2.2253779777319713,-0.007034365
2025-10-21 10:00:00+00:00,31.8,27.1,617.0,17.3,15.8,171.0,8.0,1.25,151.86623,Lahore,10,1,10,152.94737,163.12498,153.7034657796224,2.253070751569241,-0.0070687467
2025-10-21 11:00:00+00:00,33.2,29.0,813.0,34.5,15.7,144.0,7.0,0.4,151.7785,Lahore,11,1,10,152.85527,163.16228,153.6586004892985,2.2812398885658407,-0.0070443563
2025-10-21 12:00:00+00:00,30.2,27.9,1022.0,37.7,10.9,106.0,4.0,0.05,151.7171,Lahore,12,1,10,158.96046,172.19388,153.35679372151694,2.0126430114599043,-0.04556707
2025-10-21 13:00:00+00:00,35.3,33.2,1259.0,47.1,11.3,89.0,4.0,0.0,152.74236,Lahore,13,1,10,162.30867,179.04974,152.95819727579752,0.6458960507886171,-0.058939025
2025-10-21 14:00:00+00:00,39.2,37.3,1510.0,60.2,11.9,65.0,4.0,0.0,151.11623,Lahore,14,1,10,153.30702,169.16454,152.86691411336264,0.742099700888308,-0.014290252
2025-10-21 15:00:00+00:00,43.1,41.2,1656.0,72.1,12.6,44.0,4.0,0.0,150.73245,Lahore,15,1,10,153.50002,162.66228,152.75159899393717,0.8470496919375835,-0.018029723
2025-10-21 16:00:00+00:00,49.6,47.5,1624.0,81.8,13.7,30.0,4.0,0.0,150.32455,Lahore,16,1,10,153.64474,162.29823,152.61325772603354,0.9586190132608668,-0.021609528
2025-10-21 17:00:00+00:00,58.6,56.7,1487.0,90.2,14.9,19.0,3.0,0.0,149.6979,Lahore,17,1,10,153.71712,161.76096,152.44579060872397,1.0982899883450241,-0.026146801
2025-10-21 18:00:00+00:00,66.4,64.5,1344.0,94.6,15.5,13.0,3.0,0.0,148.30206,Lahore,18,1,10,153.71272,161.0965,152.22034645080566,1.3527604707056962,-0.035199817
2025-10-21 19:00:00+00:00,68.5,66.6,1211.0,92.8,15.2,12.0,3.0,0.0,147.38539,Lahore,19,1,10,153.63597,160.35527,151.95990562438965,1.6396446220566807,-0.04068435
2025-10-21 20:00:00+00:00,68.5,66.8,1072.0,87.0,14.3,16.0,3.0,0.0,146.48956,Lahore,20,1,10,153.53947,159.55922,151.66615931193033,1.9470459056516183,-0.045915954
2025-10-21 21:00:00+00:00,67.8,66.1,980.0,81.0,13.5,19.0,3.0,0.0,145.30208,Lahore,21,1,10,153.45175,158.7478,151.3265895843506,2.3006475803357236,-0.053109027
2025-10-21 22:00:00+00:00,66.4,65.0,916.0,75.0,13.0,20.0,3.0,0.0,143.75,Lahore,22,1,10,153.38377,157.94737,150.9251823425293,2.7270318303911867,-0.0628083
2025-10-21 23:00:00+00:00,65.7,64.5,899.0,68.8,12.5,21.0,2.0,0.0,142.01042,Lahore,23,1,10,153.3114,157.17763,150.4543081919352,3.2269364651371224,-0.07371259
2025-10-22 00:00:00+00:00,41.1,40.7,1038.0,32.6,9.9,57.0,1.0,0.0,140.29167,Lahore,0,2,10,153.20393,156.45833,149.9162972768148,3.7779309776050614,-0.08428153
2025-10-22 01:00:00+00:00,49.4,48.9,1526.0,41.7,10.4,44.0,1.0,0.0,136.2396,Lahore,1,2,10,153.13596,155.85745,149.21228218078613,4.630073093984802,-0.11033569
2025-10-22 02:00:00+00:00,60.3,59.8,2171.0,53.6,11.0,27.0,1.0,0.25,132.5729,Lahore,2,2,10,153.10088,155.25,148.35695012410483,5.661670132718289,-0.13408133
2025-10-22 03:00:00+00:00,62.4,62.2,2502.0,58.1,11.9,30.0,1.0,1.1,128.81248,Lahore,3,2,10,153.11623,154.53946,147.34429423014322,6.826985429485919,-0.15872741
2025-10-22 04:00:00+00:00,50.3,49.7,2234.0,48.0,13.3,72.0,1.0,2.5,126.27083,Lahore,4,2,10,153.0658,154.0285,146.2278372446696,7.949344379969279,-0.17505522
2025-10-22 05:00:00+00:00,39.2,38.3,1653.0,30.4,15.0,133.0,1.0,4.05,125.895836,Lahore,5,2,10,152.79385,153.78947,145.10708649953207,8.830651861348498,-0.17604123
2025-10-22 06:00:00+00:00,33.2,32.2,1146.0,16.2,15.6,177.0,2.0,5.15,126.1875,Lahore,6,2,10,152.63377,153.54166,144.00515842437744,9.4769911817738,-0.1732662
2025-10-22 07:00:00+00:00,26.6,24.9,805.0,8.1,14.3,190.0,3.0,5.25,126.31249,Lahore,7,2,10,152.4364,153.3465,142.91666221618652,9.954715119218479,-0.1713758
2025-10-22 08:00:00+00:00,22.8,20.1,539.0,3.3,11.9,186.0,5.0,4.4,126.03126,Lahore,8,2,10,152.20613,153.19955,141.82604249318442,10.319866755131645,-0.1719699
2025-10-22 09:00:00+00:00,22.3,19.3,458.0,4.8,10.2,175.0,6.0,2.9,125.447914,Lahore,9,2,10,151.9956,153.07237,140.7198886871338,10.601372336020818,-0.17466092
2025-10-22 10:00:00+00:00,22.2,19.4,631.0,15.5,9.7,156.0,5.0,1.45,124.73958,Lahore,10,2,10,151.86623,152.94737,139.58961168924967,10.805429492793634,-0.17862199
2025-10-22 11:00:00+00:00,22.8,20.4,990.0,32.4,9.8,129.0,4.0,0.45,123.93752,Lahore,11,2,10,151.7785,152.85527,138.42957083384195,10.93367390706495,-0.18343164
2025-10-22 12:00:00+00:00,36.6,33.3,1444.0,61.4,11.5,91.0,6.0,0.05,125.595245,Lahore,12,2,10,151.7171,158.96046,137.3411601384481,10.853311043034578,-0.17217477
2025-10-22 13:00:00+00:00,46.2,43.0,2003.0,71.7,12.8,74.0,6.0,0.0,129.63434,Lahore,13,2,10,152.74236,162.30867,136.37832609812418,10.444926782223108,-0.15128756
2025-10-22 14:00:00+00:00,55.8,52.5,2656.0,86.0,14.6,49.0,6.0,0.0,124.625,Lahore,14,2,10,151.11623,153.30702,135.27452500661215,10.217021872840743,-0.17530365
2025-10-22 15:00:00+00:00,64.3,61.2,3285.0,96.4,16.1,30.0,6.0,0.0,126.20834,Lahore,15,2,10,150.73245,153.50002,134.25268713633218,9.822560083346557,-0.1626996
2025-10-22 16:00:00+00:00,72.4,69.4,4007.0,99.4,17.0,21.0,6.0,0.0,128.29167,Lahore,16,2,10,150.32455,153.64474,133.3346503575643,9.269171860683283,-0.14656876
2025-10-22 17:00:00+00:00,80.1,77.1,4705.0,98.6,17.7,17.0,6.0,0.0,130.57292,Lahore,17,2,10,149.6979,153.71712,132.53777599334717,8.599126255019083,-0.12775719
2025-10-22 18:00:00+00:00,86.6,83.4,4904.0,97.2,17.9,14.0,6.0,0.0,132.69792,Lahore,18,2,10,148.30206,153.71272,131.88760344187418,7.918338324612378,-0.10521864
2025-10-22 19:00:00+00:00,90.3,87.1,4171.0,96.3,17.6,11.0,6.0,0.0,134.66667,Lahore,19,2,10,147.38539,153.63597,131.35765679677328,7.231884213541861,-0.08629566
2025-10-22 20:00:00+00:00,92.7,89.4,2940.0,94.7,16.9,9.0,6.0,0.0,136.8021,Lahore,20,2,10,146.48956,153.53947,130.9540122350057,6.592685159598334,-0.06613078
2025-10-22 21:00:00+00:00,93.8,90.6,2036.0,92.6,16.1,7.0,6.0,0.0,139.15627,Lahore,21,2,10,145.30208,153.45175,130.6979366938273,6.113053065954963,-0.0422968
2025-10-22 22:00:00+00:00,93.8,90.6,1807.0,89.3,15.1,4.0,6.0,0.0,141.70834,Lahore,22,2,10,143.75,153.38377,130.61286767323813,5.935140850330192,-0.014202828
2025-10-22 23:00:00+00:00,93.1,90.1,1905.0,85.5,14.1,2.0,5.0,0.0,144.375,Lahore,23,2,10,142.01042,153.3114,130.71139176686606,6.1483638978050354,0.016650738
2025-10-23 00:00:00+00:00,70.5,67.1,2108.0,54.4,11.1,30.0,7.0,0.0,147.04166,Lahore,0,3,10,140.29167,153.20393,130.99264113108316,6.732310349580883,0.04811394
2025-10-23 01:00:00+00:00,77.8,74.3,2479.0,61.1,11.6,22.0,6.0,0.0,149.79167,Lahore,1,3,10,136.2396,153.13596,131.55731105804443,7.691533043477106,0.09947239
2025-10-23 02:00:00+00:00,91.7,88.0,2955.0,69.7,12.3,14.0,5.0,0.25,150.51315,Lahore,2,3,10,132.5729,153.10088,132.30482133229575,8.611303609686056,0.13532363
2025-10-23 03:00:00+00:00,90.3,88.0,3122.0,71.0,13.5,26.0,4.0,1.1,151.13158,Lahore,3,3,10,128.81248,153.11623,133.23478349049887,9.387894686139765,0.17326808
2025-10-23 04:00:00+00:00,75.2,72.4,2702.0,58.5,15.7,80.0,5.0,2.5,151.69737,Lahore,4,3,10,126.27083,153.0658,134.29422283172607,9.983642424544543,0.20136514
2025-10-23 05:00:00+00:00,57.7,54.2,1973.0,38.7,18.3,154.0,7.0,4.05,152.19518,Lahore,5,3,10,125.895836,152.79385,135.3900286356608,10.453985909206317,0.2088976
2025-10-23 06:00:00+00:00,48.1,44.0,1359.0,22.5,19.5,207.0,8.0,5.15,152.54385,Lahore,6,3,10,126.1875,152.63377,136.48821004231772,10.823077231423643,0.2088666
2025-10-23 07:00:00+00:00,41.1,36.6,983.0,11.6,18.2,219.0,8.0,4.95,152.80263,Lahore,7,3,10,126.31249,152.4364,137.591965675354,11.087739743794124,0.20971905
2025-10-23 08:00:00+00:00,33.8,29.4,721.0,4.2,15.5,209.0,8.0,4.05,153.0592,Lahore,8,3,10,126.03126,152.20613,138.71813011169434,11.234111393247547,0.21445431
2025-10-23 09:00:00+00:00,30.7,26.6,628.0,5.8,13.5,190.0,8.0,2.75,153.26315,Lahore,9,3,10,125.447914,151.9956,139.87709840138754,11.240344712828767,0.22172739
2025-10-23 10:00:00+00:00,29.9,26.0,726.0,21.7,12.7,163.0,7.0,1.4,153.42323,Lahore,10,3,10,124.73958,151.86623,141.07225068410239,11.084683801603813,0.22994831
2025-10-23 11:00:00+00:00,30.7,27.4,993.0,46.6,12.7,128.0,6.0,0.4,153.56798,Lahore,11,3,10,123.93752,151.7785,142.3068529764811,10.73794049363756,0.23907574
2025-10-23 12:00:00+00:00,43.4,39.5,1416.0,66.4,12.3,89.0,8.0,0.05,153.72148,Lahore,12,3,10,125.595245,151.7171,143.4787794748942,10.363043553731188,0.22394347
2025-10-23 13:00:00+00:00,55.9,52.0,2085.0,76.6,13.9,72.0,8.0,0.0,154.17728,Lahore,13,3,10,129.63434,152.74236,144.50140190124512,10.146154940351328,0.18932436
2025-10-23 14:00:00+00:00,67.1,63.1,2910.0,90.9,16.3,49.0,7.0,0.0,154.05482,Lahore,14,3,10,124.625,151.11623,145.72764460245767,9.389705303745249,0.23614705
2025-10-23 15:00:00+00:00,79.2,75.4,3603.0,102.8,18.7,30.0,7.0,0.0,154.28728,Lahore,15,3,10,126.20834,150.73245,146.8976001739502,8.564954126203116,0.2224808
2025-10-23 16:00:00+00:00,89.6,85.9,4132.0,109.9,21.3,21.0,7.0,0.0,154.59868,Lahore,16,3,10,128.29167,150.32455,147.99372545878092,7.722171248550556,0.20505624
2025-10-23 17:00:00+00:00,98.7,94.8,4529.0,114.5,24.1,17.0,7.0,0.0,154.96053,Lahore,17,3,10,130.57292,149.6979,149.00987561543783,6.889831183856919,0.18677382
2025-10-23 18:00:00+00:00,105.5,101.5,4602.0,117.9,26.1,13.0,7.0,0.0,155.34868,Lahore,18,3,10,132.69792,148.30206,149.95365715026855,6.059588213655778,0.17069413
2025-10-23 19:00:00+00:00,110.6,106.4,4165.0,120.1,26.8,8.0,7.0,0.0,155.74562,Lahore,19,3,10,134.66667,147.38539,150.8319466908773,5.2164852129500066,0.15652685
2025-10-23 20:00:00+00:00,113.9,109.9,3403.0,120.9,26.7,3.0,7.0,0.0,156.16887,Lahore,20,3,10,136.8021,146.48956,151.6388956705729,4.38320645620671,0.14156783
2025-10-23 21:00:00+00:00,116.9,112.9,2680.0,121.0,26.8,0.0,7.0,0.0,156.61842,Lahore,21,3,10,139.15627,145.30208,152.36648559570312,3.6004940356408617,0.12548597
2025-10-23 22:00:00+00:00,119.0,115.3,2007.0,120.4,27.4,0.0,7.0,0.0,157.10747,Lahore,22,3,10,141.70834,143.75,153.00811576843262,2.927843792424052,0.10866773
2025-10-23 23:00:00+00:00,121.5,117.8,1373.0,119.0,28.2,0.0,7.0,0.0,157.64912,Lahore,23,3,10,144.375,142.01042,153.56120427449545,2.4390723349455063,0.09194198
2025-10-24 00:00:00+00:00,82.9,80.8,1110.0,67.2,12.2,8.0,4.0,0.0,158.25658,Lahore,0,4,10,147.04166,140.29167,154.02849260965982,2.1981228630479865,0.07627036
2025-10-24 01:00:00+00:00,84.1,82.2,1595.0,66.7,12.0,7.0,3.0,0.0,158.55702,Lahore,1,4,10,149.79167,136.2396,154.39371554056802,2.1917407829024955,0.058516942
2025-10-24 02:00:00+00:00,90.1,88.5,2450.0,65.6,11.9,7.0,2.0,0.25,158.73027,Lahore,2,4,10,150.51315,132.5729,154.7360954284668,2.2009810396522096,0.054594014
2025-10-24 03:00:00+00:00,81.0,79.6,2873.0,60.6,12.8,22.0,2.0,1.1,158.74124,Lahore,3,4,10,151.13158,128.81248,155.05316480000815,2.2072523736181955,0.05035126
2025-10-24 04:00:00+00:00,65.2,63.3,2375.0,48.6,15.6,66.0,3.0,2.5,158.55702,Lahore,4,4,10,151.69737,126.27083,155.3389835357666,2.1979259700045253,0.045219306
2025-10-24 05:00:00+00:00,49.1,46.6,1445.0,32.7,19.4,124.0,4.0,4.1,158.35745,Lahore,5,4,10,152.19518,125.895836,155.59574508666992,2.1745123836137368,0.04048931
2025-10-24 06:00:00+00:00,40.7,37.8,751.0,20.0,22.0,171.0,5.0,5.1,158.1908,Lahore,6,4,10,152.54385,126.1875,155.8310343424479,2.1350814838380923,0.037018485
2025-10-24 07:00:00+00:00,36.2,33.6,575.0,11.2,22.2,198.0,5.0,5.05,158.05482,Lahore,7,4,10,152.80263,126.31249,156.04987589518228,2.0796297244125466,0.034372427
2025-10-24 08:00:00+00:00,33.9,31.5,636.0,5.5,21.1,214.0,5.0,4.25,157.98904,Lahore,8,4,10,153.0592,126.03126,156.2552858988444,2.013815247894763,0.032208715
2025-10-24 09:00:00+00:00,33.6,31.2,752.0,7.0,20.2,215.0,5.0,2.8,158.0351,Lahore,9,4,10,153.26315,125.447914,156.45411682128906,1.9397606903782911,0.031135613
2025-10-24 10:00:00+00:00,34.7,32.0,872.0,19.1,19.7,196.0,5.0,1.35,158.13596,Lahore,10,4,10,153.42323,124.73958,156.65048027038574,1.8563447565642894,0.030717138
2025-10-24 11:00:00+00:00,36.7,33.8,1048.0,38.4,19.3,164.0,5.0,0.4,158.26755,Lahore,11,4,10,153.56798,123.93752,156.84629567464194,1.7625475938153088,0.030602537
2025-10-24 12:00:00+00:00,51.3,49.1,1258.0,63.6,19.2,114.0,4.0,0.0,158.4079,Lahore,12,4,10,153.72148,125.595245,157.04156303405762,1.6577910290012032,0.030486414
2025-10-24 13:00:00+00:00,63.6,61.0,1533.0,76.5,19.9,90.0,4.0,0.0,160.07652,Lahore,13,4,10,154.17728,129.63434,157.2873649597168,1.651968961687397,0.038262747
2025-10-24 14:00:00+00:00,73.8,71.2,1841.0,94.3,20.9,58.0,5.0,0.0,158.8158,Lahore,14,4,10,154.05482,124.625,157.48573875427246,1.5281328035321344,0.030904394
2025-10-24 15:00:00+00:00,82.7,80.3,2069.0,108.0,22.0,32.0,5.0,0.0,158.99342,Lahore,15,4,10,154.28728,126.20834,157.68182818094888,1.3961048045932092,0.03050249
2025-10-24 16:00:00+00:00,90.1,87.5,2169.0,113.6,23.5,21.0,5.0,0.0,159.10088,Lahore,16,4,10,154.59868,128.29167,157.86941973368326,1.259620527765145,0.029121835
2025-10-24 17:00:00+00:00,99.0,96.4,2189.0,115.1,25.2,17.0,5.0,0.0,159.13596,Lahore,17,4,10,154.96053,130.57292,158.04339599609375,1.1211180636189555,0.026945122
2025-10-24 18:00:00+00:00,107.1,104.3,2155.0,115.4,26.3,14.0,5.0,0.0,159.17105,Lahore,18,4,10,155.34868,132.69792,158.20266151428223,0.9848893829445423,0.024605118
2025-10-24 19:00:00+00:00,112.0,109.0,2066.0,115.7,26.4,10.0,5.0,0.0,159.23245,Lahore,19,4,10,155.74562,134.66667,158.3479461669922,0.8553412723544243,0.022387993
2025-10-24 20:00:00+00:00,113.2,110.4,1924.0,114.9,26.0,8.0,5.0,0.0,159.28947,Lahore,20,4,10,156.16887,136.8021,158.47797139485678,0.7389575748954705,0.01998225
2025-10-24 21:00:00+00:00,111.5,108.7,1763.0,112.4,25.1,6.0,5.0,0.0,159.30043,Lahore,21,4,10,156.61842,139.15627,158.5897216796875,0.6419449369168644,0.017124467
2025-10-24 22:00:00+00:00,109.0,106.4,1477.0,106.6,23.4,3.0,5.0,0.0,159.20833,Lahore,22,4,10,157.10747,141.70834,158.6772575378418,0.5702723373965284,0.013372124
2025-10-24 23:00:00+00:00,107.1,104.5,1173.0,99.2,21.4,1.0,5.0,0.0,159.01315,Lahore,23,4,10,157.64912,144.375,158.73409207661948,0.5298927691965876,0.008652309
2025-10-25 00:00:00+00:00,114.6,112.0,1204.0,105.9,24.2,0.0,5.0,0.0,158.7215,Lahore,0,5,10,158.25658,147.04166,158.7534637451172,0.5200843266679746,0.0029377614
2025-10-25 01:00:00+00:00,119.2,116.6,1979.0,107.8,23.7,0.0,4.0,0.0,159.4057,Lahore,1,5,10,158.55702,149.79167,158.78882535298666,0.5347909107829292,0.0053525134
2025-10-25 02:00:00+00:00,130.9,128.5,3090.0,109.3,23.2,0.0,3.0,0.25,160.1601,Lahore,2,5,10,158.73027,150.51315,158.84840138753256,0.6032448265088853,0.00900789
2025-10-25 03:00:00+00:00,126.2,124.8,3669.0,102.7,24.4,14.0,3.0,1.0,161.03728,Lahore,3,5,10,158.74124,151.13158,158.94406954447427,0.7497778231046593,0.014464015
2025-10-25 04:00:00+00:00,93.4,90.3,3185.0,80.7,29.3,76.0,6.0,2.25,162.0285,Lahore,4,5,10,158.55702,151.69737,159.08871459960938,0.9733766869188129,0.021894213
2025-10-25 05:00:00+00:00,78.5,73.8,2169.0,50.7,35.9,160.0,9.0,3.65,162.62062,Lahore,5,5,10,158.35745,152.19518,159.26634661356607,1.1973516304663572,0.026921174
2025-10-25 06:00:00+00:00,72.6,66.4,1341.0,27.0,39.2,223.0,12.0,4.6,163.21712,Lahore,6,5,10,158.1908,152.54385,159.47577667236328,1.4199370513217293,0.03177379
2025-10-25 07:00:00+00:00,71.2,64.5,958.0,13.9,36.4,247.0,13.0,4.65,163.8443,Lahore,7,5,10,158.05482,152.80263,159.71700477600098,1.6423920821206246,0.036629535
2025-10-25 08:00:00+00:00,66.8,60.1,763.0,7.0,30.3,249.0,13.0,3.85,164.52193,Lahore,8,5,10,157.98904,153.0592,159.98920822143555,1.8692540449071573,0.041350227
2025-10-25 09:00:00+00:00,62.2,55.6,703.0,7.7,25.3,238.0,12.0,2.5,165.14912,Lahore,9,5,10,158.0351,153.26315,160.28562609354654,2.096186963994163,0.0450155
2025-10-25 10:00:00+00:00,59.5,53.3,771.0,18.7,22.7,213.0,11.0,1.25,165.6842,Lahore,10,5,10,158.13596,153.42323,160.60013643900552,2.3145246026084987,0.04773265
2025-10-25 11:00:00+00:00,59.0,53.6,975.0,37.4,21.2,175.0,10.0,0.35,166.15132,Lahore,11,5,10,158.26755,153.56798,160.92862701416016,2.5194589971055597,0.049812954
2025-10-25 12:00:00+00:00,76.4,71.0,1277.0,58.3,23.4,145.0,11.0,0.0,189.5727,Lahore,12,5,10,158.4079,153.72148,162.22716013590494,6.323374199144245,0.19673763
2025-10-25 13:00:00+00:00,88.2,82.4,1690.0,74.1,23.7,116.0,11.0,0.0,200.24167,Lahore,13,5,10,160.07652,154.17728,163.90070788065592,9.98458755840858,0.25091216
2025-10-25 14:00:00+00:00,102.4,96.4,2202.0,95.8,24.2,75.0,12.0,0.0,193.55867,Lahore,14,5,10,158.8158,154.05482,165.34832763671875,11.602772643118866,0.21876208
2025-10-25 15:00:00+00:00,112.9,106.6,2745.0,111.3,24.6,44.0,12.0,0.0,169.96173,Lahore,15,5,10,158.99342,154.28728,165.8053404490153,11.55750402806749,0.06898592
2025-10-25 16:00:00+00:00,122.0,115.5,3430.0,114.3,25.0,32.0,12.0,0.0,168.66447,Lahore,16,5,10,159.10088,154.59868,166.20382372538248,11.480909585774832,0.060110282
2025-10-25 17:00:00+00:00,131.3,124.8,4146.0,111.2,25.5,29.0,13.0,0.0,169.27852,Lahore,17,5,10,159.13596,154.96053,166.6264305114746,11.395789133389803,0.0637352
2025-10-25 18:00:00+00:00,139.2,132.2,4490.0,109.1,25.8,27.0,13.0,0.0,169.90132,Lahore,18,5,10,159.17105,155.34868,167.07352511088052,11.300667565035543,0.06741346
2025-10-25 19:00:00+00:00,144.8,137.8,4208.0,111.2,26.2,22.0,13.0,0.0,170.51315,Lahore,19,5,10,159.23245,155.74562,167.54355430603027,11.194453927800945,0.07084423
2025-10-25 20:00:00+00:00,150.4,143.0,3555.0,114.2,26.5,17.0,14.0,0.0,171.14474,Lahore,20,5,10,159.28947,156.16887,168.0375239054362,11.075327000258202,0.07442595
2025-10-25 21:00:00+00:00,153.2,145.8,2888.0,115.8,26.3,13.0,14.0,0.0,171.85965,Lahore,21,5,10,159.30043,156.61842,168.56082471211752,10.940442640040976,0.07883983
2025-10-25 22:00:00+00:00,153.2,146.2,2214.0,114.7,25.2,8.0,14.0,0.0,172.67325,Lahore,22,5,10,159.20833,157.10747,169.1218630472819,10.784114847310473,0.08457422
2025-10-25 23:00:00+00:00,152.3,145.3,1527.0,112.0,23.6,2.0,13.0,0.0,173.54605,Lahore,23,5,10,159.01315,157.64912,169.72740046183267,10.598238714327687,0.09139431
2025-10-26 00:00:00+00:00,142.0,137.4,1166.0,113.7,22.2,0.0,9.0,0.0,174.4408,Lahore,0,6,10,158.7215,158.25658,170.38237126668295,10.37180912201441,0.09903699
2025-10-26 01:00:00+00:00,140.6,136.0,1453.0,109.9,21.4,0.0,7.0,0.0,174.9978,Lahore,1,6,10,159.4057,158.55702,171.03204218546549,10.140098914573608,0.09781396
2025-10-26 02:00:00+00:00,143.9,140.2,2066.0,103.7,20.4,0.0,5.0,0.2,175.42325,Lahore,2,6,10,160.1601,158.73027,171.66800689697266,9.904486404008546,0.09529935
2025-10-26 03:00:00+00:00,133.2,130.9,2383.0,92.4,21.5,21.0,4.0,0.9,175.67982,Lahore,3,6,10,161.03728,158.74124,172.2781130472819,9.669365189057652,0.090926446
2025-10-26 04:00:00+00:00,120.1,117.8,2048.0,71.6,26.8,83.0,6.0,2.05,175.8136,Lahore,4,6,10,162.0285,158.55702,172.85249201456705,9.440775632938193,0.08507821
2025-10-26 05:00:00+00:00,94.8,90.6,1417.0,45.7,34.1,165.0,10.0,3.3,176.41667,Lahore,5,6,10,162.62062,158.35745,173.42732747395834,9.207821232465799,0.084835805
2025-10-26 06:00:00+00:00,87.5,81.0,939.0,25.3,38.6,227.0,13.0,4.2,176.7851,Lahore,6,6,10,163.21712,158.1908,173.99265988667807,8.967058427677868,0.0831284
2025-10-26 07:00:00+00:00,90.1,82.0,775.0,12.7,37.7,254.0,15.0,4.25,177.10526,Lahore,7,6,10,163.8443,158.05482,174.54519971211752,8.719690281946717,0.08093633
2025-10-26 08:00:00+00:00,87.8,79.4,763.0,5.6,34.0,261.0,16.0,3.5,177.48904,Lahore,8,6,10,164.52193,157.98904,175.08549626668295,8.469775165983274,0.07881696
2025-10-26 09:00:00+00:00,83.6,75.0,865.0,7.8,30.7,253.0,16.0,2.3,177.91228,Lahore,9,6,10,165.14912,158.0351,175.61729431152344,8.215639595409563,0.07728259
2025-10-26 10:00:00+00:00,80.8,72.6,1073.0,24.1,28.6,226.0,15.0,1.1,178.33772,Lahore,10,6,10,165.6842,158.13596,176.14452425638834,7.952270709589396,0.076371305
2025-10-26 11:00:00+00:00,80.3,72.6,1394.0,49.8,26.8,183.0,14.0,0.35,178.76097,Lahore,11,6,10,166.15132,158.26755,176.66992632548013,7.675043044448788,0.07589256
2025-10-26 12:00:00+00:00,100.1,93.8,1811.0,79.6,31.1,139.0,12.0,0.0,200.37595,Lahore,12,6,10,189.5727,158.4079,177.12006187438965,8.711500719303539,0.05698739
2025-10-26 13:00:00+00:00,113.9,107.3,2424.0,89.9,31.1,114.0,12.0,0.0,204.13531,Lahore,13,6,10,200.24167,160.07652,177.2822971343994,9.18424723977035,0.019444736
2025-10-26 14:00:00+00:00,123.9,117.3,3132.0,103.8,31.0,79.0,12.0,0.0,200.71158,Lahore,14,6,10,193.55867,158.8158,177.58033498128256,9.828835584973328,0.03695473
2025-10-26 15:00:00+00:00,127.6,121.1,3617.0,111.8,30.6,51.0,12.0,0.0,180.68202,Lahore,15,6,10,169.96173,158.99342,178.02701377868652,9.710431448159305,0.06307474
2025-10-26 16:00:00+00:00,130.9,124.8,3775.0,108.2,29.5,39.0,12.0,0.0,181.0,Lahore,16,6,10,168.66447,159.10088,178.54099400838217,9.51787404050067,0.07313648
2025-10-26 17:00:00+00:00,133.6,127.1,3709.0,98.7,28.1,33.0,11.0,0.0,181.20396,Lahore,17,6,10,169.27852,159.13596,179.0378875732422,9.322577987744788,0.07044867
2025-10-26 18:00:00+00:00,134.1,128.1,3412.0,91.0,26.6,29.0,11.0,0.0,181.2544,Lahore,18,6,10,169.90132,159.17105,179.5109322865804,9.124754048871434,0.06682157
2025-10-26 19:00:00+00:00,133.6,127.6,2720.0,88.0,25.2,23.0,11.0,0.0,181.16447,Lahore,19,6,10,170.51315,159.23245,179.9547373453776,8.924936241814095,0.062466275
2025-10-26 20:00:00+00:00,133.2,127.6,1796.0,86.8,23.8,18.0,11.0,0.0,180.9408,Lahore,20,6,10,171.14474,159.28947,180.3629061381022,8.726299830814554,0.057238396
2025-10-26 21:00:00+00:00,133.6,128.1,1123.0,86.0,22.6,13.0,11.0,0.0,180.60307,Lahore,21,6,10,171.85965,159.30043,180.7272154490153,8.536311441990604,0.05087537
2025-10-26 22:00:00+00:00,134.1,128.1,886.0,85.3,21.4,8.0,11.0,0.0,180.21494,Lahore,22,6,10,172.67325,159.20833,181.0414524078369,8.364012629095424,0.04367606
2025-10-26 23:00:00+00:00,133.6,128.1,899.0,85.1,20.5,2.0,11.0,0.0,179.818,Lahore,23,6,10,173.54605,159.01315,181.30278333028158,8.21631734174226,0.03613993
2025-10-27 00:00:00+00:00,128.1,122.9,1095.0,68.2,18.7,13.0,9.0,0.0,179.44081,Lahore,0,0,10,174.4408,158.7215,181.5111172993978,8.097287310169328,0.028663108
2025-10-27 01:00:00+00:00,130.4,125.3,1638.0,69.9,18.3,9.0,8.0,0.0,179.1228,Lahore,1,0,10,174.9978,159.4057,181.6829922993978,7.996170867528685,0.023571724
2025-10-27 02:00:00+00:00,139.7,135.0,2363.0,71.6,18.0,6.0,7.0,0.2,178.88817,Lahore,2,0,10,175.42325,160.1601,181.8273639678955,7.90904167815487,0.019751772
2025-10-27 03:00:00+00:00,129.0,125.3,2704.0,68.1,19.3,23.0,7.0,0.85,178.77412,Lahore,3,0,10,175.67982,161.03728,181.9562931060791,7.829289258491645,0.017613288
2025-10-27 04:00:00+00:00,111.1,107.3,2276.0,54.6,23.9,80.0,9.0,1.9,178.6513,Lahore,4,0,10,175.8136,162.0285,182.0745309193929,7.75355019885723,0.016140433
2025-10-27 05:00:00+00:00,90.6,85.4,1464.0,35.8,30.2,158.0,11.0,3.1,178.42105,Lahore,5,0,10,176.41667,162.62062,182.1580467224121,7.700571925192446,0.01136162
2025-10-27 06:00:00+00:00,87.1,80.3,859.0,20.8,34.6,218.0,13.0,3.95,178.307,Lahore,6,0,10,176.7851,163.21712,182.22145970662436,7.660565238463474,0.008608823
2025-10-27 07:00:00+00:00,94.3,86.4,704.0,11.3,35.4,246.0,14.0,4.0,178.29167,Lahore,7,0,10,177.10526,163.8443,182.2708937327067,7.629881215905073,0.0066989353
2025-10-27 08:00:00+00:00,89.9,82.0,757.0,5.6,34.3,256.0,14.0,3.3,178.38815,Lahore,8,0,10,177.48904,164.52193,182.30835660298666,7.607556072847366,0.005065715
2025-10-27 09:00:00+00:00,84.1,76.6,878.0,7.4,33.1,251.0,14.0,2.15,178.44518,Lahore,9,0,10,177.91228,165.14912,182.3305606842041,7.594934640861463,0.0029952847
2025-10-27 10:00:00+00:00,81.5,74.3,994.0,19.3,31.8,229.0,13.0,1.05,178.48027,Lahore,10,0,10,178.33772,165.6842,182.33650016784668,7.591731413780578,0.0007993127
2025-10-27 11:00:00+00:00,82.4,75.7,1179.0,38.7,30.3,193.0,12.0,0.3,178.51755,Lahore,11,0,10,178.76097,166.15132,182.32635752360025,7.596876921596905,-0.001361726
2025-10-27 12:00:00+00:00,71.2,67.1,1513.0,56.4,25.5,125.0,8.0,0.0,197.54463,Lahore,12,0,10,200.37595,189.5727,182.20838610331217,7.321388003803035,-0.01413001
2025-10-27 13:00:00+00:00,84.8,80.6,2136.0,76.7,27.3,98.0,8.0,0.0,201.98712,Lahore,13,0,10,204.13531,200.24167,182.11887804667154,7.04975639790275,-0.01052338
2025-10-27 14:00:00+00:00,101.7,97.6,2909.0,105.1,29.9,61.0,8.0,0.0,195.15308,Lahore,14,0,10,200.71158,193.55867,181.88727378845215,6.480717029278801,-0.02769398
2025-10-27 15:00:00+00:00,117.8,113.4,3492.0,128.8,32.4,31.0,8.0,0.0,176.98247,Lahore,15,0,10,180.68202,169.96173,181.7331256866455,6.554212572392971,-0.020475497
2025-10-27 16:00:00+00:00,131.8,127.1,3743.0,143.5,35.0,15.0,8.0,0.0,176.8136,Lahore,16,0,10,181.0,168.66447,181.55869229634604,6.629844188581526,-0.02312929
2025-10-27 17:00:00+00:00,144.8,140.2,3805.0,153.5,37.6,6.0,9.0,0.0,176.86404,Lahore,17,0,10,181.20396,169.27852,181.37786229451498,6.698767837028557,-0.023950469
2025-10-27 18:00:00+00:00,153.2,148.5,3768.0,158.6,39.2,0.0,9.0,0.0,177.15132,Lahore,18,0,10,181.2544,169.90132,181.2069009145101,6.754184592753855,-0.022637095
2025-10-27 19:00:00+00:00,157.9,153.2,3680.0,158.9,39.6,0.0,9.0,0.0,177.5987,Lahore,19,0,10,181.16447,170.51315,181.0583267211914,6.794258426604986,-0.01968256
2025-10-27 20:00:00+00:00,159.3,154.1,3493.0,154.3,38.9,0.0,9.0,0.0,178.1601,Lahore,20,0,10,180.9408,171.14474,180.94246419270834,6.820010670048618,-0.015368014
2025-10-27 21:00:00+00:00,152.3,147.6,3153.0,145.1,36.5,0.0,9.0,0.0,178.74123,Lahore,21,0,10,180.60307,171.85965,180.86488723754883,6.834612591710552,-0.0103090545
2025-10-27 22:00:00+00:00,136.9,133.2,2472.0,128.9,31.1,1.0,7.0,0.0,179.16887,Lahore,22,0,10,180.21494,172.67325,180.82130114237467,6.842268946548184,-0.005804548
2025-10-27 23:00:00+00:00,110.1,107.1,1637.0,108.0,24.1,4.0,5.0,0.0,179.2807,Lahore,23,0,10,179.818,173.54605,180.79891395568848,6.846572021205785,-0.0029879794
2025-10-28 00:00:00+00:00,54.5,54.5,1156.0,30.4,10.4,45.0,0.0,0.0,178.82018,Lahore,0,1,10,179.44081,174.4408,180.7730541229248,6.8530936479058715,-0.0034587225
2025-10-28 01:00:00+00:00,71.2,57.2,1420.0,33.5,11.4,37.0,26.0,0.0,177.32018,Lahore,1,1,10,179.1228,174.9978,180.69794464111328,6.881784960471676,-0.010063641
2025-10-28 02:00:00+00:00,97.3,65.0,2038.0,37.5,12.9,28.0,63.0,0.2,175.82675,Lahore,2,1,10,178.88817,175.42325,180.57038561503092,6.944872667785919,-0.017113578
2025-10-28 03:00:00+00:00,120.6,70.5,2348.0,38.8,14.6,34.0,94.0,0.95,174.29166,Lahore,3,1,10,178.77412,175.67982,180.38361612955728,7.054685746183187,-0.025073359
2025-10-28 04:00:00+00:00,149.0,74.5,1971.0,35.4,17.2,71.0,119.0,2.2,173.0899,Lahore,4,1,10,178.6513,175.8136,180.15189107259116,7.203822064498204,-0.031129923
2025-10-28 05:00:00+00:00,156.0,75.7,1285.0,29.3,20.1,123.0,139.0,3.65,172.3706,Lahore,5,1,10,178.42105,176.41667,179.8997891743978,7.370957914621199,-0.033911053
2025-10-28 06:00:00+00:00,143.4,68.9,765.0,23.1,21.4,165.0,143.0,4.65,172.15788,Lahore,6,1,10,178.307,176.7851,179.64357566833496,7.533802507458583,-0.03448616
2025-10-28 07:00:00+00:00,116.4,60.8,584.0,14.3,19.5,188.0,120.0,4.75,171.90788,Lahore,7,1,10,178.29167,177.10526,179.37758445739746,7.6945870724611325,-0.03580531
2025-10-28 08:00:00+00:00,82.9,49.1,570.0,5.5,16.0,199.0,81.0,3.95,171.34648,Lahore,8,1,10,178.38815,177.48904,179.08418146769205,7.8662930071485695,-0.039473876
2025-10-28 09:00:00+00:00,69.2,43.4,676.0,6.8,13.4,196.0,50.0,2.6,170.625,Lahore,9,1,10,178.44518,177.91228,178.7583408355713,8.053647031663356,-0.043823965
2025-10-28 10:00:00+00:00,64.5,41.6,894.0,24.8,12.6,170.0,37.0,1.25,169.89693,Lahore,10,1,10,178.48027,178.33772,178.40070152282715,8.25460581522926,-0.048091274
2025-10-28 11:00:00+00:00,61.7,41.0,1234.0,52.9,12.7,130.0,33.0,0.35,169.17982,Lahore,11,1,10,178.51755,178.76097,178.01162974039713,8.466208443337749,-0.052307032
2025-10-28 12:00:00+00:00,91.5,72.9,1677.0,77.1,18.1,112.0,36.0,0.0,168.41885,Lahore,12,1,10,197.54463,200.37595,176.7980556488037,7.586316772296793,-0.14743897
2025-10-28 13:00:00+00:00,115.3,96.2,2332.0,98.1,20.9,86.0,36.0,0.0,168.54605,Lahore,13,1,10,201.98712,204.13531,175.4046777089437,5.558820400435956,-0.16556041
2025-10-28 14:00:00+00:00,139.2,120.1,3091.0,126.8,24.8,51.0,36.0,0.0,168.88815,Lahore,14,1,10,195.15308,200.71158,174.3103059132894,3.813211575828977,-0.13458626
2025-10-28 15:00:00+00:00,155.5,136.9,3609.0,147.3,27.5,23.0,36.0,0.0,169.38158,Lahore,15,1,10,176.98247,180.68202,173.99360211690268,3.8963644807350923,-0.042947143
2025-10-28 16:00:00+00:00,166.7,148.1,3673.0,152.7,28.1,9.0,35.0,0.0,169.89693,Lahore,16,1,10,176.8136,181.0,173.7054074605306,3.934325596280938,-0.03911844
2025-10-28 17:00:00+00:00,172.8,155.1,3497.0,149.8,27.6,2.0,33.0,0.0,170.35745,Lahore,17,1,10,176.86404,181.20396,173.43429946899414,3.9313839789106733,-0.036788665
2025-10-28 18:00:00+00:00,171.8,154.6,3379.0,143.1,26.4,0.0,32.0,0.0,170.68422,Lahore,18,1,10,177.15132,181.2544,173.16483688354492,3.886917780856951,-0.03650609
2025-10-28 19:00:00+00:00,162.1,144.8,3486.0,132.6,24.2,3.0,32.0,0.0,170.81798,Lahore,19,1,10,177.5987,181.16447,172.8823070526123,3.7959926877487162,-0.038179986
2025-10-28 20:00:00+00:00,150.9,134.1,3650.0,118.4,21.2,11.0,33.0,0.0,170.63377,Lahore,20,1,10,178.1601,180.9408,172.56871032714844,3.6490648909470105,-0.04224471
2025-10-28 21:00:00+00:00,146.7,128.1,3667.0,105.0,18.9,18.0,34.0,0.0,170.19518,Lahore,21,1,10,178.74123,180.60307,172.21262486775717,3.4310038319373253,-0.04781242
2025-10-28 22:00:00+00:00,147.1,126.7,3372.0,93.1,17.8,23.0,37.0,0.0,169.76755,Lahore,22,1,10,179.16887,180.21494,171.8209031422933,3.1253345981453364,-0.052471846
2025-10-28 23:00:00+00:00,149.0,126.7,2930.0,82.0,17.4,26.0,41.0,0.0,169.625,Lahore,23,1,10,179.2807,179.818,171.4185822804769,2.718265091617626,-0.053858005
2025-10-29 00:00:00+00:00,165.8,136.4,2633.0,103.2,18.3,2.0,54.0,0.0,170.05481,Lahore,0,2,10,178.82018,179.44081,171.0533587137858,2.2245779090847257,-0.04901777
2025-10-29 01:00:00+00:00,168.1,138.8,2707.0,101.3,18.1,1.0,48.0,0.0,171.85088,Lahore,1,2,10,177.32018,179.1228,170.8254712422689,1.7929552770061878,-0.030844202
2025-10-29 02:00:00+00:00,174.6,145.3,2926.0,97.6,18.0,1.0,40.0,0.2,173.64035,Lahore,2,2,10,175.82675,178.88817,170.73437118530273,1.5694002611359008,-0.012434975
2025-10-29 03:00:00+00:00,159.7,141.1,2901.0,88.2,18.5,19.0,35.0,0.8,175.4013,Lahore,3,2,10,174.29166,178.77412,170.78060658772787,1.6904346399109083,0.0063666254
2025-10-29 04:00:00+00:00,151.8,127.6,2360.0,67.7,20.4,71.0,37.0,1.95,176.94955,Lahore,4,2,10,173.0899,178.6513,170.94142532348633,2.0623588094386975,0.022298526
2025-10-29 05:00:00+00:00,133.6,108.0,1575.0,41.3,22.9,140.0,42.0,3.25,178.11403,Lahore,5,2,10,172.3706,178.42105,171.1807346343994,2.518243700099798,0.033320203
2025-10-29 06:00:00+00:00,112.5,89.6,973.0,20.8,24.2,193.0,44.0,4.15,178.82237,Lahore,6,2,10,172.15788,178.307,171.45842170715332,2.959471515597628,0.0387115
2025-10-29 07:00:00+00:00,96.2,81.0,727.0,9.8,23.3,216.0,38.0,4.25,179.27632,Lahore,7,2,10,171.90788,178.29167,171.76543998718262,3.362841340108189,0.042862717
2025-10-29 08:00:00+00:00,82.9,71.2,665.0,4.7,21.2,223.0,27.0,3.55,179.7193,Lahore,8,2,10,171.34648,178.38815,172.11430740356445,3.7315778903889187,0.048864838
2025-10-29 09:00:00+00:00,75.2,65.4,698.0,6.2,19.5,218.0,19.0,2.3,180.20395,Lahore,9,2,10,170.625,178.44518,172.5134302775065,4.06292129993912,0.05614036
2025-10-29 10:00:00+00:00,71.2,62.6,770.0,15.9,18.5,198.0,15.0,1.1,180.6864,Lahore,10,2,10,169.89693,178.48027,172.96299171447754,4.34776010801154,0.063506
2025-10-29 11:00:00+00:00,69.6,62.2,937.0,32.3,17.9,167.0,12.0,0.3,181.14693,Lahore,11,2,10,169.17982,178.51755,173.46162096659342,4.5752961841409965,0.07073599
2025-10-29 12:00:00+00:00,93.6,86.4,1275.0,54.0,20.2,123.0,14.0,0.0,181.61185,Lahore,12,2,10,168.41885,197.54463,174.01132901509604,4.732914794958445,0.07833442
2025-10-29 13:00:00+00:00,108.0,99.7,1898.0,70.4,21.2,98.0,15.0,0.0,181.9079,Lahore,13,2,10,168.54605,201.98712,174.5680726369222,4.846596792872416,0.07927713
2025-10-29 14:00:00+00:00,127.6,118.7,2693.0,92.9,22.7,63.0,17.0,0.0,181.98465,Lahore,14,2,10,168.88815,195.15308,175.11375999450684,4.916060842453439,0.07754538
2025-10-29 15:00:00+00:00,143.4,134.1,3395.0,109.7,24.3,36.0,18.0,0.0,181.95395,Lahore,15,2,10,169.38158,176.98247,175.63760884602866,4.94843094147181,0.07422515
2025-10-29 16:00:00+00:00,156.5,146.7,4023.0,114.4,26.0,24.0,19.0,0.0,181.89253,Lahore,16,2,10,169.89693,176.8136,176.1374257405599,4.949191037592326,0.070605196
2025-10-29 17:00:00+00:00,167.6,157.9,4557.0,113.3,27.9,21.0,19.0,0.0,181.86185,Lahore,17,2,10,170.35745,176.86404,176.6167755126953,4.922086829412685,0.067530915
2025-10-29 18:00:00+00:00,176.0,166.2,4679.0,113.3,29.4,17.0,19.0,0.0,181.92323,Lahore,18,2,10,170.68422,177.15132,177.08506774902344,4.867459463459694,0.06584682
2025-10-29 19:00:00+00:00,180.7,170.9,4065.0,117.9,30.5,11.0,19.0,0.0,182.17763,Lahore,19,2,10,170.81798,177.5987,177.5583864847819,4.783125832562884,0.06650149
2025-10-29 20:00:00+00:00,183.5,173.2,3038.0,123.7,31.2,6.0,19.0,0.0,182.74998,Lahore,20,2,10,170.63377,178.1601,178.06322860717773,4.658262368799617,0.07100711
2025-10-29 21:00:00+00:00,184.4,174.2,2245.0,126.8,31.5,2.0,19.0,0.0,183.60745,Lahore,21,2,10,170.19518,178.74123,178.6220734914144,4.4741924742196275,0.078805275
2025-10-29 22:00:00+00:00,181.6,172.3,1893.0,125.0,31.1,0.0,18.0,0.0,184.61841,Lahore,22,2,10,169.76755,179.16887,179.2408593495687,4.215845160730619,0.08747762
2025-10-29 23:00:00+00:00,179.7,170.9,1775.0,120.5,30.2,0.0,16.0,0.0,185.61841,Lahore,23,2,10,169.625,179.2807,179.90725135803223,3.8804838255996175,0.09428686
2025-10-30 00:00:00+00:00,135.0,130.9,1917.0,76.2,18.6,8.0,7.0,0.0,186.5877,Lahore,0,3,10,170.05481,178.82018,180.59612210591635,3.5046950754129647,0.097220995
2025-10-30 01:00:00+00:00,135.5,132.2,2582.0,78.6,19.2,7.0,6.0,0.0,186.4671,Lahore,1,3,10,171.85088,177.32018,181.20513153076172,3.173217186232882,0.0850518
2025-10-30 02:00:00+00:00,146.2,142.5,3506.0,81.0,20.2,8.0,6.0,0.15,186.32236,Lahore,2,3,10,173.64035,175.82675,181.73354848225912,2.9031674205274873,0.07303606
2025-10-30 03:00:00+00:00,138.8,136.0,3923.0,76.7,21.9,28.0,6.0,0.8,186.26096,Lahore,3,3,10,175.4013,174.29166,182.18603388468424,2.7134051756991266,0.061913162
2025-10-30 04:00:00+00:00,125.3,121.1,3338.0,59.5,25.6,85.0,9.0,1.9,186.14912,Lahore,4,3,10,176.94955,173.0899,182.56934928894043,2.5884197511676277,0.051989786
2025-10-30 05:00:00+00:00,115.9,109.0,2245.0,35.6,30.0,160.0,13.0,3.2,186.00658,Lahore,5,3,10,178.11403,172.3706,182.89820543924967,2.4975398802968236,0.04431177
2025-10-30 06:00:00+00:00,109.9,101.7,1362.0,17.2,32.0,216.0,16.0,4.05,186.0285,Lahore,6,3,10,178.82237,172.15788,183.1984608968099,2.4181370483769578,0.040297702
2025-10-30 07:00:00+00:00,99.0,91.3,942.0,7.5,29.4,237.0,16.0,4.2,186.29385,Lahore,7,3,10,179.27632,171.90788,183.49085807800293,2.3464706911529825,0.039143667
2025-10-30 08:00:00+00:00,87.3,80.1,732.0,3.2,24.4,239.0,14.0,3.55,186.51974,Lahore,8,3,10,179.7193,171.34648,183.7742099761963,2.2809118006135303,0.03783926
2025-10-30 09:00:00+00:00,80.3,73.3,694.0,6.9,20.6,228.0,13.0,2.35,186.7149,Lahore,9,3,10,180.20395,170.625,184.04549980163574,2.224306585108346,0.03613104
2025-10-30 10:00:00+00:00,76.1,69.6,887.0,22.0,19.2,203.0,12.0,1.1,186.88817,Lahore,10,3,10,180.6864,169.89693,184.3039067586263,2.1768351319881427,0.034323376
2025-10-30 11:00:00+00:00,75.7,69.4,1252.0,45.1,19.0,165.0,11.0,0.3,187.04167,Lahore,11,3,10,181.14693,169.17982,184.54952112833658,2.1373394531659344,0.032541234
2025-10-30 12:00:00+00:00,84.5,78.7,1578.0,60.7,17.7,110.0,11.0,0.0,187.19957,Lahore,12,3,10,181.61185,168.41885,184.7823429107666,2.1075531115090413,0.03076739
2025-10-30 13:00:00+00:00,99.9,94.1,1776.0,76.2,19.1,86.0,11.0,0.0,187.0307,Lahore,13,3,10,181.9079,168.54605,184.99579302469888,2.0627141124222863,0.028161518
2025-10-30 14:00:00+00:00,113.6,107.6,1934.0,97.4,21.0,53.0,11.0,0.0,186.9079,Lahore,14,3,10,181.98465,168.88815,185.20092837015787,1.9938970728123289,0.027053097
2025-10-30 15:00:00+00:00,125.3,119.2,2106.0,111.9,22.1,28.0,11.0,0.0,186.66449,Lahore,15,3,10,181.95395,169.38158,185.39720090230307,1.889490088694505,0.025888642
2025-10-30 16:00:00+00:00,134.1,127.6,2383.0,114.5,21.9,18.0,11.0,0.0,186.33774,Lahore,16,3,10,181.89253,169.89693,185.5824178059896,1.743217358897447,0.024438638
2025-10-30 17:00:00+00:00,139.2,133.2,2673.0,110.4,20.9,16.0,11.0,0.0,185.91887,Lahore,17,3,10,181.86185,170.35745,185.75146039326987,1.5530796573262229,0.022308264
2025-10-30 18:00:00+00:00,138.8,133.2,2756.0,102.3,19.7,19.0,11.0,0.0,185.3772,Lahore,18,3,10,181.92323,170.68422,185.89537556966147,1.326403571528867,0.018985834
2025-10-30 19:00:00+00:00,135.5,129.9,2451.0,88.6,18.3,28.0,11.0,0.0,184.6535,Lahore,19,3,10,182.17763,170.81798,185.99853706359863,1.10197745472654,0.0135904495
2025-10-30 20:00:00+00:00,134.6,128.5,1939.0,71.0,16.8,41.0,11.0,0.0,183.75438,Lahore,20,3,10,182.74998,170.63377,186.04038683573404,0.9862371939909091,0.005496003
2025-10-30 21:00:00+00:00,134.6,129.0,1538.0,56.8,15.6,50.0,11.0,0.0,182.77411,Lahore,21,3,10,183.60745,170.19518,186.00566418965658,1.0853116805097198,-0.0045387237
2025-10-30 22:00:00+00:00,135.0,129.5,1301.0,48.2,15.0,53.0,11.0,0.0,181.78288,Lahore,22,3,10,184.61841,169.76755,185.88751729329428,1.3619699461623016,-0.015358845
2025-10-30 23:00:00+00:00,135.5,129.9,1177.0,43.0,14.7,52.0,10.0,0.0,180.8443,Lahore,23,3,10,185.61841,169.625,185.688596089681,1.7077328660588655,-0.025720019
2025-10-31 00:00:00+00:00,157.4,150.9,1325.0,87.0,19.4,8.0,12.0,0.0,179.94516,Lahore,0,4,10,186.5877,170.05481,185.41182327270508,2.0580305762206343,-0.035600137
2025-10-31 01:00:00+00:00,156.0,149.9,2050.0,86.6,18.9,7.0,10.0,0.0,180.38376,Lahore,1,4,10,186.4671,171.85088,185.1583506266276,2.284561864978784,-0.03262422
2025-10-31 02:00:00+00:00,162.1,156.5,3048.0,85.2,18.3,8.0,8.0,0.2,180.77193,Lahore,2,4,10,186.32236,173.64035,184.92708269755045,2.437428193435719,-0.029789396
2025-10-31 03:00:00+00:00,150.4,146.7,3571.0,78.1,18.9,27.0,7.0,0.9,181.07893,Lahore,3,4,10,186.26096,175.4013,184.71116511027017,2.5414343429891235,-0.0278213
2025-10-31 04:00:00+00:00,126.7,122.0,3169.0,60.1,22.1,82.0,8.0,2.15,181.31358,Lahore,4,4,10,186.14912,176.94955,184.50968424479166,2.6131440540120674,-0.025976704
2025-10-31 05:00:00+00:00,109.7,103.6,2292.0,36.5,26.4,156.0,11.0,3.55,181.33333,Lahore,5,4,10,186.00658,178.11403,184.31496556599936,2.670243309505651,-0.025124103
2025-10-31 06:00:00+00:00,92.2,85.7,1547.0,18.2,28.6,209.0,13.0,4.5,181.2149,Lahore,6,4,10,186.0285,178.82237,184.11439895629883,2.7163218605442503,-0.025875596
2025-10-31 07:00:00+00:00,75.0,68.5,1123.0,8.8,26.6,226.0,13.0,4.55,180.86403,Lahore,7,4,10,186.29385,179.27632,183.88815625508627,2.752782988480615,-0.02914656
2025-10-31 08:00:00+00:00,66.6,60.8,830.0,4.7,22.5,223.0,12.0,3.75,180.36404,Lahore,8,4,10,186.51974,179.7193,183.63166872660318,2.783530546070855,-0.033002943
2025-10-31 09:00:00+00:00,64.3,58.4,707.0,6.5,19.3,211.0,11.0,2.45,179.9408,Lahore,9,4,10,186.7149,180.20395,183.34941418965658,2.8006920541864093,-0.036280494
2025-10-31 10:00:00+00:00,62.9,57.4,797.0,15.7,18.0,191.0,10.0,1.15,179.61404,Lahore,10,4,10,186.88817,180.6864,183.04632568359375,2.7946739120049555,-0.038922336
2025-10-31 11:00:00+00:00,63.1,58.2,1056.0,30.8,17.6,162.0,9.0,0.35,179.3465,Lahore,11,4,10,187.04167,181.14693,182.7256933848063,2.757545188833435,-0.041141503
2025-10-31 12:00:00+00:00,87.5,81.5,1394.0,45.9,16.9,127.0,11.0,0.0,179.10088,Lahore,12,4,10,187.19957,181.61185,182.38824780782065,2.6807213515046313,-0.04326235
2025-10-31 13:00:00+00:00,98.0,92.0,1879.0,63.0,17.6,101.0,11.0,0.0,179.1623,Lahore,13,4,10,187.0307,181.9079,182.06039746602377,2.567005521013391,-0.042070143
2025-10-31 14:00:00+00:00,107.8,101.5,2444.0,86.5,18.7,65.0,12.0,0.0,179.11623,Lahore,14,4,10,186.9079,181.98465,181.73574447631836,2.415522204181635,-0.041687224
2025-10-31 15:00:00+00:00,120.1,113.9,2791.0,103.5,19.6,37.0,12.0,0.0,178.98245,Lahore,15,4,10,186.66449,181.95395,181.41565958658853,2.2363438350734315,-0.04115425
2025-10-31 16:00:00+00:00,132.2,125.7,2754.0,107.6,20.4,26.0,12.0,0.0,178.86623,Lahore,16,4,10,186.33774,181.89253,181.10434659322104,2.0320813044520603,-0.04009661
2025-10-31 17:00:00+00:00,143.4,136.9,2501.0,105.3,21.2,23.0,13.0,0.0,178.82455,Lahore,17,4,10,185.91887,181.86185,180.8087501525879,1.8045344307093638,-0.03815812
2025-10-31 18:00:00+00:00,152.3,145.3,2233.0,102.8,21.5,20.0,13.0,0.0,178.9057,Lahore,18,4,10,185.3772,181.92323,180.53910446166992,1.5590102888475668,-0.034909885
2025-10-31 19:00:00+00:00,156.9,149.9,2004.0,103.0,21.3,15.0,13.0,0.0,179.17105,Lahore,19,4,10,184.6535,182.17763,180.3106689453125,1.3120297161032266,-0.029690487
2025-10-31 20:00:00+00:00,159.3,152.3,1761.0,103.1,20.7,10.0,13.0,0.0,179.60965,Lahore,20,4,10,183.75438,182.74998,180.13797187805176,1.0936419019117465,-0.022555813
2025-10-31 21:00:00+00:00,159.3,151.8,1550.0,100.9,19.9,8.0,13.0,0.0,180.13158,Lahore,21,4,10,182.77411,183.60745,180.0278663635254,0.9387566987940646,-0.014457914
2025-10-31 22:00:00+00:00,156.5,149.5,1309.0,94.3,18.7,9.0,13.0,0.0,180.63158,Lahore,22,4,10,181.78288,184.61841,179.9798952738444,0.8722342491927294,-0.0063334135
2025-10-31 23:00:00+00:00,152.7,145.8,1100.0,85.5,17.4,11.0,13.0,0.0,181.07018,Lahore,23,4,10,180.8443,185.61841,179.98930676778158,0.8831174903758535,0.0012490073
2025-11-01 00:00:00+00:00,152.7,145.8,1153.0,97.0,17.8,0.0,13.0,0.0,181.41885,Lahore,0,5,11,179.94516,186.5877,180.0507106781006,0.9299084722174895,0.008189683
2025-11-01 01:00:00+00:00,158.3,150.9,1770.0,95.7,17.7,0.0,12.0,0.0,181.30702,Lahore,1,5,11,180.38376,186.4671,180.08917999267578,0.9628008239587427,0.0051183295
2025-11-01 02:00:00+00:00,168.1,160.7,2649.0,93.0,17.6,1.0,10.0,0.15,181.32895,Lahore,2,5,11,180.77193,186.32236,180.1123892466227,0.9863992612898423,0.003081353
2025-11-01 03:00:00+00:00,160.2,155.5,3120.0,84.4,18.0,18.0,9.0,0.8,181.42105,Lahore,3,5,11,181.07893,186.26096,180.12664413452148,1.0033017483128983,0.001889327
2025-11-01 04:00:00+00:00,144.4,138.8,2789.0,64.7,19.6,67.0,11.0,1.95,181.61404,Lahore,4,5,11,181.31358,186.14912,180.1391633351644,1.0204837683510866,0.0016571335
2025-11-01 05:00:00+00:00,115.0,107.1,2049.0,39.1,21.6,131.0,15.0,3.3,181.98245,Lahore,5,5,11,181.33333,186.00658,180.16621017456055,1.0612960032453873,0.0035797288
2025-11-01 06:00:00+00:00,97.6,88.7,1413.0,19.3,22.3,178.0,17.0,4.25,182.05922,Lahore,6,5,11,181.2149,186.0285,180.201389948527,1.1104259336514455,0.0046591894
2025-11-01 07:00:00+00:00,85.0,75.9,1023.0,9.1,20.5,192.0,17.0,4.4,182.12502,Lahore,7,5,11,180.86403,186.29385,180.25393104553223,1.1713062691886544,0.006972013
2025-11-01 08:00:00+00:00,76.1,67.8,737.0,4.7,17.4,189.0,16.0,3.65,182.2873,Lahore,8,5,11,180.36404,186.51974,180.3340663909912,1.2427766301792451,0.010663147
2025-11-01 09:00:00+00:00,69.8,62.2,638.0,5.6,15.0,178.0,15.0,2.4,182.4408,Lahore,9,5,11,179.9408,186.7149,180.43823305765787,1.3112653560010332,0.013893459
2025-11-01 10:00:00+00:00,66.4,59.1,760.0,13.3,14.1,161.0,13.0,1.15,182.52412,Lahore,10,5,11,179.61404,186.88817,180.55948638916016,1.3651785140286152,0.01620185
2025-11-01 11:00:00+00:00,66.6,60.3,1071.0,26.3,14.0,137.0,11.0,0.3,182.56142,Lahore,11,5,11,179.3465,187.04167,180.6934413909912,1.3983081455709194,0.017925749
2025-11-01 12:00:00+00:00,80.8,75.2,1553.0,46.1,14.4,101.0,10.0,0.0,182.60745,Lahore,12,5,11,179.10088,187.19957,180.83954874674478,1.40783439783501,0.01957878
2025-11-01 13:00:00+00:00,90.1,84.3,2369.0,58.2,15.2,83.0,11.0,0.0,182.4693,Lahore,13,5,11,179.1623,187.0307,180.9773406982422,1.3983401079220663,0.018458163
2025-11-01 14:00:00+00:00,98.0,91.7,3357.0,74.7,16.4,59.0,12.0,0.0,182.30045,Lahore,14,5,11,179.11623,186.9079,181.1100165049235,1.3647353099855477,0.017777393
2025-11-01 15:00:00+00:00,108.7,101.7,4018.0,86.7,17.3,40.0,13.0,0.0,182.08553,Lahore,15,5,11,178.98245,186.66449,181.23931121826172,1.299856757124318,0.017337304
2025-11-01 16:00:00+00:00,120.1,112.5,4126.0,90.8,17.9,31.0,14.0,0.0,181.81798,Lahore,16,5,11,178.86623,186.33774,181.36230087280273,1.20147956320034,0.016502567
2025-11-01 17:00:00+00:00,129.5,121.5,3908.0,90.3,18.2,27.0,15.0,0.0,181.5285,Lahore,17,5,11,178.82455,185.91887,181.47496541341147,1.0730806812516702,0.01512068
2025-11-01 18:00:00+00:00,135.5,127.6,3541.0,86.0,18.1,27.0,15.0,0.0,181.1908,Lahore,18,5,11,178.9057,185.3772,181.57017771402994,0.9265788242532423,0.012772623
2025-11-01 19:00:00+00:00,137.4,129.0,2982.0,76.3,17.3,32.0,15.0,0.0,180.80263,Lahore,19,5,11,179.17105,184.6535,181.63816006978354,0.7931504943159787,0.0091062505
2025-11-01 20:00:00+00:00,136.0,127.6,2275.0,62.8,16.2,41.0,15.0,0.0,180.3443,Lahore,20,5,11,179.60965,183.75438,181.66877047220865,0.7224881672006843,0.004090257
2025-11-01 21:00:00+00:00,133.6,125.7,1731.0,51.1,15.2,48.0,15.0,0.0,179.80263,Lahore,21,5,11,180.13158,182.77411,181.65506426493326,0.7552933784158677,-0.0018261594
2025-11-01 22:00:00+00:00,131.8,123.9,1439.0,42.5,14.7,50.0,15.0,0.0,179.23026,Lahore,22,5,11,180.63158,181.78288,181.59667587280273,0.8814789286141019,-0.0077578984
2025-11-01 23:00:00+00:00,130.4,122.9,1310.0,35.7,14.3,51.0,15.0,0.0,178.66885,Lahore,23,5,11,181.07018,180.8443,181.49662081400552,1.0617006930656172,-0.013261828
2025-11-02 00:00:00+00:00,142.0,134.1,1383.0,52.9,14.9,37.0,14.0,0.0,178.16666,Lahore,0,6,11,181.41885,179.94516,181.3611125946045,1.2609124976421315,-0.017926456
2025-11-02 01:00:00+00:00,144.4,136.4,1846.0,56.5,15.1,35.0,13.0,0.0,177.91008,Lahore,1,6,11,181.30702,180.38376,181.2195733388265,1.444534035631728,-0.018735856
2025-11-02 02:00:00+00:00,146.2,138.8,2510.0,60.8,15.3,33.0,11.0,0.2,177.5921,Lahore,2,6,11,181.32895,180.77193,181.063871383667,1.622643547424808,-0.02060811
2025-11-02 03:00:00+00:00,135.0,129.5,2854.0,59.6,15.8,45.0,10.0,0.9,177.11185,Lahore,3,6,11,181.42105,181.07893,180.88432121276855,1.8091021023871765,-0.023752503
2025-11-02 04:00:00+00:00,122.0,116.2,2571.0,47.7,16.8,84.0,11.0,2.15,176.54166,Lahore,4,6,11,181.61404,181.31358,180.67297172546387,2.005749933313698,-0.02792949
2025-11-02 05:00:00+00:00,103.1,96.6,1967.0,30.3,18.1,136.0,13.0,3.55,176.04605,Lahore,5,6,11,181.98245,181.33333,180.4256216684977,2.194410296299272,-0.032620735
2025-11-02 06:00:00+00:00,92.4,85.0,1434.0,16.5,18.7,174.0,14.0,4.5,175.81578,Lahore,6,6,11,182.05922,181.2149,180.16547838846842,2.356423643174473,-0.03429345
2025-11-02 07:00:00+00:00,82.4,75.2,1064.0,8.6,18.1,186.0,14.0,4.5,175.73465,Lahore,7,6,11,182.12502,180.86403,179.8992131551107,2.483018597554974,-0.035087798
2025-11-02 08:00:00+00:00,75.2,68.5,765.0,4.4,16.9,185.0,13.0,3.7,175.7193,Lahore,8,6,11,182.2873,180.36404,179.62554677327475,2.5688357123594945,-0.036031
2025-11-02 09:00:00+00:00,70.3,64.0,655.0,6.1,15.8,174.0,12.0,2.4,175.73465,Lahore,9,6,11,182.4408,179.9408,179.34612401326498,2.6136322545372543,-0.03675793
2025-11-02 10:00:00+00:00,67.8,61.7,764.0,16.4,15.0,153.0,11.0,1.15,175.77412,Lahore,10,6,11,182.52412,179.61404,179.06487401326498,2.619954800802852,-0.03698141
2025-11-02 11:00:00+00:00,67.5,62.2,1061.0,32.5,14.3,124.0,9.0,0.3,175.83115,Lahore,11,6,11,182.56142,179.3465,178.78444608052573,2.589439941933587,-0.036865786
2025-11-02 12:00:00+00:00,85.2,79.6,1572.0,55.0,15.6,85.0,10.0,0.0,175.8728,Lahore,12,6,11,182.60745,179.10088,178.5038356781006,2.52114586490279,-0.036880475
2025-11-02 13:00:00+00:00,97.3,91.3,2475.0,65.4,16.7,68.0,11.0,0.0,175.9693,Lahore,13,6,11,182.4693,179.1623,178.23300234476724,2.423890287498158,-0.03562243
2025-11-02 14:00:00+00:00,109.4,102.9,3591.0,79.7,18.3,45.0,11.0,0.0,176.1228,Lahore,14,6,11,182.30045,179.11623,177.9756005605062,2.297913294642238,-0.03388715
2025-11-02 15:00:00+00:00,122.9,116.4,4408.0,89.8,20.0,28.0,12.0,0.0,176.36842,Lahore,15,6,11,182.08553,178.98245,177.73738797505698,2.1445479525265463,-0.031397894
2025-11-02 16:00:00+00:00,134.1,127.1,4693.0,91.5,21.9,23.0,13.0,0.0,176.6908,Lahore,16,6,11,181.81798,178.86623,177.5237553914388,1.968532711495435,-0.028199533
2025-11-02 17:00:00+00:00,143.0,136.0,4679.0,89.0,23.8,24.0,13.0,0.0,177.01097,Lahore,17,6,11,181.5285,178.82455,177.33552487691244,1.7754654919309254,-0.024886077
2025-11-02 18:00:00+00:00,149.5,142.0,4547.0,86.4,25.2,24.0,14.0,0.0,177.32895,Lahore,18,6,11,181.1908,178.9057,177.1746145884196,1.5744965391365324,-0.021313705
2025-11-02 19:00:00+00:00,153.2,145.8,4304.0,85.3,25.8,22.0,14.0,0.0,177.64473,Lahore,19,6,11,180.80263,179.17105,177.04303550720215,1.3777884258906519,-0.017465996
2025-11-02 20:00:00+00:00,156.0,148.1,3943.0,84.1,25.7,20.0,14.0,0.0,178.01315,Lahore,20,6,11,180.3443,179.60965,176.94590441385904,1.2064551082033197,-0.012926088
2025-11-02 21:00:00+00:00,157.4,149.5,3624.0,82.8,25.1,17.0,14.0,0.0,178.46272,Lahore,21,6,11,179.80263,180.13158,176.89007504781088,1.0943003543859975,-0.007452087
2025-11-02 22:00:00+00:00,156.5,149.0,3236.0,81.0,23.5,13.0,14.0,0.0,178.98465,Lahore,22,6,11,179.23026,180.63158,176.87984148661295,1.0723933348418693,-0.0013703349
2025-11-02 23:00:00+00:00,155.5,148.1,2889.0,79.0,21.4,10.0,14.0,0.0,179.5351,Lahore,23,6,11,178.66885,181.07018,176.91593488057455,1.1471926705960385,0.004848307
2025-11-03 00:00:00+00:00,153.7,146.2,3079.0,79.1,20.9,10.0,13.0,0.0,180.08774,Lahore,0,0,11,178.16666,181.41885,176.9959799448649,1.295668891434928,0.010782498
2025-11-03 01:00:00+00:00,153.7,146.2,4514.0,80.6,20.0,10.0,11.0,0.0,180.35307,Lahore,1,0,11,177.91008,181.30702,177.09777132670084,1.456578051465025,0.0137316175
2025-11-03 02:00:00+00:00,162.1,154.1,6484.0,81.9,18.9,12.0,9.0,0.2,180.56798,Lahore,2,0,11,177.5921,181.32895,177.22176615397134,1.6181877797314739,0.016756803
2025-11-03 03:00:00+00:00,151.3,146.7,7362.0,77.1,18.9,27.0,8.0,0.95,180.9035,Lahore,3,0,11,177.11185,181.42105,177.3797518412272,1.7836248931508127,0.02140826
2025-11-03 04:00:00+00:00,130.4,125.7,6066.0,60.7,21.2,69.0,9.0,2.25,181.2807,Lahore,4,0,11,176.54166,181.61404,177.57721201578775,1.9420913652756187,0.026843773
2025-11-03 05:00:00+00:00,102.0,95.2,3676.0,38.2,24.7,125.0,12.0,3.75,181.48904,Lahore,5,0,11,176.04605,181.98245,177.8040033976237,2.069163736457224,0.030918008
2025-11-03 06:00:00+00:00,84.1,77.1,1804.0,20.6,26.8,168.0,13.0,4.75,181.45833,Lahore,6,0,11,175.81578,182.05922,178.03910954793295,2.1523248279399234,0.03209352
2025-11-03 07:00:00+00:00,72.9,66.6,1058.0,10.5,26.4,188.0,13.0,4.8,181.2851,Lahore,7,0,11,175.73465,182.12502,178.27037811279297,2.191781028637864,0.03158424
2025-11-03 08:00:00+00:00,65.2,59.6,829.0,5.3,24.7,194.0,11.0,3.95,181.0965,Lahore,8,0,11,175.7193,182.2873,178.4944279988607,2.194498812985634,0.030601062
2025-11-03 09:00:00+00:00,60.1,54.8,904.0,8.1,23.2,188.0,10.0,2.55,180.9013,Lahore,9,0,11,175.73465,182.4408,178.7097053527832,2.165223130804772,0.029400328
2025-11-03 10:00:00+00:00,57.2,52.2,1377.0,22.7,22.1,164.0,9.0,1.2,180.69957,Lahore,10,0,11,175.77412,182.52412,178.91493225097656,2.1075380953028127,0.02802145
2025-11-03 11:00:00+00:00,56.6,52.0,2154.0,45.2,21.2,128.0,8.0,0.3,180.49123,Lahore,11,0,11,175.83115,182.56142,179.1091022491455,2.0240897649147667,0.026503153
2025-11-03 12:00:00+00:00,94.3,86.8,2735.0,88.0,24.7,75.0,14.0,0.0,180.26755,Lahore,12,0,11,175.8728,182.60745,179.2922166188558,1.914398825142862,0.0249882
2025-11-03 13:00:00+00:00,116.4,108.5,2935.0,104.1,26.6,55.0,14.0,0.0,180.42545,Lahore,13,0,11,175.9693,182.4693,179.47788937886557,1.7901696455239486,0.02532343
2025-11-03 14:00:00+00:00,134.6,126.2,2941.0,125.7,29.2,28.0,15.0,0.0,180.80263,Lahore,14,0,11,176.1228,182.30045,179.67288208007812,1.6588899176658622,0.026571374
2025-11-03 15:00:00+00:00,142.5,135.0,2811.0,136.9,30.3,10.0,15.0,0.0,181.3136,Lahore,15,0,11,176.36842,182.08553,179.87893104553223,1.532937195950695,0.028038891
2025-11-03 16:00:00+00:00,133.6,126.2,2507.0,129.4,28.8,10.0,14.0,0.0,181.72148,Lahore,16,0,11,176.6908,181.81798,180.08854293823242,1.4176513429067732,0.02847169
2025-11-03 17:00:00+00:00,125.7,119.2,2067.0,111.5,25.8,20.0,12.0,0.0,181.70174,Lahore,17,0,11,177.01097,181.5285,180.28399149576822,1.292756642797443,0.026499856
2025-11-03 18:00:00+00:00,119.7,114.1,1669.0,92.9,23.0,30.0,10.0,0.0,181.33333,Lahore,18,0,11,177.32895,181.1908,180.45084063212076,1.1447186488384253,0.022581644
2025-11-03 19:00:00+00:00,114.1,109.2,1361.0,75.2,20.8,38.0,9.0,0.0,180.72148,Lahore,19,0,11,177.64473,180.80263,180.57903861999512,0.9767584369562728,0.01731969
2025-11-03 20:00:00+00:00,109.4,105.2,1095.0,56.7,18.7,46.0,8.0,0.0,179.91885,Lahore,20,0,11,178.01315,180.3443,180.65844281514487,0.824728329775745,0.010705393
2025-11-03 21:00:00+00:00,103.8,100.4,905.0,41.9,17.1,53.0,7.0,0.0,178.97806,Lahore,21,0,11,178.46272,179.80263,180.67991511027017,0.769966360033308,0.0028876343
2025-11-03 22:00:00+00:00,97.6,94.3,801.0,32.3,16.0,57.0,6.0,0.0,177.90132,Lahore,22,0,11,178.98465,179.23026,180.63477643330893,0.8952353707153023,-0.0060526324
2025-11-03 23:00:00+00:00,91.0,88.2,773.0,26.4,15.3,59.0,5.0,0.0,176.70175,Lahore,23,0,11,179.5351,178.66885,180.5167204538981,1.186118222054214,-0.015781557
2025-11-04 00:00:00+00:00,88.5,86.1,827.0,29.4,14.0,49.0,4.0,0.0,175.38815,Lahore,0,1,11,180.08774,178.16666,180.32090441385904,1.5819097066649375,-0.026096085
2025-11-04 01:00:00+00:00,83.6,81.7,1048.0,32.7,14.8,45.0,3.0,0.0,174.07016,Lahore,1,1,11,180.35307,177.91008,180.0591163635254,2.032155225180923,-0.03483674
2025-11-04 02:00:00+00:00,80.6,78.2,1350.0,36.8,15.9,41.0,2.0,0.15,172.65569,Lahore,2,1,11,180.56798,177.5921,179.72943751017252,2.5274613130456958,-0.043818913
2025-11-04 03:00:00+00:00,76.4,73.3,1483.0,37.5,17.0,47.0,6.0,0.85,170.99121,Lahore,3,1,11,180.9035,177.11185,179.31642532348633,3.077334187478616,-0.054793257
2025-11-04 04:00:00+00:00,77.1,65.9,1281.0,31.5,18.4,74.0,20.0,2.05,169.38158,Lahore,4,1,11,181.2807,176.54166,178.82062848409018,3.6519974623086147,-0.06563922
2025-11-04 05:00:00+00:00,84.1,62.4,909.0,22.0,19.8,111.0,37.0,3.45,168.07016,Lahore,5,1,11,181.48904,176.04605,178.26150830586752,4.21024799878937,-0.07393771
2025-11-04 06:00:00+00:00,82.0,57.3,614.0,14.3,20.4,140.0,48.0,4.25,167.35086,Lahore,6,1,11,181.45833,175.81578,177.6736971537272,4.700750993493298,-0.077744946
2025-11-04 07:00:00+00:00,73.1,50.9,473.0,10.0,19.7,155.0,44.0,3.8,166.91667,Lahore,7,1,11,181.2851,175.73465,177.07501284281412,5.117326185249068,-0.07925871
2025-11-04 08:00:00+00:00,62.4,45.3,409.0,7.6,18.1,162.0,33.0,3.35,166.57237,Lahore,8,1,11,181.0965,175.7193,176.46984100341797,5.467871220366338,-0.08020102
2025-11-04 09:00:00+00:00,51.7,39.9,430.0,7.8,16.4,161.0,23.0,2.25,166.25876,Lahore,9,1,11,180.9013,175.73465,175.85973485310873,5.7609629854524735,-0.08094219
2025-11-04 10:00:00+00:00,45.3,36.6,606.0,12.4,14.6,148.0,16.0,1.0,165.93202,Lahore,10,1,11,180.69957,175.77412,175.24442036946616,6.005029657352016,-0.08172431
2025-11-04 11:00:00+00:00,40.5,34.2,868.0,19.7,12.7,128.0,11.0,0.15,165.58992,Lahore,11,1,11,180.49123,175.83115,174.6235326131185,6.205947826841841,-0.08255973
2025-11-04 12:00:00+00:00,49.4,45.3,1019.0,55.0,10.5,57.0,8.0,0.0,165.19957,Lahore,12,1,11,180.26755,175.8728,173.99570020039877,6.370151662403342,-0.083586745
2025-11-04 13:00:00+00:00,50.9,45.5,946.0,46.4,10.3,65.0,11.0,0.0,164.28947,Lahore,13,1,11,180.42545,175.9693,173.32336807250977,6.511974258606336,-0.0894329
2025-11-04 14:00:00+00:00,53.3,45.9,761.0,34.5,10.1,77.0,14.0,0.0,162.9079,Lahore,14,1,11,180.80263,176.1228,172.57775433858237,6.641548209762998,-0.09897383
2025-11-04 15:00:00+00:00,55.9,45.9,608.0,24.6,9.8,86.0,19.0,0.0,161.14694,Lahore,15,1,11,181.3136,176.36842,171.73747698465982,6.762867437836334,-0.111225285
2025-11-04 16:00:00+00:00,59.6,45.4,544.0,19.1,9.6,89.0,25.0,0.0,159.193,Lahore,16,1,11,181.72148,176.6908,170.79878997802734,6.879311075715096,-0.12397262
2025-11-04 17:00:00+00:00,62.6,45.2,511.0,15.8,9.3,90.0,32.0,0.0,157.42107,Lahore,17,1,11,181.70174,177.01097,169.7870953877767,6.9906702016139635,-0.13362926
2025-11-04 18:00:00+00:00,64.0,44.9,479.0,13.2,9.2,90.0,36.0,0.0,155.79825,Lahore,18,1,11,181.33333,177.32895,168.72313372294107,7.099301284148719,-0.14081846
2025-11-04 19:00:00+00:00,64.7,44.2,429.0,11.0,9.3,90.0,35.0,0.0,154.2807,Lahore,19,1,11,180.72148,177.64473,167.6214345296224,7.207168987976155,-0.1463068
2025-11-04 20:00:00+00:00,62.2,43.2,379.0,9.5,9.5,90.0,30.0,0.0,152.85527,Lahore,20,1,11,179.91885,178.01315,166.49378522237143,7.31582680889248,-0.15042105
2025-11-04 21:00:00+00:00,56.1,41.3,363.0,8.6,9.6,90.0,27.0,0.0,151.4956,Lahore,21,1,11,178.97806,178.46272,165.34868303934732,7.426768622665159,-0.15355207
2025-11-04 22:00:00+00:00,52.5,39.7,374.0,7.7,9.6,90.0,26.0,0.0,150.19955,Lahore,22,1,11,177.90132,178.98465,164.19444274902344,7.542809393557767,-0.15571423
2025-11-04 23:00:00+00:00,51.8,38.4,417.0,7.3,9.5,91.0,26.0,0.0,145.2604,Lahore,23,1,11,176.70175,179.5351,162.88438669840494,7.993030710335763,-0.17793454
2025-11-05 00:00:00+00:00,63.1,40.7,540.0,11.4,12.9,78.0,42.0,0.0,140.0729,Lahore,0,2,11,175.38815,180.08774,161.4129180908203,8.800915459550955,-0.2013548
2025-11-05 01:00:00+00:00,58.0,42.0,853.0,18.0,12.3,67.0,33.0,0.0,135.34375,Lahore,1,2,11,174.07016,180.35307,159.79931767781576,9.8651723815307,-0.22247587
2025-11-05 02:00:00+00:00,57.7,44.8,1245.0,26.7,11.5,52.0,22.0,0.15,131.20834,Lahore,2,2,11,172.65569,180.56798,158.0723450978597,11.070871671717946,-0.24005778
2025-11-05 03:00:00+00:00,54.7,44.4,1439.0,31.1,11.0,50.0,19.0,0.8,127.72919,Lahore,3,2,11,170.99121,180.9035,156.2697607676188,12.326717698071285,-0.2530073
2025-11-05 04:00:00+00:00,56.6,41.6,1248.0,26.9,11.2,71.0,32.0,1.85,124.71877,Lahore,4,2,11,169.38158,181.2807,154.40881061553955,13.569840542313534,-0.2636816
2025-11-05 05:00:00+00:00,62.6,39.5,857.0,18.2,11.8,103.0,52.0,3.1,122.18751,Lahore,5,2,11,168.07016,181.48904,152.4970334370931,14.742862175523666,-0.27299702
2025-11-05 06:00:00+00:00,73.8,38.9,544.0,11.1,12.2,129.0,67.0,3.9,119.80209,Lahore,6,2,11,167.35086,181.45833,150.5158348083496,15.815808027030789,-0.28412622
2025-11-05 07:00:00+00:00,85.4,38.4,393.0,7.1,12.1,141.0,71.0,4.0,117.88542,Lahore,7,2,11,166.91667,181.2851,148.4728660583496,16.74463199351898,-0.29374686
2025-11-05 08:00:00+00:00,76.1,35.9,319.0,4.5,11.9,147.0,69.0,3.15,116.583336,Lahore,8,2,11,166.57237,181.0965,146.38998953501383,17.487922698593316,-0.30010402
2025-11-05 09:00:00+00:00,67.1,34.0,347.0,4.8,11.6,146.0,64.0,2.15,115.60419,Lahore,9,2,11,166.25876,180.9013,144.27938238779703,18.03392561558273,-0.3046731
2025-11-05 10:00:00+00:00,59.8,31.9,540.0,9.2,11.3,137.0,54.0,1.05,114.98959,Lahore,10,2,11,165.93202,180.69957,142.15678119659424,18.369446925897574,-0.30700782
2025-11-05 11:00:00+00:00,53.1,29.7,836.0,16.3,11.0,121.0,42.0,0.3,114.50002,Lahore,11,2,11,165.58992,180.49123,140.02803548177084,18.495673092829758,-0.30853266
2025-11-05 12:00:00+00:00,52.4,35.9,1070.0,24.1,9.6,100.0,31.0,0.0,114.031265,Lahore,12,2,11,165.19957,180.26755,137.89602279663086,18.416914113267186,-0.3097363
2025-11-05 13:00:00+00:00,53.2,39.3,1193.0,30.5,9.8,86.0,29.0,0.0,113.05211,Lahore,13,2,11,164.28947,180.42545,135.76113255818686,18.19271510419025,-0.31187248
2025-11-05 14:00:00+00:00,54.2,41.4,1255.0,39.3,10.1,68.0,26.0,0.0,112.406265,Lahore,14,2,11,162.9079,180.80263,133.6568978627523,17.833356597807327,-0.31000113
2025-11-05 15:00:00+00:00,54.5,43.0,1245.0,45.4,10.3,53.0,22.0,0.0,111.93751,Lahore,15,2,11,161.14694,181.3136,131.60650475819907,17.35785584101926,-0.30536994
2025-11-05 16:00:00+00:00,54.4,44.6,1128.0,46.8,10.4,47.0,17.0,0.0,111.63542,Lahore,16,2,11,159.193,181.72148,129.6249392827352,16.776510543505786,-0.2987416
2025-11-05 17:00:00+00:00,53.4,46.1,940.0,45.5,10.4,44.0,12.0,0.0,111.55209,Lahore,17,2,11,157.42107,181.70174,127.7137320836385,16.070115399035817,-0.2913776
2025-11-05 18:00:00+00:00,49.2,44.6,775.0,42.4,10.3,44.0,8.0,0.0,111.64584,Lahore,18,2,11,155.79825,181.33333,125.87404855092366,15.22002191953239,-0.28339475
2025-11-05 19:00:00+00:00,44.7,42.0,664.0,36.9,10.0,45.0,5.0,0.0,111.614586,Lahore,19,2,11,154.2807,180.72148,124.09629376729329,14.216452573774239,-0.27654862
2025-11-05 20:00:00+00:00,41.3,39.7,576.0,29.6,9.6,48.0,3.0,0.0,111.385414,Lahore,20,2,11,152.85527,179.91885,122.36838308970134,13.040579749613258,-0.27130145
2025-11-05 21:00:00+00:00,38.3,37.1,521.0,23.8,9.3,51.0,2.0,0.0,111.02083,Lahore,21,2,11,151.4956,178.97806,120.68193403879802,11.653358971811164,-0.267168
2025-11-05 22:00:00+00:00,35.0,34.0,456.0,20.1,9.1,53.0,2.0,0.0,110.58333,Lahore,22,2,11,150.19955,177.90132,119.03125794728597,9.975439839199712,-0.2637573
2025-11-05 23:00:00+00:00,32.0,31.1,424.0,17.8,9.0,55.0,2.0,0.0,109.98957,Lahore,23,2,11,145.2604,176.70175,117.5616397857666,8.420124482617476,-0.24281108
2025-11-06 00:00:00+00:00,27.6,27.1,557.0,17.1,9.2,57.0,1.0,0.0,109.22916,Lahore,0,3,11,140.0729,175.38815,116.2764835357666,7.082432417663018,-0.22019783
2025-11-06 01:00:00+00:00,29.5,28.6,1051.0,23.8,9.3,48.0,1.0,0.0,107.812485,Lahore,1,3,11,135.34375,174.07016,115.12934748331706,6.007951412759619,-0.20341733
2025-11-06 02:00:00+00:00,34.0,32.9,1711.0,32.7,9.5,37.0,1.0,0.15,106.41664,Lahore,2,3,11,131.20834,172.65569,114.09635988871257,5.200182523016192,-0.18894912
2025-11-06 03:00:00+00:00,36.3,35.4,2080.0,37.0,10.2,37.0,2.0,0.8,105.17707,Lahore,3,3,11,127.72919,170.99121,113.15668837229411,4.63667714882465,-0.17656197
2025-11-06 04:00:00+00:00,32.7,31.2,1884.0,32.3,11.8,58.0,3.0,2.0,104.23957,Lahore,4,3,11,124.71877,169.38158,112.30338827768962,4.287647120347101,-0.16420305
2025-11-06 05:00:00+00:00,29.4,27.0,1398.0,22.9,13.8,91.0,4.0,3.35,103.15626,Lahore,5,3,11,122.18751,168.07016,111.51041952768962,4.137385791268012,-0.15575446
2025-11-06 06:00:00+00:00,30.4,27.4,990.0,15.1,15.0,118.0,5.0,4.3,101.85416,Lahore,6,3,11,119.80209,167.35086,110.762588818868,4.195145472051833,-0.14981322
2025-11-06 07:00:00+00:00,32.0,28.6,753.0,9.9,14.8,136.0,5.0,4.4,100.65625,Lahore,7,3,11,117.88542,166.91667,110.04470666249593,4.39276810606039,-0.14615184
2025-11-06 08:00:00+00:00,31.1,27.8,594.0,6.3,13.9,149.0,5.0,3.65,99.68972,Lahore,8,3,11,116.583336,166.57237,109.34080600738525,4.645699806863329,-0.14490592
2025-11-06 09:00:00+00:00,28.6,25.6,603.0,7.1,13.1,151.0,5.0,2.35,98.97163,Lahore,9,3,11,115.60419,166.25876,108.64778264363606,4.9041300579815275,-0.14387508
2025-11-06 10:00:00+00:00,26.6,24.0,903.0,14.7,12.8,138.0,4.0,1.1,98.22695,Lahore,10,3,11,114.98959,165.93202,107.9493392308553,5.149202999596846,-0.14577529
2025-11-06 11:00:00+00:00,25.7,23.6,1372.0,26.8,12.6,115.0,4.0,0.3,97.526596,Lahore,11,3,11,114.50002,165.58992,107.24211311340332,5.371206540425775,-0.14823951
2025-11-06 12:00:00+00:00,29.9,28.6,1730.0,45.8,12.4,90.0,2.0,0.0,96.98582,Lahore,12,3,11,114.031265,165.19957,106.53188610076904,5.558149751939502,-0.14948048
2025-11-06 13:00:00+00:00,35.0,33.9,1858.0,51.9,12.8,77.0,2.0,0.0,96.33865,Lahore,13,3,11,113.05211,164.28947,105.83549213409424,5.7494392765684745,-0.1478385
2025-11-06 14:00:00+00:00,39.2,38.0,1876.0,60.1,13.4,59.0,2.0,0.0,95.859924,Lahore,14,3,11,112.406265,162.9079,105.14606126149495,5.916882740675086,-0.14720124
2025-11-06 15:00:00+00:00,42.7,41.3,1861.0,64.8,13.6,46.0,2.0,0.0,95.55851,Lahore,15,3,11,111.93751,161.14694,104.46360301971436,6.042738898674167,-0.1463227
2025-11-06 16:00:00+00:00,46.6,45.1,1854.0,63.3,13.2,42.0,2.0,0.0,95.4078,Lahore,16,3,11,111.63542,159.193,103.78745206197102,6.1128454629491005,-0.14536268
2025-11-06 17:00:00+00:00,49.6,47.8,1814.0,58.4,12.3,44.0,3.0,0.0,95.45212,Lahore,17,3,11,111.55209,157.42107,103.1166197458903,6.107109138344453,-0.14432697
2025-11-06 18:00:00+00:00,50.8,48.9,1695.0,52.7,11.5,46.0,3.0,0.0,95.60284,Lahore,18,3,11,111.64584,155.79825,102.4481611251831,6.010176802202724,-0.14369552
2025-11-06 19:00:00+00:00,50.8,48.7,1412.0,46.3,10.6,50.0,3.0,0.0,95.98404,Lahore,19,3,11,111.614586,154.2807,101.79688835144043,5.817488469749372,-0.14004035
2025-11-06 20:00:00+00:00,50.6,48.3,1050.0,39.2,9.7,55.0,4.0,0.0,96.57801,Lahore,20,3,11,111.385414,152.85527,101.17991320292155,5.5346890927032835,-0.13293844
2025-11-06 21:00:00+00:00,50.8,48.4,818.0,34.3,9.1,57.0,4.0,0.0,97.34043,Lahore,21,3,11,111.02083,151.4956,100.60989665985107,5.169534406473238,-0.1232237
2025-11-06 22:00:00+00:00,51.3,49.0,748.0,32.9,8.8,55.0,4.0,0.0,98.3422,Lahore,22,3,11,110.58333,150.19955,100.09984970092773,4.727732855187356,-0.11069595
2025-11-06 23:00:00+00:00,52.9,50.6,808.0,33.8,8.7,49.0,3.0,0.0,99.67198,Lahore,23,3,11,109.98957,145.2604,99.66995016733806,4.2325061819955705,-0.09380516
2025-11-07 00:00:00+00:00,58.6,56.5,1107.0,38.1,9.2,42.0,3.0,0.0,101.64583,Lahore,0,4,11,109.22916,140.0729,99.35397815704346,3.742552293911008,-0.06942586
2025-11-07 01:00:00+00:00,65.0,62.9,1909.0,44.0,9.7,34.0,3.0,0.0,104.708336,Lahore,1,4,11,107.812485,135.34375,99.22463862101237,3.482099380810464,-0.02879211
2025-11-07 02:00:00+00:00,75.4,73.1,2950.0,51.7,10.5,24.0,3.0,0.15,108.28126,Lahore,2,4,11,106.41664,131.20834,99.30233097076416,3.665514674578284,0.017521849
2025-11-07 03:00:00+00:00,76.1,74.3,3551.0,54.0,11.7,28.0,3.0,0.8,112.46874,Lahore,3,4,11,105.17707,127.72919,99.60615062713623,4.4018495129845725,0.06932758
2025-11-07 04:00:00+00:00,69.2,67.5,3335.0,46.2,13.6,57.0,3.0,2.0,116.520836,Lahore,4,4,11,104.23957,124.71877,100.11787001291911,5.532543462822215,0.117817685
2025-11-07 05:00:00+00:00,49.9,48.7,2680.0,33.0,15.8,99.0,2.0,3.3,120.30208,Lahore,5,4,11,103.15626,122.18751,100.83227920532227,6.883910623094847,0.16621213
2025-11-07 06:00:00+00:00,28.9,27.9,2033.0,22.0,17.3,133.0,2.0,4.25,122.56249,Lahore,6,4,11,101.85416,119.80209,101.6951265335083,8.19124395837323,0.2033136
2025-11-07 07:00:00+00:00,21.5,20.5,1441.0,14.2,17.4,153.0,2.0,4.4,122.614586,Lahore,7,4,11,100.65625,117.88542,102.61005719502766,9.230556873419363,0.21815173
2025-11-07 08:00:00+00:00,20.0,18.7,859.0,8.6,16.8,165.0,2.0,3.65,121.770836,Lahore,8,4,11,99.68972,116.583336,103.53010368347168,9.995574156926098,0.22149841
2025-11-07 09:00:00+00:00,19.4,18.0,598.0,8.8,16.1,165.0,2.0,2.35,120.82291,Lahore,9,4,11,98.97163,115.60419,104.44057369232178,10.542524531113893,0.22078328
2025-11-07 10:00:00+00:00,18.6,17.4,873.0,17.9,15.3,149.0,2.0,1.1,120.031235,Lahore,10,4,11,98.22695,114.98959,105.34908548990886,10.91664286706487,0.22197862
2025-11-07 11:00:00+00:00,18.9,17.9,1470.0,32.9,14.4,122.0,1.0,0.3,119.34374,Lahore,11,4,11,97.526596,114.50002,106.25813325246175,11.1429590883853,0.22370458
2025-11-07 12:00:00+00:00,35.4,33.6,2056.0,62.1,17.8,95.0,3.0,0.0,118.75,Lahore,12,4,11,96.98582,114.031265,107.16497421264648,11.240728719460838,0.22440584
2025-11-07 13:00:00+00:00,48.8,47.1,2584.0,74.2,18.3,74.0,3.0,0.0,119.27085,Lahore,13,4,11,96.33865,113.05211,108.12048244476318,11.255091066504553,0.23803735
2025-11-07 14:00:00+00:00,59.5,58.0,3100.0,90.7,19.0,46.0,3.0,0.0,120.645836,Lahore,14,4,11,95.859924,112.406265,109.15322875976562,11.218266077744575,0.25856385
2025-11-07 15:00:00+00:00,67.5,65.9,3412.0,102.1,19.3,24.0,3.0,0.0,122.72916,Lahore,15,4,11,95.55851,111.93751,110.28533903757732,11.157504045000163,0.2843352
2025-11-07 16:00:00+00:00,73.6,71.9,3431.0,103.8,19.2,16.0,3.0,0.0,125.29167,Lahore,16,4,11,95.4078,111.63542,111.5305004119873,11.092312638726124,0.31322253
2025-11-07 17:00:00+00:00,79.4,78.0,3245.0,100.5,18.7,14.0,3.0,0.0,128.08334,Lahore,17,4,11,95.45212,111.55209,112.89013481140137,11.035558902451735,0.34185964
2025-11-07 18:00:00+00:00,83.1,81.7,2929.0,96.5,17.9,13.0,3.0,0.0,131.22917,Lahore,18,4,11,95.60284,111.64584,114.37456544240315,11.005150296861942,0.37264934
2025-11-07 19:00:00+00:00,82.7,81.0,2409.0,94.0,16.4,11.0,3.0,0.0,134.64583,Lahore,19,4,11,95.98404,111.614586,115.98547331492107,11.025738118397044,0.40279394
2025-11-07 20:00:00+00:00,79.6,78.2,1758.0,90.9,14.4,10.0,3.0,0.0,138.01042,Lahore,20,4,11,96.57801,111.385414,117.71182378133138,11.098297176407218,0.4290046
2025-11-07 21:00:00+00:00,76.8,75.4,1271.0,85.0,12.8,12.0,3.0,0.0,141.125,Lahore,21,4,11,97.34043,111.02083,119.53618081410725,11.202222420147256,0.44980866
2025-11-07 22:00:00+00:00,73.6,72.2,1003.0,72.8,11.8,20.0,3.0,0.0,143.9375,Lahore,22,4,11,98.3422,110.58333,121.43598492940266,11.317325263483502,0.4636392
2025-11-07 23:00:00+00:00,71.2,69.8,899.0,57.7,11.1,31.0,2.0,0.0,146.35417,Lahore,23,4,11,99.67198,109.98957,123.38107617696126,11.425230774062188,0.4683582
2025-11-08 00:00:00+00:00,68.2,66.8,1085.0,45.0,11.1,43.0,2.0,0.0,148.35417,Lahore,0,5,11,101.64583,109.22916,125.32725715637207,11.539454568330534,0.45952052
2025-11-08 01:00:00+00:00,72.6,71.2,1852.0,51.0,11.4,36.0,2.0,0.0,149.42711,Lahore,1,5,11,104.708336,107.812485,127.19053936004639,11.674938802551031,0.4270794
2025-11-08 02:00:00+00:00,82.0,80.3,2909.0,58.7,11.9,28.0,2.0,0.15,150.0614,Lahore,2,5,11,108.28126,106.41664,128.93137868245444,11.846443944991607,0.38584834
2025-11-08 03:00:00+00:00,81.0,79.6,3511.0,59.7,13.0,34.0,2.0,0.8,150.2193,Lahore,3,5,11,112.46874,105.17707,130.50431855519614,12.069647881476309,0.33565375
2025-11-08 04:00:00+00:00,73.1,71.9,3243.0,47.8,15.5,68.0,2.0,1.9,150.33553,Lahore,4,5,11,116.520836,104.23957,131.91326395670572,12.337030031052864,0.29020295
2025-11-08 05:00:00+00:00,55.3,53.7,2520.0,29.2,18.7,116.0,3.0,3.2,150.432,Lahore,5,5,11,120.30208,103.15626,133.16867764790854,12.633550585438739,0.25045228
2025-11-08 06:00:00+00:00,31.0,29.3,1847.0,14.8,20.4,153.0,3.0,4.1,150.54166,Lahore,6,5,11,122.56249,101.85416,134.33447615305582,12.90039259467634,0.22828488
2025-11-08 07:00:00+00:00,25.0,23.3,1309.0,7.5,19.3,169.0,3.0,4.15,150.57237,Lahore,7,5,11,122.614586,100.65625,135.4993839263916,13.057411978000253,0.22801355
2025-11-08 08:00:00+00:00,23.7,21.9,821.0,4.4,16.6,172.0,3.0,3.45,150.63377,Lahore,8,5,11,121.770836,99.68972,136.70200634002686,13.067173745985922,0.23702669
2025-11-08 09:00:00+00:00,23.3,21.5,628.0,6.9,14.6,167.0,3.0,2.2,150.70395,Lahore,9,5,11,120.82291,98.97163,137.94704977671304,12.911031806482168,0.24731272
2025-11-08 10:00:00+00:00,23.2,21.5,882.0,17.2,13.8,150.0,3.0,1.05,150.7807,Lahore,10,5,11,120.031235,98.22695,139.22827752431235,12.57725374618792,0.25617886
2025-11-08 11:00:00+00:00,23.7,22.3,1432.0,33.1,13.6,125.0,2.0,0.25,150.87062,Lahore,11,5,11,119.34374,97.526596,140.54189745585123,12.045282772326038,0.26416868
2025-11-08 12:00:00+00:00,39.7,37.7,2071.0,47.9,14.6,97.0,4.0,0.0,150.9671,Lahore,12,5,11,118.75,96.98582,141.88427670796713,11.28214013629562,0.27130193
2025-11-08 13:00:00+00:00,52.0,50.1,2822.0,61.6,15.4,76.0,4.0,0.0,151.05702,Lahore,13,5,11,119.27085,96.33865,143.20870049794516,10.338336549510869,0.2665041
2025-11-08 14:00:00+00:00,64.3,62.4,3662.0,80.3,16.5,47.0,3.0,0.0,151.1228,Lahore,14,5,11,120.645836,95.859924,144.47857411702475,9.262162199745026,0.25261515
2025-11-08 15:00:00+00:00,74.0,72.2,4317.0,93.1,17.2,26.0,3.0,0.0,151.2193,Lahore,15,5,11,122.72916,95.55851,145.6656634012858,8.107151389918764,0.23213834
2025-11-08 16:00:00+00:00,81.7,79.9,4755.0,94.8,17.2,18.0,3.0,0.0,151.35745,Lahore,16,5,11,125.29167,95.4078,146.7517375946045,6.917788471416599,0.2080408
2025-11-08 17:00:00+00:00,86.8,85.2,5008.0,90.6,16.7,18.0,3.0,0.0,151.53288,Lahore,17,5,11,128.08334,95.45212,147.72880172729492,5.718475190575903,0.18308032
2025-11-08 18:00:00+00:00,88.2,86.6,4894.0,84.9,15.9,20.0,3.0,0.0,151.69078,Lahore,18,5,11,131.22917,95.60284,148.58136876424155,4.559446190490841,0.15592271
2025-11-08 19:00:00+00:00,86.4,84.8,4167.0,78.6,14.6,24.0,3.0,0.0,151.79825,Lahore,19,5,11,134.64583,95.98404,149.29605293273926,3.501720703105242,0.12738916
2025-11-08 20:00:00+00:00,82.7,81.0,3074.0,70.7,12.9,29.0,2.0,0.0,151.88158,Lahore,20,5,11,138.01042,96.57801,149.8740177154541,2.581956820476193,0.10050803
2025-11-08 21:00:00+00:00,80.1,78.7,2171.0,63.3,11.6,34.0,2.0,0.0,151.94298,Lahore,21,5,11,141.125,97.34043,150.32476679484049,1.8200407929563018,0.07665529
2025-11-08 22:00:00+00:00,79.6,78.2,1606.0,55.9,11.0,36.0,2.0,0.0,152.01535,Lahore,22,5,11,143.9375,98.3422,150.66134389241537,1.2429049322252983,0.05612054
2025-11-08 23:00:00+00:00,80.3,78.9,1232.0,48.9,10.7,37.0,2.0,0.0,152.14694,Lahore,23,5,11,146.35417,99.67198,150.90270932515463,0.8794214304042863,0.039580494
2025-11-09 00:00:00+00:00,86.1,85.0,1166.0,61.4,11.8,25.0,2.0,0.0,152.3465,Lahore,0,6,11,148.35417,101.64583,151.06905619303384,0.7434687899371926,0.026910769
2025-11-09 01:00:00+00:00,88.5,87.3,1681.0,63.9,12.2,22.0,2.0,0.0,152.74562,Lahore,1,6,11,149.42711,104.708336,151.20732752482095,0.7333418613550658,0.022208232
2025-11-09 02:00:00+00:00,98.0,96.6,2504.0,66.7,12.9,21.0,2.0,0.15,153.09868,Lahore,2,6,11,150.0614,108.28126,151.33388074239096,0.7870932062596807,0.02024023
2025-11-09 03:00:00+00:00,96.4,95.5,2936.0,63.8,13.7,31.0,2.0,0.8,153.45615,Lahore,3,6,11,150.2193,112.46874,151.46874936421713,0.8615968859024916,0.021547478
2025-11-09 04:00:00+00:00,83.1,82.2,2572.0,49.8,14.9,65.0,2.0,1.9,153.80482,Lahore,4,6,11,150.33553,116.520836,151.61330350240073,0.9497272414961673,0.023077043
2025-11-09 05:00:00+00:00,57.0,56.1,1817.0,30.0,16.3,112.0,1.0,3.25,154.0307,Lahore,5,6,11,150.432,120.30208,151.76324907938638,1.0353390802802187,0.023922395
2025-11-09 06:00:00+00:00,29.2,28.6,1188.0,14.8,16.9,147.0,1.0,4.2,154.08333,Lahore,6,6,11,150.54166,122.56249,151.91081873575845,1.1037910339608454,0.023526192
2025-11-09 07:00:00+00:00,20.3,20.0,824.0,7.1,16.0,163.0,1.0,4.3,154.06798,Lahore,7,6,11,150.57237,122.614586,152.05646896362305,1.149194771523681,0.02321545
2025-11-09 08:00:00+00:00,18.0,17.6,585.0,4.0,14.3,168.0,1.0,3.55,153.9956,Lahore,8,6,11,150.63377,121.770836,152.19654528299967,1.1728855941115732,0.022317914
2025-11-09 09:00:00+00:00,17.3,16.8,576.0,6.8,13.0,164.0,1.0,2.3,153.90132,Lahore,9,6,11,150.70395,120.82291,152.32976913452148,1.177555423316689,0.02121625
2025-11-09 10:00:00+00:00,17.2,16.8,899.0,18.0,12.5,147.0,1.0,1.05,153.79825,Lahore,10,6,11,150.7807,120.031235,152.45550028483072,1.1660051469086172,0.020012824
2025-11-09 11:00:00+00:00,18.0,17.6,1450.0,35.2,12.5,121.0,1.0,0.3,153.69518,Lahore,11,6,11,150.87062,119.34374,152.57319005330405,1.1413682390531594,0.0187217
2025-11-09 12:00:00+00:00,36.7,36.1,2022.0,55.6,12.6,88.0,1.0,0.0,153.5921,Lahore,12,6,11,150.9671,118.75,152.68256505330405,1.1059944792199905,0.017387895
2025-11-09 13:00:00+00:00,48.4,47.8,2604.0,67.0,13.3,70.0,1.0,0.0,153.557,Lahore,13,6,11,151.05702,119.27085,152.78673108418783,1.0631371165762507,0.016549941
2025-11-09 14:00:00+00:00,59.3,58.7,3205.0,82.7,14.3,46.0,1.0,0.0,153.50658,Lahore,14,6,11,151.1228,120.645836,152.88605499267578,1.0109992119683977,0.015773753
2025-11-09 15:00:00+00:00,68.0,67.3,3649.0,94.0,15.1,27.0,1.0,0.0,153.42545,Lahore,15,6,11,151.2193,122.72916,152.97797775268555,0.9514021459551347,0.014589052
2025-11-09 16:00:00+00:00,75.7,75.0,3850.0,97.2,15.5,19.0,1.0,0.0,153.318,Lahore,16,6,11,151.35745,125.29167,153.0596669514974,0.8882854033352602,0.01295305
2025-11-09 17:00:00+00:00,82.9,82.2,3893.0,96.1,15.7,16.0,1.0,0.0,153.21053,Lahore,17,6,11,151.53288,128.08334,153.12956873575845,0.8267955408873358,0.011071147
2025-11-09 18:00:00+00:00,88.0,87.3,3856.0,92.6,15.6,15.0,1.0,0.0,153.14473,Lahore,18,6,11,151.69078,131.22917,153.19014994303384,0.7679624823956095,0.009584953
2025-11-09 19:00:00+00:00,90.6,89.6,3763.0,86.8,15.0,16.0,1.0,0.0,153.16008,Lahore,19,6,11,151.79825,134.64583,153.24689292907715,0.7086688749831779,0.008971327
2025-11-09 20:00:00+00:00,91.7,90.8,3590.0,78.6,14.0,19.0,2.0,0.0,153.26535,Lahore,20,6,11,151.88158,138.01042,153.30455017089844,0.6463049979374549,0.009110874
2025-11-09 21:00:00+00:00,92.0,90.8,3341.0,70.7,13.2,22.0,2.0,0.0,153.48026,Lahore,21,6,11,151.94298,141.125,153.36860338846842,0.5780724756340804,0.010117462
2025-11-09 22:00:00+00:00,92.2,91.0,2784.0,62.7,12.6,24.0,2.0,0.0,153.74562,Lahore,22,6,11,152.01535,143.9375,153.44069798787436,0.5052749668241325,0.011382208
2025-11-09 23:00:00+00:00,91.5,90.3,2151.0,54.8,12.2,26.0,2.0,0.0,154.02632,Lahore,23,6,11,152.14694,146.35417,153.5190054575602,0.4370824904431239,0.012352396
2025-11-10 00:00:00+00:00,96.9,95.9,2138.0,57.9,12.2,17.0,2.0,0.0,154.2763,Lahore,0,0,11,152.3465,148.35417,153.59941418965658,0.38659602090793804,0.01266724
2025-11-10 01:00:00+00:00,100.1,99.0,3522.0,62.6,13.0,12.0,2.0,0.0,154.51535,Lahore,1,0,11,152.74562,149.42711,153.67315292358398,0.3854403047151397,0.011586123
2025-11-10 02:00:00+00:00,109.9,108.7,5526.0,68.4,14.1,8.0,2.0,0.15,154.77194,Lahore,2,0,11,153.09868,150.0614,153.74287223815918,0.4261881318416885,0.010929314
2025-11-10 03:00:00+00:00,115.3,114.1,6518.0,67.3,15.7,18.0,2.0,0.75,155.03728,Lahore,3,0,11,153.45615,150.2193,153.8087526957194,0.4963668995628379,0.010303471
2025-11-10 04:00:00+00:00,97.8,96.9,5481.0,52.9,18.1,57.0,2.0,1.85,155.44518,Lahore,4,0,11,153.80482,150.33553,153.8771006266276,0.5982761763703844,0.010665142
2025-11-10 05:00:00+00:00,73.8,72.6,3433.0,31.7,21.0,110.0,2.0,3.1,155.76755,Lahore,5,0,11,154.0307,150.432,153.94946924845377,0.7119170202432493,0.011275979
2025-11-10 06:00:00+00:00,47.0,45.8,1792.0,15.4,22.7,152.0,2.0,3.95,156.12938,Lahore,6,0,11,154.08333,150.54166,154.03472137451172,0.8396855955781658,0.013278861
2025-11-10 07:00:00+00:00,38.6,37.5,1066.0,7.1,22.4,173.0,2.0,4.0,156.50658,Lahore,7,0,11,154.06798,150.57237,154.1363296508789,0.9797478343655189,0.01582807
2025-11-10 08:00:00+00:00,35.3,34.1,749.0,3.7,20.9,181.0,2.0,3.3,156.89035,Lahore,8,0,11,153.9956,150.63377,154.2569440205892,1.1285526066592815,0.01879758
2025-11-10 09:00:00+00:00,34.6,33.3,738.0,7.4,19.7,178.0,2.0,2.1,157.2522,Lahore,9,0,11,153.90132,150.70395,154.3965638478597,1.2797883407112507,0.021772886
2025-11-10 10:00:00+00:00,34.1,32.8,1028.0,22.1,19.0,158.0,2.0,0.95,157.61404,Lahore,10,0,11,153.79825,150.7807,154.55555534362793,1.4303884798711566,0.0248104
2025-11-10 11:00:00+00:00,34.9,33.9,1626.0,44.0,18.6,125.0,2.0,0.25,157.9649,Lahore,11,0,11,153.69518,150.87062,154.73346074422201,1.5767613931640891,0.027780505
2025-11-10 12:00:00+00:00,78.5,76.1,2448.0,80.8,20.3,77.0,4.0,0.0,158.32237,Lahore,12,0,11,153.5921,150.9671,154.93055534362793,1.7172695214465747,0.030797616
2025-11-10 13:00:00+00:00,95.0,92.4,3696.0,88.7,21.0,61.0,4.0,0.0,159.19955,Lahore,13,0,11,153.557,151.05702,155.16566149393717,1.8978071576823918,0.036745623
2025-11-10 14:00:00+00:00,109.9,107.3,5169.0,99.5,22.1,38.0,5.0,0.0,160.17764,Lahore,14,0,11,153.50658,151.1228,155.44362258911133,2.119798526446891,0.043457855
2025-11-10 15:00:00+00:00,123.4,120.6,6181.0,107.1,22.9,20.0,5.0,0.0,161.24342,Lahore,15,0,11,153.42545,151.2193,155.7693716684977,2.380806455961162,0.0509562
2025-11-10 16:00:00+00:00,135.0,132.2,6425.0,108.7,23.5,12.0,5.0,0.0,162.4123,Lahore,16,0,11,153.318,151.35745,156.1483008066813,2.6787614845615533,0.059316583
2025-11-10 17:00:00+00:00,144.8,141.6,6208.0,107.1,24.0,10.0,6.0,0.0,163.66667,Lahore,17,0,11,153.21053,151.53288,156.58397356669107,3.0100012351059102,0.068246916
2025-11-10 18:00:00+00:00,150.9,147.6,5762.0,104.6,23.9,8.0,6.0,0.0,164.9693,Lahore,18,0,11,153.14473,151.69078,157.07666397094727,3.36892388928036,0.07721173
2025-11-10 19:00:00+00:00,152.3,149.0,5075.0,102.1,23.1,7.0,6.0,0.0,166.29167,Lahore,19,0,11,153.16008,151.79825,157.6238136291504,3.749977971318024,0.08573769
2025-11-10 20:00:00+00:00,150.4,146.7,4159.0,98.7,21.8,7.0,6.0,0.0,167.5943,Lahore,20,0,11,153.26535,151.88158,158.22085316975912,4.145679435387429,0.093491115
2025-11-10 21:00:00+00:00,146.2,142.5,3278.0,93.8,20.3,7.0,6.0,0.0,168.82018,Lahore,21,0,11,153.48026,151.94298,158.8600165049235,4.546191794701182,0.09994719
2025-11-10 22:00:00+00:00,140.2,136.9,2349.0,86.2,18.5,7.0,5.0,0.0,169.95395,Lahore,22,0,11,153.74562,152.01535,159.5353635152181,4.940220130799795,0.105423026
2025-11-10 23:00:00+00:00,131.8,129.5,1454.0,77.2,16.6,7.0,5.0,0.0,170.96053,Lahore,23,0,11,154.02632,152.14694,160.2409553527832,5.3143324224367845,0.109943576
2025-11-11 00:00:00+00:00,143.0,139.7,1110.0,92.0,18.5,0.0,6.0,0.0,171.82016,Lahore,0,1,11,154.2763,152.3465,160.9719492594401,5.653953819179296,0.113717094
2025-11-11 01:00:00+00:00,136.4,133.6,1864.0,87.0,17.7,0.0,5.0,0.0,172.78069,Lahore,1,1,11,154.51535,152.74562,161.73300488789877,5.9676777994886985,0.11821049
2025-11-11 02:00:00+00:00,136.9,134.1,3168.0,79.5,16.9,2.0,4.0,0.1,173.53947,Lahore,2,1,11,154.77194,153.09868,162.51498540242514,6.239298966078084,0.121259265
2025-11-11 03:00:00+00:00,133.6,131.8,3893.0,69.3,17.6,19.0,3.0,0.65,174.0965,Lahore,3,1,11,155.03728,153.45615,163.3091195424398,6.455342550831448,0.12293314
2025-11-11 04:00:00+00:00,117.6,116.2,3404.0,54.2,21.8,64.0,4.0,1.55,174.48466,Lahore,4,1,11,155.44518,153.80482,164.1024316151937,6.614839140252391,0.12248363
2025-11-11 05:00:00+00:00,101.5,99.0,2336.0,36.3,27.5,124.0,5.0,2.65,174.9079,Lahore,5,1,11,155.76755,154.0307,164.89994621276855,6.719256331958525,0.12287765
2025-11-11 06:00:00+00:00,85.0,81.7,1469.0,22.1,31.0,170.0,6.0,3.45,175.48683,Lahore,6,1,11,156.12938,154.08333,165.70650672912598,6.782200721398984,0.123983406
2025-11-11 07:00:00+00:00,70.1,66.4,1060.0,12.5,30.1,190.0,7.0,3.55,176.27412,Lahore,7,1,11,156.50658,154.06798,166.5301545461019,6.816584626412851,0.1263049
2025-11-11 08:00:00+00:00,65.2,61.5,852.0,6.6,26.9,196.0,7.0,2.95,176.9079,Lahore,8,1,11,156.89035,153.9956,167.36421902974448,6.810445317824271,0.12758942
2025-11-11 09:00:00+00:00,61.7,57.9,853.0,7.8,24.1,190.0,7.0,1.9,177.50876,Lahore,9,1,11,157.2522,153.90132,168.20824241638184,6.757770056651023,0.12881576
2025-11-11 10:00:00+00:00,59.6,56.0,1116.0,20.4,22.5,168.0,6.0,0.85,178.04823,Lahore,10,1,11,157.61404,153.79825,169.0596669514974,6.651386585418005,0.129647
2025-11-11 11:00:00+00:00,59.4,56.1,1587.0,40.2,21.2,133.0,6.0,0.25,178.557,Lahore,11,1,11,157.9649,153.69518,169.91767120361328,6.484024873664574,0.13035871
2025-11-11 12:00:00+00:00,98.7,93.8,2116.0,74.9,22.8,84.0,9.0,0.0,179.04385,Lahore,12,1,11,158.32237,153.5921,170.78106625874838,6.248216221880377,0.13088158
2025-11-11 13:00:00+00:00,114.3,109.7,2739.0,80.9,22.9,70.0,9.0,0.0,179.432,Lahore,13,1,11,159.19955,153.557,171.62408510843912,5.976678425968736,0.12708862
2025-11-11 14:00:00+00:00,124.3,119.7,3419.0,89.0,23.0,50.0,8.0,0.0,179.8114,Lahore,14,1,11,160.17764,153.50658,172.4421583811442,5.678047002626518,0.1225749
2025-11-11 15:00:00+00:00,129.5,125.3,3898.0,93.9,22.8,35.0,8.0,0.0,180.08333,Lahore,15,1,11,161.24342,153.42545,173.22715441385904,5.35566165761095,0.11684138
2025-11-11 16:00:00+00:00,133.2,128.5,4065.0,93.2,22.2,29.0,8.0,0.0,180.1864,Lahore,16,1,11,162.4123,153.318,173.967742284139,5.013105265467174,0.1094382
2025-11-11 17:00:00+00:00,136.0,131.8,4030.0,89.3,21.3,28.0,7.0,0.0,180.10527,Lahore,17,1,11,163.66667,153.21053,174.6526838938395,4.6546651594011434,0.1004395
2025-11-11 18:00:00+00:00,137.4,133.2,3863.0,84.6,20.2,28.0,7.0,0.0,179.89035,Lahore,18,1,11,164.9693,153.14473,175.2743943532308,4.287010297141131,0.09044744
2025-11-11 19:00:00+00:00,136.9,132.7,3552.0,80.2,18.8,27.0,7.0,0.0,179.57455,Lahore,19,1,11,166.29167,153.16008,175.82784779866537,3.9184909024848853,0.07987702
2025-11-11 20:00:00+00:00,134.6,130.9,3109.0,75.0,17.1,27.0,6.0,0.0,179.2171,Lahore,20,1,11,167.5943,153.26535,176.312131245931,3.5583467382209744,0.069350824
2025-11-11 21:00:00+00:00,131.3,128.1,2643.0,68.1,15.7,29.0,6.0,0.0,178.8706,Lahore,21,1,11,168.82018,153.48026,176.73089917500815,3.21294738960716,0.05953335
2025-11-11 22:00:00+00:00,127.1,123.9,2028.0,56.5,14.7,36.0,6.0,0.0,178.55482,Lahore,22,1,11,169.95395,153.74562,177.08926900227866,2.887356755200454,0.050607096
2025-11-11 23:00:00+00:00,122.9,119.7,1390.0,43.1,13.9,45.0,6.0,0.0,178.26973,Lahore,23,1,11,170.96053,154.02632,177.3938191731771,2.582154803466478,0.042753752
2025-11-12 00:00:00+00:00,135.5,131.8,1218.0,69.3,16.5,20.0,6.0,0.0,178.05482,Lahore,0,2,11,171.82016,154.2763,177.65359687805176,2.294650327101769,0.036285993
2025-11-12 01:00:00+00:00,129.9,126.7,2021.0,68.6,16.1,18.0,5.0,0.0,177.88158,Lahore,1,2,11,172.78069,154.51535,177.86613400777182,2.0464948058904078,0.029522346
2025-11-12 02:00:00+00:00,132.2,129.5,3289.0,67.2,15.7,18.0,4.0,0.1,177.73026,Lahore,2,2,11,173.53947,154.77194,178.04074986775717,1.8284460791604484,0.024148861
2025-11-12 03:00:00+00:00,130.9,128.5,3982.0,61.7,16.5,31.0,4.0,0.65,177.62938,Lahore,3,2,11,174.0965,155.03728,178.18795331319174,1.628362551253901,0.02029267
2025-11-12 04:00:00+00:00,118.5,116.2,3501.0,48.8,20.1,71.0,5.0,1.65,177.55702,Lahore,4,2,11,174.48466,155.44518,178.31596819559732,1.433700101678086,0.017608179
2025-11-12 05:00:00+00:00,106.4,103.1,2445.0,31.8,24.9,125.0,6.0,2.8,177.55702,Lahore,5,2,11,174.9079,155.76755,178.4263483683268,1.2501313526586133,0.015145823
2025-11-12 06:00:00+00:00,87.3,83.4,1572.0,18.5,27.8,165.0,7.0,3.6,177.64693,Lahore,6,2,11,175.48683,156.12938,178.51635233561197,1.097771961815118,0.012309158
2025-11-12 07:00:00+00:00,66.8,63.3,1113.0,9.6,26.8,183.0,6.0,3.75,177.6842,Lahore,7,2,11,176.27412,156.50658,178.57510566711426,1.006487909498225,0.007999359
2025-11-12 08:00:00+00:00,52.7,50.1,837.0,4.4,23.8,187.0,5.0,3.1,177.61623,Lahore,8,2,11,176.9079,156.89035,178.60461934407553,0.9650045025601874,0.004003938
2025-11-12 09:00:00+00:00,45.6,43.2,806.0,7.3,21.3,180.0,4.0,2.0,177.36623,Lahore,9,2,11,177.50876,157.2522,178.59868049621582,0.9724517443832427,-0.00080295955
2025-11-12 10:00:00+00:00,43.0,40.6,1135.0,24.1,20.1,155.0,3.0,0.9,177.04385,Lahore,10,2,11,178.04823,157.61404,178.55683135986328,1.0177275720978523,-0.0056410516
2025-11-12 11:00:00+00:00,43.2,41.4,1709.0,49.1,19.4,119.0,3.0,0.25,176.70615,Lahore,11,2,11,178.557,157.9649,178.47971216837564,1.0855772850487337,-0.010365657
2025-11-12 12:00:00+00:00,82.0,79.4,2240.0,81.2,23.2,78.0,4.0,0.0,176.38379,Lahore,12,2,11,179.04385,158.32237,178.3688761393229,1.158800014337514,-0.014857057
2025-11-12 13:00:00+00:00,96.4,93.8,2673.0,86.9,23.2,64.0,4.0,0.0,176.06798,Lahore,13,2,11,179.432,159.19955,178.2287082672119,1.2261136714573766,-0.01874821
2025-11-12 14:00:00+00:00,107.8,105.0,3063.0,94.6,23.2,46.0,5.0,0.0,175.7193,Lahore,14,2,11,179.8114,160.17764,178.05820401509604,1.279803890320427,-0.022757744
2025-11-12 15:00:00+00:00,116.2,113.4,3292.0,99.6,23.1,31.0,5.0,0.0,175.39691,Lahore,15,2,11,180.08333,161.24342,177.86293665568033,1.314433235415573,-0.0260236
2025-11-12 16:00:00+00:00,121.5,118.7,3300.0,100.3,22.7,24.0,5.0,0.0,175.13596,Lahore,16,2,11,180.1864,162.4123,177.65250142415366,1.3304631979041919,-0.028029006
2025-11-12 17:00:00+00:00,127.1,124.3,3146.0,98.2,22.2,20.0,5.0,0.0,174.92105,Lahore,17,2,11,180.10527,163.66667,177.436492284139,1.3357614717875879,-0.028784385
2025-11-12 18:00:00+00:00,131.3,128.5,2893.0,93.3,21.5,20.0,5.0,0.0,174.75658,Lahore,18,2,11,179.89035,164.9693,177.22258504231772,1.3367762643781083,-0.02853835
2025-11-12 19:00:00+00:00,133.2,130.4,2497.0,84.3,20.5,24.0,5.0,0.0,174.6535,Lahore,19,2,11,179.57455,166.29167,177.0175412495931,1.33774172664567,-0.027403943
2025-11-12 20:00:00+00:00,132.7,129.9,2001.0,72.4,19.3,31.0,5.0,0.0,174.60307,Lahore,20,2,11,179.2171,167.5943,176.82529004414877,1.3394394241470466,-0.025745472
2025-11-12 21:00:00+00:00,129.9,127.1,1597.0,61.8,18.3,36.0,5.0,0.0,174.58113,Lahore,21,2,11,178.8706,168.82018,176.64656194051108,1.3408391013928733,-0.02398088
2025-11-12 22:00:00+00:00,124.8,122.0,1202.0,52.7,17.5,39.0,5.0,0.0,174.5592,Lahore,22,2,11,178.55482,169.95395,176.48007774353027,1.3416557938597413,-0.022377556
2025-11-12 23:00:00+00:00,119.7,117.1,898.0,44.7,16.8,41.0,4.0,0.0,174.51755,Lahore,23,2,11,178.26973,170.96053,176.32373682657877,1.3426608450769117,-0.02104778
2025-11-13 00:00:00+00:00,151.3,147.6,1124.0,71.2,19.5,17.0,7.0,0.0,174.46053,Lahore,0,3,11,178.05482,171.82016,176.17397435506186,1.3416339310134549,-0.020186475
2025-11-13 01:00:00+00:00,152.3,148.5,2495.0,75.4,20.5,13.0,6.0,0.0,174.80702,Lahore,1,3,11,177.88158,172.78069,176.04586791992188,1.3180743524692968,-0.017284278
2025-11-13 02:00:00+00:00,160.2,156.5,4396.0,80.3,21.8,10.0,6.0,0.1,175.2851,Lahore,2,3,11,177.73026,173.53947,175.94398625691733,1.2760478704405471,-0.013757702
2025-11-13 03:00:00+00:00,164.8,162.1,5413.0,78.2,22.9,20.0,5.0,0.65,175.8772,Lahore,3,3,11,177.62938,174.0965,175.87097867329916,1.224511374318652,-0.009864258
2025-11-13 04:00:00+00:00,138.3,136.0,4687.0,62.4,23.8,57.0,5.0,1.7,176.61403,Lahore,4,3,11,177.55702,174.48466,175.83168729146323,1.1824656663050674,-0.0053109312
2025-11-13 05:00:00+00:00,105.2,103.1,3079.0,39.6,24.4,109.0,4.0,2.85,177.04825,Lahore,5,3,11,177.55702,174.9079,175.81048838297525,1.154417436909785,-0.0028654109
2025-11-13 06:00:00+00:00,70.5,68.5,1756.0,21.5,24.1,148.0,4.0,3.7,177.04825,Lahore,6,3,11,177.64693,175.48683,175.78554344177246,1.1189327303007568,-0.0033700475
2025-11-13 07:00:00+00:00,43.2,41.6,1124.0,11.5,22.2,166.0,4.0,3.85,176.7215,Lahore,7,3,11,177.6842,176.27412,175.74543062845865,1.063806118660747,-0.005418082
2025-11-13 08:00:00+00:00,32.1,30.5,778.0,6.2,19.4,173.0,4.0,3.2,176.24562,Lahore,8,3,11,177.61623,176.9079,175.68832206726074,0.9934734916621958,-0.0077166683
2025-11-13 09:00:00+00:00,27.9,26.0,669.0,7.4,17.2,168.0,4.0,2.05,175.8158,Lahore,9,3,11,177.36623,177.50876,175.62372080485025,0.927865429371445,-0.008741407
2025-11-13 10:00:00+00:00,26.3,24.0,839.0,18.3,16.1,149.0,4.0,0.95,175.4386,Lahore,10,3,11,177.04385,178.04823,175.55683517456055,0.8775363729244363,-0.0090669915
2025-11-13 11:00:00+00:00,26.9,25.0,1246.0,35.6,15.6,118.0,3.0,0.25,175.07457,Lahore,11,3,11,176.70615,178.557,175.48885281880698,0.8473066694218219,-0.009233275
2025-11-13 12:00:00+00:00,48.9,46.0,1721.0,55.7,15.0,82.0,5.0,0.0,174.7149,Lahore,12,3,11,176.38379,179.04385,175.41931597391763,0.839109086250824,-0.009461665
2025-11-13 13:00:00+00:00,59.1,56.3,2301.0,64.6,15.4,67.0,5.0,0.0,173.98245,Lahore,13,3,11,176.06798,179.432,175.33241907755533,0.8761819918237532,-0.011845002
2025-11-13 14:00:00+00:00,68.7,65.7,2948.0,76.7,16.0,47.0,6.0,0.0,173.1601,Lahore,14,3,11,175.7193,179.8114,175.22578557332358,0.9769829344825794,-0.01456416
2025-11-13 15:00:00+00:00,78.7,75.4,3380.0,85.2,16.6,31.0,6.0,0.0,172.29825,Lahore,15,3,11,175.39691,180.08333,175.09667460123697,1.1438782055221817,-0.017666578
2025-11-13 16:00:00+00:00,87.5,84.3,3463.0,86.6,17.1,24.0,6.0,0.0,171.4649,Lahore,16,3,11,175.13596,180.1864,174.9437141418457,1.3628806187292415,-0.02096115
2025-11-13 17:00:00+00:00,96.6,92.9,3330.0,84.4,17.6,22.0,7.0,0.0,170.71051,Lahore,17,3,11,174.92105,180.10527,174.76827494303384,1.6138262661921239,-0.024071092
2025-11-13 18:00:00+00:00,103.1,99.2,3099.0,81.7,17.8,20.0,7.0,0.0,170.02193,Lahore,18,3,11,174.75658,179.89035,174.57099787394205,1.8823627067845305,-0.027092827
2025-11-13 19:00:00+00:00,107.1,102.9,2766.0,80.1,17.4,18.0,7.0,0.0,169.3794,Lahore,19,3,11,174.6535,179.57455,174.35124333699545,2.159736135497521,-0.030197555
2025-11-13 20:00:00+00:00,109.7,105.2,2334.0,78.0,16.7,16.0,8.0,0.0,168.7763,Lahore,20,3,11,174.60307,179.2171,174.10846138000488,2.439569246637274,-0.033371504
2025-11-13 21:00:00+00:00,111.8,107.1,1937.0,74.4,16.1,15.0,8.0,0.0,168.23465,Lahore,21,3,11,174.58113,178.8706,173.84402465820312,2.714569878533429,-0.03635262
2025-11-13 22:00:00+00:00,112.7,108.0,1434.0,67.5,15.5,16.0,8.0,0.0,167.79605,Lahore,22,3,11,174.5592,178.55482,173.56222661336264,2.9755899780242165,-0.038744178
2025-11-13 23:00:00+00:00,113.4,108.5,965.0,59.1,15.0,19.0,9.0,0.0,167.48903,Lahore,23,3,11,174.51755,178.26973,173.2693716684977,3.2138144540757607,-0.040273994
2025-11-14 00:00:00+00:00,124.3,119.2,1079.0,83.5,17.9,0.0,9.0,0.0,167.30045,Lahore,0,4,11,174.46053,178.05482,172.9710350036621,3.423899340850934,-0.041041262
2025-11-14 01:00:00+00:00,126.2,121.1,2448.0,79.8,17.9,1.0,8.0,0.0,166.67763,Lahore,1,4,11,174.80702,177.88158,172.6323102315267,3.630268257628076,-0.046504967
2025-11-14 02:00:00+00:00,134.1,128.5,4400.0,74.1,18.1,4.0,7.0,0.1,166.07675,Lahore,2,4,11,175.2851,177.73026,172.24862925211588,3.819392783708124,-0.052533522
2025-11-14 03:00:00+00:00,131.8,128.1,5465.0,65.6,19.2,19.0,7.0,0.7,165.4627,Lahore,3,4,11,175.8772,177.62938,171.81469217936197,3.9775538865588427,-0.059214555
2025-11-14 04:00:00+00:00,119.0,115.5,4759.0,51.8,22.2,58.0,8.0,1.7,164.7171,Lahore,4,4,11,176.61403,177.55702,171.3189868927002,4.093081575380672,-0.06736117
2025-11-14 05:00:00+00:00,102.9,98.0,3166.0,35.1,26.1,109.0,9.0,2.9,164.26755,Lahore,5,4,11,177.04825,177.55702,170.78645769755045,4.146337040233288,-0.07218767
2025-11-14 06:00:00+00:00,82.4,77.1,1868.0,21.9,28.6,149.0,10.0,3.75,164.1557,Lahore,6,4,11,177.04825,177.64693,170.24926821390787,4.134950321595864,-0.072819404
2025-11-14 07:00:00+00:00,63.1,58.3,1268.0,12.4,28.4,169.0,9.0,3.9,164.3443,Lahore,7,4,11,176.7215,177.6842,169.7335516611735,4.063867925428452,-0.07003787
2025-11-14 08:00:00+00:00,52.9,48.9,962.0,6.3,26.9,177.0,8.0,3.2,164.71053,Lahore,8,4,11,176.24562,177.61623,169.25292269388834,3.940454427088136,-0.06544898
2025-11-14 09:00:00+00:00,48.2,44.7,925.0,8.9,25.6,172.0,7.0,2.05,165.11403,Lahore,9,4,11,175.8158,177.36623,168.8070157368978,3.7672058014228407,-0.060869202
2025-11-14 10:00:00+00:00,47.0,43.8,1206.0,26.3,25.0,148.0,6.0,0.95,165.52412,Lahore,10,4,11,175.4386,177.04385,168.3939126332601,3.5454569520302814,-0.056512505
2025-11-14 11:00:00+00:00,48.7,46.1,1754.0,52.5,24.6,110.0,5.0,0.25,165.95833,Lahore,11,4,11,175.07457,176.70615,168.0140692392985,3.276757698288898,-0.05207062
2025-11-14 12:00:00+00:00,80.3,75.4,2396.0,66.0,24.8,81.0,9.0,0.0,166.42105,Lahore,12,4,11,174.7149,176.38379,167.66849199930826,2.961525651415631,-0.047470786
2025-11-14 13:00:00+00:00,99.4,94.5,3215.0,74.2,25.0,65.0,9.0,0.0,167.06578,Lahore,13,4,11,173.98245,176.06798,167.3802973429362,2.639403782543786,-0.039754998
2025-11-14 14:00:00+00:00,112.2,107.1,4126.0,85.5,25.4,44.0,10.0,0.0,167.9035,Lahore,14,4,11,173.1601,175.7193,167.16127268473306,2.340055382689763,-0.030356832
2025-11-14 15:00:00+00:00,122.9,117.6,4703.0,93.0,25.9,28.0,10.0,0.0,168.8114,Lahore,15,4,11,172.29825,175.39691,167.01598739624023,2.1035433893596904,-0.020237274
2025-11-14 16:00:00+00:00,132.2,126.7,4726.0,93.2,26.6,23.0,11.0,0.0,169.73685,Lahore,16,4,11,171.4649,175.13596,166.94398498535156,1.9699742493840169,-0.010078201
2025-11-14 17:00:00+00:00,141.1,135.0,4414.0,89.6,27.5,23.0,11.0,0.0,170.66667,Lahore,17,4,11,170.71051,174.92105,166.9421583811442,1.9663469837291945,-0.00025680024
2025-11-14 18:00:00+00:00,147.1,140.6,3999.0,86.6,28.2,24.0,12.0,0.0,171.5899,Lahore,18,4,11,170.02193,174.75658,167.00749079386392,2.0949639764488315,0.00922221
2025-11-14 19:00:00+00:00,150.4,143.4,3495.0,86.0,29.0,23.0,13.0,0.0,172.4978,Lahore,19,4,11,169.3794,174.6535,167.13742446899414,2.3317889667594227,0.018410789
2025-11-14 20:00:00+00:00,153.2,146.2,2888.0,85.9,29.6,23.0,14.0,0.0,173.38597,Lahore,20,4,11,168.7763,174.60307,167.3294938405355,2.641882901228822,0.027312275
2025-11-14 21:00:00+00:00,156.0,148.5,2365.0,85.0,29.5,22.0,14.0,0.0,174.2851,Lahore,21,4,11,168.23465,174.58113,167.58159573872885,2.996848313187009,0.035964325
2025-11-14 22:00:00+00:00,157.9,150.4,1848.0,82.1,27.9,19.0,14.0,0.0,175.19298,Lahore,22,4,11,167.79605,174.5592,167.88980102539062,3.376212639653385,0.044082843
2025-11-14 23:00:00+00:00,158.3,150.9,1416.0,78.3,25.5,16.0,13.0,0.0,176.1228,Lahore,23,4,11,167.48903,174.51755,168.24954160054526,3.7687989739662635,0.051548295
2025-11-15 00:00:00+00:00,163.4,155.1,1490.0,91.6,29.7,8.0,15.0,0.0,177.05263,Lahore,0,5,11,167.30045,174.46053,168.65588251749674,4.1667382709779845,0.058291428
2025-11-15 01:00:00+00:00,165.8,157.9,2637.0,91.7,29.3,6.0,14.0,0.0,177.8399,Lahore,1,5,11,166.67763,174.80702,169.1209774017334,4.542363559007896,0.06696926
2025-11-15 02:00:00+00:00,176.0,167.6,4291.0,90.9,28.7,6.0,12.0,0.1,178.64693,Lahore,2,5,11,166.07675,175.2851,169.64473470052084,4.887665115857525,0.07568895
2025-11-15 03:00:00+00:00,183.5,177.0,5173.0,84.4,28.6,18.0,11.0,0.65,179.50438,Lahore,3,5,11,165.4627,175.8772,170.2298043568929,5.195989675261635,0.08486306
2025-11-15 04:00:00+00:00,148.1,143.4,4502.0,66.8,29.4,55.0,10.0,1.7,180.57675,Lahore,4,5,11,164.7171,176.61403,170.89062309265137,5.465902922264342,0.09628417
2025-11-15 05:00:00+00:00,113.4,107.8,3060.0,43.4,30.7,105.0,10.0,2.85,181.1886,Lahore,5,5,11,164.26755,177.04825,171.59566688537598,5.662244403407223,0.10300909
2025-11-15 06:00:00+00:00,76.1,71.7,1913.0,24.8,31.1,143.0,9.0,3.75,181.4035,Lahore,6,5,11,164.1557,177.04825,172.3143253326416,5.770421392059729,0.10506978
2025-11-15 07:00:00+00:00,54.1,50.9,1414.0,13.5,30.1,160.0,7.0,3.9,181.28508,Lahore,7,5,11,164.3443,176.7215,173.02019119262695,5.789209434214689,0.10308103
2025-11-15 08:00:00+00:00,42.6,40.3,1210.0,6.9,28.3,164.0,5.0,3.25,181.1228,Lahore,8,5,11,164.71053,176.24562,173.70403607686362,5.7340405108861106,0.09964316
2025-11-15 09:00:00+00:00,36.3,34.6,1311.0,8.0,26.6,158.0,3.0,2.1,180.93422,Lahore,9,5,11,165.11403,175.8158,174.3632106781006,5.611638268015098,0.09581373
2025-11-15 10:00:00+00:00,32.8,31.3,1784.0,21.3,25.3,137.0,2.0,0.95,180.71272,Lahore,10,5,11,165.52412,175.4386,174.99606895446777,5.424805169826082,0.091760635
2025-11-15 11:00:00+00:00,32.4,31.2,2563.0,42.3,24.2,104.0,2.0,0.25,180.4386,Lahore,11,5,11,165.95833,175.07457,175.5994135538737,5.1754417382290585,0.087252446
2025-11-15 12:00:00+00:00,60.5,57.9,3456.0,61.7,24.5,71.0,5.0,0.0,180.11183,Lahore,12,5,11,166.42105,174.7149,176.16986274719238,4.865000196645907,0.08226592
2025-11-15 13:00:00+00:00,73.3,70.8,4652.0,67.4,24.9,60.0,5.0,0.0,179.72807,Lahore,13,5,11,167.06578,173.98245,176.6974582672119,4.508278376973487,0.07579225
2025-11-15 14:00:00+00:00,85.0,82.4,5963.0,75.1,25.3,44.0,5.0,0.0,179.20834,Lahore,14,5,11,167.9035,173.1601,177.16849327087402,4.123691506075996,0.067329384
2025-11-15 15:00:00+00:00,94.5,91.7,6631.0,79.8,25.6,32.0,5.0,0.0,178.66666,Lahore,15,5,11,168.8114,172.29825,177.57912890116373,3.7269157123124455,0.05838027
2025-11-15 16:00:00+00:00,101.7,99.2,6175.0,78.7,25.5,28.0,5.0,0.0,178.09868,Lahore,16,5,11,169.73685,171.4649,177.9275385538737,3.3318157937049437,0.049263503
2025-11-15 17:00:00+00:00,108.3,105.5,5075.0,74.7,25.2,27.0,5.0,0.0,177.4956,Lahore,17,5,11,170.66667,170.71051,178.21207745869955,2.955070817083594,0.040013283
2025-11-15 18:00:00+00:00,112.9,110.1,4021.0,71.4,24.7,26.0,5.0,0.0,176.84868,Lahore,18,5,11,171.5899,170.02193,178.43119303385416,2.6184928256615523,0.030647337
2025-11-15 19:00:00+00:00,116.2,113.4,3198.0,69.9,24.0,23.0,5.0,0.0,176.17982,Lahore,19,5,11,172.4978,169.3794,178.58461062113443,2.349822000624844,0.021345327
2025-11-15 20:00:00+00:00,119.7,116.4,2420.0,69.1,23.2,20.0,6.0,0.0,175.52193,Lahore,20,5,11,173.38597,168.7763,178.67360877990723,2.178574936804925,0.0123190805
2025-11-15 21:00:00+00:00,122.9,119.7,1816.0,69.2,22.3,17.0,6.0,0.0,174.86842,Lahore,21,5,11,174.2851,168.23465,178.69791412353516,2.1302025559061244,0.0033469773
2025-11-15 22:00:00+00:00,125.7,122.9,1324.0,70.6,21.1,12.0,6.0,0.0,174.23685,Lahore,22,5,11,175.19298,167.79605,178.6580753326416,2.206186942050744,-0.0054575875
2025-11-15 23:00:00+00:00,126.7,123.9,1007.0,72.8,19.8,7.0,5.0,0.0,173.63376,Lahore,23,5,11,176.1228,167.48903,178.55436515808105,2.3820434392034024,-0.014132435
2025-11-16 00:00:00+00:00,143.4,139.7,1180.0,96.2,32.5,0.0,6.0,0.0,173.04167,Lahore,0,6,11,177.05263,167.30045,178.38724199930826,2.6207305730106474,-0.022654032
2025-11-16 01:00:00+00:00,143.4,140.2,2368.0,95.4,31.5,0.0,5.0,0.0,172.70395,Lahore,1,6,11,177.8399,166.67763,178.1732438405355,2.8656163873459977,-0.02887966
2025-11-16 02:00:00+00:00,150.9,147.6,4047.0,93.6,30.0,0.0,5.0,0.1,172.3158,Lahore,2,6,11,178.64693,166.07675,177.9094467163086,3.101791936883207,-0.03543935
2025-11-16 03:00:00+00:00,146.2,143.9,4953.0,87.1,28.8,8.0,4.0,0.7,171.8772,Lahore,3,6,11,179.50438,165.4627,177.59164746602377,3.3146966213494102,-0.04249023
2025-11-16 04:00:00+00:00,119.7,117.6,4311.0,71.9,27.9,42.0,4.0,1.8,171.15132,Lahore,4,6,11,180.57675,164.7171,177.19892120361328,3.49888959557138,-0.052196257
2025-11-16 05:00:00+00:00,90.1,88.0,2897.0,52.0,27.2,89.0,4.0,3.1,170.58553,Lahore,5,6,11,181.1886,164.26755,176.75712649027506,3.6397942379250052,-0.05851954
2025-11-16 06:00:00+00:00,66.1,64.0,1778.0,35.1,26.8,127.0,4.0,4.0,170.15132,Lahore,6,6,11,181.4035,164.1557,176.28828557332358,3.7386274337421246,-0.06202847
2025-11-16 07:00:00+00:00,43.7,41.9,1318.0,21.4,26.9,152.0,3.0,4.15,169.98245,Lahore,7,6,11,181.28508,164.3443,175.8173427581787,3.793308718556691,-0.06234726
2025-11-16 08:00:00+00:00,35.5,34.0,1153.0,10.8,27.2,167.0,3.0,3.4,169.78508,Lahore,8,6,11,181.1228,164.71053,175.34493764241537,3.8098024854753705,-0.06259688
2025-11-16 09:00:00+00:00,34.2,32.9,1259.0,10.4,27.3,168.0,2.0,2.2,169.64693,Lahore,9,6,11,180.93422,165.11403,174.8746337890625,3.786443116318671,-0.062383402
2025-11-16 10:00:00+00:00,34.3,33.2,1710.0,27.8,26.9,144.0,2.0,1.0,169.60965,Lahore,10,6,11,180.71272,165.52412,174.41200574239096,3.719833246050942,-0.06144046
2025-11-16 11:00:00+00:00,36.7,35.7,2432.0,55.5,26.2,105.0,2.0,0.25,169.65132,Lahore,11,6,11,180.4386,165.95833,173.9625358581543,3.6100728819256958,-0.059783645
2025-11-16 12:00:00+00:00,77.5,75.4,3173.0,81.1,27.1,65.0,4.0,0.0,169.75,Lahore,12,6,11,180.11183,166.42105,173.530792872111,3.4591301632590716,-0.05752999
2025-11-16 13:00:00+00:00,93.4,91.5,3978.0,86.6,27.5,52.0,4.0,0.0,170.13376,Lahore,13,6,11,179.72807,167.06578,173.1310297648112,3.2604779652767357,-0.053382393
2025-11-16 14:00:00+00:00,105.9,103.8,4803.0,94.0,28.0,34.0,4.0,0.0,170.58772,Lahore,14,6,11,179.20834,167.9035,172.77183723449707,3.0284497862170037,-0.048103902
2025-11-16 15:00:00+00:00,114.3,112.5,5261.0,98.1,28.3,21.0,4.0,0.0,171.05702,Lahore,15,6,11,178.66666,168.8114,172.45476913452148,2.7719370955192786,-0.04259124
2025-11-16 16:00:00+00:00,121.5,119.7,5087.0,95.9,28.2,17.0,4.0,0.0,171.51315,Lahore,16,6,11,178.09868,169.73685,172.18037223815918,2.5017340953284095,-0.036976837
2025-11-16 17:00:00+00:00,128.5,126.7,4547.0,90.4,27.8,17.0,3.0,0.0,171.9627,Lahore,17,6,11,177.4956,170.66667,171.9498348236084,2.2309056824501687,-0.031172028
2025-11-16 18:00:00+00:00,133.6,131.8,4048.0,85.1,27.1,18.0,3.0,0.0,172.42763,Lahore,18,6,11,176.84868,171.5899,171.76562436421713,1.9768753957479517,-0.024999062
2025-11-16 19:00:00+00:00,136.4,134.6,3718.0,81.3,25.8,17.0,3.0,0.0,172.90352,Lahore,19,6,11,176.17982,172.4978,171.62911160786948,1.7600298383840023,-0.018596375
2025-11-16 20:00:00+00:00,138.3,136.4,3429.0,77.9,24.2,16.0,3.0,0.0,173.36842,Lahore,20,6,11,175.52193,173.38597,171.53938229878744,1.600613718517495,-0.012269142
2025-11-16 21:00:00+00:00,137.4,135.5,3210.0,74.7,22.8,15.0,3.0,0.0,173.807,Lahore,21,6,11,174.86842,174.2851,171.49515660603842,1.5171174388631583,-0.0060698017
2025-11-16 22:00:00+00:00,134.6,132.7,2978.0,71.5,21.6,14.0,3.0,0.0,174.1535,Lahore,22,6,11,174.23685,175.19298,171.49168395996094,1.5106505219434152,-0.00047833455
2025-11-16 23:00:00+00:00,134.1,132.2,2816.0,68.7,20.5,12.0,3.0,0.0,174.36842,Lahore,23,6,11,173.63376,176.1228,171.52229499816895,1.5624973428293147,0.004231118
2025-11-17 00:00:00+00:00,133.2,131.3,3003.0,80.1,20.7,2.0,3.0,0.0,174.55045,Lahore,0,0,11,173.04167,177.05263,171.58516057332358,1.6539608969003594,0.008719136
2025-11-17 01:00:00+00:00,138.3,136.9,4011.0,80.4,21.1,0.0,3.0,0.0,174.36624,Lahore,1,0,11,172.70395,177.8399,171.65442276000977,1.7356377387856972,0.009625099
2025-11-17 02:00:00+00:00,149.9,148.1,5366.0,80.1,21.8,0.0,2.0,0.1,174.29385,Lahore,2,0,11,172.3158,178.64693,171.7368418375651,1.8136227755612049,0.01147926
2025-11-17 03:00:00+00:00,156.0,155.1,5932.0,74.8,23.4,11.0,2.0,0.7,174.30482,Lahore,3,0,11,171.8772,179.50438,171.8379929860433,1.8879654777529566,0.014124198
2025-11-17 04:00:00+00:00,130.9,129.9,4936.0,60.1,26.9,51.0,2.0,1.75,174.55045,Lahore,4,0,11,171.15132,180.57675,171.9796231587728,1.96032358015967,0.019860344
2025-11-17 05:00:00+00:00,103.6,102.4,3150.0,40.5,31.3,105.0,2.0,3.05,174.82018,Lahore,5,0,11,170.58553,181.1886,172.15606689453125,2.0190831590951577,0.024824202
2025-11-17 06:00:00+00:00,82.2,81.0,1747.0,24.9,34.1,147.0,2.0,3.95,175.13597,Lahore,6,0,11,170.15132,181.4035,172.3637606302897,2.0598603836785117,0.029295392
2025-11-17 07:00:00+00:00,62.2,61.5,1126.0,14.0,33.9,171.0,2.0,4.05,175.50877,Lahore,7,0,11,169.98245,181.28508,172.59402402242026,2.0907408696188337,0.03251113
2025-11-17 08:00:00+00:00,51.5,50.8,888.0,7.2,32.3,183.0,1.0,3.3,175.9386,Lahore,8,0,11,169.78508,181.1228,172.8504206339518,2.10853143874824,0.036242988
2025-11-17 09:00:00+00:00,47.7,47.0,1006.0,11.6,31.0,180.0,1.0,2.1,176.307,Lahore,9,0,11,169.64693,180.93422,173.1279239654541,2.10685457507551,0.039258476
2025-11-17 10:00:00+00:00,47.1,46.6,1645.0,34.8,30.8,152.0,1.0,0.95,176.61623,Lahore,10,0,11,169.60965,180.71272,173.41986465454102,2.0834516321614744,0.041310012
2025-11-17 11:00:00+00:00,49.9,49.4,2641.0,69.1,31.0,108.0,1.0,0.25,176.9101,Lahore,11,0,11,169.65132,180.4386,173.72231356302896,2.038990683332999,0.042786427
2025-11-17 12:00:00+00:00,102.0,101.0,3473.0,95.3,31.4,69.0,2.0,0.0,177.21053,Lahore,12,0,11,169.75,180.11183,174.0331687927246,1.9747461404862197,0.043950077
2025-11-17 13:00:00+00:00,125.3,124.3,4033.0,109.4,33.2,50.0,2.0,0.0,177.77193,Lahore,13,0,11,170.13376,179.72807,174.3514258066813,1.9340577354431798,0.04489508
2025-11-17 14:00:00+00:00,144.8,143.4,4429.0,128.4,35.6,23.0,2.0,0.0,178.49123,Lahore,14,0,11,170.58772,179.20834,174.68073844909668,1.9382094789400839,0.046331022
2025-11-17 15:00:00+00:00,158.3,156.9,4471.0,140.3,37.2,3.0,2.0,0.0,179.35965,Lahore,15,0,11,171.05702,178.66666,175.02668126424155,2.003168611401351,0.04853719
2025-11-17 16:00:00+00:00,166.7,165.8,3934.0,138.5,37.2,0.0,2.0,0.0,180.33333,Lahore,16,0,11,171.51315,178.09868,175.39418856302896,2.1352719640577624,0.051425647
2025-11-17 17:00:00+00:00,172.8,171.8,3043.0,129.5,36.4,0.0,2.0,0.0,181.3443,Lahore,17,0,11,171.9627,177.4956,175.7850882212321,2.3296517848593497,0.054555967
2025-11-17 18:00:00+00:00,176.5,175.6,2282.0,120.6,35.0,0.0,2.0,0.0,182.33333,Lahore,18,0,11,172.42763,176.84868,176.19782574971518,2.573661171912502,0.057448454
2025-11-17 19:00:00+00:00,177.0,176.0,1801.0,114.1,32.9,0.0,2.0,0.0,183.29387,Lahore,19,0,11,172.90352,176.17982,176.6307570139567,2.8540504818098995,0.060093343
2025-11-17 20:00:00+00:00,176.5,175.1,1450.0,107.7,30.2,0.0,2.0,0.0,184.20177,Lahore,20,0,11,173.36842,175.52193,177.08214632670084,3.156333946270413,0.06248741
2025-11-17 21:00:00+00:00,175.6,174.6,1257.0,101.3,27.7,0.0,2.0,0.0,185.05045,Lahore,21,0,11,173.807,174.86842,177.55062294006348,3.468091677917823,0.06468921
2025-11-17 22:00:00+00:00,174.6,173.7,1222.0,94.7,25.3,0.0,2.0,0.0,185.9079,Lahore,22,0,11,174.1535,174.23685,178.04038937886557,3.7831600201165405,0.067494445
2025-11-17 23:00:00+00:00,173.2,172.3,1346.0,88.2,23.1,0.0,2.0,0.0,186.80702,Lahore,23,0,11,174.36842,173.63376,178.5586643218994,4.0972249115887,0.07133516
2025-11-18 00:00:00+00:00,163.4,162.1,1662.0,75.1,20.5,6.0,2.0,0.0,187.68642,Lahore,0,1,11,174.55045,173.04167,179.10599644978842,4.404380728855558,0.07525601
2025-11-18 01:00:00+00:00,166.7,165.8,2405.0,72.4,19.8,4.0,2.0,0.0,188.36185,Lahore,1,1,11,174.36624,172.70395,179.68914667765299,4.668167180504079,0.08026557
2025-11-18 02:00:00+00:00,176.5,175.6,3340.0,68.1,19.1,3.0,1.0,0.1,188.99562,Lahore,2,1,11,174.29385,172.3158,180.3017203013102,4.888791127733305,0.08435046
2025-11-18 03:00:00+00:00,176.0,175.1,3795.0,61.3,20.9,19.0,1.0,0.6,189.5987,Lahore,3,1,11,174.30482,171.8772,180.93896484375,5.0666489960708745,0.08774209
2025-11-18 04:00:00+00:00,154.1,153.7,3321.0,49.9,27.8,67.0,1.0,1.6,190.0373,Lahore,4,1,11,174.55045,171.15132,181.58425013224283,5.202024646624714,0.08872419
2025-11-18 05:00:00+00:00,129.5,128.1,2367.0,36.0,37.2,130.0,2.0,2.75,190.55922,Lahore,5,1,11,174.82018,170.58553,182.24004364013672,5.303322130747679,0.09002991
2025-11-18 06:00:00+00:00,112.7,111.5,1605.0,24.6,43.9,180.0,2.0,3.6,191.12282,Lahore,6,1,11,175.13597,170.15132,182.9061622619629,5.375738113090733,0.09128249
2025-11-18 07:00:00+00:00,86.4,85.4,1224.0,14.7,45.3,205.0,2.0,3.75,191.79167,Lahore,7,1,11,175.50877,169.98245,183.58461634318033,5.428790442336165,0.092775404
2025-11-18 08:00:00+00:00,73.6,72.6,1034.0,7.3,44.0,216.0,2.0,3.05,192.3158,Lahore,8,1,11,175.9386,169.78508,184.2669995625814,5.455141154434043,0.09308473
2025-11-18 09:00:00+00:00,67.3,66.4,1139.0,10.4,42.3,211.0,2.0,1.95,192.79385,Lahore,9,1,11,176.307,169.64693,184.95395151774088,5.447245342546062,0.09351215
2025-11-18 10:00:00+00:00,65.0,64.3,1607.0,31.6,40.6,182.0,2.0,0.9,193.2193,Lahore,10,1,11,176.61623,169.60965,185.6457462310791,5.39637347786823,0.0940065
2025-11-18 11:00:00+00:00,65.9,65.2,2371.0,63.4,38.4,136.0,1.0,0.2,193.60747,Lahore,11,1,11,176.9101,169.65132,186.34147008260092,5.296594982610298,0.09438338
2025-11-18 12:00:00+00:00,109.9,109.0,3330.0,97.2,38.8,84.0,2.0,0.0,193.95395,Lahore,12,1,11,177.21053,169.75,187.03911272684732,5.142046975884033,0.094483234
2025-11-18 13:00:00+00:00,132.7,131.8,4674.0,105.2,39.1,66.0,2.0,0.0,194.1294,Lahore,13,1,11,177.77193,170.13376,187.72067387898764,4.940417300609185,0.092013784
2025-11-18 14:00:00+00:00,149.5,148.5,6214.0,116.0,39.7,41.0,2.0,0.0,194.29385,Lahore,14,1,11,178.49123,170.58772,188.37911669413248,4.704283404439025,0.08853448
2025-11-18 15:00:00+00:00,163.4,162.5,7283.0,123.4,40.4,22.0,2.0,0.0,194.4057,Lahore,15,1,11,179.35965,171.05702,189.0060354868571,4.445480219861534,0.0838876
2025-11-18 16:00:00+00:00,175.1,174.2,7591.0,123.9,41.5,15.0,2.0,0.0,194.5285,Lahore,16,1,11,180.33333,171.51315,189.59750111897787,4.177676771618201,0.078716315
2025-11-18 17:00:00+00:00,183.9,183.0,7428.0,120.8,42.9,14.0,2.0,0.0,194.7127,Lahore,17,1,11,181.3443,171.9627,190.1545181274414,3.9122004236900767,0.073718384
2025-11-18 18:00:00+00:00,189.1,187.7,6996.0,118.2,44.0,14.0,2.0,0.0,194.95833,Lahore,18,1,11,182.33333,172.42763,190.68055979410806,3.6551719405624956,0.069241315
2025-11-18 19:00:00+00:00,190.5,189.1,6269.0,118.2,45.1,12.0,2.0,0.0,195.2237,Lahore,19,1,11,183.29387,172.90352,191.17763582865396,3.4099172528702693,0.06508578
2025-11-18 20:00:00+00:00,191.4,190.5,5274.0,118.6,46.1,11.0,2.0,0.0,195.51097,Lahore,20,1,11,184.20177,173.36842,191.64885266621908,3.177497518177278,0.061395742
2025-11-18 21:00:00+00:00,190.0,189.1,4293.0,116.6,45.9,10.0,2.0,0.0,195.84868,Lahore,21,1,11,185.05045,173.807,192.09877904256186,2.9595859914068945,0.058352917
2025-11-18 22:00:00+00:00,185.8,184.9,3241.0,109.9,43.8,9.0,2.0,0.0,196.16667,Lahore,22,1,11,185.9079,174.1535,192.5262279510498,2.7607188198992656,0.05518202
2025-11-18 23:00:00+00:00,183.5,182.5,2204.0,100.8,40.6,8.0,2.0,0.0,196.41228,Lahore,23,1,11,186.80702,174.36842,192.92644691467285,2.5862843190239304,0.051418062
2025-11-19 00:00:00+00:00,174.6,173.7,1722.0,82.5,30.9,9.0,1.0,0.0,196.63596,Lahore,0,2,11,187.68642,174.55045,193.29934438069662,2.438898625726915,0.047683466
2025-11-19 01:00:00+00:00,177.4,176.5,2363.0,84.6,30.1,4.0,1.0,0.0,196.89035,Lahore,1,2,11,188.36185,174.36624,193.65469868977866,2.3058999175804615,0.045277234
2025-11-19 02:00:00+00:00,188.1,187.7,3559.0,86.6,29.1,0.0,1.0,0.1,197.125,Lahore,2,2,11,188.99562,174.29385,193.9934228261312,2.185698362577394,0.043013584
2025-11-19 03:00:00+00:00,190.0,189.5,4151.0,82.3,30.4,14.0,1.0,0.6,197.39035,Lahore,3,2,11,189.5987,174.30482,194.3180751800537,2.080690445299002,0.041095518
2025-11-19 04:00:00+00:00,155.5,155.1,3448.0,65.8,36.2,63.0,1.0,1.5,197.70615,Lahore,4,2,11,190.0373,174.55045,194.6376107533773,1.9811802167170036,0.040354468
2025-11-19 05:00:00+00:00,125.3,124.3,2141.0,42.9,44.2,131.0,1.0,2.6,197.73683,Lahore,5,2,11,190.55922,174.82018,194.93667793273926,1.8778113047491358,0.037666045
2025-11-19 06:00:00+00:00,103.1,102.4,1140.0,24.8,49.3,183.0,1.0,3.35,197.6535,Lahore,6,2,11,191.12282,175.13597,195.20878982543945,1.7712752433907135,0.0341701
2025-11-19 07:00:00+00:00,84.5,83.8,746.0,12.7,48.8,210.0,1.0,3.45,197.45393,Lahore,7,2,11,191.79167,175.50877,195.44471740722656,1.6705721372867337,0.029522981
2025-11-19 08:00:00+00:00,78.7,78.0,658.0,5.5,45.5,223.0,1.0,2.85,197.41885,Lahore,8,2,11,192.3158,175.9386,195.65734481811523,1.5771558560020087,0.026534783
2025-11-19 09:00:00+00:00,76.4,75.7,881.0,11.0,42.9,218.0,1.0,1.8,197.53728,Lahore,9,2,11,192.79385,176.307,195.85498746236166,1.4979367797323089,0.024603603
2025-11-19 10:00:00+00:00,75.7,75.0,1543.0,38.0,41.8,188.0,1.0,0.8,197.74123,Lahore,10,2,11,193.2193,176.61623,196.04340108235678,1.4350698764317769,0.02340308
2025-11-19 11:00:00+00:00,78.9,78.2,2515.0,77.7,41.4,142.0,1.0,0.2,197.97588,Lahore,11,2,11,193.60747,176.9101,196.2254180908203,1.388968183305558,0.022563221
2025-11-19 12:00:00+00:00,122.0,121.1,3425.0,115.8,44.1,98.0,1.0,0.0,198.26096,Lahore,12,2,11,193.95395,177.21053,196.40487670898438,1.3606785790271172,0.022206338
2025-11-19 13:00:00+00:00,146.7,146.2,4200.0,125.2,47.7,84.0,1.0,0.0,198.5263,Lahore,13,2,11,194.1294,177.77193,196.58808135986328,1.3367769736621995,0.022649387
2025-11-19 14:00:00+00:00,168.6,167.6,4911.0,137.9,52.6,65.0,1.0,0.0,198.8421,Lahore,14,2,11,194.29385,178.49123,196.77759170532227,1.3196765161498456,0.02340912
2025-11-19 15:00:00+00:00,184.4,183.9,5398.0,145.8,56.1,48.0,1.0,0.0,199.26097,Lahore,15,2,11,194.4057,179.35965,196.97989463806152,1.3123929534111118,0.024974938
2025-11-19 16:00:00+00:00,191.9,190.9,5670.0,145.0,57.2,38.0,1.0,0.0,199.73027,Lahore,16,2,11,194.5285,180.33333,197.1966349283854,1.3194604699820185,0.026740385
2025-11-19 17:00:00+00:00,194.6,194.2,5719.0,139.5,56.8,31.0,1.0,0.0,200.18335,Lahore,17,2,11,194.7127,181.3443,197.42457834879556,1.3440047032755893,0.028095968
2025-11-19 18:00:00+00:00,194.6,193.7,5353.0,132.4,54.9,25.0,1.0,0.0,200.64996,Lahore,18,2,11,194.95833,182.33333,197.66172981262207,1.3912296437971194,0.029194111
2025-11-19 19:00:00+00:00,189.5,189.1,4249.0,124.5,51.0,21.0,1.0,0.0,200.9,Lahore,19,2,11,195.2237,183.29387,197.89824231465658,1.4403619289194471,0.029075876
2025-11-19 20:00:00+00:00,181.6,181.1,2731.0,115.0,45.6,18.0,1.0,0.0,200.9,Lahore,20,2,11,195.51097,184.20177,198.12278493245444,1.4717360416061802,0.027563788
2025-11-19 21:00:00+00:00,170.0,169.5,1585.0,105.6,40.5,17.0,1.0,0.0,200.50836,Lahore,21,2,11,195.84868,185.05045,198.31693840026855,1.4660340496890651,0.023792263
2025-11-19 22:00:00+00:00,157.9,157.4,1042.0,95.4,35.5,16.0,1.0,0.0,199.83772,Lahore,22,2,11,196.16667,185.9079,198.46989885965982,1.4228033720986475,0.018713938
2025-11-19 23:00:00+00:00,148.1,147.6,871.0,85.2,30.7,17.0,1.0,0.0,199.23463,Lahore,23,2,11,196.41228,186.80702,198.58749707539877,1.3606201669838027,0.014369556
2025-11-20 00:00:00+00:00,123.9,123.4,1168.0,72.0,23.3,23.0,1.0,0.0,198.4693,Lahore,0,3,11,196.63596,187.68642,198.6638863881429,1.2962322665567148,0.009323542
2025-11-20 01:00:00+00:00,128.1,127.6,2388.0,75.3,24.6,19.0,1.0,0.0,197.36623,Lahore,1,3,11,196.89035,188.36185,198.68371454874674,1.271323722445408,0.0024169588
2025-11-20 02:00:00+00:00,142.0,141.6,4076.0,79.3,26.5,15.0,1.0,0.1,196.29385,Lahore,2,3,11,197.125,188.99562,198.64908345540366,1.3257833157931178,-0.0042163413
2025-11-20 03:00:00+00:00,160.7,160.2,4958.0,77.1,29.3,29.0,1.0,0.55,195.28291,Lahore,3,3,11,197.39035,189.5987,198.5612735748291,1.4742539969074024,-0.010676495
2025-11-20 04:00:00+00:00,137.4,136.9,4226.0,63.5,33.6,78.0,1.0,1.4,194.64035,Lahore,4,3,11,197.70615,190.0373,198.43353207906088,1.6712340972196067,-0.015506832
2025-11-20 05:00:00+00:00,101.7,101.3,2688.0,43.8,38.7,145.0,1.0,2.4,194.24123,Lahore,5,3,11,197.73683,190.55922,198.2878818511963,1.8745485229445795,-0.017678069
2025-11-20 06:00:00+00:00,84.1,83.6,1498.0,27.6,42.5,198.0,1.0,3.15,193.73685,Lahore,6,3,11,197.6535,191.12282,198.1246878306071,2.0902542781153794,-0.01981577
2025-11-20 07:00:00+00:00,71.5,71.0,1059.0,14.8,44.1,226.0,1.0,3.25,193.32457,Lahore,7,3,11,197.45393,191.79167,197.9526309967041,2.306620768019577,-0.02091305
2025-11-20 08:00:00+00:00,70.5,69.8,967.0,5.6,44.4,239.0,1.0,2.65,193.04387,Lahore,8,3,11,197.41885,192.3158,197.7703399658203,2.51417711486058,-0.022160927
2025-11-20 09:00:00+00:00,70.3,69.8,1162.0,9.8,44.4,234.0,1.0,1.7,192.86404,Lahore,9,3,11,197.53728,192.79385,197.57562192281088,2.7066138656227543,-0.023657475
2025-11-20 10:00:00+00:00,71.0,70.8,1789.0,36.7,43.8,201.0,1.0,0.75,192.73466,Lahore,10,3,11,197.74123,193.2193,197.36701520284018,2.88063614528003,-0.025318753
2025-11-20 11:00:00+00:00,75.9,75.7,2703.0,77.0,43.0,150.0,1.0,0.2,192.64255,Lahore,11,3,11,197.97588,193.60747,197.14479319254556,3.0332948485302356,-0.026939284
2025-11-20 12:00:00+00:00,115.3,115.0,3407.0,116.8,43.9,91.0,1.0,0.0,192.58772,Lahore,12,3,11,198.26096,193.95395,196.90840848286948,3.1609037776360536,-0.02861498
2025-11-20 13:00:00+00:00,139.2,138.8,3708.0,128.8,47.4,75.0,1.0,0.0,192.45395,Lahore,13,3,11,198.5263,194.1294,196.65539360046387,3.2670183974175573,-0.030587167
2025-11-20 14:00:00+00:00,160.7,160.2,3800.0,145.3,52.2,54.0,1.0,0.0,192.29167,Lahore,14,3,11,198.8421,194.29385,196.38245900472006,3.348983929487175,-0.032942872
2025-11-20 15:00:00+00:00,176.5,176.0,3762.0,157.1,55.5,35.0,1.0,0.0,192.12938,Lahore,15,3,11,199.26097,194.4057,196.08530934651694,3.398494888835142,-0.03579021
2025-11-20 16:00:00+00:00,185.8,185.3,3611.0,161.4,56.4,23.0,1.0,0.0,191.95615,Lahore,16,3,11,199.73027,194.5285,195.76138750712076,3.406456089768605,-0.038923115
2025-11-20 17:00:00+00:00,192.3,191.9,3332.0,161.0,55.9,14.0,1.0,0.0,191.83333,Lahore,17,3,11,200.18335,194.7127,195.41346995035806,3.3612980980464453,-0.041711867
2025-11-20 18:00:00+00:00,194.2,193.7,2958.0,155.6,53.6,8.0,1.0,0.0,191.7829,Lahore,18,3,11,200.64996,194.95833,195.04400889078775,3.2460385691787166,-0.04419171
2025-11-20 19:00:00+00:00,190.5,190.0,2410.0,143.0,48.8,7.0,1.0,0.0,191.7829,Lahore,19,3,11,200.9,195.2237,194.66412989298502,3.0590174462929336,-0.045381267
2025-11-20 20:00:00+00:00,184.4,183.9,1767.0,125.4,42.3,9.0,1.0,0.0,191.80263,Lahore,20,3,11,200.9,195.51097,194.28507296244302,2.8058811984682377,-0.04528306
2025-11-20 21:00:00+00:00,170.9,170.4,1303.0,109.4,36.4,12.0,1.0,0.0,191.86404,Lahore,21,3,11,200.50836,195.84868,193.92489306131998,2.5116843524834565,-0.043112006
2025-11-20 22:00:00+00:00,156.0,155.5,1092.0,96.8,31.7,14.0,1.0,0.0,191.88377,Lahore,22,3,11,199.83772,196.16667,193.59347852071127,2.203410388326245,-0.03980204
2025-11-20 23:00:00+00:00,147.1,146.7,1061.0,85.8,27.6,17.0,1.0,0.0,191.8421,Lahore,23,3,11,199.23463,196.41228,193.28545633951822,1.8723736941074642,-0.037104655
2025-11-21 00:00:00+00:00,133.2,132.7,1255.0,40.1,21.3,46.0,1.0,0.0,191.82236,Lahore,0,4,11,198.4693,196.63596,193.00850041707358,1.5331203746891424,-0.033491034
2025-11-21 01:00:00+00:00,135.5,135.0,1900.0,48.5,21.4,33.0,1.0,0.0,192.0263,Lahore,1,4,11,197.36623,196.89035,192.78600374857584,1.2308949219202532,-0.027055895
2025-11-21 02:00:00+00:00,145.8,145.3,2771.0,59.5,21.7,17.0,1.0,0.05,192.1886,Lahore,2,4,11,196.29385,197.125,192.61495145161948,0.9823888576342035,-0.020913824
2025-11-21 03:00:00+00:00,156.9,156.5,3245.0,64.1,22.5,21.0,1.0,0.45,192.26973,Lahore,3,4,11,195.28291,197.39035,192.48940213521323,0.8027094335390043,-0.015429838
2025-11-21 04:00:00+00:00,142.0,141.6,2944.0,56.4,23.9,62.0,1.0,1.2,192.1886,Lahore,4,4,11,194.64035,197.70615,192.38724581400552,0.6604780423719104,-0.012596318
2025-11-21 05:00:00+00:00,115.3,114.8,2246.0,42.2,25.9,122.0,1.0,2.1,192.29167,Lahore,5,4,11,194.24123,197.73683,192.30601437886557,0.5294313873686933,-0.010036769
2025-11-21 06:00:00+00:00,99.7,99.2,1661.0,29.6,28.6,171.0,1.0,2.75,192.58772,Lahore,6,4,11,193.73685,197.6535,192.25813420613608,0.4385699214711239,-0.005931366
2025-11-21 07:00:00+00:00,88.0,87.3,1303.0,17.3,32.6,201.0,1.0,2.85,192.92982,Lahore,7,4,11,193.32457,197.45393,192.24168650309244,0.4027780286210192,-0.0020418763
2025-11-21 08:00:00+00:00,80.8,80.3,1057.0,6.7,37.3,219.0,1.0,2.4,193.28728,Lahore,8,4,11,193.04387,197.41885,192.251828511556,0.42623670411201847,0.0012608957
2025-11-21 09:00:00+00:00,78.7,78.2,1090.0,9.5,40.7,218.0,1.0,1.5,193.51755,Lahore,9,4,11,192.86404,197.53728,192.27905782063803,0.48400638197663515,0.003388415
2025-11-21 10:00:00+00:00,78.5,78.0,1603.0,37.6,41.6,186.0,1.0,0.7,193.70175,Lahore,10,4,11,192.73466,197.74123,192.3193531036377,0.5581624014484253,0.005017711
2025-11-21 11:00:00+00:00,86.8,86.1,2395.0,79.2,41.3,135.0,1.0,0.15,193.85965,Lahore,11,4,11,192.64255,197.97588,192.3700656890869,0.6383360680899459,0.0063179294
2025-11-21 12:00:00+00:00,147.1,146.2,3023.0,105.3,35.4,70.0,2.0,0.0,194.08772,Lahore,12,4,11,192.58772,198.26096,192.4325656890869,0.7277451414759905,0.0077886586
2025-11-21 13:00:00+00:00,167.6,166.7,3312.0,105.4,36.4,60.0,2.0,0.0,194.77193,Lahore,13,4,11,192.45395,198.5263,192.52914810180664,0.8705164990830366,0.012044325
2025-11-21 14:00:00+00:00,180.7,179.7,3439.0,105.3,37.8,47.0,2.0,0.0,195.38377,Lahore,14,4,11,192.29167,198.8421,192.65798568725586,1.0451438500648667,0.01608027
2025-11-21 15:00:00+00:00,189.1,187.7,3487.0,103.5,38.2,35.0,2.0,0.0,195.8114,Lahore,15,4,11,192.12938,199.26097,192.81140327453613,1.219821959766242,0.019164285
2025-11-21 16:00:00+00:00,193.7,192.8,3519.0,98.8,37.0,27.0,2.0,0.0,196.06798,Lahore,16,4,11,191.95615,199.73027,192.98272959391275,1.3735475784626403,0.021420682
2025-11-21 17:00:00+00:00,195.6,195.1,3473.0,92.3,34.7,21.0,1.0,0.0,196.23245,Lahore,17,4,11,191.83333,200.18335,193.16602643330893,1.5010979621737661,0.022932012
2025-11-21 18:00:00+00:00,193.2,192.3,3249.0,86.5,32.4,16.0,1.0,0.0,196.30263,Lahore,18,4,11,191.7829,200.64996,193.35434850056967,1.600269604171648,0.023566907
2025-11-21 19:00:00+00:00,188.1,187.2,2694.0,82.3,30.0,13.0,1.0,0.0,196.27193,Lahore,19,4,11,191.7829,200.9,193.54139137268066,1.6694572202903846,0.023406826
2025-11-21 20:00:00+00:00,184.9,183.9,1960.0,78.6,27.4,11.0,1.0,0.0,196.21053,Lahore,20,4,11,191.80263,200.9,193.72505378723145,1.7117804452303405,0.022981426
2025-11-21 21:00:00+00:00,183.0,182.1,1407.0,74.8,25.3,11.0,1.0,0.0,196.21053,Lahore,21,4,11,191.86404,200.50836,193.90615717569986,1.7360809589790434,0.022653965
2025-11-21 22:00:00+00:00,180.2,179.3,1060.0,70.0,23.9,12.0,1.0,0.0,196.46712,Lahore,22,4,11,191.88377,199.83772,194.09712982177734,1.7559174769873294,0.02388604
2025-11-21 23:00:00+00:00,173.7,172.8,893.0,65.1,23.1,14.0,1.0,0.0,196.98903,Lahore,23,4,11,191.8421,199.23463,194.31158510843912,1.7826312599554899,0.026828974
2025-11-22 00:00:00+00:00,160.2,159.7,1190.0,57.1,20.4,19.0,1.0,0.0,197.5614,Lahore,0,5,11,191.82236,198.4693,194.55071194966635,1.818760893554783,0.029918537
2025-11-22 01:00:00+00:00,167.2,166.7,2471.0,61.6,21.3,13.0,1.0,0.0,198.1535,Lahore,1,5,11,192.0263,197.36623,194.80601183573404,1.878073785337359,0.031908114
2025-11-22 02:00:00+00:00,182.5,181.6,4216.0,67.3,22.9,6.0,1.0,0.05,198.8487,Lahore,2,5,11,192.1886,196.29385,195.0835158030192,1.964565771504188,0.034653954
2025-11-22 03:00:00+00:00,197.0,196.5,5147.0,66.8,25.9,19.0,1.0,0.45,199.64473,Lahore,3,5,11,192.26973,195.28291,195.39080746968588,2.0787740126157774,0.03835757
2025-11-22 04:00:00+00:00,164.4,163.9,4472.0,54.7,32.0,70.0,1.0,1.25,200.99167,Lahore,4,5,11,192.1886,194.64035,195.75760205586752,2.258091910495803,0.04580433
2025-11-22 05:00:00+00:00,132.2,131.8,2983.0,36.5,39.7,140.0,1.0,2.25,201.92084,Lahore,5,5,11,192.29167,194.24123,196.15881729125977,2.461759249542083,0.050075833
2025-11-22 06:00:00+00:00,100.8,100.4,1777.0,21.9,44.8,194.0,1.0,2.95,202.62918,Lahore,6,5,11,192.58772,193.73685,196.57721138000488,2.6727086932257795,0.05213966
2025-11-22 07:00:00+00:00,81.7,81.0,1225.0,11.9,45.3,219.0,1.0,3.1,202.67917,Lahore,7,5,11,192.92982,193.32457,196.98343404134116,2.8304831400238304,0.05053311
2025-11-22 08:00:00+00:00,74.5,73.6,957.0,5.5,43.2,227.0,2.0,2.55,202.41666,Lahore,8,5,11,193.28728,193.04387,197.36382484436035,2.9240620912533477,0.04723218
2025-11-22 09:00:00+00:00,70.5,69.4,959.0,8.6,41.0,220.0,2.0,1.65,202.13751,Lahore,9,5,11,193.51755,192.86404,197.72299003601074,2.9602544751533366,0.044543583
2025-11-22 10:00:00+00:00,68.0,66.8,1238.0,27.6,39.2,191.0,2.0,0.75,201.77084,Lahore,10,5,11,193.70175,192.73466,198.05920219421387,2.941851561954114,0.0416573
2025-11-22 11:00:00+00:00,69.2,68.2,1788.0,56.1,37.3,147.0,2.0,0.2,201.30414,Lahore,11,5,11,193.85965,192.64255,198.36938921610513,2.8714294912677754,0.038401432
2025-11-22 12:00:00+00:00,124.8,123.4,2574.0,104.5,39.7,86.0,2.0,0.0,200.55832,Lahore,12,5,11,194.08772,192.58772,198.63899739583334,2.7532722765183215,0.033338513
2025-11-22 13:00:00+00:00,143.0,141.6,3821.0,113.5,40.5,67.0,2.0,0.0,199.79385,Lahore,13,5,11,194.77193,192.45395,198.84824434916177,2.634885734716979,0.025783628
2025-11-22 14:00:00+00:00,159.7,158.3,5305.0,125.9,41.7,42.0,2.0,0.0,199.24342,Lahore,14,5,11,195.38377,192.29167,199.00906308492026,2.5299358266281273,0.019754197
2025-11-22 15:00:00+00:00,174.6,173.7,6312.0,135.2,42.6,21.0,2.0,0.0,198.77412,Lahore,15,5,11,195.8114,192.12938,199.13250986735025,2.437725676042807,0.015130492
2025-11-22 16:00:00+00:00,188.1,186.7,6452.0,138.5,43.4,10.0,2.0,0.0,198.4671,Lahore,16,5,11,196.06798,191.95615,199.2324733734131,2.3543598354724713,0.012236185
2025-11-22 17:00:00+00:00,199.3,197.9,6116.0,138.7,43.9,5.0,2.0,0.0,198.33333,Lahore,17,5,11,196.23245,191.83333,199.32000986735025,2.2757098096566515,0.010706057
2025-11-22 18:00:00+00:00,203.5,202.6,5767.0,137.5,43.8,1.0,2.0,0.0,198.39473,Lahore,18,5,11,196.30263,191.7829,199.4071807861328,2.193694969974782,0.010657535
2025-11-22 19:00:00+00:00,202.1,200.7,5578.0,135.5,42.5,0.0,2.0,0.0,198.62062,Lahore,19,5,11,196.27193,191.7829,199.50504302978516,2.0980514407966573,0.011966529
2025-11-22 20:00:00+00:00,198.4,197.0,5377.0,132.1,40.6,0.0,2.0,0.0,198.91666,Lahore,20,5,11,196.21053,191.80263,199.61779848734537,1.9828512465545738,0.0137919765
2025-11-22 21:00:00+00:00,196.0,194.6,5102.0,128.0,38.6,0.0,2.0,0.0,199.20395,Lahore,21,5,11,196.21053,191.86404,199.74252446492514,1.8488243402457991,0.015256182
2025-11-22 22:00:00+00:00,193.2,191.9,4520.0,122.6,36.4,0.0,2.0,0.0,199.47807,Lahore,22,5,11,196.46712,191.88377,199.86798095703125,1.714153126835327,0.015325495
2025-11-22 23:00:00+00:00,190.5,189.1,3865.0,116.5,34.3,1.0,2.0,0.0,199.7544,Lahore,23,5,11,196.98903,191.8421,199.98320452372232,1.6014569927276838,0.014038171
2025-11-23 00:00:00+00:00,210.5,209.1,3782.0,129.9,44.7,0.0,3.0,0.0,200.21252,Lahore,0,6,11,197.5614,191.82236,200.0936679840088,1.5163154476716503,0.013419236
2025-11-23 01:00:00+00:00,217.9,216.5,5027.0,129.3,46.1,0.0,3.0,0.0,202.27084,Lahore,1,6,11,198.1535,192.0263,200.26522382100424,1.5201743225574638,0.020778539
2025-11-23 02:00:00+00:00,235.6,233.8,6844.0,127.4,48.0,0.0,2.0,0.05,204.34586,Lahore,2,6,11,198.8487,192.1886,200.49427223205566,1.7008600460446142,0.027644949
2025-11-23 03:00:00+00:00,253.3,251.5,7614.0,117.7,48.8,9.0,2.0,0.45,206.52084,Lahore,3,6,11,199.64473,192.26973,200.78077697753906,2.086864425625626,0.03444175
2025-11-23 04:00:00+00:00,209.5,208.6,6283.0,93.5,47.8,61.0,2.0,1.15,208.81253,Lahore,4,6,11,200.99167,192.1886,201.1066462198893,2.6546192988814035,0.038911372
2025-11-23 05:00:00+00:00,158.3,157.4,3906.0,61.5,45.8,131.0,2.0,2.05,210.67499,Lahore,5,6,11,201.92084,192.29167,201.47140248616537,3.2954395713422917,0.04335437
2025-11-23 06:00:00+00:00,121.5,120.6,2021.0,35.8,43.4,185.0,2.0,2.7,211.7417,Lahore,6,6,11,202.62918,192.58772,201.85109074910483,3.9034924893136314,0.044971403
2025-11-23 07:00:00+00:00,88.2,86.8,1209.0,19.5,40.8,212.0,2.0,2.85,212.58334,Lahore,7,6,11,202.67917,192.92982,202.26376469930014,4.47633960675475,0.04886627
2025-11-23 08:00:00+00:00,68.2,66.6,890.0,9.5,38.0,222.0,3.0,2.4,212.82501,Lahore,8,6,11,202.41666,193.28728,202.69744618733725,4.968893832591727,0.05142045
2025-11-23 09:00:00+00:00,56.6,55.1,866.0,10.2,35.3,216.0,3.0,1.6,212.53333,Lahore,9,6,11,202.13751,193.51755,203.13060506184897,5.356003487731642,0.05142941
2025-11-23 10:00:00+00:00,52.0,50.5,1162.0,28.5,32.9,185.0,3.0,0.75,211.93753,Lahore,10,6,11,201.77084,193.70175,203.55421702067056,5.638385683198731,0.050387297
2025-11-23 11:00:00+00:00,53.0,51.8,1754.0,57.5,30.7,138.0,2.0,0.2,211.25836,Lahore,11,6,11,201.30414,193.85965,203.96897633870444,5.8285818501983,0.04944868
2025-11-23 12:00:00+00:00,84.1,82.7,2363.0,94.6,30.6,90.0,2.0,0.0,210.57501,Lahore,12,6,11,200.55832,194.08772,204.3863385518392,5.931459841840651,0.049944043
2025-11-23 13:00:00+00:00,97.1,95.9,2961.0,98.2,30.1,75.0,2.0,0.0,208.87918,Lahore,13,6,11,199.79385,194.77193,204.76489384969076,5.915515273313136,0.04547351
2025-11-23 14:00:00+00:00,106.4,105.2,3578.0,103.0,29.4,55.0,2.0,0.0,206.97498,Lahore,14,6,11,199.24342,195.38377,205.0870418548584,5.811358831470792,0.038804553
2025-11-23 15:00:00+00:00,112.0,110.8,4024.0,104.8,28.6,39.0,2.0,0.0,204.76251,Lahore,15,6,11,198.77412,195.8114,205.33655802408853,5.654977390509221,0.030126598
2025-11-23 16:00:00+00:00,118.7,117.6,4218.0,101.5,27.8,31.0,2.0,0.0,202.14166,Lahore,16,6,11,198.4671,196.06798,205.48966471354166,5.508755975800167,0.018514708
2025-11-23 17:00:00+00:00,126.7,125.3,4243.0,95.4,26.9,28.0,2.0,0.0,199.61185,Lahore,17,6,11,198.33333,196.23245,205.54293632507324,5.4423240992064015,0.0064463126
2025-11-23 18:00:00+00:00,131.3,130.4,4154.0,88.9,25.6,26.0,2.0,0.0,198.01974,Lahore,18,6,11,198.39473,196.30263,205.5273119608561,5.464232307603723,-0.0018900943
2025-11-23 19:00:00+00:00,130.9,129.9,3945.0,82.8,23.5,24.0,2.0,0.0,196.4364,Lahore,19,6,11,198.62062,196.27193,205.43630282084146,5.600751836439293,-0.0109969415
2025-11-23 20:00:00+00:00,127.6,126.2,3624.0,76.5,21.1,23.0,2.0,0.0,194.88377,Lahore,20,6,11,198.91666,196.21053,205.26826604207358,5.859388949753568,-0.020274233
2025-11-23 21:00:00+00:00,122.5,121.1,3267.0,70.4,19.1,23.0,2.0,0.0,193.33113,Lahore,21,6,11,199.20395,196.21053,205.0235652923584,6.234295967637908,-0.029481433
2025-11-23 22:00:00+00:00,118.5,117.6,2708.0,63.5,17.6,23.0,2.0,0.0,191.7193,Lahore,22,6,11,199.47807,196.46712,204.7002830505371,6.716854202921151,-0.038895372
2025-11-23 23:00:00+00:00,117.8,116.9,2113.0,56.9,16.7,23.0,2.0,0.0,190.08992,Lahore,23,6,11,199.7544,196.98903,204.29759661356607,7.291389024818405,-0.048381787
2025-11-24 00:00:00+00:00,120.6,119.2,2064.0,48.1,17.3,31.0,2.0,0.0,188.50658,Lahore,0,0,11,200.21252,197.5614,203.8098487854004,7.939277947276381,-0.05846761
2025-11-24 01:00:00+00:00,128.1,127.1,3211.0,57.2,18.5,21.0,2.0,0.0,186.53508,Lahore,1,0,11,202.27084,198.1535,203.1541919708252,8.686498593413,-0.07779551
2025-11-24 02:00:00+00:00,146.2,144.8,4903.0,68.9,20.4,10.0,2.0,0.1,184.57457,Lahore,2,0,11,204.34586,198.8487,202.33038838704428,9.470699837802664,-0.09675404
2025-11-24 03:00:00+00:00,161.6,160.7,5765.0,72.3,22.8,18.0,2.0,0.55,182.62282,Lahore,3,0,11,206.52084,199.64473,201.3346373240153,10.236332365916583,-0.115717255
2025-11-24 04:00:00+00:00,134.1,133.2,4959.0,59.3,26.5,65.0,3.0,1.45,180.63158,Lahore,4,0,11,208.81253,200.99167,200.16043090820312,10.933802968918267,-0.13495816
2025-11-24 05:00:00+00:00,109.4,107.8,3322.0,37.9,30.7,133.0,3.0,2.5,178.97807,Lahore,5,0,11,210.67499,201.92084,198.83972613016763,11.507803019414789,-0.15045409
2025-11-24 06:00:00+00:00,88.7,86.6,1993.0,20.8,33.6,184.0,4.0,3.2,177.89035,Lahore,6,0,11,211.7417,202.62918,197.4292532602946,11.924669760842217,-0.15987097
2025-11-24 07:00:00+00:00,71.5,69.2,1369.0,11.2,34.0,207.0,4.0,3.3,177.14473,Lahore,7,0,11,212.58334,202.67917,195.95264434814453,12.158437220958344,-0.16670457
2025-11-24 08:00:00+00:00,63.8,61.5,1053.0,5.9,32.9,213.0,4.0,2.75,176.75876,Lahore,8,0,11,212.82501,202.41666,194.44988377888998,12.211121465545569,-0.16946435
2025-11-24 09:00:00+00:00,61.5,59.1,991.0,8.5,31.7,206.0,4.0,1.75,176.64693,Lahore,9,0,11,212.53333,202.13751,192.95461718241373,12.09714105549936,-0.16885069
2025-11-24 10:00:00+00:00,60.5,58.2,1239.0,24.1,30.6,180.0,4.0,0.8,176.73465,Lahore,10,0,11,211.93753,201.77084,191.4878304799398,11.826536355284096,-0.16610026
2025-11-24 11:00:00+00:00,62.6,60.8,1742.0,47.6,29.4,140.0,3.0,0.2,176.9035,Lahore,11,0,11,211.25836,201.30414,190.05637804667154,11.400975302713698,-0.16262011
2025-11-24 12:00:00+00:00,68.9,68.0,2278.0,68.0,30.0,105.0,2.0,0.0,177.10088,Lahore,12,0,11,210.57501,200.55832,188.66162236531576,10.81410897656135,-0.15896538
2025-11-24 13:00:00+00:00,86.6,85.7,2863.0,77.6,30.4,85.0,2.0,0.0,176.7785,Lahore,13,0,11,208.87918,199.79385,187.324094136556,10.170838959423154,-0.1536806
2025-11-24 14:00:00+00:00,99.0,98.0,3482.0,90.5,30.9,58.0,2.0,0.0,176.55482,Lahore,14,0,11,206.97498,199.24342,186.05658785502115,9.488023310183062,-0.14697501
2025-11-24 15:00:00+00:00,107.3,106.4,3862.0,98.7,31.1,37.0,2.0,0.0,176.39693,Lahore,15,0,11,204.76251,198.77412,184.87468846638998,8.798200562146704,-0.1385292
2025-11-24 16:00:00+00:00,114.1,113.2,3838.0,97.8,30.8,29.0,2.0,0.0,176.30043,Lahore,16,0,11,202.14166,198.4671,183.7979704538981,8.150586666639395,-0.12783724
2025-11-24 17:00:00+00:00,120.6,119.7,3575.0,92.0,30.0,28.0,2.0,0.0,176.20395,Lahore,17,0,11,199.61185,198.33333,182.82264137268066,7.554720720705905,-0.11726708
2025-11-24 18:00:00+00:00,125.3,124.3,3302.0,86.2,29.0,27.0,2.0,0.0,176.08113,Lahore,18,0,11,198.01974,198.39473,181.9085324605306,6.938046473382073,-0.11079003
2025-11-24 19:00:00+00:00,126.7,125.7,3089.0,82.8,27.4,25.0,2.0,0.0,175.94736,Lahore,19,0,11,196.4364,198.62062,181.05482228597006,6.30432623793161,-0.1043037
2025-11-24 20:00:00+00:00,127.1,126.2,2865.0,79.2,25.4,24.0,2.0,0.0,175.85526,Lahore,20,0,11,194.88377,198.91666,180.26196734110513,5.652367405760019,-0.09764034
2025-11-24 21:00:00+00:00,126.2,125.3,2650.0,73.2,23.8,26.0,2.0,0.0,175.85526,Lahore,21,0,11,193.33113,199.20395,179.53380584716797,4.981372833621026,-0.09039349
2025-11-24 22:00:00+00:00,122.0,121.1,2315.0,60.6,22.6,35.0,2.0,0.0,175.94736,Lahore,22,0,11,191.7193,199.47807,178.87664159138998,4.297296108552083,-0.0822658
2025-11-24 23:00:00+00:00,118.0,116.9,1989.0,45.5,21.7,48.0,2.0,0.0,176.02412,Lahore,23,0,11,190.08992,199.7544,178.29056676228842,3.6048938452828527,-0.073995486
2025-11-25 00:00:00+00:00,134.6,133.2,2073.0,65.4,23.5,26.0,2.0,0.0,176.02412,Lahore,0,1,11,188.50658,200.21252,177.7704645792643,2.8980407720564596,-0.066217594
2025-11-25 01:00:00+00:00,137.4,135.5,3077.0,69.6,24.7,21.0,2.0,0.0,176.33115,Lahore,1,1,11,186.53508,202.27084,177.34530067443848,2.227140275490127,-0.05470249
2025-11-25 02:00:00+00:00,152.3,150.9,4491.0,74.6,26.3,16.0,3.0,0.1,176.51534,Lahore,2,1,11,184.57457,204.34586,177.00949923197427,1.6125020681082165,-0.04366384
2025-11-25 03:00:00+00:00,167.2,165.8,5193.0,73.0,27.9,27.0,3.0,0.55,176.64912,Lahore,3,1,11,182.62282,206.52084,176.76059532165527,1.0822158042950432,-0.032710556
2025-11-25 04:00:00+00:00,136.9,136.0,4485.0,58.4,29.5,68.0,3.0,1.45,176.76096,Lahore,4,1,11,180.63158,208.81253,176.5993194580078,0.701819403681415,-0.021428263
2025-11-25 05:00:00+00:00,109.7,107.8,3066.0,37.2,31.0,124.0,4.0,2.55,176.82236,Lahore,5,1,11,178.97807,210.67499,176.50949796040854,0.4901777911216698,-0.012044582
2025-11-25 06:00:00+00:00,85.7,83.8,1904.0,20.5,31.8,166.0,4.0,3.35,176.82237,Lahore,6,1,11,177.89035,211.7417,176.46499888102213,0.3994518659544898,-0.006003574
2025-11-25 07:00:00+00:00,63.1,61.5,1329.0,11.2,31.3,185.0,4.0,3.5,176.76096,Lahore,7,1,11,177.14473,212.58334,176.44900830586752,0.378173017368697,-0.002166442
2025-11-25 08:00:00+00:00,51.3,50.1,1011.0,6.4,29.9,190.0,3.0,2.9,176.59212,Lahore,8,1,11,176.75876,212.82501,176.4420649210612,0.37374247333628824,-0.00094276085
2025-11-25 09:00:00+00:00,48.1,46.9,936.0,8.7,28.7,184.0,2.0,1.85,176.3421,Lahore,9,1,11,176.64693,212.53333,176.4293638865153,0.371651519759799,-0.0017256164
2025-11-25 10:00:00+00:00,46.6,45.5,1131.0,22.1,27.8,161.0,2.0,0.85,176.07457,Lahore,10,1,11,176.73465,211.93753,176.40186055501303,0.3725001728760004,-0.0037348645
2025-11-25 11:00:00+00:00,48.2,47.4,1569.0,42.7,26.9,126.0,1.0,0.2,175.79605,Lahore,11,1,11,176.9035,211.25836,176.35571670532227,0.37623155564875654,-0.006260206
2025-11-25 12:00:00+00:00,69.8,68.7,2146.0,54.7,26.5,95.0,2.0,0.0,175.5022,Lahore,12,1,11,177.10088,210.57501,176.2891050974528,0.38006846893423013,-0.009026938
2025-11-25 13:00:00+00:00,83.8,82.7,2962.0,63.6,26.6,79.0,2.0,0.0,175.51753,Lahore,13,1,11,176.7785,208.87918,176.23656463623047,0.3962848521949713,-0.0071330564
2025-11-25 14:00:00+00:00,92.7,91.5,3917.0,75.7,26.7,56.0,2.0,0.0,175.45175,Lahore,14,1,11,176.55482,206.97498,176.1906032562256,0.4209668866137344,-0.0062477654
2025-11-25 15:00:00+00:00,101.0,99.9,4613.0,84.0,26.9,38.0,2.0,0.0,175.3092,Lahore,15,1,11,176.39693,204.76251,176.14528147379556,0.4549677125878071,-0.006166336
2025-11-25 16:00:00+00:00,109.9,108.5,4914.0,85.0,27.3,30.0,2.0,0.0,175.16667,Lahore,16,1,11,176.30043,202.14166,176.09804153442383,0.4952358415632137,-0.0064308327
2025-11-25 17:00:00+00:00,119.7,118.0,4956.0,82.3,27.7,27.0,2.0,0.0,175.0636,Lahore,17,1,11,176.20395,199.61185,176.05052693684897,0.5375313473126275,-0.006471764
2025-11-25 18:00:00+00:00,126.2,124.8,4740.0,79.1,27.5,24.0,2.0,0.0,175.0263,Lahore,18,1,11,176.08113,198.01974,176.00657590230307,0.5766224671107735,-0.0059905616
2025-11-25 19:00:00+00:00,128.5,127.1,4130.0,76.8,26.3,20.0,2.0,0.0,175.0373,Lahore,19,1,11,175.94736,196.4364,175.968656539917,0.6096629226099541,-0.005172369
2025-11-25 20:00:00+00:00,130.4,129.0,3262.0,74.1,24.5,17.0,3.0,0.0,175.068,Lahore,20,1,11,175.85526,194.88377,175.93585395812988,0.6366131387182498,-0.004476761
2025-11-25 21:00:00+00:00,131.3,129.9,2552.0,70.2,23.1,15.0,3.0,0.0,175.1294,Lahore,21,1,11,175.85526,193.33113,175.90560976664224,0.6575078839569277,-0.0041276026
2025-11-25 22:00:00+00:00,130.9,129.5,2023.0,63.1,22.3,17.0,3.0,0.0,175.23027,Lahore,22,1,11,175.94736,191.7193,175.87573115030924,0.6716688195840599,-0.0040755756
2025-11-25 23:00:00+00:00,130.9,129.5,1650.0,54.9,21.9,20.0,3.0,0.0,175.41446,Lahore,23,1,11,176.02412,190.08992,175.85032844543457,0.6773176391981423,-0.0034635304
2025-11-26 00:00:00+00:00,145.3,143.4,1776.0,65.9,22.7,8.0,3.0,0.0,175.6908,Lahore,0,2,11,176.02412,188.50658,175.8364397684733,0.6770163905384581,-0.001893651
2025-11-26 01:00:00+00:00,152.3,150.4,2951.0,70.1,25.5,4.0,3.0,0.0,175.91446,Lahore,1,2,11,176.33115,186.53508,175.8190778096517,0.6690744899236538,-0.0023630937
2025-11-26 02:00:00+00:00,168.6,166.2,4625.0,75.1,29.5,2.0,4.0,0.05,176.24123,Lahore,2,2,11,176.51534,184.57457,175.80765660603842,0.6589352378537475,-0.0015528899
2025-11-26 03:00:00+00:00,188.1,186.3,5484.0,73.5,33.0,15.0,4.0,0.5,176.57675,Lahore,3,2,11,176.64912,182.62282,175.80464108784994,0.6550712312333321,-0.000409696
2025-11-26 04:00:00+00:00,161.1,159.7,4714.0,59.2,35.7,60.0,4.0,1.4,177.02632,Lahore,4,2,11,176.76096,180.63158,175.81569798787436,0.6738840100264224,0.0015012682
2025-11-26 05:00:00+00:00,125.3,123.4,3130.0,38.4,37.9,121.0,4.0,2.5,177.54605,Lahore,5,2,11,176.82236,178.97807,175.84585189819336,0.7343642286336813,0.0040927734
2025-11-26 06:00:00+00:00,95.2,93.4,1867.0,22.0,39.2,168.0,4.0,3.35,177.88815,Lahore,6,2,11,176.82237,177.89035,175.89025942484537,0.8228730665613104,0.0060274084
2025-11-26 07:00:00+00:00,68.5,66.6,1325.0,11.9,39.1,190.0,4.0,3.5,178.09868,Lahore,7,2,11,176.76096,177.14473,175.94599787394205,0.9235612156782324,0.0075679766
2025-11-26 08:00:00+00:00,56.7,54.7,1105.0,6.2,38.1,198.0,4.0,2.95,178.21053,Lahore,8,2,11,176.59212,176.75876,176.01343154907227,1.0261723354714436,0.009164669
2025-11-26 09:00:00+00:00,53.7,51.6,1135.0,10.3,37.1,191.0,4.0,1.9,178.3114,Lahore,9,2,11,176.3421,176.64693,176.09548568725586,1.1273426633891777,0.011167494
2025-11-26 10:00:00+00:00,52.0,49.9,1464.0,31.3,36.1,162.0,4.0,0.85,178.41446,Lahore,10,2,11,176.07457,176.73465,176.19298108418783,1.222609582614518,0.013289196
2025-11-26 11:00:00+00:00,54.6,52.9,2045.0,62.0,35.2,117.0,3.0,0.2,178.51097,Lahore,11,2,11,175.79605,176.9035,176.30610275268555,1.3069748379032304,0.015443578
2025-11-26 12:00:00+00:00,86.6,84.5,2666.0,86.1,35.1,82.0,4.0,0.0,178.63158,Lahore,12,2,11,175.5022,177.10088,176.43649355570474,1.3774856779362754,0.017830998
2025-11-26 13:00:00+00:00,107.1,105.0,3392.0,92.1,35.9,66.0,4.0,0.0,178.97806,Lahore,13,2,11,175.51753,176.7785,176.58068211873373,1.4559895403300862,0.019716125
2025-11-26 14:00:00+00:00,120.1,118.3,4158.0,100.1,36.9,44.0,4.0,0.0,179.4671,Lahore,14,2,11,175.45175,176.55482,176.74798838297525,1.5483928602772021,0.02288578
2025-11-26 15:00:00+00:00,128.5,126.7,4554.0,103.9,37.1,27.0,4.0,0.0,180.05482,Lahore,15,2,11,175.3092,176.39693,176.94572257995605,1.6559466741266111,0.027070003
2025-11-26 16:00:00+00:00,134.1,131.8,4330.0,100.0,36.1,22.0,4.0,0.0,180.64255,Lahore,16,2,11,175.16667,176.30043,177.17388407389322,1.7732526651994536,0.031260945
2025-11-26 17:00:00+00:00,137.8,135.5,3735.0,92.0,34.4,22.0,3.0,0.0,181.1535,Lahore,17,2,11,175.0636,176.20395,177.42763010660806,1.8900258985884504,0.034786813
2025-11-26 18:00:00+00:00,136.9,135.0,3108.0,83.7,32.3,23.0,3.0,0.0,181.53728,Lahore,18,2,11,175.0263,176.08113,177.6989205678304,1.9947434178620627,0.037199955
2025-11-26 19:00:00+00:00,131.8,130.4,2490.0,76.3,29.7,24.0,3.0,0.0,181.76097,Lahore,19,2,11,175.0373,175.94736,177.97907384236655,2.075209361875275,0.038412835
2025-11-26 20:00:00+00:00,127.1,125.3,1839.0,68.7,26.7,26.0,3.0,0.0,181.83334,Lahore,20,2,11,175.068,175.85526,178.2609634399414,2.1215589186006625,0.03864413
2025-11-26 21:00:00+00:00,123.9,122.5,1373.0,62.0,24.3,28.0,3.0,0.0,181.7522,Lahore,21,2,11,175.1294,175.85526,178.5369135538737,2.127232415745592,0.037816625
2025-11-26 22:00:00+00:00,122.9,121.5,1066.0,55.5,22.7,29.0,3.0,0.0,181.58992,Lahore,22,2,11,175.23027,175.94736,178.80189895629883,2.0932547314490453,0.0362931
2025-11-26 23:00:00+00:00,123.9,122.5,943.0,49.8,21.6,30.0,2.0,0.0,181.41447,Lahore,23,2,11,175.41446,176.02412,179.0518995920817,2.0283881895573077,0.034204792
2025-11-27 00:00:00+00:00,162.1,160.2,1297.0,75.8,30.4,7.0,3.0,0.0,181.26097,Lahore,0,3,11,175.6908,176.02412,179.28399022420248,1.944003513249069,0.031704422
2025-11-27 01:00:00+00:00,163.0,161.6,2680.0,78.5,32.1,6.0,3.0,0.0,181.62938,Lahore,1,3,11,175.91446,176.33115,179.5221118927002,1.8615877576818058,0.032486927
2025-11-27 02:00:00+00:00,176.0,174.2,4540.0,81.3,34.6,6.0,3.0,0.05,181.875,Lahore,2,3,11,176.24123,176.51534,179.75685246785483,1.783451742612688,0.031966265
2025-11-27 03:00:00+00:00,192.8,190.9,5515.0,77.7,36.4,22.0,3.0,0.5,182.05045,Lahore,3,3,11,176.57675,176.64912,179.98492304484049,1.7074675199091378,0.030998949
2025-11-27 04:00:00+00:00,152.3,151.3,4753.0,61.5,37.4,67.0,3.0,1.45,182.15132,Lahore,4,3,11,177.02632,176.76096,180.19846471150717,1.6405301348670014,0.028950498
2025-11-27 05:00:00+00:00,117.1,115.7,3106.0,38.9,37.9,127.0,3.0,2.55,181.96712,Lahore,5,3,11,177.54605,176.82236,180.3826758066813,1.5767223022935135,0.024900956
2025-11-27 06:00:00+00:00,90.1,88.2,1774.0,21.2,37.3,172.0,3.0,3.4,181.79825,Lahore,6,3,11,177.88815,176.82237,180.54559644063315,1.5082871171832881,0.02198064
2025-11-27 07:00:00+00:00,64.3,62.6,1153.0,10.7,34.9,193.0,3.0,3.55,181.6842,Lahore,7,3,11,178.09868,176.76096,180.69499333699545,1.4309732882630564,0.020132242
2025-11-27 08:00:00+00:00,52.2,50.3,846.0,5.2,31.4,199.0,4.0,2.95,181.5965,Lahore,8,3,11,178.21053,176.59212,180.83607546488443,1.3393569582486435,0.018999837
2025-11-27 09:00:00+00:00,47.6,45.8,869.0,9.5,28.8,191.0,4.0,1.85,181.5,Lahore,9,3,11,178.3114,176.3421,180.96893374125162,1.231865979218223,0.01788219
2025-11-27 10:00:00+00:00,45.8,43.8,1345.0,30.2,27.9,164.0,4.0,0.85,181.3728,Lahore,10,3,11,178.41446,176.07457,181.09219805399576,1.1068063955372118,0.016581299
2025-11-27 11:00:00+00:00,49.0,47.5,2150.0,60.7,27.8,123.0,3.0,0.2,181.23903,Lahore,11,3,11,178.51097,175.79605,181.20586713155112,0.9606202678034299,0.015282298
2025-11-27 12:00:00+00:00,80.8,78.9,2923.0,80.7,31.4,95.0,3.0,0.0,181.1206,Lahore,12,3,11,178.63158,175.5022,181.30957667032877,0.7897815142059925,0.013933869
2025-11-27 13:00:00+00:00,99.9,98.3,3627.0,88.5,32.5,77.0,3.0,0.0,180.99782,Lahore,13,3,11,178.97806,175.51753,181.39373334248862,0.6198737090513615,0.0112849595
2025-11-27 14:00:00+00:00,115.0,113.4,4300.0,99.0,34.1,52.0,2.0,0.0,180.85088,Lahore,14,3,11,179.4671,175.45175,181.4513905843099,0.48187135601697917,0.007710459
2025-11-27 15:00:00+00:00,127.1,125.7,4694.0,104.9,34.9,33.0,2.0,0.0,180.74342,Lahore,15,3,11,180.05482,175.3092,181.4800821940104,0.4102843457684743,0.003824383
2025-11-27 16:00:00+00:00,135.5,134.6,4681.0,102.2,34.6,26.0,2.0,0.0,180.72148,Lahore,16,3,11,180.64255,175.16667,181.48337109883627,0.40353956288565046,0.0004369608
2025-11-27 17:00:00+00:00,142.5,141.6,4390.0,95.0,33.6,24.0,2.0,0.0,180.7829,Lahore,17,3,11,181.1535,175.0636,181.46792920430502,0.4233172933029067,-0.002045809
2025-11-27 18:00:00+00:00,145.3,144.4,3960.0,88.0,32.2,23.0,2.0,0.0,180.91667,Lahore,18,3,11,181.53728,175.0263,181.4420706431071,0.43761065056905313,-0.0034186118
2025-11-27 19:00:00+00:00,143.9,143.0,3336.0,83.1,30.3,21.0,2.0,0.0,181.1228,Lahore,19,3,11,181.76097,175.0373,181.41548029581705,0.43677853667730515,-0.0035110307
2025-11-27 20:00:00+00:00,142.0,141.1,2572.0,78.5,28.0,21.0,1.0,0.0,181.39912,Lahore,20,3,11,181.83334,175.068,181.39738782246908,0.42761411045002523,-0.0023880072
2025-11-27 21:00:00+00:00,138.8,138.3,1970.0,73.4,25.9,21.0,1.0,0.0,181.74562,Lahore,21,3,11,181.7522,175.1294,181.39711380004883,0.42737889942975843,-3.618409e-05
2025-11-27 22:00:00+00:00,135.0,134.6,1571.0,66.4,24.0,22.0,1.0,0.0,182.09212,Lahore,22,3,11,181.58992,175.23027,181.41803868611655,0.44897757543420624,0.002765557
2025-11-27 23:00:00+00:00,131.3,130.9,1335.0,59.0,22.4,24.0,1.0,0.0,182.3794,Lahore,23,3,11,181.41447,175.41446,181.4582436879476,0.48997593551861246,0.0053188703
2025-11-28 00:00:00+00:00,147.1,146.2,1436.0,62.7,23.7,11.0,1.0,0.0,182.5636,Lahore,0,4,11,181.26097,175.6908,181.51251983642578,0.5370591846967604,0.0071864757
2025-11-28 01:00:00+00:00,148.1,147.6,2215.0,65.7,24.2,10.0,1.0,0.0,182.25658,Lahore,1,4,11,181.62938,175.91446,181.5386530558268,0.5578500119709873,0.0034531709
2025-11-28 02:00:00+00:00,156.5,156.0,3333.0,69.1,25.1,11.0,1.0,0.05,181.94957,Lahore,2,4,11,181.875,176.24123,181.54176012674967,0.560008313397336,0.00041000525
2025-11-28 03:00:00+00:00,163.4,163.0,3944.0,66.5,26.6,27.0,1.0,0.5,181.55043,Lahore,3,4,11,182.05045,176.57675,181.52092615763345,0.5494626290860519,-0.0027465753
2025-11-28 04:00:00+00:00,131.8,131.3,3555.0,52.2,29.6,73.0,1.0,1.45,180.9386,Lahore,4,4,11,182.15132,177.02632,181.47039604187012,0.5447113038985788,-0.0066577764
2025-11-28 05:00:00+00:00,99.7,99.2,2660.0,31.9,33.4,135.0,2.0,2.6,180.5,Lahore,5,4,11,181.96712,177.54605,181.40926615397134,0.5683534972144779,-0.008062541
2025-11-28 06:00:00+00:00,65.9,65.0,1895.0,16.3,35.8,181.0,2.0,3.45,180.13815,Lahore,6,4,11,181.79825,177.88815,181.34009552001953,0.6178216488278858,-0.009131525
2025-11-28 07:00:00+00:00,48.2,47.0,1431.0,8.1,35.7,201.0,2.0,3.65,179.62938,Lahore,7,4,11,181.6842,178.09868,181.25447781880698,0.7043773861885474,-0.0113098705
2025-11-28 08:00:00+00:00,41.2,39.9,1098.0,4.7,34.3,206.0,2.0,3.05,179.28728,Lahore,8,4,11,181.5965,178.21053,181.15826034545898,0.8060129099376051,-0.012716211
2025-11-28 09:00:00+00:00,39.6,38.3,1024.0,8.6,33.2,199.0,2.0,1.95,179.0592,Lahore,9,4,11,181.5,178.3114,181.05656051635742,0.908489650834627,-0.0134479115
2025-11-28 10:00:00+00:00,39.2,38.1,1341.0,24.2,33.1,176.0,2.0,0.85,178.89473,Lahore,10,4,11,181.3728,178.41446,180.95330746968588,1.0065171192259705,-0.013662871
2025-11-28 11:00:00+00:00,41.1,40.0,1916.0,47.2,33.4,141.0,2.0,0.2,178.76974,Lahore,11,4,11,181.23903,178.51097,180.8504206339518,1.0980816552504797,-0.01362446
2025-11-28 12:00:00+00:00,59.4,58.9,2479.0,70.0,33.8,110.0,1.0,0.0,178.60527,Lahore,12,4,11,181.1206,178.63158,180.74561500549316,1.1875640928180777,-0.013887625
2025-11-28 13:00:00+00:00,76.4,75.9,2991.0,80.8,34.7,88.0,1.0,0.0,178.16666,Lahore,13,4,11,180.99782,178.97806,180.62764994303384,1.2969954816704716,-0.015641965
2025-11-28 14:00:00+00:00,89.2,88.7,3490.0,95.4,35.8,58.0,1.0,0.0,177.67545,Lahore,14,4,11,180.85088,179.4671,180.49534034729004,1.4285303859191072,-0.01755828
2025-11-28 15:00:00+00:00,97.8,97.3,3820.0,103.2,36.0,36.0,1.0,0.0,177.13377,Lahore,15,4,11,180.74342,180.05482,180.34493827819824,1.5829494221125273,-0.019971127
2025-11-28 16:00:00+00:00,101.7,101.0,3914.0,99.0,34.5,30.0,1.0,0.0,176.51096,Lahore,16,4,11,180.72148,180.64255,180.16949971516928,1.7625415496819663,-0.023298424
2025-11-28 17:00:00+00:00,103.8,103.1,3839.0,88.2,32.1,32.0,1.0,0.0,175.77412,Lahore,17,4,11,180.7829,181.1535,179.9608008066813,1.9709681554937395,-0.027706016
2025-11-28 18:00:00+00:00,103.1,102.7,3634.0,76.2,29.6,37.0,1.0,0.0,174.92984,Lahore,18,4,11,180.91667,181.53728,179.7113494873047,2.209189397274837,-0.033091653
2025-11-28 19:00:00+00:00,100.6,99.9,3237.0,63.6,27.1,43.0,1.0,0.0,174.01535,Lahore,19,4,11,181.1228,181.76097,179.41520563761392,2.4724507022267734,-0.039241068
2025-11-28 20:00:00+00:00,98.5,97.6,2711.0,49.9,24.5,52.0,1.0,0.0,173.07018,Lahore,20,4,11,181.39912,181.83334,179.06816609700522,2.750749236080529,-0.045915045
2025-11-28 21:00:00+00:00,96.2,95.2,2281.0,39.1,22.3,58.0,1.0,0.0,172.11623,Lahore,21,4,11,181.74562,181.7522,178.66694132486978,3.031210439335574,-0.052982815
2025-11-28 22:00:00+00:00,94.1,93.1,1934.0,31.9,20.6,61.0,1.0,0.0,171.17105,Lahore,22,4,11,182.09212,181.58992,178.2118968963623,3.3022812617093007,-0.0599755
2025-11-28 23:00:00+00:00,92.7,92.0,1684.0,27.6,19.4,63.0,2.0,0.0,170.26097,Lahore,23,4,11,182.3794,181.41447,177.70696258544922,3.554217289197073,-0.06644623
2025-11-29 00:00:00+00:00,108.5,107.8,1801.0,45.9,21.2,38.0,2.0,0.0,169.4079,Lahore,0,5,11,182.5636,181.26097,177.15880839029947,3.779940188237252,-0.07206092
2025-11-29 01:00:00+00:00,108.5,107.6,2700.0,54.0,22.2,32.0,2.0,0.0,168.56578,Lahore,1,5,11,182.25658,181.62938,176.5883585611979,4.003616700083583,-0.07511825
2025-11-29 02:00:00+00:00,119.7,119.0,3966.0,64.3,23.7,26.0,2.0,0.05,167.6886,Lahore,2,5,11,181.94957,181.875,175.99415143330893,4.225465988670006,-0.0783787
2025-11-29 03:00:00+00:00,131.3,130.9,4630.0,66.6,25.5,36.0,2.0,0.55,166.8772,Lahore,3,5,11,181.55043,182.05045,175.3827667236328,4.442534397361574,-0.080821805
2025-11-29 04:00:00+00:00,107.8,107.1,4108.0,52.9,28.0,77.0,2.0,1.55,166.17325,Lahore,4,5,11,180.9386,182.15132,174.7675437927246,4.6569002215717985,-0.081604205
2025-11-29 05:00:00+00:00,78.5,77.5,2985.0,31.2,30.8,133.0,2.0,2.75,165.64255,Lahore,5,5,11,180.5,181.96712,174.1484832763672,4.8454433617669315,-0.082312755
2025-11-29 06:00:00+00:00,49.7,48.8,2038.0,14.6,32.8,175.0,2.0,3.7,165.16666,Lahore,6,5,11,180.13815,181.79825,173.52467091878256,5.001995493165615,-0.08311119
2025-11-29 07:00:00+00:00,37.4,36.4,1499.0,7.1,33.5,192.0,2.0,3.9,164.8114,Lahore,7,5,11,179.62938,181.6842,172.9072551727295,5.128623021935169,-0.08249195
2025-11-29 08:00:00+00:00,31.9,31.0,1137.0,4.7,33.4,196.0,2.0,3.3,164.57895,Lahore,8,5,11,179.28728,181.5965,172.2944081624349,5.211216381904782,-0.08203777
2025-11-29 09:00:00+00:00,30.6,29.6,1042.0,8.7,33.0,188.0,2.0,2.1,164.38377,Lahore,9,5,11,179.0592,181.5,171.6829319000244,5.243828035474086,-0.08195854
2025-11-29 10:00:00+00:00,29.3,28.3,1343.0,22.4,32.2,165.0,2.0,0.95,164.193,Lahore,10,5,11,178.89473,181.3728,171.07035954793295,5.223405208788924,-0.08218094
2025-11-29 11:00:00+00:00,30.5,29.6,1911.0,42.5,31.0,131.0,1.0,0.2,163.97807,Lahore,11,5,11,178.76974,181.23903,170.45403989156088,5.147539385863415,-0.08274147
2025-11-29 12:00:00+00:00,56.9,55.3,2451.0,64.0,31.1,99.0,3.0,0.0,163.75,Lahore,12,5,11,178.60527,181.1206,169.83507029215494,5.016240369847388,-0.08317375
2025-11-29 13:00:00+00:00,71.9,70.5,2926.0,72.3,31.1,82.0,3.0,0.0,163.67105,Lahore,13,5,11,178.16666,180.99782,169.23108673095703,4.838999396988149,-0.08135981
2025-11-29 14:00:00+00:00,82.7,81.3,3371.0,83.4,31.1,58.0,2.0,0.0,163.55264,Lahore,14,5,11,177.67545,180.85088,168.64263661702475,4.6212788233032915,-0.07948652
2025-11-29 15:00:00+00:00,87.3,86.1,3601.0,88.4,30.5,42.0,2.0,0.0,163.39035,Lahore,15,5,11,177.13377,180.74342,168.06999397277832,4.3679168409823825,-0.07758782
2025-11-29 16:00:00+00:00,88.2,87.1,3470.0,82.0,28.8,41.0,2.0,0.0,163.14474,Lahore,16,5,11,176.51096,180.72148,167.51306851704916,4.088022281558704,-0.07572454
2025-11-29 17:00:00+00:00,90.3,89.2,3122.0,69.5,26.5,47.0,2.0,0.0,162.83992,Lahore,17,5,11,175.77412,180.7829,166.97414334615073,3.793570134556002,-0.073584236
2025-11-29 18:00:00+00:00,92.9,91.7,2804.0,58.4,24.4,52.0,2.0,0.0,162.53508,Lahore,18,5,11,174.92984,180.91667,166.45769500732422,3.4953878323586243,-0.07085561
2025-11-29 19:00:00+00:00,94.3,92.9,2625.0,51.2,22.8,53.0,2.0,0.0,162.29387,Lahore,19,5,11,174.01535,181.1228,165.96929995218912,3.1998811761958064,-0.067358896
2025-11-29 20:00:00+00:00,95.7,94.5,2475.0,45.4,21.4,54.0,2.0,0.0,162.14035,Lahore,20,5,11,173.07018,181.39912,165.5138905843099,2.909978268942902,-0.06315256
2025-11-29 21:00:00+00:00,96.2,95.0,2269.0,40.8,20.4,54.0,2.0,0.0,162.07236,Lahore,21,5,11,172.11623,181.74562,165.09539604187012,2.627723459886615,-0.058355156
2025-11-29 22:00:00+00:00,95.9,94.8,1815.0,36.2,19.6,55.0,2.0,0.0,162.068,Lahore,22,5,11,171.17105,182.09212,164.7161019643148,2.355495444505897,-0.05318106
2025-11-29 23:00:00+00:00,95.0,93.8,1306.0,32.7,19.1,56.0,2.0,0.0,162.10526,Lahore,23,5,11,170.26097,182.3794,164.37628046671549,2.094627832044522,-0.047901265
2025-11-30 00:00:00+00:00,105.9,104.8,1234.0,43.0,20.3,41.0,2.0,0.0,162.14473,Lahore,0,6,11,169.4079,182.5636,164.0736484527588,1.8459861252457663,-0.04287385
2025-11-30 01:00:00+00:00,108.7,107.8,2088.0,53.0,22.3,34.0,2.0,0.0,162.07893,Lahore,1,6,11,168.56578,182.25658,163.80336316426596,1.6208240767779887,-0.038482584
2025-11-30 02:00:00+00:00,121.1,120.1,3379.0,66.0,25.0,26.0,1.0,0.05,162.08334,Lahore,2,6,11,167.6886,181.94957,163.56981086730957,1.4291517488749441,-0.03342657
2025-11-30 03:00:00+00:00,135.0,134.1,4135.0,70.5,27.0,33.0,1.0,0.55,162.10745,Lahore,3,6,11,166.8772,181.55043,163.37107149759927,1.272256981514656,-0.028582364
2025-11-30 04:00:00+00:00,110.6,110.1,3835.0,58.3,27.6,71.0,1.0,1.5,162.17763,Lahore,4,6,11,166.17325,180.9386,163.2045873006185,1.144658216605268,-0.02404491
2025-11-30 05:00:00+00:00,82.4,82.0,2999.0,37.6,27.4,124.0,1.0,2.7,162.24342,Lahore,5,6,11,165.64255,180.5,163.062957127889,1.0349195071156059,-0.02052084
2025-11-30 06:00:00+00:00,55.6,54.9,2222.0,21.2,27.3,164.0,1.0,3.45,162.3421,Lahore,6,6,11,165.16666,180.13815,162.94526735941568,0.9416914186472741,-0.01710124
2025-11-30 07:00:00+00:00,40.0,39.0,1623.0,12.7,27.6,179.0,1.0,3.55,162.47589,Lahore,7,6,11,164.8114,179.62938,162.8479544321696,0.8573616082771179,-0.014170805
2025-11-30 08:00:00+00:00,32.9,31.9,1082.0,8.4,27.9,180.0,2.0,2.95,162.5329,Lahore,8,6,11,164.57895,179.28728,162.76270230611166,0.7755803888631475,-0.012432033
2025-11-30 09:00:00+00:00,29.7,28.7,830.0,10.5,27.8,171.0,2.0,1.9,162.55263,Lahore,9,6,11,164.38377,179.0592,162.6864045461019,0.6950639586252246,-0.011139459
2025-11-30 10:00:00+00:00,29.2,28.3,998.0,22.1,26.9,149.0,2.0,0.85,162.5329,Lahore,10,6,11,164.193,178.89473,162.61723391215006,0.616813164031635,-0.010110633
2025-11-30 11:00:00+00:00,31.5,31.0,1455.0,40.0,25.6,117.0,1.0,0.2,162.5329,Lahore,11,6,11,163.97807,178.76974,162.5570182800293,0.5444882756227724,-0.008813222
2025-11-30 12:00:00+00:00,45.4,44.6,2040.0,59.4,24.9,90.0,1.0,0.0,162.5636,Lahore,12,6,11,163.75,178.60527,162.50758488972983,0.481706304519048,-0.0072451993
2025-11-30 13:00:00+00:00,61.5,60.8,2889.0,71.5,25.6,70.0,1.0,0.0,162.32895,Lahore,13,6,11,163.67105,178.16666,162.45166397094727,0.41389706393438075,-0.008199996
2025-11-30 14:00:00+00:00,75.7,75.0,3866.0,87.7,26.4,44.0,1.0,0.0,162.11623,Lahore,14,6,11,163.55264,177.67545,162.39181327819824,0.346067439315293,-0.008782595
2025-11-30 15:00:00+00:00,85.2,84.5,4407.0,97.2,26.5,25.0,1.0,0.0,161.97807,Lahore,15,6,11,163.39035,177.13377,162.33296839396158,0.2832682574151392,-0.008643578
2025-11-30 16:00:00+00:00,87.8,87.3,4147.0,94.3,25.2,22.0,1.0,0.0,161.94298,Lahore,16,6,11,163.14474,176.51096,162.28289477030435,0.23576660645655959,-0.0073662624
2025-11-30 17:00:00+00:00,88.0,87.5,3450.0,84.6,23.2,28.0,1.0,0.0,161.94737,Lahore,17,6,11,162.83992,175.77412,162.24570528666177,0.21341735279534738,-0.005481135
2025-11-30 18:00:00+00:00,86.8,86.4,2842.0,73.9,21.4,34.0,1.0,0.0,161.9101,Lahore,18,6,11,162.53508,174.92984,162.21966425577799,0.21469912243173217,-0.0038452297
2025-11-30 19:00:00+00:00,85.9,85.4,2497.0,62.6,20.0,39.0,1.0,0.0,161.79387,Lahore,19,6,11,162.29387,174.01535,162.19883092244467,0.23083779111285854,-0.0030808311
2025-11-30 20:00:00+00:00,86.4,85.9,2242.0,50.3,18.7,45.0,1.0,0.0,161.6294,Lahore,20,6,11,162.14035,173.07018,162.17754109700522,0.2583845835037372,-0.003151318
2025-11-30 21:00:00+00:00,88.2,88.0,2075.0,41.4,17.8,47.0,1.0,0.0,161.4408,Lahore,21,6,11,162.07236,172.11623,162.15122604370117,0.2985945266421847,-0.003896786
2025-11-30 22:00:00+00:00,91.0,90.6,1911.0,37.7,17.1,44.0,1.0,0.0,161.28728,Lahore,22,6,11,162.068,171.17105,162.11869621276855,0.3467070683145381,-0.0048172125
2025-11-30 23:00:00+00:00,94.1,93.4,1837.0,37.4,16.7,38.0,1.0,0.0,161.19519,Lahore,23,6,11,162.10526,170.26097,162.08077685038248,0.39468790056411684,-0.0056140358
2025-12-01 00:00:00+00:00,102.2,101.0,2111.0,38.7,18.2,35.0,1.0,0.0,161.1864,Lahore,0,0,12,162.14473,169.4079,162.04084650675455,0.4344140264324537,-0.0059103263
2025-12-01 01:00:00+00:00,111.8,109.9,3183.0,49.3,21.1,24.0,1.0,0.0,161.10307,Lahore,1,0,12,162.07893,168.56578,162.00018564860025,0.4745133216730787,-0.006020897
2025-12-01 02:00:00+00:00,129.5,125.7,4605.0,63.2,25.0,10.0,1.0,0.05,161.14914,Lahore,2,0,12,162.08334,167.6886,161.9612604777018,0.5047490531314038,-0.005763727
2025-12-01 03:00:00+00:00,147.6,142.0,5284.0,69.0,27.7,15.0,1.0,0.5,161.27193,Lahore,3,0,12,162.10745,166.8772,161.92644691467285,0.5227214764913117,-0.0051541463
2025-12-01 04:00:00+00:00,122.5,119.7,4509.0,59.1,28.1,55.0,1.0,1.35,161.44518,Lahore,4,0,12,162.17763,166.17325,161.8959280649821,0.5287657998136367,-0.004516359
2025-12-01 05:00:00+00:00,99.4,99.0,2993.0,41.0,27.2,114.0,1.0,2.45,161.6557,Lahore,5,0,12,162.24342,165.64255,161.8714396158854,0.5255725225573988,-0.0036224753
2025-12-01 06:00:00+00:00,78.2,77.8,1783.0,25.9,26.6,159.0,1.0,3.3,162.0285,Lahore,6,0,12,162.3421,165.16666,161.8583730061849,0.5171938160847215,-0.0019317147
2025-12-01 07:00:00+00:00,58.1,57.7,1225.0,14.8,26.7,181.0,1.0,3.45,162.5307,Lahore,7,0,12,162.47589,164.8114,161.86065673828125,0.5201516468240841,0.0003373397
2025-12-01 08:00:00+00:00,42.5,42.0,973.0,6.7,27.0,189.0,1.0,2.85,162.9408,Lahore,8,0,12,162.5329,164.57895,161.87765248616537,0.5489392042789091,0.002509633
2025-12-01 09:00:00+00:00,36.0,35.5,1037.0,9.2,27.3,183.0,1.0,1.85,163.16228,Lahore,9,0,12,162.55263,164.38377,161.90305455525717,0.5938039034839757,0.0037504756
2025-12-01 10:00:00+00:00,33.5,33.2,1465.0,30.4,27.4,155.0,1.0,0.8,163.3114,Lahore,10,0,12,162.5329,164.193,161.93549219767252,0.6484548849413957,0.0047898204
2025-12-01 11:00:00+00:00,39.7,39.3,2209.0,62.3,27.5,111.0,1.0,0.2,163.41887,Lahore,11,0,12,162.5329,163.97807,161.97240765889487,0.7065581947660885,0.005451026
2025-12-01 12:00:00+00:00,72.6,71.9,3139.0,74.4,26.4,87.0,1.0,0.0,163.60088,Lahore,12,0,12,162.5636,163.75,162.0156275431315,0.7729034473302074,0.006380747
2025-12-01 13:00:00+00:00,91.7,91.3,4453.0,80.9,27.2,70.0,1.0,0.0,164.19955,Lahore,13,0,12,162.32895,163.67105,162.09356943766275,0.8911473270707501,0.0115235485
2025-12-01 14:00:00+00:00,104.8,104.1,5953.0,89.6,28.2,47.0,1.0,0.0,164.86842,Lahore,14,0,12,162.11623,163.55264,162.20824432373047,1.0560178577595436,0.016976692
2025-12-01 15:00:00+00:00,113.2,112.5,6913.0,94.7,28.9,29.0,1.0,0.0,165.50658,Lahore,15,0,12,161.97807,163.39035,162.35526529947916,1.2503260107685372,0.021783834
2025-12-01 16:00:00+00:00,119.7,119.0,6955.0,92.5,28.8,22.0,1.0,0.0,166.1206,Lahore,16,0,12,161.94298,163.14474,162.52933311462402,1.4631244598630357,0.025796905
2025-12-01 17:00:00+00:00,128.1,127.6,6457.0,86.6,28.4,21.0,1.0,0.0,166.8158,Lahore,17,0,12,161.94737,162.83992,162.73218409220377,1.6976247314585997,0.030061763
2025-12-01 18:00:00+00:00,135.5,135.0,5822.0,82.3,27.9,19.0,1.0,0.0,167.69518,Lahore,18,0,12,161.9101,162.53508,162.9732290903727,1.9654114460411927,0.035730198
2025-12-01 19:00:00+00:00,141.1,140.6,5126.0,81.8,27.4,15.0,1.0,0.0,168.76097,Lahore,19,0,12,161.79387,162.29387,163.26352500915527,2.2739537990627254,0.043061595
2025-12-01 20:00:00+00:00,148.1,147.6,4294.0,82.8,26.9,12.0,1.0,0.0,169.9715,Lahore,20,0,12,161.6294,162.14035,163.6111125946045,2.6239433015194185,0.05161253
2025-12-01 21:00:00+00:00,154.6,154.1,3507.0,83.4,26.9,9.0,1.0,0.0,171.32457,Lahore,21,0,12,161.4408,162.07236,164.02293650309244,3.0149884704541052,0.06122228
2025-12-01 22:00:00+00:00,160.7,160.2,2687.0,82.4,27.3,7.0,1.0,0.0,172.77412,Lahore,22,0,12,161.28728,162.068,164.5015551249186,3.443173527148568,0.071219794
2025-12-01 23:00:00+00:00,165.3,164.8,1913.0,81.0,28.1,6.0,1.0,0.0,174.30045,Lahore,23,0,12,161.19519,162.10526,165.047607421875,3.9043190248862905,0.081300534
2025-12-02 00:00:00+00:00,163.0,162.5,1596.0,92.5,28.6,0.0,1.0,0.0,175.86623,Lahore,0,1,12,161.1864,162.14473,165.65926678975424,4.392482756986982,0.091073595
2025-12-02 01:00:00+00:00,170.0,169.5,2194.0,89.7,29.3,0.0,1.0,0.0,177.2149,Lahore,1,1,12,161.10307,162.07893,166.33059310913086,4.871020702763508,0.100009464
2025-12-02 02:00:00+00:00,185.3,184.9,3250.0,85.3,30.4,0.0,1.0,0.05,178.52193,Lahore,2,1,12,161.14914,162.08334,167.05445925394693,5.336188860303949,0.10780565
2025-12-02 03:00:00+00:00,190.5,190.0,3809.0,78.0,31.9,11.0,1.0,0.4,179.82018,Lahore,3,1,12,161.27193,162.10745,167.82730293273926,5.786468065521687,0.11501226
2025-12-02 04:00:00+00:00,158.8,158.3,3313.0,66.1,34.3,55.0,1.0,1.15,180.8728,Lahore,4,1,12,161.44518,162.17763,168.63678741455078,6.199021797870573,0.12033576
2025-12-02 05:00:00+00:00,133.6,133.2,2319.0,51.3,37.1,113.0,1.0,2.1,181.71928,Lahore,5,1,12,161.6557,162.24342,169.4727700551351,6.559044130461996,0.12411306
2025-12-02 06:00:00+00:00,108.0,107.3,1546.0,38.0,39.5,161.0,1.0,2.85,182.4693,Lahore,6,1,12,162.0285,162.3421,170.32446988423666,6.870123163643279,0.12615556
2025-12-02 07:00:00+00:00,88.9,88.5,1239.0,24.7,41.2,190.0,1.0,3.0,183.11623,Lahore,7,1,12,162.5307,162.47589,171.18220011393228,7.134719110863152,0.12665623
2025-12-02 08:00:00+00:00,74.7,74.0,1152.0,13.0,42.5,207.0,1.0,2.5,183.79166,Lahore,8,1,12,162.9408,162.5329,172.05098597208658,7.35367314351005,0.12796587
2025-12-02 09:00:00+00:00,63.3,62.9,1268.0,11.2,42.6,208.0,1.0,1.6,184.49342,Lahore,9,1,12,163.16228,162.55263,172.93978373209634,7.51984543255319,0.13073577
2025-12-02 10:00:00+00:00,57.5,57.0,1656.0,27.0,40.8,183.0,1.0,0.75,185.0943,Lahore,10,1,12,163.3114,162.5329,173.84740447998047,7.621085237609379,0.13338259
2025-12-02 11:00:00+00:00,61.2,60.8,2248.0,52.9,38.0,141.0,1.0,0.2,185.61623,Lahore,11,1,12,163.41887,162.5329,174.77229436238608,7.647342039601435,0.13583106
2025-12-02 12:00:00+00:00,108.5,107.8,2820.0,62.0,34.3,113.0,1.0,0.0,186.08772,Lahore,12,1,12,163.60088,162.5636,175.70924631754556,7.596485342326091,0.13744943
2025-12-02 13:00:00+00:00,124.3,123.9,3363.0,68.4,33.8,95.0,1.0,0.0,186.875,Lahore,13,1,12,164.19955,162.32895,176.65405654907227,7.512391546158382,0.13809687
2025-12-02 14:00:00+00:00,134.1,133.6,3886.0,77.0,33.0,71.0,1.0,0.0,187.5899,Lahore,14,1,12,164.86842,162.11623,177.60078493754068,7.393325935878216,0.13781585
2025-12-02 15:00:00+00:00,139.7,139.2,4194.0,81.9,32.3,52.0,1.0,0.0,188.23685,Lahore,15,1,12,165.50658,161.97807,178.54787953694662,7.2307838125442725,0.13733757
2025-12-02 16:00:00+00:00,145.8,145.3,4171.0,80.0,31.7,46.0,1.0,0.0,188.82236,Lahore,16,1,12,166.1206,161.94298,179.4937858581543,7.016103880072437,0.13665825
2025-12-02 17:00:00+00:00,151.3,151.3,3932.0,74.3,31.2,45.0,1.0,0.0,189.39912,Lahore,17,1,12,166.8158,161.94737,180.43475786844888,6.751249261129334,0.13537884
2025-12-02 18:00:00+00:00,156.5,156.0,3628.0,68.1,30.4,46.0,1.0,0.0,189.91887,Lahore,18,1,12,167.69518,161.9101,181.36074511210123,6.445078916323763,0.13252434
2025-12-02 19:00:00+00:00,159.7,159.3,3267.0,62.0,29.2,46.0,1.0,0.0,190.3794,Lahore,19,1,12,168.76097,161.79387,182.26151275634766,6.109531137309667,0.12810084
2025-12-02 20:00:00+00:00,162.5,162.1,2841.0,55.3,27.7,46.0,1.0,0.0,190.78949,Lahore,20,1,12,169.9715,161.6294,183.1289291381836,5.756397394557646,0.12247932
2025-12-02 21:00:00+00:00,164.4,163.9,2479.0,49.1,26.5,47.0,1.0,0.0,191.10747,Lahore,21,1,12,171.32457,161.4408,183.95321655273438,5.397817326523756,0.11547029
2025-12-02 22:00:00+00:00,164.4,163.9,2102.0,42.0,25.3,49.0,1.0,0.0,191.32237,Lahore,22,1,12,172.77412,161.28728,184.7260602315267,5.043874409824279,0.107355475
2025-12-02 23:00:00+00:00,162.5,162.1,1788.0,35.3,24.3,51.0,1.0,0.0,191.4035,Lahore,23,1,12,174.30045,161.19519,185.43868764241537,4.7035698133337505,0.098124005
2025-12-03 00:00:00+00:00,177.4,177.4,1909.0,53.1,25.6,29.0,1.0,0.0,191.34431,Lahore,0,2,12,175.86623,161.1864,186.08360799153647,4.384282023990324,0.08801058
2025-12-03 01:00:00+00:00,181.6,181.1,2968.0,62.2,29.6,25.0,1.0,0.0,191.67107,Lahore,1,2,12,177.2149,161.10307,186.68594805399576,4.096459936729402,0.08157419
2025-12-03 02:00:00+00:00,199.3,199.3,4461.0,74.0,35.1,21.0,1.0,0.05,191.92545,Lahore,2,2,12,178.52193,161.14914,187.2444279988607,3.8407320876054554,0.075080514
2025-12-03 03:00:00+00:00,224.4,224.0,5243.0,77.1,38.7,33.0,1.0,0.45,192.24124,Lahore,3,2,12,179.82018,161.27193,187.76197242736816,3.6277810279345153,0.06907493
2025-12-03 04:00:00+00:00,192.8,192.8,4626.0,63.6,38.6,76.0,1.0,1.3,192.98685,Lahore,4,2,12,180.8728,161.44518,188.26672426859537,3.4667511267964426,0.06697549
2025-12-03 05:00:00+00:00,150.9,150.9,3299.0,41.5,36.6,136.0,0.0,2.35,193.74342,Lahore,5,2,12,181.71928,161.6557,188.76773007710776,3.3461428455316815,0.066168755
2025-12-03 06:00:00+00:00,109.4,109.2,2179.0,23.6,34.9,181.0,0.0,3.15,194.13159,Lahore,6,2,12,182.4693,162.0285,189.2536589304606,3.236726693080499,0.063913725
2025-12-03 07:00:00+00:00,71.0,70.8,1532.0,12.8,34.3,202.0,0.0,3.3,194.17325,Lahore,7,2,12,183.11623,162.5307,189.71436818440756,3.1095742703223057,0.060382538
2025-12-03 08:00:00+00:00,52.2,52.0,1092.0,6.3,33.9,209.0,0.0,2.8,193.78508,Lahore,8,2,12,183.79166,162.9408,190.13076082865396,2.946836120776339,0.05437365
2025-12-03 09:00:00+00:00,45.5,45.4,987.0,8.6,33.5,202.0,0.0,1.85,193.30263,Lahore,9,2,12,184.49342,163.16228,190.4978109995524,2.7566215771298457,0.047748066
2025-12-03 10:00:00+00:00,43.0,42.7,1409.0,25.6,32.9,176.0,0.0,0.85,192.91885,Lahore,10,2,12,185.0943,163.3114,190.82383410135904,2.544291666827769,0.042273343
2025-12-03 11:00:00+00:00,46.3,46.2,2166.0,51.4,32.2,136.0,0.0,0.2,192.60526,Lahore,11,2,12,185.61623,163.41887,191.11504364013672,2.311668613055986,0.037653115
2025-12-03 12:00:00+00:00,82.7,82.4,2804.0,69.2,32.2,102.0,0.0,0.0,192.28508,Lahore,12,2,12,186.08772,163.60088,191.37326685587564,2.0578840895118775,0.033303417
2025-12-03 13:00:00+00:00,100.1,99.9,3199.0,76.9,32.4,84.0,0.0,0.0,191.72806,Lahore,13,2,12,186.875,164.19955,191.57547760009766,1.821520277655191,0.02596954
2025-12-03 14:00:00+00:00,107.6,107.3,3476.0,87.5,32.6,58.0,0.0,0.0,191.20175,Lahore,14,2,12,187.5899,164.86842,191.72597122192383,1.6154667014094988,0.01925395
2025-12-03 15:00:00+00:00,115.7,115.5,3553.0,94.4,32.4,38.0,0.0,0.0,190.62498,Lahore,15,2,12,188.23685,165.50658,191.8254769643148,1.4569831948845176,0.0126868775
2025-12-03 16:00:00+00:00,123.9,123.9,3343.0,95.6,31.9,28.0,0.0,0.0,190.10526,Lahore,16,2,12,188.82236,166.1206,191.87893104553223,1.3624826968196697,0.006794206
2025-12-03 17:00:00+00:00,133.2,132.7,2934.0,93.2,31.0,23.0,0.0,0.0,189.63594,Lahore,17,2,12,189.39912,166.8158,191.88879839579263,1.3444812580287766,0.0012503564
2025-12-03 18:00:00+00:00,134.6,134.6,2509.0,87.1,29.5,23.0,0.0,0.0,189.22806,Lahore,18,2,12,189.91887,167.69518,191.86001459757486,1.3949368209920487,-0.0036374014
2025-12-03 19:00:00+00:00,123.4,123.4,2075.0,74.5,26.9,30.0,0.0,0.0,188.75876,Lahore,19,2,12,190.3794,168.76097,191.79248809814453,1.5046397567289105,-0.008512665
2025-12-03 20:00:00+00:00,118.3,118.0,1624.0,58.1,23.8,42.0,0.0,0.0,187.97148,Lahore,20,2,12,190.78949,169.9715,191.67507108052573,1.6854085207033933,-0.01477025
2025-12-03 21:00:00+00:00,117.8,117.6,1319.0,45.9,21.4,49.0,0.0,0.0,187.00438,Lahore,21,2,12,191.10747,171.32457,191.50410906473795,1.935094193090965,-0.021470059
2025-12-03 22:00:00+00:00,116.9,116.6,1157.0,40.5,19.9,48.0,0.0,0.0,185.98903,Lahore,22,2,12,191.32237,172.77412,191.2818864186605,2.2392103645860724,-0.027876215
2025-12-03 23:00:00+00:00,118.7,118.5,1140.0,39.2,19.1,43.0,0.0,0.0,184.95175,Lahore,23,2,12,191.4035,174.30045,191.01306343078613,2.5846106921100374,-0.033707596
2025-12-04 00:00:00+00:00,134.1,133.6,1441.0,53.8,20.8,28.0,0.0,0.0,183.99562,Lahore,0,3,12,191.34431,175.86623,190.70686785380045,2.952740238759892,-0.038405605
2025-12-04 01:00:00+00:00,137.8,137.8,2424.0,62.6,23.9,19.0,0.0,0.0,183.0351,Lahore,1,3,12,191.67107,177.2149,190.34703572591147,3.331982306369384,-0.045056205
2025-12-04 02:00:00+00:00,153.7,153.2,3724.0,73.9,28.0,8.0,0.0,0.05,182.08554,Lahore,2,3,12,191.92545,178.52193,189.93703969319662,3.712932975384997,-0.051269412
2025-12-04 03:00:00+00:00,167.6,167.6,4418.0,76.9,30.3,15.0,0.0,0.4,181.07457,Lahore,3,3,12,192.24124,179.82018,189.4717617034912,4.09195106770333,-0.058086764
2025-12-04 04:00:00+00:00,128.5,128.1,3944.0,63.7,28.8,55.0,0.0,1.3,179.83772,Lahore,4,3,12,192.98685,180.8728,188.92388153076172,4.464196694515371,-0.06813482
2025-12-04 05:00:00+00:00,95.7,95.5,2863.0,42.1,25.5,111.0,0.0,2.4,178.41885,Lahore,5,3,12,193.74342,181.71928,188.2853577931722,4.826154835659677,-0.07909724
2025-12-04 06:00:00+00:00,67.8,67.8,1935.0,24.6,23.5,157.0,0.0,3.2,177.20395,Lahore,6,3,12,194.13159,182.4693,187.58003934224448,5.160007212723857,-0.087196745
2025-12-04 07:00:00+00:00,49.1,48.8,1368.0,13.6,24.5,183.0,0.0,3.35,176.29607,Lahore,7,3,12,194.17325,183.11623,186.8351567586263,5.449099463793565,-0.0920682
2025-12-04 08:00:00+00:00,38.5,38.2,954.0,6.8,26.8,199.0,1.0,2.85,175.8136,Lahore,8,3,12,193.78508,183.79166,186.08634503682455,5.682344163485378,-0.09273924
2025-12-04 09:00:00+00:00,34.8,34.3,832.0,9.5,28.5,197.0,1.0,1.85,175.51099,Lahore,9,3,12,193.30263,184.49342,185.34502665201822,5.857815355471642,-0.092040345
2025-12-04 10:00:00+00:00,34.8,34.2,1164.0,28.5,28.8,170.0,1.0,0.8,175.26755,Lahore,10,3,12,192.91885,185.0943,184.60955556233725,5.972519381221277,-0.09149601
2025-12-04 11:00:00+00:00,40.0,39.7,1788.0,57.1,28.4,126.0,1.0,0.2,175.08113,Lahore,11,3,12,192.60526,185.61623,183.87938372294107,6.023492991985597,-0.090984665
2025-12-04 12:00:00+00:00,62.6,62.2,2352.0,70.9,27.1,93.0,1.0,0.0,174.9386,Lahore,12,3,12,192.28508,186.08772,183.156613667806,6.011731833114839,-0.09021231
2025-12-04 13:00:00+00:00,71.5,71.2,2760.0,79.3,27.5,75.0,1.0,0.0,174.49562,Lahore,13,3,12,191.72806,186.875,182.4385954538981,5.972440659731049,-0.08987958
2025-12-04 14:00:00+00:00,80.6,80.1,3110.0,90.9,28.0,49.0,1.0,0.0,173.86623,Lahore,14,3,12,191.20175,187.5899,181.71628189086914,5.91454365515135,-0.090666145
2025-12-04 15:00:00+00:00,95.7,95.2,3341.0,98.8,28.9,29.0,1.0,0.0,173.26973,Lahore,15,3,12,190.62498,188.23685,180.99314626057944,5.838444806515261,-0.09104397
2025-12-04 16:00:00+00:00,111.5,111.1,3426.0,99.6,30.5,20.0,1.0,0.0,172.82455,Lahore,16,3,12,190.10526,188.82236,180.2731170654297,5.730406403865186,-0.0909007
2025-12-04 17:00:00+00:00,127.1,126.7,3394.0,96.7,32.4,16.0,0.0,0.0,172.54385,Lahore,17,3,12,189.63594,189.39912,179.56094678243002,5.576232151045018,-0.09013105
2025-12-04 18:00:00+00:00,137.8,136.0,3269.0,94.2,33.3,13.0,0.0,0.0,172.41228,Lahore,18,3,12,189.22806,189.91887,178.86028925577799,5.361046019199254,-0.08886515
2025-12-04 19:00:00+00:00,139.7,137.4,3010.0,93.6,32.5,9.0,0.0,0.0,172.44298,Lahore,19,3,12,188.75876,190.3794,178.18046506245932,5.078295931017923,-0.08643721
2025-12-04 20:00:00+00:00,141.1,137.8,2660.0,93.4,30.8,6.0,0.0,0.0,172.75,Lahore,20,3,12,187.97148,190.78949,177.54623667399088,4.741679741604985,-0.08097761
2025-12-04 21:00:00+00:00,141.6,138.3,2367.0,92.9,29.4,3.0,0.0,0.0,173.1842,Lahore,21,3,12,187.00438,191.10747,176.97039604187012,4.3675371833279,-0.07390295
2025-12-04 22:00:00+00:00,141.6,137.8,2057.0,91.5,28.5,1.0,0.0,0.0,173.63815,Lahore,22,3,12,185.98903,191.32237,176.4557762145996,3.968056486816491,-0.06640647
2025-12-04 23:00:00+00:00,143.0,138.8,1805.0,89.8,27.9,0.0,0.0,0.0,174.10307,Lahore,23,3,12,184.95175,191.4035,176.00374794006348,3.5545168159687734,-0.058656804
2025-12-05 00:00:00+00:00,135.5,133.6,1988.0,71.3,23.0,10.0,1.0,0.0,174.54825,Lahore,0,4,12,183.99562,191.34431,175.610107421875,3.1285859097714264,-0.05134564
2025-12-05 01:00:00+00:00,141.1,138.8,3119.0,79.9,27.7,5.0,1.0,0.0,174.54825,Lahore,1,4,12,183.0351,191.67107,175.25648880004883,2.7036299210994015,-0.04636732
2025-12-05 02:00:00+00:00,158.8,155.1,4684.0,90.8,34.0,1.0,1.0,0.05,174.57018,Lahore,2,4,12,182.08554,191.92545,174.94334856669107,2.2803780339455115,-0.041273817
2025-12-05 03:00:00+00:00,182.5,177.0,5520.0,92.4,37.8,14.0,1.0,0.45,174.61185,Lahore,3,4,12,181.07457,192.24124,174.67406845092773,1.86944062171339,-0.035690945
2025-12-05 04:00:00+00:00,153.2,150.4,4929.0,76.0,36.5,61.0,1.0,1.25,174.818,Lahore,4,4,12,179.83772,192.98685,174.46491305033365,1.5135342203006932,-0.027912552
2025-12-05 05:00:00+00:00,119.7,119.7,3609.0,50.3,32.6,125.0,0.0,2.3,175.30702,Lahore,5,4,12,178.41885,193.74342,174.3352533976237,1.2745006818435711,-0.01744116
2025-12-05 06:00:00+00:00,85.9,85.4,2486.0,29.5,30.1,174.0,0.0,3.1,175.83772,Lahore,6,4,12,177.20395,194.13159,174.27832730611166,1.1667554740556298,-0.0077099083
2025-12-05 07:00:00+00:00,59.6,59.4,1839.0,16.8,30.7,198.0,0.0,3.25,176.22368,Lahore,7,4,12,176.29607,194.17325,174.2753111521403,1.1613939231869987,-0.000410603
2025-12-05 08:00:00+00:00,46.1,45.8,1389.0,9.1,32.7,207.0,1.0,2.75,176.45615,Lahore,8,4,12,175.8136,193.78508,174.3020839691162,1.2049848443849045,0.0036547093
2025-12-05 09:00:00+00:00,40.7,40.3,1223.0,10.5,34.1,202.0,1.0,1.8,176.6228,Lahore,9,4,12,175.51099,193.30263,174.34840965270996,1.272937717460894,0.0063347397
2025-12-05 10:00:00+00:00,39.6,39.0,1476.0,27.3,34.2,176.0,1.0,0.8,176.75438,Lahore,10,4,12,175.26755,192.91885,174.41036097208658,1.3532615029965418,0.0084832115
2025-12-05 11:00:00+00:00,44.7,44.2,2012.0,53.3,33.8,136.0,1.0,0.2,176.85963,Lahore,11,4,12,175.08113,192.60526,174.4844652811686,1.4376535403172488,0.010158167
2025-12-05 12:00:00+00:00,87.1,86.4,2511.0,85.7,32.1,86.0,1.0,0.0,176.95833,Lahore,12,4,12,174.9386,192.28508,174.5686206817627,1.5220307781824665,0.011545363
2025-12-05 13:00:00+00:00,100.8,100.1,2933.0,90.2,32.7,70.0,1.0,0.0,177.48903,Lahore,13,4,12,174.49562,191.72806,174.69334602355957,1.6342979924853718,0.017154632
2025-12-05 14:00:00+00:00,112.0,111.3,3318.0,95.9,33.4,49.0,1.0,0.0,178.1228,Lahore,14,4,12,173.86623,191.20175,174.87070337931314,1.7662721651631514,0.024481906
2025-12-05 15:00:00+00:00,120.1,119.7,3466.0,95.6,33.1,36.0,1.0,0.0,178.80702,Lahore,15,4,12,173.26973,190.62498,175.10142389933267,1.9043134143902718,0.031957645
2025-12-05 16:00:00+00:00,120.1,119.7,3225.0,84.8,30.8,37.0,1.0,0.0,179.3443,Lahore,16,4,12,172.82455,190.10526,175.37307993570963,2.0264999767222798,0.037724644
2025-12-05 17:00:00+00:00,117.8,117.3,2747.0,68.0,27.5,46.0,1.0,0.0,179.53288,Lahore,17,4,12,172.54385,189.63594,175.6642894744873,2.102982518608712,0.04050581
2025-12-05 18:00:00+00:00,112.2,111.8,2288.0,52.3,24.7,56.0,1.0,0.0,179.32675,Lahore,18,4,12,172.41228,189.22806,175.952392578125,2.111709386493254,0.040104304
2025-12-05 19:00:00+00:00,105.2,105.0,1907.0,39.3,22.9,66.0,1.0,0.0,178.79605,Lahore,19,4,12,172.44298,188.75876,176.21710395812988,2.0499517653377772,0.036841586
2025-12-05 20:00:00+00:00,101.5,101.3,1545.0,27.4,21.5,77.0,0.0,0.0,178.08553,Lahore,20,4,12,172.75,187.97148,176.43941752115884,1.9441884535443266,0.030885821
2025-12-05 21:00:00+00:00,98.3,98.3,1284.0,18.6,20.6,85.0,0.0,0.0,177.2851,Lahore,21,4,12,173.1842,187.00438,176.61028798421225,1.8220272545759344,0.02367936
2025-12-05 22:00:00+00:00,95.0,94.8,1117.0,13.5,20.1,88.0,0.0,0.0,176.4079,Lahore,22,4,12,173.63815,185.98903,176.7256940205892,1.709853118719752,0.015951246
2025-12-05 23:00:00+00:00,91.7,91.5,1050.0,11.6,20.0,87.0,0.0,0.0,175.46492,Lahore,23,4,12,174.10307,184.95175,176.78243764241537,1.640213153174313,0.007822073
2025-12-06 00:00:00+00:00,101.3,101.0,1187.0,15.0,21.9,83.0,0.0,0.0,174.42763,Lahore,0,5,12,174.54825,183.99562,176.7774117787679,1.6475252000064229,-0.0006910452
2025-12-06 01:00:00+00:00,100.4,100.1,1724.0,24.1,22.8,72.0,0.0,0.0,173.71274,Lahore,1,5,12,174.54825,183.0351,176.74259885152182,1.7045179387005318,-0.004786701
2025-12-06 02:00:00+00:00,105.9,105.7,2464.0,36.2,24.0,58.0,0.0,0.05,172.86404,Lahore,2,5,12,174.57018,182.08554,176.67151006062826,1.8300183784660335,-0.009773324
2025-12-06 03:00:00+00:00,109.0,108.7,2919.0,43.0,25.2,57.0,0.0,0.45,171.7807,Lahore,3,5,12,174.61185,181.07457,176.5535456339518,2.0469497635067713,-0.01621394
2025-12-06 04:00:00+00:00,106.2,106.2,2832.0,39.3,26.3,82.0,0.0,1.3,170.2829,Lahore,4,5,12,174.818,179.83772,176.36458333333334,2.3940323875834064,-0.02594181
2025-12-06 05:00:00+00:00,96.6,96.4,2461.0,30.2,27.3,119.0,1.0,2.4,169.3136,Lahore,5,5,12,175.30702,178.41885,176.11485735575357,2.789134434963368,-0.034188155
2025-12-06 06:00:00+00:00,79.6,79.4,2088.0,22.2,28.0,149.0,1.0,3.2,168.80263,Lahore,6,5,12,175.83772,177.20395,175.82172838846842,3.1640160320929116,-0.04000902
2025-12-06 07:00:00+00:00,62.9,62.2,1747.0,16.0,28.6,165.0,1.0,3.3,168.67105,Lahore,7,5,12,176.22368,176.29607,175.50703557332358,3.4819210498403343,-0.042858187
2025-12-06 08:00:00+00:00,51.7,50.8,1405.0,11.0,28.9,173.0,2.0,2.75,168.73245,Lahore,8,5,12,176.45615,175.8136,175.1852149963379,3.7379099550805357,-0.04377118
2025-12-06 09:00:00+00:00,47.6,46.6,1243.0,11.5,28.5,169.0,2.0,1.7,168.8421,Lahore,9,5,12,176.6228,175.51099,174.86101913452148,3.939770913195217,-0.044052638
2025-12-06 10:00:00+00:00,45.4,44.5,1370.0,21.9,27.0,147.0,2.0,0.75,168.98027,Lahore,10,5,12,176.75438,175.26755,174.5370979309082,4.093905736055504,-0.043982554
2025-12-06 11:00:00+00:00,47.8,47.1,1676.0,37.9,24.9,114.0,1.0,0.15,169.10088,Lahore,11,5,12,176.85963,175.08113,174.21381632486978,4.207299799854072,-0.043869585
2025-12-06 12:00:00+00:00,64.5,63.8,2015.0,56.7,23.6,71.0,1.0,0.0,169.16447,Lahore,12,5,12,176.95833,174.9386,173.8890724182129,4.28629792487556,-0.04404344
2025-12-06 13:00:00+00:00,74.3,73.6,2373.0,60.7,22.9,61.0,1.0,0.0,168.66885,Lahore,13,5,12,177.48903,174.49562,173.52156511942545,4.341976933613884,-0.0496942
2025-12-06 14:00:00+00:00,81.0,80.6,2763.0,66.2,21.9,46.0,1.0,0.0,168.08772,Lahore,14,5,12,178.1228,173.86623,173.1034367879232,4.362751767630022,-0.056337986
2025-12-06 15:00:00+00:00,88.5,87.8,3075.0,70.0,21.4,34.0,1.0,0.0,167.41447,Lahore,15,5,12,178.80702,173.26973,172.6287473042806,4.334885550075335,-0.063714206
2025-12-06 16:00:00+00:00,97.1,96.4,3317.0,71.3,21.8,27.0,1.0,0.0,166.7149,Lahore,16,5,12,179.3443,172.82455,172.10252253214517,4.24994806666901,-0.070419826
2025-12-06 17:00:00+00:00,107.3,106.6,3482.0,70.9,22.6,23.0,1.0,0.0,166.20395,Lahore,17,5,12,179.53288,172.54385,171.547150293986,4.105180953897791,-0.0742423
2025-12-06 18:00:00+00:00,112.2,111.5,3437.0,67.6,22.8,21.0,1.0,0.0,165.9693,Lahore,18,5,12,179.32675,172.41228,170.99058977762857,3.905201314349071,-0.074486665
2025-12-06 19:00:00+00:00,109.7,109.2,3022.0,59.1,21.7,23.0,1.0,0.0,165.96272,Lahore,19,5,12,178.79605,172.44298,170.45586776733398,3.660931790524254,-0.07177635
2025-12-06 20:00:00+00:00,107.6,107.1,2397.0,47.7,19.9,29.0,1.0,0.0,166.05484,Lahore,20,5,12,178.08553,172.75,169.95458920796713,3.3839926179895192,-0.06755566
2025-12-06 21:00:00+00:00,106.4,105.9,1910.0,38.9,18.5,32.0,1.0,0.0,166.18202,Lahore,21,5,12,177.2851,173.1842,169.49196116129556,3.0839111965265222,-0.06262835
2025-12-06 22:00:00+00:00,106.2,105.7,1572.0,34.1,17.4,32.0,1.0,0.0,166.34868,Lahore,22,5,12,176.4079,173.63815,169.07282702128092,2.770775841632322,-0.0570225
2025-12-06 23:00:00+00:00,105.7,105.5,1372.0,31.8,16.6,30.0,1.0,0.0,166.58772,Lahore,23,5,12,175.46492,174.10307,168.70294380187988,2.45488807120485,-0.050592434
2025-12-07 00:00:00+00:00,125.3,125.3,1623.0,40.0,19.8,22.0,0.0,0.0,166.89473,Lahore,0,6,12,174.42763,174.54825,168.38907305399576,2.1542900902141846,-0.04318638
2025-12-07 01:00:00+00:00,129.0,128.5,2815.0,46.4,21.7,15.0,0.0,0.0,167.42764,Lahore,1,6,12,173.71274,174.54825,168.1271940867106,1.8377587747768234,-0.03618097
2025-12-07 02:00:00+00:00,142.0,141.6,4458.0,54.9,24.3,9.0,1.0,0.05,168.05043,Lahore,2,6,12,172.86404,174.57018,167.9266268412272,1.5362561597508186,-0.027846241
2025-12-07 03:00:00+00:00,158.3,157.4,5397.0,58.3,26.0,18.0,1.0,0.4,168.8377,Lahore,3,6,12,171.7807,174.61185,167.80400212605795,1.3170653784248163,-0.01713227
2025-12-07 04:00:00+00:00,145.8,145.3,4976.0,52.5,26.0,59.0,1.0,1.15,169.9057,Lahore,4,6,12,170.2829,174.818,167.78828557332358,1.2881313047098373,-0.0022151212
2025-12-07 05:00:00+00:00,128.1,127.6,3851.0,41.6,25.1,116.0,1.0,2.15,170.76315,Lahore,5,6,12,169.3136,175.30702,167.84868367513022,1.3925141218735966,0.008561359
2025-12-07 06:00:00+00:00,103.6,102.9,2840.0,31.6,24.5,162.0,1.0,2.9,171.44737,Lahore,6,6,12,168.80263,175.83772,167.95888137817383,1.5652240481424204,0.015667675
2025-12-07 07:00:00+00:00,81.0,80.1,2144.0,21.5,24.8,189.0,1.0,3.05,171.9627,Lahore,7,6,12,168.67105,176.22368,168.09603373209634,1.762166220107705,0.019515242
2025-12-07 08:00:00+00:00,61.9,61.0,1563.0,12.3,25.5,205.0,2.0,2.55,172.35527,Lahore,8,6,12,168.73245,176.45615,168.24698448181152,1.9628006407863354,0.021470783
2025-12-07 09:00:00+00:00,51.0,49.9,1311.0,12.4,26.0,204.0,2.0,1.65,172.57895,Lahore,9,6,12,168.8421,176.6228,168.40268643697104,2.1512322378786197,0.0221322
2025-12-07 10:00:00+00:00,46.8,45.9,1537.0,28.9,25.8,176.0,2.0,0.75,172.65132,Lahore,10,6,12,168.98027,176.75438,168.5556468963623,2.318124931210829,0.02172473
2025-12-07 11:00:00+00:00,52.3,51.6,2093.0,54.6,25.4,131.0,1.0,0.2,172.68202,Lahore,11,6,12,169.10088,176.85963,168.70486132303873,2.465329261914002,0.021177573
2025-12-07 12:00:00+00:00,96.9,94.8,2751.0,88.0,28.8,83.0,4.0,0.0,172.7807,Lahore,12,6,12,169.16447,176.95833,168.85553741455078,2.6013947421647714,0.021376984
2025-12-07 13:00:00+00:00,111.3,109.4,3582.0,92.9,30.1,67.0,4.0,0.0,173.46053,Lahore,13,6,12,168.66885,177.48903,169.0551904042562,2.7651656834616847,0.028408753
2025-12-07 14:00:00+00:00,129.5,127.6,4515.0,99.4,31.9,45.0,3.0,0.0,174.2456,Lahore,14,6,12,168.08772,178.1228,169.31176884969076,2.950944461026681,0.036634933
2025-12-07 15:00:00+00:00,144.4,142.5,5110.0,102.4,32.8,28.0,3.0,0.0,175.27632,Lahore,15,6,12,167.41447,178.80702,169.63934580485025,3.160121663596914,0.046960376
2025-12-07 16:00:00+00:00,152.3,150.4,5142.0,99.0,32.3,22.0,3.0,0.0,176.47588,Lahore,16,6,12,166.7149,179.3443,170.04605293273926,3.38733200574203,0.05854888
2025-12-07 17:00:00+00:00,158.3,156.5,4836.0,92.1,31.0,22.0,3.0,0.0,177.66008,Lahore,17,6,12,166.20395,179.53288,170.5233917236328,3.6214674281924415,0.06892815
2025-12-07 18:00:00+00:00,158.8,157.4,4424.0,85.2,29.2,22.0,3.0,0.0,178.7544,Lahore,18,6,12,165.9693,179.32675,171.0561040242513,3.855230652037746,0.077032894
2025-12-07 19:00:00+00:00,153.2,151.8,3922.0,80.0,26.8,21.0,3.0,0.0,179.76096,Lahore,19,6,12,165.96272,178.79605,171.63103040059408,4.084666032526135,0.08314056
2025-12-07 20:00:00+00:00,149.9,148.1,3313.0,74.9,23.9,21.0,3.0,0.0,180.69518,Lahore,20,6,12,166.05484,178.08553,172.24104436238608,4.303069859413646,0.08816566
2025-12-07 21:00:00+00:00,147.1,145.3,2780.0,68.2,21.4,23.0,3.0,0.0,181.5943,Lahore,21,6,12,166.18202,177.2851,172.88322257995605,4.504836211011129,0.09274335
2025-12-07 22:00:00+00:00,143.0,141.6,2311.0,57.3,19.4,29.0,3.0,0.0,182.45833,Lahore,22,6,12,166.34868,176.4079,173.5544579823812,4.6854105189662905,0.09684267
2025-12-07 23:00:00+00:00,136.9,135.5,1916.0,44.9,17.9,37.0,2.0,0.0,183.24562,Lahore,23,6,12,166.58772,175.46492,174.24853706359863,4.839789733415642,0.09999475
2025-12-08 00:00:00+00:00,141.1,139.7,1815.0,60.0,19.9,24.0,2.0,0.0,183.90352,Lahore,0,0,12,166.89473,174.42763,174.95723660786948,4.959961659019904,0.10191328
2025-12-08 01:00:00+00:00,127.1,126.2,2291.0,60.6,20.6,24.0,2.0,0.0,184.2193,Lahore,1,0,12,167.42764,173.71274,175.656888961792,5.035399700054302,0.10029202
2025-12-08 02:00:00+00:00,125.7,124.8,3059.0,61.1,21.6,26.0,1.0,0.05,184.16887,Lahore,2,0,12,168.05043,172.86404,176.32849057515463,5.051651365104065,0.0959143
2025-12-08 03:00:00+00:00,132.7,131.8,3483.0,58.1,22.1,41.0,1.0,0.4,183.80045,Lahore,3,0,12,168.8377,171.7807,176.95193799336752,5.010124423062829,0.08862202
2025-12-08 04:00:00+00:00,119.0,118.5,3214.0,48.9,21.6,80.0,1.0,1.1,183.23904,Lahore,4,0,12,169.9057,170.2829,177.50749397277832,4.933478357896254,0.07847496
2025-12-08 05:00:00+00:00,103.8,103.1,2600.0,36.3,20.8,131.0,2.0,2.05,182.65132,Lahore,5,0,12,170.76315,169.3136,178.00283432006836,4.822438213521499,0.069617875
2025-12-08 06:00:00+00:00,82.2,81.0,2049.0,25.5,20.7,169.0,2.0,2.85,182.11404,Lahore,6,0,12,171.44737,168.80263,178.44727897644043,4.681476719155993,0.06221543
2025-12-08 07:00:00+00:00,60.8,59.3,1654.0,16.9,22.3,185.0,3.0,3.05,181.63379,Lahore,7,0,12,171.9627,168.67105,178.85024070739746,4.512206931569555,0.05623941
2025-12-08 08:00:00+00:00,44.5,42.3,1320.0,10.2,24.8,188.0,4.0,2.55,181.17764,Lahore,8,0,12,172.35527,168.73245,179.21783955891928,4.315136801679184,0.051187135
2025-12-08 09:00:00+00:00,40.9,38.4,1175.0,9.6,26.5,181.0,4.0,1.65,180.76755,Lahore,9,0,12,172.57895,168.8421,179.55903116861978,4.084978712584455,0.047448423
2025-12-08 10:00:00+00:00,39.3,37.1,1360.0,20.0,26.8,159.0,4.0,0.75,180.51537,Lahore,10,0,12,172.65132,168.98027,179.88669967651367,3.813155128138211,0.045548707
2025-12-08 11:00:00+00:00,42.4,40.7,1733.0,36.6,26.4,126.0,3.0,0.2,180.32237,Lahore,11,0,12,172.68202,169.10088,180.20504760742188,3.490818009854428,0.0442452
2025-12-08 12:00:00+00:00,54.4,52.0,1993.0,57.3,22.7,78.0,4.0,0.0,180.08333,Lahore,12,0,12,172.7807,169.16447,180.50932375590006,3.113403782949862,0.042265296
2025-12-08 13:00:00+00:00,63.8,62.2,1997.0,60.0,21.7,67.0,3.0,0.0,179.14474,Lahore,13,0,12,173.46053,168.66885,180.74616622924805,2.7487211725561913,0.032769527
2025-12-08 14:00:00+00:00,68.2,66.6,1889.0,63.3,20.1,53.0,3.0,0.0,178.10966,Lahore,14,0,12,174.2456,168.08772,180.90716870625815,2.44813586374067,0.022175936
2025-12-08 15:00:00+00:00,68.9,67.5,1798.0,63.6,18.5,43.0,2.0,0.0,176.77193,Lahore,15,0,12,175.27632,167.41447,180.9694856007894,2.313928280257091,0.008532844
2025-12-08 16:00:00+00:00,67.8,66.6,1772.0,58.3,16.7,42.0,2.0,0.0,175.1272,Lahore,16,0,12,176.47588,166.7149,180.91329065958658,2.4407063260205977,-0.007642283
2025-12-08 17:00:00+00:00,68.2,67.3,1762.0,49.8,14.7,46.0,2.0,0.0,173.28947,Lahore,17,0,12,177.66008,166.20395,180.73118209838867,2.826546194646839,-0.024600944
2025-12-08 18:00:00+00:00,68.0,66.6,1753.0,42.1,13.1,49.0,2.0,0.0,171.33334,Lahore,18,0,12,178.7544,165.9693,180.4219716389974,3.3999512305312085,-0.04151535
2025-12-08 19:00:00+00:00,65.4,63.3,1742.0,36.2,12.0,50.0,2.0,0.0,169.34212,Lahore,19,0,12,179.76096,165.96272,179.98785336812338,4.084305030506605,-0.057959408
2025-12-08 20:00:00+00:00,63.6,61.0,1731.0,31.1,11.2,51.0,2.0,0.0,167.4013,Lahore,20,0,12,180.69518,166.05484,179.43394215901694,4.819493199098955,-0.07357069
2025-12-08 21:00:00+00:00,62.2,59.1,1708.0,27.0,10.7,51.0,2.0,0.0,165.49123,Lahore,21,0,12,181.5943,166.18202,178.76298077901205,5.568390928377889,-0.088676095
2025-12-08 22:00:00+00:00,60.3,57.3,1613.0,23.6,10.5,51.0,2.0,0.0,163.60088,Lahore,22,0,12,182.45833,166.34868,177.97725359598795,6.305889252545883,-0.10335211
2025-12-08 23:00:00+00:00,58.8,55.8,1505.0,21.2,10.5,51.0,2.0,0.0,161.75218,Lahore,23,0,12,183.24562,166.58772,177.081693649292,7.011872218226325,-0.11729305
2025-12-09 00:00:00+00:00,55.9,53.4,1557.0,20.0,11.2,54.0,1.0,0.0,160.0044,Lahore,0,1,12,183.90352,166.89473,176.08589680989584,7.6673340763498805,-0.12995468
2025-12-09 01:00:00+00:00,54.5,51.9,1953.0,26.9,12.4,46.0,1.0,0.0,158.11185,Lahore,1,1,12,184.2193,167.42764,174.99808629353842,8.289958682406615,-0.14171942
2025-12-09 02:00:00+00:00,59.8,56.9,2509.0,36.1,14.2,36.0,1.0,0.05,156.48245,Lahore,2,1,12,184.16887,168.05043,173.8444856007894,8.864744331764557,-0.15033169
2025-12-09 03:00:00+00:00,66.6,63.3,2837.0,41.0,15.6,39.0,1.0,0.4,154.99342,Lahore,3,1,12,183.80045,168.8377,172.64419301350912,9.392618442143625,-0.15672988
2025-12-09 04:00:00+00:00,66.4,63.6,2725.0,37.9,16.3,68.0,1.0,1.2,153.49124,Lahore,4,1,12,183.23904,169.9057,171.40470123291016,9.883675589339678,-0.16234423
2025-12-09 05:00:00+00:00,62.9,60.5,2385.0,30.6,16.7,110.0,2.0,2.3,152.28728,Lahore,5,1,12,182.65132,170.76315,170.13953272501627,10.315408052126815,-0.16624048
2025-12-09 06:00:00+00:00,54.9,53.6,2071.0,23.7,17.1,144.0,2.0,3.15,151.35307,Lahore,6,1,12,182.11404,171.44737,168.8578255971273,10.6678944976067,-0.16891049
2025-12-09 07:00:00+00:00,43.2,41.6,1825.0,16.4,17.8,164.0,3.0,3.35,150.75218,Lahore,7,1,12,181.63379,171.9627,167.57109196980795,10.919356694627222,-0.17002127
2025-12-09 08:00:00+00:00,34.9,32.8,1604.0,9.5,18.5,176.0,4.0,2.8,150.36403,Lahore,8,1,12,181.17764,172.35527,166.2871913909912,11.060559070674472,-0.17007405
2025-12-09 09:00:00+00:00,32.0,29.7,1530.0,10.8,19.1,173.0,4.0,1.8,150.1557,Lahore,9,1,12,180.76755,172.57895,165.01169776916504,11.083137016225253,-0.16934371
2025-12-09 10:00:00+00:00,29.8,27.7,1708.0,26.9,19.4,145.0,4.0,0.75,149.83333,Lahore,10,1,12,180.51537,172.65132,163.7332795461019,10.98619887229768,-0.16996911
2025-12-09 11:00:00+00:00,34.0,32.6,2033.0,51.1,19.5,101.0,3.0,0.2,148.85417,Lahore,11,1,12,180.32237,172.68202,162.4221045176188,10.796437691654166,-0.17451079
2025-12-09 12:00:00+00:00,66.8,63.6,2313.0,77.1,21.5,56.0,6.0,0.0,148.0104,Lahore,12,1,12,180.08333,172.7807,161.08573277791342,10.49610156851734,-0.17810045
2025-12-09 13:00:00+00:00,78.7,76.4,2483.0,82.0,23.2,45.0,5.0,0.0,149.21872,Lahore,13,1,12,179.14474,173.46053,159.83881505330405,10.024427127422468,-0.16704942
2025-12-09 14:00:00+00:00,89.4,87.1,2607.0,88.6,25.6,29.0,4.0,0.0,150.14693,Lahore,14,1,12,178.10966,174.2456,158.67370096842447,9.415018446597964,-0.15699731
2025-12-09 15:00:00+00:00,103.6,100.6,2689.0,92.8,27.3,17.0,3.0,0.0,150.59648,Lahore,15,1,12,176.77193,175.27632,157.58305740356445,8.717615297290191,-0.14807467
2025-12-09 16:00:00+00:00,115.9,112.5,2728.0,92.7,27.8,11.0,3.0,0.0,151.32236,Lahore,16,1,12,175.1272,176.47588,156.591189066569,7.955624303962496,-0.13592885
2025-12-09 17:00:00+00:00,122.5,118.5,2724.0,90.1,27.5,9.0,2.0,0.0,152.32895,Lahore,17,1,12,173.28947,177.66008,155.71783383687338,7.152813388568839,-0.12095671
2025-12-09 18:00:00+00:00,121.1,116.4,2679.0,86.4,26.5,8.0,2.0,0.0,153.45175,Lahore,18,1,12,171.33334,178.7544,154.97276751200357,6.340727635018127,-0.10436726
2025-12-09 19:00:00+00:00,112.0,107.1,2588.0,81.8,24.2,8.0,2.0,0.0,154.54385,Lahore,19,1,12,169.34212,179.76096,154.35617319742838,5.553268711879218,-0.08738679
2025-12-09 20:00:00+00:00,106.6,101.7,2456.0,76.1,21.1,9.0,1.0,0.0,155.50438,Lahore,20,1,12,167.4013,180.69518,153.8604679107666,4.8208684122788705,-0.0710683
2025-12-09 21:00:00+00:00,104.3,99.4,2298.0,70.2,18.6,11.0,1.0,0.0,156.39693,Lahore,21,1,12,165.49123,181.5943,153.481538772583,4.182004681131363,-0.054953363
2025-12-09 22:00:00+00:00,103.6,99.0,1985.0,63.2,17.0,13.0,1.0,0.0,157.2807,Lahore,22,1,12,163.60088,182.45833,153.21819814046225,3.6867509075139617,-0.03863167
2025-12-09 23:00:00+00:00,101.0,96.4,1647.0,56.1,16.1,14.0,0.0,0.0,158.19518,Lahore,23,1,12,161.75218,183.24562,153.0699895222982,3.388171768817518,-0.021990472
2025-12-10 00:00:00+00:00,86.1,84.3,1681.0,34.3,17.7,31.0,0.0,0.0,159.08553,Lahore,0,2,12,160.0044,183.90352,153.03170331319174,3.3107125393412282,-0.0057427734
2025-12-10 01:00:00+00:00,86.6,84.8,2529.0,40.3,19.7,26.0,0.0,0.0,159.76315,Lahore,1,2,12,158.11185,184.2193,153.10050773620605,3.4356806967930784,0.010443912
2025-12-10 02:00:00+00:00,95.0,93.1,3751.0,48.1,22.4,20.0,1.0,0.05,160.48465,Lahore,2,2,12,156.48245,184.16887,153.2672659556071,3.6943573044224083,0.025576014
2025-12-10 03:00:00+00:00,104.5,102.2,4421.0,51.3,24.5,29.0,1.0,0.4,161.2785,Lahore,3,2,12,154.99342,183.80045,153.52914428710938,4.029590146504348,0.040550623
2025-12-10 04:00:00+00:00,99.4,98.0,4007.0,45.7,25.4,66.0,1.0,1.2,162.13158,Lahore,4,2,12,153.49124,183.23904,153.88915824890137,4.395424933535898,0.05629204
2025-12-10 05:00:00+00:00,92.9,92.4,3042.0,35.5,25.6,118.0,1.0,2.2,162.88597,Lahore,5,2,12,152.28728,182.65132,154.3307704925537,4.745939193699476,0.069596715
2025-12-10 06:00:00+00:00,75.9,75.2,2202.0,26.3,25.4,158.0,1.0,2.95,163.58553,Lahore,6,2,12,151.35307,182.11404,154.84045600891113,5.058783571449792,0.08082064
2025-12-10 07:00:00+00:00,56.6,55.9,1649.0,17.4,24.6,178.0,1.0,3.15,164.0592,Lahore,7,2,12,150.75218,181.63379,155.39491526285806,5.314020948153505,0.08827084
2025-12-10 08:00:00+00:00,41.4,40.5,1221.0,9.5,23.4,187.0,2.0,2.7,164.3728,Lahore,8,2,12,150.36403,181.17764,155.97861417134604,5.503392506468371,0.093165725
2025-12-10 09:00:00+00:00,36.9,35.9,1106.0,11.0,22.8,181.0,2.0,1.75,164.54167,Lahore,9,2,12,150.1557,180.76755,156.57802963256836,5.623727021259442,0.09580702
2025-12-10 10:00:00+00:00,34.9,33.9,1482.0,28.8,23.0,153.0,2.0,0.8,164.67763,Lahore,10,2,12,149.83333,180.51537,157.1965421040853,5.665824835866112,0.09907208
2025-12-10 11:00:00+00:00,39.6,38.8,2171.0,55.8,23.7,112.0,1.0,0.2,164.8136,Lahore,11,2,12,148.85417,180.32237,157.8615182240804,5.580041701373474,0.10721518
2025-12-10 12:00:00+00:00,69.8,68.7,2834.0,80.2,24.0,65.0,2.0,0.0,164.94955,Lahore,12,2,12,148.0104,180.08333,158.56731605529785,5.346222336311511,0.11444566
2025-12-10 13:00:00+00:00,93.4,92.2,3389.0,89.7,27.0,49.0,2.0,0.0,165.0614,Lahore,13,2,12,149.21872,179.14474,159.22742780049643,5.114799885419771,0.10617088
2025-12-10 14:00:00+00:00,116.2,115.5,3916.0,102.6,31.1,27.0,1.0,0.0,165.4079,Lahore,14,2,12,150.14693,178.10966,159.8633015950521,4.880064832378415,0.10164025
2025-12-10 15:00:00+00:00,133.2,132.2,4318.0,111.6,34.6,10.0,1.0,0.0,166.0307,Lahore,15,2,12,150.59648,176.77193,160.50639406840006,4.615583136805911,0.10248725
2025-12-10 16:00:00+00:00,147.1,146.2,4559.0,113.0,36.9,4.0,1.0,0.0,166.72368,Lahore,16,2,12,151.32236,175.1272,161.14811579386392,4.345951177133208,0.10177823
2025-12-10 17:00:00+00:00,162.1,161.1,4673.0,110.6,38.5,2.0,1.0,0.0,167.46272,Lahore,17,2,12,152.32895,173.28947,161.7786897023519,4.101756265771492,0.0993493
2025-12-10 18:00:00+00:00,171.4,170.0,4670.0,107.6,39.0,2.0,1.0,0.0,168.39693,Lahore,18,2,12,153.45175,171.33334,162.40140533447266,3.9127321459466162,0.09739332
2025-12-10 19:00:00+00:00,171.8,170.9,4525.0,105.2,37.7,1.0,1.0,0.0,169.57237,Lahore,19,2,12,154.54385,169.34212,163.0275936126709,3.801537707478068,0.09724437
2025-12-10 20:00:00+00:00,170.9,169.5,4262.0,102.4,35.2,1.0,1.0,0.0,170.9715,Lahore,20,2,12,155.50438,167.4013,163.67205683390299,3.781693304793983,0.09946419
2025-12-10 21:00:00+00:00,168.1,166.2,3957.0,99.3,33.2,1.0,1.0,0.0,172.45833,Lahore,21,2,12,156.39693,165.49123,164.34128189086914,3.85864391046162,0.1026964
2025-12-10 22:00:00+00:00,165.8,163.9,3484.0,95.3,31.6,0.0,1.0,0.0,173.92325,Lahore,22,2,12,157.2807,163.60088,165.03472137451172,4.026389733224084,0.1058143
2025-12-10 23:00:00+00:00,163.9,161.1,2970.0,91.1,30.4,0.0,1.0,0.0,175.3465,Lahore,23,2,12,158.19518,161.75218,165.74935976664224,4.2741287005838595,0.10841874
2025-12-11 00:00:00+00:00,192.8,191.9,2864.0,89.4,39.4,0.0,2.0,0.0,176.76535,Lahore,0,3,12,159.08553,160.0044,166.48601913452148,4.587740773141532,0.11113409
2025-12-11 01:00:00+00:00,194.6,193.7,3662.0,96.3,44.9,0.0,2.0,0.0,179.125,Lahore,1,3,12,159.76315,158.11185,167.29276275634766,5.034732698756646,0.12119094
2025-12-11 02:00:00+00:00,211.4,210.0,4869.0,104.9,52.2,0.0,2.0,0.05,181.51315,Lahore,2,3,12,160.48465,156.48245,168.16895039876303,5.596817609180932,0.13103124
2025-12-11 03:00:00+00:00,241.2,239.3,5452.0,104.7,56.1,11.0,2.0,0.35,184.07675,Lahore,3,3,12,161.2785,154.99342,169.11887741088867,6.270648188219288,0.1413595
2025-12-11 04:00:00+00:00,258.0,256.1,4788.0,87.9,53.4,72.0,2.0,1.1,187.08333,Lahore,4,3,12,162.13158,153.49124,170.15853373209634,7.078262910453865,0.15389816
2025-12-11 05:00:00+00:00,169.5,168.6,3501.0,62.2,47.3,155.0,1.0,2.1,190.55045,Lahore,5,3,12,162.88597,152.28728,171.31122016906738,8.030899483238903,0.16983952
2025-12-11 06:00:00+00:00,129.5,128.5,2430.0,40.4,41.7,215.0,1.0,2.9,192.2215,Lahore,6,3,12,163.58553,151.35307,172.5043856302897,8.912079784207737,0.17505199
2025-12-11 07:00:00+00:00,86.6,86.1,1839.0,24.8,37.9,235.0,1.0,3.1,193.39035,Lahore,7,3,12,164.0592,150.75218,173.7265167236328,9.681525986653082,0.17878391
2025-12-11 08:00:00+00:00,58.4,58.2,1463.0,13.1,34.6,234.0,0.0,2.65,194.05264,Lahore,8,3,12,164.3728,150.36403,174.96317672729492,10.30995785115235,0.18056418
2025-12-11 09:00:00+00:00,49.2,49.0,1351.0,10.7,31.9,219.0,0.0,1.75,194.4408,Lahore,9,3,12,164.54167,150.1557,176.20897356669107,10.791123483462052,0.18171155
2025-12-11 10:00:00+00:00,44.6,44.4,1601.0,23.2,29.9,189.0,0.0,0.8,194.72807,Lahore,10,3,12,164.67763,149.83333,177.46107546488443,11.132933607902716,0.18248044
2025-12-11 11:00:00+00:00,48.3,48.1,2115.0,44.9,28.5,147.0,0.0,0.2,194.95834,Lahore,11,3,12,164.8136,148.85417,178.71710650126138,11.342501507027132,0.18290205
2025-12-11 12:00:00+00:00,86.6,85.9,2644.0,63.5,26.7,94.0,1.0,0.0,195.1623,Lahore,12,3,12,164.94955,148.0104,179.97597058614096,11.424361368226217,0.18316351
2025-12-11 13:00:00+00:00,105.2,104.8,3125.0,73.8,28.3,75.0,1.0,0.0,195.53947,Lahore,13,3,12,165.0614,149.21872,181.24589029947916,11.388289798443436,0.18464687
2025-12-11 14:00:00+00:00,121.5,121.1,3622.0,87.9,30.6,50.0,1.0,0.0,195.8158,Lahore,14,3,12,165.4079,150.14693,182.51288604736328,11.240175989529083,0.18383583
2025-12-11 15:00:00+00:00,141.1,140.6,4068.0,97.9,32.9,30.0,1.0,0.0,195.9386,Lahore,15,3,12,166.0307,150.59648,183.75904846191406,10.988478195220726,0.18013474
2025-12-11 16:00:00+00:00,159.3,158.8,4480.0,99.5,35.2,22.0,1.0,0.0,196.12282,Lahore,16,3,12,166.72368,151.32236,184.98401260375977,10.639996524223633,0.17633452
2025-12-11 17:00:00+00:00,176.5,176.0,4843.0,96.9,37.4,20.0,1.0,0.0,196.39912,Lahore,17,3,12,167.46272,152.32895,186.18969599405924,10.198550908737017,0.17279309
2025-12-11 18:00:00+00:00,189.5,189.1,5046.0,94.7,38.8,18.0,1.0,0.0,196.72589,Lahore,18,3,12,168.39693,153.45175,187.37006950378418,9.675675800635709,0.16822733
2025-12-11 19:00:00+00:00,195.6,195.1,4999.0,94.3,38.6,14.0,1.0,0.0,197.14474,Lahore,19,3,12,169.57237,154.54385,188.518918355306,9.089745583674063,0.16259944
2025-12-11 20:00:00+00:00,201.6,201.2,4793.0,94.2,37.4,10.0,1.0,0.0,197.67545,Lahore,20,3,12,170.9715,155.50438,189.6315828959147,8.461054930186334,0.15618949
2025-12-11 21:00:00+00:00,208.2,207.7,4591.0,94.5,36.8,7.0,1.0,0.0,198.37062,Lahore,21,3,12,172.45833,156.39693,190.71126174926758,7.801980002267345,0.15025249
2025-12-11 22:00:00+00:00,213.3,212.8,4330.0,94.7,36.6,4.0,1.0,0.0,199.28072,Lahore,22,3,12,173.92325,157.2807,191.76782290140787,7.116536007134225,0.14579688
2025-12-11 23:00:00+00:00,216.1,215.6,4073.0,95.2,37.0,1.0,1.0,0.0,200.67087,Lahore,23,3,12,175.3465,158.19518,192.82300504048666,6.419126912169353,0.14442474
2025-12-12 00:00:00+00:00,231.0,230.5,4177.0,99.3,42.2,0.0,1.0,0.0,202.94171,Lahore,0,4,12,176.76535,159.08553,193.91368675231934,5.762356264008164,0.14808536
2025-12-12 01:00:00+00:00,227.7,226.8,5119.0,100.8,43.9,0.0,1.0,0.0,204.54999,Lahore,1,4,12,179.125,159.76315,194.97306124369302,5.238653593470875,0.14193992
2025-12-12 02:00:00+00:00,235.2,234.2,6422.0,102.1,46.0,0.0,1.0,0.05,205.9292,Lahore,2,4,12,181.51315,160.48465,195.9903964996338,4.86883983486338,0.13451393
2025-12-12 03:00:00+00:00,254.3,253.3,7015.0,96.7,46.3,13.0,1.0,0.35,206.9375,Lahore,3,4,12,184.07675,161.2785,196.94292767842612,4.668848652858822,0.124191396
2025-12-12 04:00:00+00:00,223.1,222.6,6234.0,78.9,43.2,77.0,1.0,1.1,207.52087,Lahore,4,4,12,187.08333,162.13158,197.79449208577475,4.656154223271087,0.10924301
2025-12-12 05:00:00+00:00,193.2,192.8,4744.0,54.5,38.3,163.0,1.0,2.1,206.12503,Lahore,5,4,12,190.55045,162.88597,198.4434331258138,4.687863296322212,0.08173471
2025-12-12 06:00:00+00:00,146.7,145.8,3464.0,34.5,34.4,227.0,1.0,2.85,207.13333,Lahore,6,4,12,192.2215,163.58553,199.06475957234701,4.813866525044565,0.07757631
2025-12-12 07:00:00+00:00,111.1,110.4,2644.0,20.0,32.7,254.0,1.0,3.05,207.85419,Lahore,7,4,12,193.39035,164.0592,199.66741943359375,4.975262684685513,0.074790895
2025-12-12 08:00:00+00:00,84.1,83.1,2034.0,9.9,32.0,259.0,2.0,2.55,208.8667,Lahore,8,4,12,194.05264,164.3728,200.28467178344727,5.163759639045527,0.0763404
2025-12-12 09:00:00+00:00,71.7,70.5,1811.0,12.1,32.0,246.0,2.0,1.6,209.9042,Lahore,9,4,12,194.4408,164.54167,200.9289805094401,5.363738327866232,0.079527594
2025-12-12 10:00:00+00:00,68.5,67.3,2224.0,34.8,32.7,209.0,2.0,0.7,210.79999,Lahore,10,4,12,194.72807,164.67763,201.59864362080893,5.555747542942307,0.08253517
2025-12-12 11:00:00+00:00,80.1,79.2,3024.0,69.7,34.1,155.0,2.0,0.15,211.75418,Lahore,11,4,12,194.95834,164.8136,202.2984701792399,5.737795313588636,0.08615091
2025-12-12 12:00:00+00:00,129.9,129.0,3637.0,100.9,34.8,103.0,2.0,0.0,213.04999,Lahore,12,4,12,195.1623,164.94955,203.04379081726074,5.929113199919418,0.091655485
2025-12-12 13:00:00+00:00,160.7,159.7,3835.0,121.1,39.4,75.0,2.0,0.0,214.84586,Lahore,13,4,12,195.53947,165.0614,203.8482233683268,6.1714423213103755,0.09873393
2025-12-12 14:00:00+00:00,191.9,190.5,3846.0,148.6,45.8,37.0,2.0,0.0,217.13333,Lahore,14,4,12,195.8158,165.4079,204.73645401000977,6.490908092827371,0.108865246
2025-12-12 15:00:00+00:00,216.1,214.7,3779.0,166.7,50.6,9.0,2.0,0.0,220.02502,Lahore,15,4,12,195.9386,166.0307,205.74005508422852,6.919406810378119,0.12292844
2025-12-12 16:00:00+00:00,221.7,220.3,3658.0,167.2,52.7,0.0,2.0,0.0,223.11249,Lahore,16,4,12,196.12282,166.72368,206.86462465922037,7.460495354315845,0.13761616
2025-12-12 17:00:00+00:00,231.9,230.5,3459.0,158.3,53.3,0.0,3.0,0.0,225.67502,Lahore,17,4,12,196.39912,167.46272,208.08445358276367,8.04538597793492,0.14906326
2025-12-12 18:00:00+00:00,244.9,243.1,3225.0,148.0,52.6,1.0,3.0,0.0,227.94586,Lahore,18,4,12,196.72589,168.39693,209.3852856953939,8.631580218278195,0.15869783
2025-12-12 19:00:00+00:00,248.7,246.8,2937.0,139.1,50.4,0.0,3.0,0.0,230.19586,Lahore,19,4,12,197.14474,169.57237,210.76241556803384,9.210885882153393,0.16764899
2025-12-12 20:00:00+00:00,250.5,248.7,2613.0,128.8,47.0,0.0,3.0,0.0,232.34998,Lahore,20,4,12,197.67545,170.9715,212.2071876525879,9.771268444424896,0.17541142
2025-12-12 21:00:00+00:00,249.6,247.7,2351.0,116.3,43.3,0.0,3.0,0.0,234.32916,Lahore,21,4,12,198.37062,172.45833,213.70546023050943,10.299941526368693,0.1812695
2025-12-12 22:00:00+00:00,236.6,235.2,2138.0,98.7,39.0,8.0,3.0,0.0,235.99585,Lahore,22,4,12,199.28072,173.92325,215.23525746663412,10.77973903884342,0.18423827
2025-12-12 23:00:00+00:00,212.8,211.4,1987.0,78.9,34.4,20.0,2.0,0.0,236.92917,Lahore,23,4,12,200.67087,175.3465,216.7460199991862,11.183043172234266,0.18068543
2025-12-13 00:00:00+00:00,192.8,191.9,2032.0,43.8,29.2,37.0,2.0,0.0,236.75418,Lahore,0,5,12,202.94171,176.76535,218.1548728942871,11.493894840433603,0.16661173
2025-12-13 01:00:00+00:00,181.6,180.7,2481.0,50.5,29.8,29.0,2.0,0.0,235.14581,Lahore,1,5,12,204.54999,179.125,219.4296989440918,11.615424564197813,0.14957628
2025-12-13 02:00:00+00:00,183.5,182.1,3126.0,59.4,30.6,20.0,2.0,0.0,233.225,Lahore,2,5,12,205.9292,181.51315,220.56702423095703,11.572303545336828,0.13254948
2025-12-13 03:00:00+00:00,186.7,185.8,3473.0,62.9,32.0,27.0,2.0,0.25,231.05417,Lahore,3,5,12,206.9375,184.07675,221.5718854268392,11.382865037777073,0.116540834
2025-12-13 04:00:00+00:00,172.8,171.8,3244.0,56.3,34.2,66.0,2.0,0.85,228.24164,Lahore,4,5,12,207.52087,187.08333,222.43525060017905,11.051787722800727,0.09984906
2025-12-13 05:00:00+00:00,164.8,163.9,2718.0,44.4,36.9,122.0,3.0,1.75,226.125,Lahore,5,5,12,206.12503,190.55045,223.26858266194662,10.509189826658414,0.09702834
2025-12-13 06:00:00+00:00,143.4,142.0,2239.0,33.9,39.4,164.0,3.0,2.5,224.92084,Lahore,6,5,12,207.13333,192.2215,224.0097287495931,9.933236035853623,0.08587467
2025-12-13 07:00:00+00:00,114.3,112.0,1862.0,24.3,41.8,182.0,3.0,2.25,224.76248,Lahore,7,5,12,207.85419,193.39035,224.71424102783203,9.318154566901327,0.08134691
2025-12-13 08:00:00+00:00,93.4,91.3,1532.0,16.2,44.0,185.0,4.0,1.7,224.82916,Lahore,8,5,12,208.8667,194.05264,225.37934366861978,8.686060930622224,0.07642417
2025-12-13 09:00:00+00:00,86.4,84.3,1427.0,18.2,45.4,175.0,4.0,1.1,225.1708,Lahore,9,5,12,209.9042,194.4408,226.01545206705728,8.038354851593066,0.07273128
2025-12-13 10:00:00+00:00,84.5,82.7,1734.0,39.1,45.2,143.0,4.0,0.5,225.74582,Lahore,10,5,12,210.79999,194.72807,226.6381950378418,7.358530565872931,0.07090053
2025-12-13 11:00:00+00:00,101.5,100.1,2266.0,70.0,44.2,97.0,3.0,0.15,226.38751,Lahore,11,5,12,211.75418,194.95834,227.24791717529297,6.643107108539682,0.069105275
2025-12-13 12:00:00+00:00,124.8,122.9,2646.0,72.2,37.0,75.0,3.0,0.0,227.25836,Lahore,12,5,12,213.04999,195.1623,227.83993275960287,5.91614367925548,0.06669033
2025-12-13 13:00:00+00:00,139.2,137.4,2701.0,76.2,36.5,64.0,3.0,0.0,227.00415,Lahore,13,5,12,214.84586,195.53947,228.34652837117514,5.236620815145406,0.05659078
2025-12-13 14:00:00+00:00,150.9,149.5,2605.0,81.3,35.6,49.0,3.0,0.0,226.07498,Lahore,14,5,12,217.13333,195.8158,228.71909713745117,4.694137416740363,0.041180458
2025-12-13 15:00:00+00:00,153.7,152.3,2498.0,81.7,34.6,39.0,3.0,0.0,224.36667,Lahore,15,5,12,220.02502,195.9386,228.8999989827474,4.420184047499874,0.019732501
2025-12-13 16:00:00+00:00,156.9,155.5,2426.0,73.7,33.3,40.0,3.0,0.0,221.76666,Lahore,16,5,12,223.11249,196.12282,228.84392293294272,4.504530834842783,-0.006032048
2025-12-13 17:00:00+00:00,160.2,158.8,2343.0,61.0,31.7,47.0,3.0,0.0,219.06668,Lahore,17,5,12,225.67502,196.39912,228.56857554117838,4.891968891454288,-0.029282538
2025-12-13 18:00:00+00:00,160.2,158.8,2255.0,49.6,30.2,53.0,3.0,0.0,216.07913,Lahore,18,5,12,227.94586,196.72589,228.0741284688314,5.517372671104415,-0.052059423
2025-12-13 19:00:00+00:00,156.9,155.5,2153.0,41.3,28.5,55.0,3.0,0.0,212.56665,Lahore,19,5,12,230.19586,197.14474,227.33957799275717,6.335486000076414,-0.07658353
2025-12-13 20:00:00+00:00,157.9,156.0,2046.0,34.3,26.8,55.0,3.0,0.0,208.76251,Lahore,20,5,12,232.34998,197.67545,226.35676701863608,7.283107545725141,-0.10151696
2025-12-13 21:00:00+00:00,159.7,157.9,1961.0,29.0,25.7,54.0,3.0,0.0,204.90002,Lahore,21,5,12,234.32916,198.37062,225.13055292765299,8.290251910537998,-0.12558888
2025-12-13 22:00:00+00:00,157.9,156.5,1845.0,24.5,25.3,53.0,3.0,0.0,201.15833,Lahore,22,5,12,235.99585,199.28072,223.6789894104004,9.294211653596776,-0.14761922
2025-12-13 23:00:00+00:00,155.1,153.7,1752.0,21.6,25.6,52.0,3.0,0.0,198.88377,Lahore,23,5,12,236.92917,200.67087,222.0937646230062,10.141862188001726,-0.16057709
2025-12-14 00:00:00+00:00,142.0,140.6,1867.0,20.1,29.8,63.0,3.0,0.0,197.61841,Lahore,0,6,12,236.75418,202.94171,220.46310742696127,10.806635875138909,-0.1653013
2025-12-14 01:00:00+00:00,149.9,148.5,2455.0,32.5,31.3,47.0,3.0,0.0,196.49342,Lahore,1,6,12,235.14581,204.54999,218.85259119669595,11.387887008043851,-0.16437626
2025-12-14 02:00:00+00:00,171.8,170.0,3251.0,49.1,33.6,27.0,3.0,0.0,195.7873,Lahore,2,6,12,233.225,205.9292,217.29268646240234,11.886736762087477,-0.16052186
2025-12-14 03:00:00+00:00,193.2,191.9,3652.0,57.9,36.0,27.0,3.0,0.3,195.52193,Lahore,3,6,12,231.05417,206.9375,215.8121763865153,12.303685356222703,-0.15378317
2025-12-14 04:00:00+00:00,175.1,173.7,3276.0,51.6,39.0,66.0,3.0,0.9,195.6557,Lahore,4,6,12,228.24164,207.52087,214.45442899068198,12.665090684976155,-0.14276947
2025-12-14 05:00:00+00:00,150.9,149.0,2505.0,37.4,42.2,126.0,4.0,1.65,195.69737,Lahore,5,6,12,226.125,206.12503,213.1866111755371,12.965426034590777,-0.13456109
2025-12-14 06:00:00+00:00,136.0,133.2,1876.0,25.5,44.0,173.0,5.0,2.3,195.37062,Lahore,6,6,12,224.92084,207.13333,211.95535214742026,13.203566285999257,-0.13138051
2025-12-14 07:00:00+00:00,116.4,113.2,1525.0,15.7,43.0,199.0,6.0,2.6,195.17763,Lahore,7,6,12,224.76248,207.85419,210.72264989217123,13.33626292105365,-0.13162719
2025-12-14 08:00:00+00:00,97.3,93.6,1316.0,8.1,40.7,213.0,7.0,2.15,195.20395,Lahore,8,6,12,224.82916,208.8667,209.48826599121094,13.34484657215101,-0.13176766
2025-12-14 09:00:00+00:00,86.1,82.0,1378.0,13.3,39.5,209.0,8.0,1.45,195.25438,Lahore,9,6,12,225.1708,209.9042,208.24174817403158,13.212845319393248,-0.13286103
2025-12-14 10:00:00+00:00,81.3,77.1,1912.0,41.0,40.1,177.0,8.0,0.65,195.20395,Lahore,10,6,12,225.74582,210.79999,206.9691702524821,12.921246865166498,-0.13529319
2025-12-14 11:00:00+00:00,100.8,97.3,2717.0,81.6,41.8,126.0,7.0,0.15,195.08115,Lahore,11,6,12,226.38751,211.75418,205.66473833719888,12.447217884359597,-0.13828664
2025-12-14 12:00:00+00:00,174.6,169.5,3324.0,112.5,42.3,70.0,9.0,0.0,195.01973,Lahore,12,6,12,227.25836,213.04999,204.32146199544272,11.734732179042357,-0.14185895
2025-12-14 13:00:00+00:00,205.8,200.2,3531.0,123.2,49.4,58.0,9.0,0.0,196.04167,Lahore,13,6,12,227.00415,214.84586,203.03135871887207,10.797134045469928,-0.1363961
2025-12-14 14:00:00+00:00,237.0,231.9,3540.0,137.5,59.2,42.0,10.0,0.0,197.41885,Lahore,14,6,12,226.07498,217.13333,201.83735338846842,9.662955856873548,-0.12675497
2025-12-14 15:00:00+00:00,263.6,258.0,3484.0,144.4,65.4,29.0,10.0,0.0,199.22588,Lahore,15,6,12,224.36667,220.02502,200.7898203531901,8.393803151405859,-0.11205226
2025-12-14 16:00:00+00:00,274.7,269.2,3392.0,137.9,65.4,22.0,10.0,0.0,202.93332,Lahore,16,6,12,221.76666,223.11249,200.00509770711264,7.133125865399332,-0.08492414
2025-12-14 17:00:00+00:00,274.7,270.1,3235.0,124.0,61.9,19.0,9.0,0.0,207.67084,Lahore,17,6,12,219.06668,225.67502,199.5302708943685,6.115847927133745,-0.052019976
2025-12-14 18:00:00+00:00,263.6,258.9,3061.0,110.0,57.2,17.0,9.0,0.0,212.30832,Lahore,18,6,12,216.07913,227.94586,199.37315368652344,5.706990200980054,-0.017451074
2025-12-14 19:00:00+00:00,241.2,236.1,2879.0,97.6,51.1,18.0,9.0,0.0,216.47916,Lahore,19,6,12,212.56665,230.19586,199.53617477416992,6.139724927688189,0.01840602
2025-12-14 20:00:00+00:00,221.2,216.5,2679.0,85.1,43.7,20.0,8.0,0.0,219.83746,Lahore,20,6,12,208.76251,232.34998,199.99763107299805,7.1897255221444745,0.053050477
2025-12-14 21:00:00+00:00,205.8,201.2,2480.0,74.3,37.6,22.0,8.0,0.0,222.35834,Lahore,21,6,12,204.90002,234.32916,200.7250607808431,8.475508327674476,0.08520406
2025-12-14 22:00:00+00:00,192.8,188.6,2189.0,65.8,33.7,22.0,8.0,0.0,224.16248,Lahore,22,6,12,201.15833,235.99585,201.68356704711914,9.733989362427204,0.11435843
2025-12-14 23:00:00+00:00,181.1,177.0,1900.0,59.1,31.1,22.0,7.0,0.0,225.49997,Lahore,23,6,12,198.88377,236.92917,202.79257520039877,10.853024482519645,0.1338279
2025-12-15 00:00:00+00:00,209.1,204.0,1911.0,70.0,36.8,15.0,9.0,0.0,226.4708,Lahore,0,0,12,197.61841,236.75418,203.99475797017416,11.810694235075847,0.1460005
2025-12-15 01:00:00+00:00,206.8,202.1,2574.0,68.2,36.8,14.0,8.0,0.0,229.11249,Lahore,1,0,12,196.49342,235.14581,205.35388565063477,12.749466007633504,0.16600588
2025-12-15 02:00:00+00:00,214.7,210.0,3538.0,65.1,36.8,14.0,8.0,0.0,231.34586,Lahore,2,0,12,195.7873,233.225,206.8354924519857,13.62542909374225,0.18161835
2025-12-15 03:00:00+00:00,210.9,206.8,4051.0,59.3,36.4,28.0,7.0,0.3,233.01254,Lahore,3,0,12,195.52193,231.05417,208.39760144551596,14.399094296056763,0.19174635
2025-12-15 04:00:00+00:00,172.8,170.0,3679.0,48.3,35.0,69.0,7.0,0.95,233.63333,Lahore,4,0,12,195.6557,228.24164,209.98000272115073,15.011691466329806,0.19410439
2025-12-15 05:00:00+00:00,145.8,143.0,2856.0,34.5,33.2,124.0,7.0,1.8,233.47916,Lahore,5,0,12,195.69737,226.125,211.55424372355142,15.424161343191296,0.19306229
2025-12-15 06:00:00+00:00,118.0,114.6,2130.0,23.2,32.8,167.0,7.0,2.55,233.22916,Lahore,6,0,12,195.37062,224.92084,213.1316827138265,15.631603970859159,0.19377804
2025-12-15 07:00:00+00:00,92.9,88.7,1644.0,14.5,35.4,188.0,7.0,2.75,232.45416,Lahore,7,0,12,195.17763,224.76248,214.68487167358398,15.622022654750005,0.19098775
2025-12-15 08:00:00+00:00,83.6,79.9,1255.0,8.3,39.5,198.0,7.0,2.3,231.43335,Lahore,8,0,12,195.20395,224.82916,216.19443003336588,15.406674698848455,0.18559769
2025-12-15 09:00:00+00:00,80.1,76.8,1078.0,9.1,42.1,194.0,6.0,1.5,230.86252,Lahore,9,0,12,195.25438,225.1708,217.67810249328613,15.011945466642366,0.18236794
2025-12-15 10:00:00+00:00,77.3,74.7,1220.0,21.8,41.5,173.0,5.0,0.7,230.64584,Lahore,10,0,12,195.20395,225.74582,219.15484809875488,14.437243086423056,0.1815634
2025-12-15 11:00:00+00:00,82.9,81.0,1574.0,41.6,39.4,139.0,4.0,0.2,230.54587,Lahore,11,0,12,195.08115,226.38751,220.63254483540854,13.660141686259406,0.18179472
2025-12-15 12:00:00+00:00,89.2,87.5,1934.0,65.3,37.6,97.0,3.0,0.0,229.8667,Lahore,12,0,12,195.01973,227.25836,222.08450190226236,12.632678173631518,0.17868432
2025-12-15 13:00:00+00:00,104.5,103.1,2288.0,69.2,37.8,84.0,3.0,0.0,226.45001,Lahore,13,0,12,196.04167,227.00415,223.35151608784994,11.368808796927246,0.15511161
2025-12-15 14:00:00+00:00,116.9,115.7,2649.0,74.2,38.1,66.0,2.0,0.0,222.4042,Lahore,14,0,12,197.41885,226.07498,224.3925724029541,9.945785591722792,0.1265601
2025-12-15 15:00:00+00:00,127.1,126.2,2849.0,75.4,37.7,54.0,2.0,0.0,217.56253,Lahore,15,0,12,199.22588,224.36667,225.15659968058267,8.53230721253952,0.092039526
2025-12-15 16:00:00+00:00,133.2,132.2,2782.0,69.9,36.3,51.0,2.0,0.0,212.07086,Lahore,16,0,12,202.93332,221.76666,225.5373306274414,7.656453704354001,0.045027316
2025-12-15 17:00:00+00:00,136.0,135.5,2553.0,60.5,34.3,54.0,1.0,0.0,206.36249,Lahore,17,0,12,207.67084,219.06668,225.48281606038412,7.792642042255724,-0.006300112
2025-12-15 18:00:00+00:00,133.2,132.2,2313.0,50.9,32.1,58.0,1.0,0.0,200.75415,Lahore,18,0,12,212.30832,216.07913,225.00139236450195,8.917638346955925,-0.05442165
2025-12-15 19:00:00+00:00,122.0,121.1,2091.0,41.4,29.5,63.0,1.0,0.0,197.61841,Lahore,19,0,12,216.47916,212.56665,224.2155278523763,10.407847414334064,-0.08712501
2025-12-15 20:00:00+00:00,115.0,114.3,1859.0,31.7,26.6,68.0,1.0,0.0,195.0965,Lahore,20,0,12,219.83746,208.76251,223.18465423583984,11.968584499270992,-0.112542085
2025-12-15 21:00:00+00:00,110.4,109.7,1675.0,24.3,24.4,72.0,1.0,0.0,192.85526,Lahore,21,0,12,222.35834,204.90002,221.9553591410319,13.47719974711936,-0.1326826
2025-12-15 22:00:00+00:00,105.5,104.8,1522.0,19.8,23.2,72.0,1.0,0.0,190.84868,Lahore,22,0,12,224.16248,201.15833,220.56728426615396,14.882313937254505,-0.14861451
2025-12-15 23:00:00+00:00,102.2,101.5,1419.0,17.6,22.6,71.0,1.0,0.0,189.01097,Lahore,23,0,12,225.49997,198.88377,219.0469093322754,16.165055880838207,-0.16181377
2025-12-16 00:00:00+00:00,92.9,92.2,1481.0,16.4,23.2,76.0,1.0,0.0,187.35526,Lahore,0,1,12,226.4708,197.61841,217.41709518432617,17.3149891591662,-0.17271781
2025-12-16 01:00:00+00:00,92.7,92.0,1873.0,25.9,23.9,63.0,1.0,0.0,184.9035,Lahore,1,1,12,229.11249,196.49342,215.57505416870117,18.33803391290328,-0.19295755
2025-12-16 02:00:00+00:00,99.7,98.7,2431.0,38.6,25.0,46.0,1.0,0.0,182.48904,Lahore,2,1,12,231.34586,195.7873,213.53935368855795,19.202613340616786,-0.21118516
2025-12-16 03:00:00+00:00,107.8,106.9,2772.0,45.4,25.9,46.0,2.0,0.35,180.04823,Lahore,3,1,12,233.01254,195.52193,211.33250745137533,19.898212988963895,-0.2273024
2025-12-16 04:00:00+00:00,105.7,105.0,2707.0,40.9,26.6,77.0,3.0,1.15,177.85745,Lahore,4,1,12,233.63333,195.6557,209.00851249694824,20.430395034704173,-0.23873255
2025-12-16 05:00:00+00:00,95.2,93.6,2425.0,30.4,27.2,125.0,4.0,2.2,176.432,Lahore,5,1,12,233.47916,195.69737,206.63154792785645,20.775237349392697,-0.24433509
2025-12-16 06:00:00+00:00,81.0,78.0,2117.0,21.4,27.6,164.0,5.0,3.05,175.3487,Lahore,6,1,12,233.22916,195.37062,204.21986198425293,20.912484183862507,-0.24816993
2025-12-16 07:00:00+00:00,69.2,65.2,1783.0,15.0,28.0,186.0,6.0,3.3,174.54605,Lahore,7,1,12,232.45416,195.17763,201.8070240020752,20.85381032188168,-0.24911626
2025-12-16 08:00:00+00:00,58.3,54.2,1422.0,9.9,28.2,199.0,7.0,2.8,174.0307,Lahore,8,1,12,231.43335,195.20395,199.41524696350098,20.59842009991829,-0.24803102
2025-12-16 09:00:00+00:00,53.9,50.1,1219.0,10.1,27.9,199.0,7.0,1.85,173.46712,Lahore,9,1,12,230.86252,195.25438,197.0237719217936,20.114776995653866,-0.24861291
2025-12-16 10:00:00+00:00,52.5,48.9,1309.0,19.5,26.6,178.0,7.0,0.85,172.88158,Lahore,10,1,12,230.64584,195.20395,194.61692746480307,19.358483284809775,-0.25044572
2025-12-16 11:00:00+00:00,54.6,51.8,1558.0,34.0,24.8,144.0,6.0,0.2,172.3158,Lahore,11,1,12,230.54587,195.08115,192.19067446390787,18.27857018830045,-0.25257477
2025-12-16 12:00:00+00:00,78.0,73.6,1744.0,42.8,22.8,113.0,8.0,0.0,171.67543,Lahore,12,1,12,229.8667,195.01973,189.76603825887045,16.86872677778406,-0.25315222
2025-12-16 13:00:00+00:00,82.9,78.9,1772.0,44.4,22.2,100.0,8.0,0.0,171.37062,Lahore,13,1,12,226.45001,196.04167,187.4710636138916,15.338233453633276,-0.2432298
2025-12-16 14:00:00+00:00,88.5,84.8,1737.0,46.5,21.4,82.0,7.0,0.0,170.8399,Lahore,14,1,12,222.4042,197.41885,185.32255109151205,13.762736133037462,-0.23184949
2025-12-16 15:00:00+00:00,95.5,91.7,1710.0,47.8,20.9,67.0,7.0,0.0,170.16228,Lahore,15,1,12,217.56253,199.22588,183.34754053751627,12.253302065776692,-0.21786956
2025-12-16 16:00:00+00:00,102.4,98.7,1733.0,48.0,21.1,58.0,7.0,0.0,169.4057,Lahore,16,1,12,212.07086,202.93332,181.56982549031576,10.928219710881594,-0.20118351
2025-12-16 17:00:00+00:00,108.5,104.8,1763.0,47.4,21.6,52.0,6.0,0.0,168.67105,Lahore,17,1,12,206.36249,207.67084,179.99934895833334,9.867175360931013,-0.18264675
2025-12-16 18:00:00+00:00,109.4,105.9,1743.0,44.9,21.6,49.0,6.0,0.0,167.9978,Lahore,18,1,12,200.75415,212.30832,178.6345011393229,9.107747157352316,-0.16316648
2025-12-16 19:00:00+00:00,104.5,101.5,1625.0,39.1,20.5,49.0,5.0,0.0,167.42105,Lahore,19,1,12,197.61841,216.47916,177.37627792358398,8.431906434303608,-0.1528064
2025-12-16 20:00:00+00:00,100.8,98.3,1458.0,31.5,18.9,52.0,5.0,0.0,166.99123,Lahore,20,1,12,195.0965,219.83746,176.20522499084473,7.791194727417365,-0.1440583
2025-12-16 21:00:00+00:00,97.3,95.0,1328.0,25.3,17.5,54.0,4.0,0.0,166.64035,Lahore,21,1,12,192.85526,222.35834,175.11293729146323,7.168140735631159,-0.13593046
2025-12-16 22:00:00+00:00,93.4,91.3,1196.0,20.9,16.4,55.0,4.0,0.0,166.318,Lahore,22,1,12,190.84868,224.16248,174.09082539876303,6.5489990594323295,-0.12853473
2025-12-16 23:00:00+00:00,88.7,86.8,1103.0,18.1,15.5,55.0,4.0,0.0,166.02193,Lahore,23,1,12,189.01097,225.49997,173.1329485575358,5.923173514463281,-0.12162809
2025-12-17 00:00:00+00:00,96.9,94.8,1252.0,22.2,17.0,48.0,4.0,0.0,165.69957,Lahore,0,2,12,187.35526,226.4708,172.2306283315023,5.276578260420713,-0.11558622
2025-12-17 01:00:00+00:00,91.7,89.6,1910.0,29.2,17.8,40.0,4.0,0.0,165.75658,Lahore,1,2,12,184.9035,229.11249,171.43283971150717,4.69230999233546,-0.10355091
2025-12-17 02:00:00+00:00,96.2,93.6,2812.0,38.6,18.9,31.0,4.0,0.0,165.70395,Lahore,2,2,12,182.48904,231.34586,170.73346074422201,4.197567460865907,-0.09197865
2025-12-17 03:00:00+00:00,102.7,100.1,3366.0,43.3,19.5,36.0,5.0,0.4,165.59212,Lahore,3,2,12,180.04823,233.01254,170.13112258911133,3.8233329927944317,-0.08029024
2025-12-17 04:00:00+00:00,99.4,97.6,3259.0,39.0,19.2,68.0,6.0,1.25,165.443,Lahore,4,2,12,177.85745,233.63333,169.61385345458984,3.5635345038963053,-0.06980005
2025-12-17 05:00:00+00:00,90.6,87.1,2803.0,30.1,18.4,114.0,7.0,2.35,165.2807,Lahore,5,2,12,176.432,233.47916,169.1492156982422,3.3568850547261757,-0.06320456
2025-12-17 06:00:00+00:00,81.3,76.6,2347.0,22.3,17.9,151.0,9.0,3.25,165.13817,Lahore,6,2,12,175.3487,233.22916,168.72377713521323,3.179353212514793,-0.058229834
2025-12-17 07:00:00+00:00,68.2,62.4,1920.0,16.0,17.8,171.0,12.0,3.5,165.10745,Lahore,7,2,12,174.54605,232.45416,168.33050219217935,3.00693086776321,-0.05407512
2025-12-17 08:00:00+00:00,56.5,48.8,1491.0,10.9,18.0,182.0,16.0,2.9,165.04605,Lahore,8,2,12,174.0307,231.43335,167.95614178975424,2.8198783828575875,-0.05162681
2025-12-17 09:00:00+00:00,50.5,40.9,1318.0,12.2,18.3,178.0,18.0,1.9,164.92764,Lahore,9,2,12,173.46712,230.86252,167.6003303527832,2.626387304564123,-0.049228203
2025-12-17 10:00:00+00:00,51.0,40.4,1539.0,24.8,18.5,153.0,18.0,0.85,164.72588,Lahore,10,2,12,172.88158,230.64584,167.2605094909668,2.4339213881967594,-0.047175072
2025-12-17 11:00:00+00:00,54.6,45.5,2015.0,43.8,18.9,114.0,17.0,0.2,164.53947,Lahore,11,2,12,172.3158,230.54587,166.93649609883627,2.2416983565560415,-0.045128316
2025-12-17 12:00:00+00:00,90.6,76.6,2589.0,69.3,21.1,72.0,26.0,0.0,164.40132,Lahore,12,2,12,171.67543,229.8667,166.6334082285563,2.0572753634569376,-0.042371288
2025-12-17 13:00:00+00:00,103.1,89.6,3341.0,76.3,22.6,58.0,26.0,0.0,164.4671,Lahore,13,2,12,171.37062,226.45001,166.34576161702475,1.8369482090795708,-0.040284142
2025-12-17 14:00:00+00:00,112.9,98.7,4191.0,85.6,24.7,38.0,27.0,0.0,164.70175,Lahore,14,2,12,170.8399,222.4042,166.09000523885092,1.5954593803226709,-0.03592927
2025-12-17 15:00:00+00:00,126.2,111.3,4738.0,90.7,26.4,24.0,27.0,0.0,165.00658,Lahore,15,2,12,170.16228,217.56253,165.87518437703451,1.351796729821093,-0.030298728
2025-12-17 16:00:00+00:00,138.3,122.9,4782.0,88.8,27.5,21.0,27.0,0.0,165.4364,Lahore,16,2,12,169.4057,212.07086,165.70979690551758,1.1248316575996382,-0.023430731
2025-12-17 17:00:00+00:00,146.7,130.9,4523.0,82.7,28.2,23.0,28.0,0.0,165.9671,Lahore,17,2,12,168.67105,206.36249,165.59713236490884,0.9346751293048393,-0.016030902
2025-12-17 18:00:00+00:00,145.3,129.9,4167.0,74.1,28.5,27.0,27.0,0.0,166.53946,Lahore,18,2,12,167.9978,200.75415,165.5363680521647,0.8110473956291732,-0.008680729
2025-12-17 19:00:00+00:00,138.3,124.8,3695.0,61.4,28.0,33.0,25.0,0.0,167.06578,Lahore,19,2,12,167.42105,197.61841,165.52156511942545,0.7777102708136977,-0.0021220173
2025-12-17 20:00:00+00:00,134.1,121.5,3126.0,46.1,27.1,41.0,22.0,0.0,167.57675,Lahore,20,2,12,166.99123,195.0965,165.54596201578775,0.8330344826719911,0.003506325
2025-12-17 21:00:00+00:00,129.0,118.3,2719.0,34.8,26.6,46.0,20.0,0.0,168.08553,Lahore,21,2,12,166.64035,192.85526,165.60617764790854,0.9583827669717155,0.00867242
2025-12-17 22:00:00+00:00,126.2,116.9,2498.0,29.4,26.4,45.0,18.0,0.0,168.5965,Lahore,22,2,12,166.318,190.84868,165.70111529032388,1.1295334435191484,0.013699681
2025-12-17 23:00:00+00:00,124.8,116.2,2439.0,28.0,26.5,41.0,16.0,0.0,169.1579,Lahore,23,2,12,166.02193,189.01097,165.83178075154623,1.3315750165700946,0.018888896
2025-12-18 00:00:00+00:00,153.7,148.1,2725.0,34.2,31.3,38.0,10.0,0.0,169.80263,Lahore,0,3,12,165.69957,187.35526,166.00274149576822,1.5580059634033294,0.02476203
2025-12-18 01:00:00+00:00,159.3,154.1,3753.0,49.1,36.1,26.0,10.0,0.0,170.9715,Lahore,1,3,12,165.75658,184.9035,166.22002983093262,1.8571201175419187,0.031461317
2025-12-18 02:00:00+00:00,179.7,174.6,5126.0,68.9,42.6,12.0,9.0,0.0,172.38599,Lahore,2,3,12,165.70395,182.48904,166.49844805399576,2.2381753741084864,0.040325154
2025-12-18 03:00:00+00:00,208.6,204.0,5833.0,78.6,46.9,17.0,8.0,0.35,174.1623,Lahore,3,3,12,165.59212,180.04823,166.85553868611655,2.7192519257967525,0.051754728
2025-12-18 04:00:00+00:00,203.5,200.7,5239.0,68.8,46.7,59.0,6.0,1.05,176.4408,Lahore,4,3,12,165.443,177.85745,167.31378046671549,3.3291324897795316,0.06647488
2025-12-18 05:00:00+00:00,166.2,163.9,3978.0,48.8,44.3,120.0,4.0,1.95,178.70175,Lahore,5,3,12,165.2807,176.432,167.87299092610678,4.0268615225130295,0.08120156
2025-12-18 06:00:00+00:00,139.7,137.8,2943.0,32.2,42.8,170.0,3.0,2.65,180.38596,Lahore,6,3,12,165.13817,175.3487,168.5083154042562,4.71983261755408,0.09233352
2025-12-18 07:00:00+00:00,116.9,114.8,2417.0,20.3,43.9,201.0,3.0,2.85,181.72807,Lahore,7,3,12,165.10745,174.54605,169.20084126790366,5.3732541095200075,0.10066548
2025-12-18 08:00:00+00:00,98.7,96.2,2117.0,11.8,45.9,222.0,4.0,2.35,182.8772,Lahore,8,3,12,165.04605,174.0307,169.94380569458008,5.973074722596739,0.1080374
2025-12-18 09:00:00+00:00,87.1,84.5,2086.0,15.6,47.4,221.0,5.0,1.5,183.91666,Lahore,9,3,12,164.92764,173.46712,170.73501459757486,6.512996006609511,0.115135424
2025-12-18 10:00:00+00:00,84.5,82.4,2367.0,41.2,47.4,187.0,4.0,0.7,184.8728,Lahore,10,3,12,164.72588,172.88158,171.57446988423666,6.985993911038926,0.12230578
2025-12-18 11:00:00+00:00,100.8,99.4,2918.0,79.1,46.8,132.0,3.0,0.2,185.79385,Lahore,11,3,12,164.53947,172.3158,172.4600690205892,7.390862186905464,0.12917496
2025-12-18 12:00:00+00:00,155.1,152.3,3655.0,87.2,46.9,118.0,6.0,0.0,186.97588,Lahore,12,3,12,164.40132,171.67543,173.40067545572916,7.7485001991703335,0.13731371
2025-12-18 13:00:00+00:00,182.1,179.7,4746.0,104.5,50.3,89.0,5.0,0.0,188.63594,Lahore,13,3,12,164.4671,171.37062,174.40771039326987,8.099566753670775,0.14695242
2025-12-18 14:00:00+00:00,208.2,206.3,6022.0,128.3,55.0,50.0,3.0,0.0,190.61185,Lahore,14,3,12,164.70175,170.8399,175.48729769388834,8.468008270782732,0.15731524
2025-12-18 15:00:00+00:00,230.5,229.1,6894.0,145.3,58.5,19.0,2.0,0.0,192.9715,Lahore,15,3,12,165.00658,170.16228,176.6525026957194,8.877258693123046,0.16947761
2025-12-18 16:00:00+00:00,248.7,247.7,7017.0,150.3,60.5,6.0,1.0,0.0,195.55481,Lahore,16,3,12,165.4364,169.4057,177.9074363708496,9.339563520385882,0.1820543
2025-12-18 17:00:00+00:00,261.7,261.7,6737.0,148.4,61.3,1.0,0.0,0.0,198.29166,Lahore,17,3,12,165.9671,168.67105,179.2542928059896,9.85909332517805,0.19476482
2025-12-18 18:00:00+00:00,261.7,261.7,6497.0,141.9,59.4,0.0,0.0,0.0,202.2042,Lahore,18,3,12,166.53946,167.9978,180.74032338460287,10.524653528620826,0.21415186
2025-12-18 19:00:00+00:00,244.0,244.0,6566.0,129.9,52.9,2.0,0.0,0.0,207.69583,Lahore,19,3,12,167.06578,167.42105,182.4332421620687,11.45595449040385,0.24319792
2025-12-18 20:00:00+00:00,217.9,217.9,6676.0,113.3,43.8,8.0,0.0,0.0,212.6625,Lahore,20,3,12,167.57675,166.99123,184.31181526184082,12.557503819478951,0.2690454
2025-12-18 21:00:00+00:00,197.4,197.0,6470.0,96.8,36.5,14.0,0.0,0.0,216.6792,Lahore,21,3,12,168.08553,166.64035,186.33655166625977,13.693629802825146,0.2891009
2025-12-18 22:00:00+00:00,183.9,183.9,5546.0,78.8,32.1,21.0,0.0,0.0,219.95831,Lahore,22,3,12,168.5965,166.318,188.47662734985352,14.771670213642583,0.30464345
2025-12-18 23:00:00+00:00,179.3,178.8,4306.0,60.8,29.5,28.0,0.0,0.0,222.75,Lahore,23,3,12,169.1579,166.02193,190.7096316019694,15.743088084610847,0.31681702
2025-12-19 00:00:00+00:00,187.2,187.2,3598.0,64.2,33.5,25.0,0.0,0.0,225.35834,Lahore,0,4,12,169.80263,165.69957,193.02445284525552,16.596567710340683,0.32717815
2025-12-19 01:00:00+00:00,182.1,182.1,4030.0,71.7,36.7,19.0,0.0,0.0,226.98752,Lahore,1,4,12,170.9715,165.75658,195.35845375061035,17.284920375605427,0.32763368
2025-12-19 02:00:00+00:00,197.0,197.0,4993.0,81.3,41.1,13.0,0.0,0.0,228.15417,Lahore,2,4,12,172.38599,165.70395,197.68212827046713,17.803166311436744,0.32350767
2025-12-19 03:00:00+00:00,215.6,215.6,5509.0,82.5,43.4,25.0,0.0,0.35,229.0875,Lahore,3,4,12,174.1623,165.59212,199.97067832946777,18.174669482032233,0.31536794
2025-12-19 04:00:00+00:00,183.0,183.0,5066.0,67.4,41.6,72.0,0.0,1.1,229.57083,Lahore,4,4,12,176.4408,165.443,202.18442980448404,18.418120852929565,0.30112103
2025-12-19 05:00:00+00:00,148.1,148.1,4176.0,43.8,37.8,138.0,0.0,2.1,228.83334,Lahore,5,4,12,178.70175,165.2807,204.27324612935385,18.481762792255008,0.28053218
2025-12-19 06:00:00+00:00,114.1,113.9,3396.0,25.1,35.4,188.0,0.0,2.95,228.17499,Lahore,6,4,12,180.38596,165.13817,206.2644557952881,18.370309717018603,0.26492655
2025-12-19 07:00:00+00:00,94.3,93.1,2855.0,13.7,36.0,212.0,1.0,3.25,227.17914,Lahore,7,4,12,181.72807,165.10745,208.15825017293295,18.07121818326806,0.2501048
2025-12-19 08:00:00+00:00,78.5,76.8,2424.0,7.2,38.0,220.0,2.0,2.65,226.27502,Lahore,8,4,12,182.8772,165.04605,209.96649297078451,17.596562629803525,0.23730583
2025-12-19 09:00:00+00:00,70.1,68.5,2273.0,11.1,39.6,212.0,3.0,1.65,225.46667,Lahore,9,4,12,183.91666,164.92764,211.69774373372397,16.954447322636923,0.22591765
2025-12-19 10:00:00+00:00,67.5,65.9,2517.0,33.1,39.8,178.0,3.0,0.75,224.79996,Lahore,10,4,12,184.8728,164.72588,213.36137517293295,16.147542554814965,0.21597095
2025-12-19 11:00:00+00:00,78.5,77.3,3041.0,65.5,39.5,126.0,2.0,0.2,224.11252,Lahore,11,4,12,185.79385,164.53947,214.95798619588217,15.167945093924967,0.2062429
2025-12-19 12:00:00+00:00,123.9,121.5,3666.0,83.4,39.6,90.0,4.0,0.0,223.19165,Lahore,12,4,12,186.97588,164.40132,216.46697680155435,14.021220417522576,0.19369224
2025-12-19 13:00:00+00:00,146.7,144.4,4469.0,94.8,43.1,70.0,4.0,0.0,221.90833,Lahore,13,4,12,188.63594,164.4671,217.85332616170248,12.735760762119781,0.17638412
2025-12-19 14:00:00+00:00,171.4,169.5,5373.0,110.4,47.9,41.0,3.0,0.0,220.43753,Lahore,14,4,12,190.61185,164.70175,219.09606297810873,11.34077923934487,0.1564734
2025-12-19 15:00:00+00:00,194.2,192.8,5968.0,121.8,51.9,19.0,3.0,0.0,218.90417,Lahore,15,4,12,192.9715,165.00658,220.17659123738608,9.885492568509886,0.13438606
2025-12-19 16:00:00+00:00,211.9,210.0,6015.0,126.2,54.9,7.0,3.0,0.0,217.3917,Lahore,16,4,12,195.55481,165.4364,221.08646138509116,8.416554476900943,0.11166631
2025-12-19 17:00:00+00:00,228.2,226.8,5754.0,126.4,57.0,1.0,2.0,0.0,215.82083,Lahore,17,4,12,198.29166,165.9671,221.81684366861978,6.992554066282642,0.08840097
2025-12-19 18:00:00+00:00,232.4,231.0,5494.0,122.4,56.8,0.0,2.0,0.0,214.36667,Lahore,18,4,12,202.2042,166.53946,222.32361348470053,5.858064505664024,0.060149472
2025-12-19 19:00:00+00:00,207.7,206.3,5329.0,112.7,52.5,5.0,2.0,0.0,213.08752,Lahore,19,4,12,207.69583,167.06578,222.54826736450195,5.354442361962757,0.025959564
2025-12-19 20:00:00+00:00,190.9,190.0,5165.0,98.9,45.9,14.0,2.0,0.0,211.51666,Lahore,20,4,12,212.6625,167.57675,222.50052388509116,5.4506662562089225,-0.0053880843
2025-12-19 21:00:00+00:00,181.1,180.2,5026.0,85.5,40.7,22.0,2.0,0.0,210.35419,Lahore,21,4,12,216.6792,168.08553,222.2369817097982,5.88034053929561,-0.029190676
2025-12-19 22:00:00+00:00,174.2,173.2,4900.0,71.6,37.8,28.0,2.0,0.0,209.65417,Lahore,22,4,12,219.95831,168.5965,221.8076426188151,6.406566064130907,-0.04684587
2025-12-19 23:00:00+00:00,175.1,173.7,4799.0,58.0,36.3,34.0,2.0,0.0,209.20834,Lahore,23,4,12,222.75,169.1579,221.24340693155924,6.8974716720316005,-0.060793072
2025-12-20 00:00:00+00:00,156.9,156.0,4791.0,33.3,33.5,53.0,1.0,0.0,208.99582,Lahore,0,5,12,225.35834,169.80263,220.56163533528647,7.271573331981045,-0.07260667
2025-12-20 01:00:00+00:00,165.3,164.8,5001.0,47.5,36.5,37.0,1.0,0.0,207.69586,Lahore,1,5,12,226.98752,170.9715,219.75781631469727,7.589672807329869,-0.08498994
2025-12-20 02:00:00+00:00,190.5,189.5,5302.0,66.5,40.6,17.0,1.0,0.0,206.97498,Lahore,2,5,12,228.15417,172.38599,218.87534968058267,7.799343090983404,-0.09282845
2025-12-20 03:00:00+00:00,217.0,216.1,5386.0,76.5,43.3,16.0,1.0,0.3,206.6625,Lahore,3,5,12,229.0875,174.1623,217.94097518920898,7.8657115910117215,-0.09788831
2025-12-20 04:00:00+00:00,184.9,184.4,5100.0,69.1,43.1,53.0,1.0,0.9,206.68335,Lahore,4,5,12,229.57083,176.4408,216.9873301188151,7.781389949708808,-0.09969682
2025-12-20 05:00:00+00:00,168.1,167.2,4595.0,52.8,41.4,110.0,2.0,1.7,206.74167,Lahore,5,5,12,228.83334,178.70175,216.06684366861978,7.624220949613258,-0.09654045
2025-12-20 06:00:00+00:00,138.8,137.4,4017.0,38.7,40.3,154.0,3.0,2.3,207.5375,Lahore,6,5,12,228.17499,180.38596,215.20694859822592,7.358395126979546,-0.090445854
2025-12-20 07:00:00+00:00,115.3,112.5,3281.0,28.0,40.5,177.0,4.0,2.45,208.51663,Lahore,7,5,12,227.17914,181.72807,214.4293441772461,7.016355048468076,-0.08214886
2025-12-20 08:00:00+00:00,94.3,90.6,2471.0,19.7,41.2,189.0,6.0,2.0,209.32498,Lahore,8,5,12,226.27502,182.8772,213.72309239705405,6.6136744247021575,-0.07490903
2025-12-20 09:00:00+00:00,86.8,82.9,1987.0,21.8,41.7,184.0,7.0,1.35,209.9,Lahore,9,5,12,225.46667,183.91666,213.07448069254556,6.159628302767478,-0.06904205
2025-12-20 10:00:00+00:00,85.7,82.2,2112.0,43.4,41.7,154.0,7.0,0.65,210.5,Lahore,10,5,12,224.79996,184.8728,212.4786491394043,5.646331102113801,-0.063611925
2025-12-20 11:00:00+00:00,100.1,97.3,2563.0,75.4,41.6,108.0,6.0,0.15,211.17917,Lahore,11,5,12,224.11252,185.79385,211.93975957234701,5.076100666184726,-0.05770918
2025-12-20 12:00:00+00:00,124.8,122.9,2894.0,77.8,38.5,70.0,4.0,0.0,212.01248,Lahore,12,5,12,223.19165,186.97588,211.47396087646484,4.476165637367131,-0.050087754
2025-12-20 13:00:00+00:00,143.4,141.6,2914.0,82.4,38.4,55.0,4.0,0.0,212.0708,Lahore,13,5,12,221.90833,188.63594,211.0640640258789,3.8913350875401522,-0.04433148
2025-12-20 14:00:00+00:00,153.7,151.8,2813.0,88.5,38.3,35.0,3.0,0.0,211.95416,Lahore,14,5,12,220.43753,190.61185,210.71059036254883,3.3505936905558444,-0.038484227
2025-12-20 15:00:00+00:00,160.2,158.8,2719.0,92.2,38.4,19.0,3.0,0.0,211.21664,Lahore,15,5,12,218.90417,192.9715,210.39027659098306,2.8655968229674667,-0.035118245
2025-12-20 16:00:00+00:00,163.0,161.6,2692.0,91.8,39.3,13.0,3.0,0.0,209.80002,Lahore,16,5,12,217.3917,195.55481,210.07395680745444,2.44766981515213,-0.034921642
2025-12-20 17:00:00+00:00,171.4,170.0,2671.0,89.0,40.4,11.0,3.0,0.0,207.78333,Lahore,17,5,12,215.82083,198.29166,209.73906071980795,2.1601500598700536,-0.037241567
2025-12-20 18:00:00+00:00,181.1,179.7,2606.0,84.3,40.3,11.0,3.0,0.0,205.41669,Lahore,18,5,12,214.36667,202.2042,209.36614481608072,2.0981801514204514,-0.041750807
2025-12-20 19:00:00+00:00,187.2,185.8,2441.0,77.7,38.1,12.0,3.0,0.0,203.27917,Lahore,19,5,12,213.08752,207.69583,208.95746358235678,2.2884238755652633,-0.046029676
2025-12-20 20:00:00+00:00,186.7,185.8,2230.0,69.4,34.7,14.0,2.0,0.0,202.42499,Lahore,20,5,12,211.51666,212.6625,208.57864379882812,2.5802591902628422,-0.042983256
2025-12-20 21:00:00+00:00,181.6,180.2,2087.0,60.3,31.9,18.0,2.0,0.0,202.25,Lahore,21,5,12,210.35419,216.6792,208.2409693400065,2.8536061389495364,-0.03852639
2025-12-20 22:00:00+00:00,176.0,174.6,2053.0,48.9,30.2,25.0,2.0,0.0,202.25,Lahore,22,5,12,209.65417,219.95831,207.93246205647787,3.0850331969568474,-0.035316132
2025-12-20 23:00:00+00:00,171.8,170.4,2086.0,36.8,29.2,33.0,3.0,0.0,202.30838,Lahore,23,5,12,209.20834,222.75,207.64496358235678,3.27652772956306,-0.032981303
2025-12-21 00:00:00+00:00,156.9,155.5,2170.0,27.3,28.2,42.0,3.0,0.0,202.17084,Lahore,0,6,12,208.99582,225.35834,207.36058934529623,3.445980512991737,-0.03265607
2025-12-21 01:00:00+00:00,152.7,151.3,2357.0,33.2,29.2,36.0,3.0,0.0,202.15002,Lahore,1,6,12,207.69586,226.98752,207.12951278686523,3.6048038314732787,-0.026701722
2025-12-21 02:00:00+00:00,154.1,152.7,2596.0,41.0,30.6,30.0,3.0,0.0,201.5875,Lahore,2,6,12,206.97498,228.15417,206.90503438313803,3.778409854189376,-0.026029628
2025-12-21 03:00:00+00:00,156.0,154.1,2717.0,45.0,31.6,36.0,3.0,0.25,200.05417,Lahore,3,6,12,206.6625,229.0875,206.6296869913737,4.029309552255861,-0.03197647
2025-12-21 04:00:00+00:00,158.8,157.9,2626.0,41.9,32.1,64.0,4.0,0.85,198.66885,Lahore,4,6,12,206.68335,229.57083,206.29574966430664,4.344453547990102,-0.03877669
2025-12-21 05:00:00+00:00,149.0,147.1,2419.0,35.0,32.3,105.0,4.0,1.6,198.08772,Lahore,5,6,12,206.74167,228.83334,205.93516858418783,4.653940709391832,-0.04185874
2025-12-21 06:00:00+00:00,129.5,126.7,2208.0,28.5,31.9,139.0,5.0,2.2,197.64693,Lahore,6,6,12,207.5375,228.17499,205.52306111653647,4.93528668995014,-0.047656827
2025-12-21 07:00:00+00:00,104.8,101.7,1983.0,21.7,30.5,163.0,5.0,2.6,197.41228,Lahore,7,6,12,208.51663,227.17914,205.06037966410318,5.157931113795075,-0.05325405
2025-12-21 08:00:00+00:00,89.6,86.6,1754.0,15.2,28.6,181.0,5.0,2.25,197.17543,Lahore,8,6,12,209.32498,226.27502,204.55414835611978,5.315003130591039,-0.058041573
2025-12-21 09:00:00+00:00,81.7,78.9,1675.0,15.1,26.9,184.0,5.0,1.55,197.08772,Lahore,9,6,12,209.9,225.46667,204.0203037261963,5.397514019686005,-0.061039884
2025-12-21 10:00:00+00:00,79.6,77.1,1868.0,25.7,25.6,164.0,5.0,0.75,197.0,Lahore,10,6,12,210.5,224.79996,203.4578037261963,5.3963235280245705,-0.06413302
2025-12-21 11:00:00+00:00,83.6,81.5,2210.0,42.7,24.6,129.0,4.0,0.2,196.88815,Lahore,11,6,12,211.17917,224.11252,202.8623447418213,5.29478083537236,-0.06767247
2025-12-21 12:00:00+00:00,118.3,114.3,2480.0,52.8,28.8,91.0,7.0,0.0,196.54167,Lahore,12,6,12,212.01248,223.19165,202.2177276611328,5.06930810265298,-0.072971225
2025-12-21 13:00:00+00:00,129.5,125.7,2587.0,60.9,29.0,71.0,7.0,0.0,196.35307,Lahore,13,6,12,212.0708,221.90833,201.56282234191895,4.74602280283272,-0.07411547
2025-12-21 14:00:00+00:00,139.7,136.0,2622.0,71.9,29.4,44.0,6.0,0.0,196.0044,Lahore,14,6,12,211.95416,220.43753,200.89824867248535,4.325783255342314,-0.07525103
2025-12-21 15:00:00+00:00,148.1,144.4,2633.0,79.1,29.7,24.0,6.0,0.0,195.6579,Lahore,15,6,12,211.21664,218.90417,200.24996757507324,3.852107070237914,-0.073662505
2025-12-21 16:00:00+00:00,153.7,150.4,2637.0,78.7,30.0,18.0,6.0,0.0,195.3421,Lahore,16,6,12,209.80002,217.3917,199.647554397583,3.3973442308966506,-0.06891285
2025-12-21 17:00:00+00:00,156.5,153.2,2618.0,74.5,30.3,18.0,6.0,0.0,195.0965,Lahore,17,6,12,207.78333,215.82083,199.1189365386963,3.0451649239512655,-0.061057974
2025-12-21 18:00:00+00:00,161.1,157.9,2577.0,71.2,30.3,18.0,6.0,0.0,194.72806,Lahore,18,6,12,205.41669,214.36667,198.67357699076334,2.8600512918471983,-0.05203389
2025-12-21 19:00:00+00:00,164.8,161.1,2501.0,71.8,29.9,13.0,6.0,0.0,194.24998,Lahore,19,6,12,203.27917,213.08752,198.2973607381185,2.8214801629834434,-0.044417683
2025-12-21 20:00:00+00:00,169.5,165.8,2404.0,73.3,29.2,8.0,6.0,0.0,193.70833,Lahore,20,6,12,202.42499,211.51666,197.9341665903727,2.8280684105365133,-0.043061182
2025-12-21 21:00:00+00:00,171.8,168.6,2328.0,71.2,27.9,6.0,6.0,0.0,193.26973,Lahore,21,6,12,202.25,210.35419,197.55998865763345,2.8263024452271814,-0.044401832
2025-12-21 22:00:00+00:00,163.9,161.1,2248.0,61.4,25.3,10.0,5.0,0.0,193.01535,Lahore,22,6,12,202.25,209.65417,197.17521158854166,2.7883914357354835,-0.04565958
2025-12-21 23:00:00+00:00,142.5,140.2,2191.0,48.0,22.0,17.0,5.0,0.0,192.7193,Lahore,23,6,12,202.30838,209.20834,196.7756665547689,2.7066936487742566,-0.047398336
2025-12-22 00:00:00+00:00,138.3,136.0,2276.0,40.4,20.7,19.0,4.0,0.0,192.05702,Lahore,0,0,12,202.17084,208.99582,196.35425758361816,2.6159881851699507,-0.050026085
2025-12-22 01:00:00+00:00,130.9,128.1,2678.0,43.7,22.5,15.0,4.0,0.0,191.62938,Lahore,1,0,12,202.15002,207.69586,195.91589736938477,2.4805311133430332,-0.05204375
2025-12-22 02:00:00+00:00,139.2,136.4,3222.0,47.9,24.9,10.0,5.0,0.0,191.12062,Lahore,2,0,12,201.5875,206.97498,195.47977765401205,2.3570676057559057,-0.051922236
2025-12-22 03:00:00+00:00,153.7,150.4,3509.0,48.8,26.0,16.0,5.0,0.2,190.76317,Lahore,3,0,12,200.05417,206.6625,195.09265263875326,2.3359871613524317,-0.046442423
2025-12-22 04:00:00+00:00,137.4,134.6,3312.0,43.8,24.8,41.0,5.0,0.7,190.68202,Lahore,4,0,12,198.66885,206.68335,194.7598679860433,2.372979971609258,-0.04020173
2025-12-22 05:00:00+00:00,124.3,121.5,2858.0,35.6,22.3,77.0,6.0,1.5,190.17105,Lahore,5,0,12,198.08772,206.74167,194.43000666300455,2.4395740942574773,-0.039965484
2025-12-22 06:00:00+00:00,91.3,88.0,2424.0,28.0,20.2,105.0,6.0,2.1,189.60965,Lahore,6,0,12,197.64693,207.5375,194.09512011210123,2.528796675823773,-0.040664822
2025-12-22 07:00:00+00:00,61.2,58.1,2041.0,19.9,19.0,121.0,6.0,2.35,188.76096,Lahore,7,0,12,197.41228,208.51663,193.73464838663736,2.649133666313174,-0.043823622
2025-12-22 08:00:00+00:00,48.5,46.1,1679.0,12.4,18.3,129.0,5.0,2.1,187.80482,Lahore,8,0,12,197.17543,209.32498,193.3442064921061,2.8058716501736365,-0.047524206
2025-12-22 09:00:00+00:00,39.0,36.8,1519.0,12.9,18.0,126.0,4.0,1.4,186.91666,Lahore,9,0,12,197.08772,209.9,192.92041206359863,2.978664021107232,-0.051606797
2025-12-22 10:00:00+00:00,36.2,34.2,1701.0,27.2,17.5,106.0,4.0,0.65,185.99342,Lahore,10,0,12,197.0,210.5,192.46180470784506,3.164741499572651,-0.055870946
2025-12-22 11:00:00+00:00,41.4,39.8,2085.0,49.6,17.5,75.0,3.0,0.2,185.05263,Lahore,11,0,12,196.88815,211.17917,191.96865781148276,3.3610637217944466,-0.06011294
2025-12-22 12:00:00+00:00,115.9,113.2,2440.0,77.1,26.5,82.0,5.0,0.0,184.13817,Lahore,12,0,12,196.54167,212.01248,191.45184516906738,3.574177049833192,-0.06310877
2025-12-22 13:00:00+00:00,135.5,132.7,2709.0,80.1,26.8,68.0,4.0,0.0,184.11404,Lahore,13,0,12,196.35307,212.0708,190.9418856302897,3.71482888985927,-0.06233174
2025-12-22 14:00:00+00:00,131.8,129.5,2948.0,83.8,27.0,50.0,4.0,0.0,184.26755,Lahore,14,0,12,196.0044,211.95416,190.45285034179688,3.7911624580197945,-0.05988053
2025-12-22 15:00:00+00:00,109.2,107.1,3090.0,82.9,26.1,36.0,3.0,0.0,184.125,Lahore,15,0,12,195.6579,211.21664,189.9723129272461,3.833401114467001,-0.0589442
2025-12-22 16:00:00+00:00,88.9,87.1,3113.0,73.5,23.1,32.0,3.0,0.0,183.30702,Lahore,16,0,12,195.3421,209.80002,189.4708512624105,3.8872171213773368,-0.06161027
2025-12-22 17:00:00+00:00,77.1,75.4,3038.0,59.7,18.9,33.0,3.0,0.0,181.91885,Lahore,17,0,12,195.0965,207.78333,188.92178281148276,3.9874251412204793,-0.06754423
2025-12-22 18:00:00+00:00,71.2,69.2,2869.0,47.9,15.4,35.0,3.0,0.0,180.2127,Lahore,18,0,12,194.72806,205.41669,188.3169765472412,4.165312507610511,-0.07454165
2025-12-22 19:00:00+00:00,65.0,62.6,2564.0,41.0,13.3,37.0,3.0,0.0,178.26755,Lahore,19,0,12,194.24998,203.27917,187.65104166666666,4.4438194695950175,-0.08227768
2025-12-22 20:00:00+00:00,61.7,59.3,2163.0,36.2,11.8,39.0,4.0,0.0,176.10747,Lahore,20,0,12,193.70833,202.42499,186.91767247517905,4.8357755343449655,-0.09086269
2025-12-22 21:00:00+00:00,61.2,58.7,1790.0,32.0,10.7,40.0,4.0,0.0,173.77193,Lahore,21,0,12,193.26973,202.25,186.10526402791342,5.334345211195502,-0.10088389
2025-12-22 22:00:00+00:00,62.4,59.8,1447.0,27.3,9.8,40.0,4.0,0.0,171.36185,Lahore,22,0,12,193.01535,202.25,185.2030347188314,5.914437467287402,-0.112185396
2025-12-22 23:00:00+00:00,62.6,60.3,1133.0,23.2,9.2,39.0,4.0,0.0,169.14035,Lahore,23,0,12,192.7193,202.30838,184.220578511556,6.537196027904501,-0.122348666
2025-12-23 00:00:00+00:00,61.7,59.3,962.0,22.2,9.3,37.0,4.0,0.0,167.38815,Lahore,0,1,12,192.05702,202.17084,183.1927089691162,7.16108976635632,-0.12844555
2025-12-23 01:00:00+00:00,64.3,61.9,1056.0,27.4,10.6,31.0,4.0,0.0,165.70615,Lahore,1,1,12,191.62938,202.15002,182.1125742594401,7.762982504055796,-0.13527797
2025-12-23 02:00:00+00:00,72.4,70.1,1294.0,34.2,12.3,24.0,4.0,0.0,164.2544,Lahore,2,1,12,191.12062,201.5875,180.99314816792807,8.324308475492723,-0.1405721
2025-12-23 03:00:00+00:00,81.5,79.2,1428.0,37.3,13.8,27.0,4.0,0.3,162.80043,Lahore,3,1,12,190.76317,200.05417,179.8280340830485,8.838420270480716,-0.14658353
2025-12-23 04:00:00+00:00,82.9,81.0,1333.0,33.1,14.7,51.0,4.0,0.9,161.23903,Lahore,4,1,12,190.68202,198.66885,178.60124270121256,9.29779806264207,-0.15440886
2025-12-23 05:00:00+00:00,76.6,74.0,1134.0,25.1,15.2,85.0,5.0,1.8,160.0636,Lahore,5,1,12,190.17105,198.08772,177.34676551818848,9.691643180994339,-0.15831774
2025-12-23 06:00:00+00:00,62.6,59.1,959.0,18.2,15.8,113.0,6.0,2.55,159.02193,Lahore,6,1,12,189.60965,197.64693,176.0722770690918,10.014729321747094,-0.16131943
2025-12-23 07:00:00+00:00,51.7,47.6,826.0,12.6,16.4,130.0,7.0,2.8,158.38817,Lahore,7,1,12,188.76096,197.41228,174.80674425760904,10.25769669101328,-0.16090609
2025-12-23 08:00:00+00:00,47.3,42.6,718.0,8.1,17.0,141.0,9.0,2.45,158.1579,Lahore,8,1,12,187.80482,197.17543,173.57145563761392,10.408356437468088,-0.15786031
2025-12-23 09:00:00+00:00,47.5,42.1,710.0,8.5,17.5,141.0,10.0,1.65,158.08113,Lahore,9,1,12,186.91666,197.08772,172.3699754079183,10.465034502138643,-0.15426943
2025-12-23 10:00:00+00:00,47.6,41.7,881.0,17.9,17.9,125.0,9.0,0.8,158.19737,Lahore,10,1,12,185.99342,197.0,171.2118066151937,10.429810126368317,-0.14944641
2025-12-23 11:00:00+00:00,49.9,45.1,1152.0,32.2,18.1,98.0,8.0,0.2,158.36185,Lahore,11,1,12,185.05263,196.88815,170.09969075520834,10.312153029400378,-0.14423347
2025-12-23 12:00:00+00:00,47.0,44.7,1358.0,46.0,18.6,68.0,4.0,0.0,158.47807,Lahore,12,1,12,184.13817,196.54167,169.0305201212565,10.121822369367546,-0.1393524
2025-12-23 13:00:00+00:00,50.6,48.8,1432.0,47.0,18.2,61.0,3.0,0.0,156.97588,Lahore,13,1,12,184.11404,196.35307,167.8997631072998,9.876398528735388,-0.14739868
2025-12-23 14:00:00+00:00,53.3,51.9,1441.0,48.4,17.6,52.0,3.0,0.0,155.13597,Lahore,14,1,12,184.26755,196.0044,166.6859474182129,9.562481838026613,-0.15809391
2025-12-23 15:00:00+00:00,55.4,54.4,1420.0,48.5,17.0,45.0,2.0,0.0,153.4342,Lahore,15,1,12,184.125,195.6579,165.40716425577799,9.17317835891553,-0.16668457
2025-12-23 16:00:00+00:00,57.6,56.7,1369.0,46.8,16.3,41.0,2.0,0.0,152.2785,Lahore,16,1,12,183.30702,195.3421,164.1143093109131,8.715870279177983,-0.16927075
2025-12-23 17:00:00+00:00,60.8,59.8,1289.0,44.0,15.6,39.0,1.0,0.0,151.61185,Lahore,17,1,12,181.91885,195.0965,162.85151735941568,8.20462594076858,-0.1665963
2025-12-23 18:00:00+00:00,61.5,60.8,1219.0,40.4,14.7,38.0,1.0,0.0,151.26973,Lahore,18,1,12,180.2127,194.72806,161.64555994669595,7.650201139412032,-0.16060454
2025-12-23 19:00:00+00:00,59.6,58.7,1171.0,35.8,13.5,38.0,1.0,0.0,151.08553,Lahore,19,1,12,178.26755,194.24998,160.51297569274902,7.072685379956754,-0.1524788
2025-12-23 20:00:00+00:00,58.2,57.2,1134.0,30.5,12.1,38.0,2.0,0.0,151.0,Lahore,20,1,12,176.10747,193.70833,159.4668312072754,6.499393595072476,-0.142569
2025-12-23 21:00:00+00:00,56.0,54.4,1109.0,26.1,10.9,39.0,2.0,0.0,150.95395,Lahore,21,1,12,173.77193,193.26973,158.516082127889,5.962593262791848,-0.13130993
2025-12-23 22:00:00+00:00,52.9,50.5,1055.0,22.4,9.8,40.0,2.0,0.0,150.85965,Lahore,22,1,12,171.36185,193.01535,157.66182390848795,5.492291190713783,-0.11964272
2025-12-23 23:00:00+00:00,49.4,46.7,1013.0,19.6,8.9,41.0,2.0,0.0,150.6557,Lahore,23,1,12,169.14035,192.7193,156.8916301727295,5.09429975659248,-0.10928587
2025-12-24 00:00:00+00:00,42.4,40.3,1111.0,17.4,8.3,46.0,2.0,0.0,150.35747,Lahore,0,2,12,167.38815,192.05702,156.1820182800293,4.742621638353125,-0.101743676
2025-12-24 01:00:00+00:00,43.3,40.9,1509.0,23.8,9.4,38.0,2.0,0.0,149.71873,Lahore,1,2,12,165.70615,191.62938,155.51587613423666,4.461144872575271,-0.096480496
2025-12-24 02:00:00+00:00,50.9,47.8,2047.0,32.5,10.9,28.0,3.0,0.0,147.53125,Lahore,2,2,12,164.2544,191.12062,154.81907844543457,4.341316242370094,-0.10181247
2025-12-24 03:00:00+00:00,57.5,54.5,2373.0,37.2,12.1,29.0,3.0,0.3,145.20834,Lahore,3,2,12,162.80043,190.76317,154.08607482910156,4.419575033295911,-0.10805921
2025-12-24 04:00:00+00:00,57.9,55.1,2304.0,34.5,12.6,52.0,4.0,1.05,142.63542,Lahore,4,2,12,161.23903,190.68202,153.3109245300293,4.730947656459148,-0.11537906
2025-12-24 05:00:00+00:00,55.8,52.9,2022.0,27.8,12.8,86.0,4.0,2.0,139.93752,Lahore,5,2,12,160.0636,190.17105,152.47233772277832,5.238465223899935,-0.12573804
2025-12-24 06:00:00+00:00,54.1,51.2,1726.0,21.7,13.4,115.0,5.0,2.85,137.7396,Lahore,6,2,12,159.02193,189.60965,151.585573832194,5.847478613218317,-0.1338327
2025-12-24 07:00:00+00:00,48.7,44.8,1414.0,16.0,14.9,136.0,6.0,3.1,136.91666,Lahore,7,2,12,158.38817,188.76096,150.69092750549316,6.379762758780843,-0.1355626
2025-12-24 08:00:00+00:00,44.2,39.9,1087.0,10.9,16.9,151.0,7.0,2.7,136.62502,Lahore,8,2,12,158.1579,187.80482,149.7937240600586,6.785234733455345,-0.136148
2025-12-24 09:00:00+00:00,41.3,36.9,943.0,11.1,18.3,154.0,8.0,1.8,136.34375,Lahore,9,2,12,158.08113,186.91666,148.88799985249838,7.0754906282419,-0.13750775
2025-12-24 10:00:00+00:00,39.9,35.9,1118.0,20.6,18.7,135.0,7.0,0.85,135.8021,Lahore,10,2,12,158.19737,185.99342,147.95486323038736,7.268507793661813,-0.14156543
2025-12-24 11:00:00+00:00,42.5,39.3,1476.0,35.3,18.7,103.0,6.0,0.25,135.19794,Lahore,11,2,12,158.36185,185.05263,146.9897003173828,7.363820599082027,-0.14627203
2025-12-24 12:00:00+00:00,44.9,43.0,1801.0,44.9,20.4,86.0,4.0,0.0,134.59378,Lahore,12,2,12,158.47807,184.13817,145.9945214589437,7.357639072944225,-0.15071039
2025-12-24 13:00:00+00:00,56.5,54.9,2053.0,53.5,20.8,69.0,3.0,0.0,134.41669,Lahore,13,2,12,156.97588,184.11404,145.05455525716147,7.334708564828715,-0.14371118
2025-12-24 14:00:00+00:00,65.0,63.6,2272.0,65.4,21.5,45.0,3.0,0.0,135.0521,Lahore,14,2,12,155.13597,184.26755,144.21772702534994,7.279991592121551,-0.12945984
2025-12-24 15:00:00+00:00,72.9,70.8,2367.0,74.7,22.9,26.0,2.0,0.0,136.27086,Lahore,15,2,12,153.4342,184.125,143.50258763631186,7.177547920666879,-0.11186127
2025-12-24 16:00:00+00:00,83.1,79.4,2269.0,79.5,26.0,17.0,2.0,0.0,137.97917,Lahore,16,2,12,152.2785,183.30702,142.90678215026855,7.0088989102707755,-0.0939025
2025-12-24 17:00:00+00:00,97.1,93.1,2047.0,81.7,29.7,14.0,1.0,0.0,140.34375,Lahore,17,2,12,151.61185,181.91885,142.43727811177573,6.773887954846267,-0.07432201
2025-12-24 18:00:00+00:00,106.9,102.9,1817.0,81.5,31.3,11.0,1.0,0.0,143.81252,Lahore,18,2,12,151.26973,180.2127,142.1265608469645,6.517300811618551,-0.049297467
2025-12-24 19:00:00+00:00,105.7,102.0,1595.0,78.7,28.8,8.0,1.0,0.0,148.19792,Lahore,19,2,12,151.08553,178.26755,142.00624402364096,6.3696999282510935,-0.019112378
2025-12-24 20:00:00+00:00,97.1,93.6,1365.0,73.5,24.0,6.0,0.0,0.0,150.57018,Lahore,20,2,12,151.0,176.10747,141.98833465576172,6.3438650517776365,-0.002846522
2025-12-24 21:00:00+00:00,87.8,84.5,1198.0,67.0,19.9,6.0,0.0,0.0,151.36842,Lahore,21,2,12,150.95395,173.77193,142.00560442606607,6.369844088278961,0.0027457015
2025-12-24 22:00:00+00:00,81.5,78.2,1066.0,57.9,17.1,8.0,0.0,0.0,152.02852,Lahore,22,2,12,150.85965,171.36185,142.0543073018392,6.444514961773376,0.007748056
2025-12-24 23:00:00+00:00,76.8,73.8,997.0,47.6,14.8,11.0,0.0,0.0,152.63596,Lahore,23,2,12,150.6557,169.14035,142.1368179321289,6.570866881077893,0.013144243
2025-12-25 00:00:00+00:00,75.4,72.6,1149.0,46.0,14.5,10.0,0.0,0.0,153.23026,Lahore,0,3,12,150.35747,167.38815,142.25651741027832,6.750832805020686,0.019106384
2025-12-25 01:00:00+00:00,69.2,66.8,1754.0,46.9,15.6,8.0,0.0,0.0,153.9386,Lahore,1,3,12,149.71873,165.70615,142.43234507242838,7.0038513234538415,0.028185276
2025-12-25 02:00:00+00:00,75.2,72.9,2579.0,47.8,17.1,7.0,0.0,0.0,154.50658,Lahore,2,3,12,147.53125,164.2544,142.72298367818198,7.36029714118466,0.047280334
2025-12-25 03:00:00+00:00,87.3,85.0,3083.0,46.6,18.2,17.0,0.0,0.3,155.057,Lahore,3,3,12,145.20834,162.80043,143.13334465026855,7.76813728686766,0.06782436
2025-12-25 04:00:00+00:00,81.5,79.2,2976.0,41.6,18.1,49.0,0.0,1.05,155.72588,Lahore,4,3,12,142.63542,161.23903,143.67878023783365,8.180291597514993,0.09177562
2025-12-25 05:00:00+00:00,72.2,68.9,2548.0,34.4,17.5,93.0,0.0,2.0,156.2544,Lahore,5,3,12,139.93752,160.0636,144.35865020751953,8.526558455702116,0.11660118
2025-12-25 06:00:00+00:00,65.4,62.6,2120.0,27.7,17.6,128.0,0.0,2.8,156.60527,Lahore,6,3,12,137.7396,159.02193,145.14472007751465,8.756335925347287,0.13696626
2025-12-25 07:00:00+00:00,56.6,55.4,1706.0,19.6,19.0,150.0,0.0,3.05,156.85526,Lahore,7,3,12,136.91666,158.38817,145.9754950205485,8.88662831824323,0.1456258
2025-12-25 08:00:00+00:00,47.6,47.1,1292.0,12.0,21.0,162.0,1.0,2.55,157.08772,Lahore,8,3,12,136.62502,158.1579,146.8281078338623,8.932021323576851,0.14977278
2025-12-25 09:00:00+00:00,41.4,40.7,1162.0,13.4,22.8,160.0,1.0,1.7,157.2456,Lahore,9,3,12,136.34375,158.08113,147.69901847839355,8.884187131315539,0.15330262
2025-12-25 10:00:00+00:00,39.9,39.2,1503.0,31.5,23.6,132.0,1.0,0.8,157.32893,Lahore,10,3,12,135.8021,158.19737,148.5959701538086,8.715932115890197,0.15851626
2025-12-25 11:00:00+00:00,49.5,49.0,2128.0,58.6,24.1,90.0,1.0,0.2,157.4013,Lahore,11,3,12,135.19794,158.36185,149.52111053466797,8.404805270252755,0.1642286
2025-12-25 12:00:00+00:00,63.6,63.1,2760.0,69.1,23.5,60.0,1.0,0.0,157.61403,Lahore,12,3,12,134.59378,158.47807,150.48028755187988,7.927187507796976,0.171035
2025-12-25 13:00:00+00:00,74.5,74.3,3357.0,74.1,25.2,48.0,1.0,0.0,158.05481,Lahore,13,3,12,134.41669,156.97588,151.46520932515463,7.287211433419617,0.17585705
2025-12-25 14:00:00+00:00,85.4,84.8,3960.0,80.8,27.7,32.0,1.0,0.0,158.48026,Lahore,14,3,12,135.0521,155.13597,152.44138272603354,6.521969259260631,0.173475
2025-12-25 15:00:00+00:00,99.0,97.8,4418.0,85.3,30.3,19.0,1.0,0.0,158.94516,Lahore,15,3,12,136.27086,153.4342,153.3861452738444,5.663465490813108,0.16639142
2025-12-25 16:00:00+00:00,110.4,108.0,4694.0,85.4,33.0,14.0,1.0,0.0,159.53728,Lahore,16,3,12,137.97917,152.2785,154.28439966837564,4.749454337536616,0.15624173
2025-12-25 17:00:00+00:00,122.5,119.0,4825.0,83.3,35.9,13.0,0.0,0.0,160.16447,Lahore,17,3,12,140.34375,151.61185,155.11026318868002,3.8599540040044467,0.14122984
2025-12-25 18:00:00+00:00,129.9,125.7,4766.0,81.1,37.6,13.0,0.0,0.0,160.73245,Lahore,18,3,12,143.81252,151.26973,155.81526056925455,3.194587983217794,0.117652744
2025-12-25 19:00:00+00:00,129.0,124.3,4406.0,79.7,37.6,12.0,0.0,0.0,161.23245,Lahore,19,3,12,148.19792,151.08553,156.35836601257324,2.9412140118786643,0.08795353
2025-12-25 20:00:00+00:00,128.5,124.3,3857.0,78.2,36.6,12.0,1.0,0.0,161.7215,Lahore,20,3,12,150.57018,151.0,156.82300440470377,2.866945815438941,0.07406063
2025-12-25 21:00:00+00:00,129.9,125.3,3408.0,76.1,35.4,11.0,1.0,0.0,162.39474,Lahore,21,3,12,151.36842,150.95395,157.28243446350098,2.838184632518961,0.07284427
2025-12-25 22:00:00+00:00,131.3,126.7,3049.0,72.3,33.5,10.0,1.0,0.0,163.28947,Lahore,22,3,12,152.02852,150.85965,157.7516409556071,2.862568786869698,0.07407134
2025-12-25 23:00:00+00:00,129.9,125.3,2790.0,67.8,31.4,9.0,1.0,0.0,164.35307,Lahore,23,3,12,152.63596,150.6557,158.2398541768392,2.9499972137339134,0.07676512
2025-12-26 00:00:00+00:00,142.5,139.2,2948.0,76.3,32.9,0.0,0.0,0.0,165.48247,Lahore,0,4,12,153.23026,150.35747,158.7503630320231,3.1016238819391613,0.07995949
2025-12-26 01:00:00+00:00,145.8,142.0,4025.0,80.8,39.3,0.0,0.0,0.0,166.943,Lahore,1,4,12,153.9386,149.71873,159.29221280415854,3.3504140551950807,0.084477805
2025-12-26 02:00:00+00:00,167.6,163.4,5518.0,86.3,47.8,0.0,1.0,0.0,168.5921,Lahore,2,4,12,154.50658,147.53125,159.87910970052084,3.6919429559514185,0.09116457
2025-12-26 03:00:00+00:00,196.0,191.9,6236.0,85.0,52.6,5.0,1.0,0.25,170.57675,Lahore,3,4,12,155.057,145.20834,160.5257657368978,4.142311452870634,0.10009057
2025-12-26 04:00:00+00:00,170.0,164.8,5433.0,71.1,49.9,44.0,1.0,0.95,172.92105,Lahore,4,4,12,155.72588,142.63542,161.24223136901855,4.722451088066134,0.11041951
2025-12-26 05:00:00+00:00,118.3,115.7,3856.0,50.3,43.4,97.0,1.0,1.95,174.79825,Lahore,5,4,12,156.2544,139.93752,162.01489194234213,5.346654753462724,0.118677326
2025-12-26 06:00:00+00:00,89.4,88.7,2552.0,32.9,38.1,139.0,1.0,2.75,175.82457,Lahore,6,4,12,156.60527,137.7396,162.81569608052573,5.910737437370171,0.12272447
2025-12-26 07:00:00+00:00,70.3,69.4,1873.0,20.0,36.1,162.0,1.0,3.05,176.39693,Lahore,7,4,12,156.85526,136.91666,163.62993240356445,6.38121641307488,0.12458411
2025-12-26 08:00:00+00:00,54.5,53.7,1467.0,10.4,35.3,174.0,1.0,2.7,176.70395,Lahore,8,4,12,157.08772,136.62502,164.44727516174316,6.752308619815492,0.124874346
2025-12-26 09:00:00+00:00,48.3,47.5,1328.0,10.1,34.8,171.0,1.0,1.8,176.84868,Lahore,9,4,12,157.2456,136.34375,165.2640698750814,7.023480875952443,0.12466531
2025-12-26 10:00:00+00:00,47.1,46.3,1529.0,25.6,34.3,147.0,1.0,0.85,176.9978,Lahore,10,4,12,157.32893,135.8021,166.08360608418783,7.2025607575916295,0.1250175
2025-12-26 11:00:00+00:00,55.3,54.7,1996.0,50.4,34.1,109.0,1.0,0.25,177.1535,Lahore,11,4,12,157.4013,135.19794,166.90661430358887,7.295240699636274,0.12548941
2025-12-26 12:00:00+00:00,106.2,104.5,2503.0,71.4,35.0,78.0,3.0,0.0,177.2785,Lahore,12,4,12,157.61403,134.59378,167.72596740722656,7.310457490575589,0.12476348
2025-12-26 13:00:00+00:00,133.6,132.2,3036.0,79.7,37.3,62.0,3.0,0.0,178.1864,Lahore,13,4,12,158.05481,134.41669,168.56478373209634,7.307491145851791,0.12737095
2025-12-26 14:00:00+00:00,151.3,149.9,3608.0,90.9,40.5,40.0,2.0,0.0,179.45615,Lahore,14,4,12,158.48026,135.0521,169.43877919514975,7.30329896840361,0.1323565
2025-12-26 15:00:00+00:00,162.5,161.1,4033.0,98.0,42.8,24.0,2.0,0.0,180.88376,Lahore,15,4,12,158.94516,136.27086,170.35288747151694,7.305731210555996,0.13802621
2025-12-26 16:00:00+00:00,168.1,166.7,4255.0,97.5,43.8,19.0,2.0,0.0,182.27193,Lahore,16,4,12,159.53728,137.97917,171.30016454060873,7.31628724751437,0.14250368
2025-12-26 17:00:00+00:00,176.0,174.6,4330.0,92.7,44.0,20.0,3.0,0.0,183.5592,Lahore,17,4,12,160.16447,140.34375,172.2749449412028,7.3266075342929655,0.1460669
2025-12-26 18:00:00+00:00,180.7,179.3,4240.0,87.1,43.0,22.0,3.0,0.0,184.7785,Lahore,18,4,12,160.73245,143.81252,173.2768637339274,7.323692176020929,0.14960296
2025-12-26 19:00:00+00:00,173.2,171.8,3887.0,82.0,40.0,24.0,3.0,0.0,185.95395,Lahore,19,4,12,161.23245,148.19792,174.30692609151205,7.294472909518587,0.1533283
2025-12-26 20:00:00+00:00,165.3,163.9,3368.0,76.1,35.9,28.0,3.0,0.0,186.99562,Lahore,20,4,12,161.7215,150.57018,175.36001459757486,7.222575572247181,0.15628178
2025-12-26 21:00:00+00:00,158.8,156.9,2960.0,67.8,32.3,33.0,3.0,0.0,187.86404,Lahore,21,4,12,162.39474,151.36842,176.42123540242514,7.104905648524981,0.15683573
2025-12-26 22:00:00+00:00,150.4,148.5,2780.0,53.2,29.6,42.0,3.0,0.0,188.55702,Lahore,22,4,12,163.28947,152.02852,177.47404988606772,6.944703556242791,0.15474083
2025-12-26 23:00:00+00:00,141.6,140.2,2711.0,36.4,27.5,53.0,3.0,0.0,189.0351,Lahore,23,4,12,164.35307,152.63596,178.502467473348,6.741755623250998,0.15017682
