{
  "avg_rmse": 12.059531433101146,
  "avg_mae": 8.998004787010519,
  "avg_r2": 0.8392278439432033
}