{
  "avg_rmse": 8.379878499019643,
  "avg_mae": 5.734719827686492,
  "avg_r2": 0.9012465800049615
}