{
  "avg_rmse": 8.513534173226935,
  "avg_mae": 6.1908819300156654,
  "avg_r2": 0.9085402061399842
}