{
  "avg_rmse": 7.478431534757972,
  "avg_mae": 4.954262703732956,
  "avg_r2": 0.9352152361587475
}