{
  "avg_rmse": 8.62674012796068,
  "avg_mae": 6.216434952335327,
  "avg_r2": 0.900978190276259
}