{
  "avg_rmse": 15.344465186445433,
  "avg_mae": 11.659448625484279,
  "avg_r2": 0.6813558780951688
}