{
  "avg_rmse": 11.84076374276481,
  "avg_mae": 9.090807334727483,
  "avg_r2": 0.8313610368958614
}