{
  "avg_rmse": 7.3718031219109434,
  "avg_mae": 4.882717455380686,
  "avg_r2": 0.9406207441414234
}