{
  "avg_rmse": 7.9564751625026755,
  "avg_mae": 5.113826456653411,
  "avg_r2": 0.913311773300151
}