{
  "avg_rmse": 8.797037528836464,
  "avg_mae": 5.583053390568189,
  "avg_r2": 0.8915828162422663
}