{
  "avg_rmse": 11.107463751190368,
  "avg_mae": 8.353670649986471,
  "avg_r2": 0.8379141383795238
}