{
  "avg_rmse": 15.838378215223063,
  "avg_mae": 12.343619700272003,
  "avg_r2": 0.6383330679367921
}