{
  "avg_rmse": 8.47734693460431,
  "avg_mae": 5.826441210434491,
  "avg_r2": 0.9116325674608126
}