{
  "avg_rmse": 7.869502569368078,
  "avg_mae": 5.225059561210228,
  "avg_r2": 0.9217333605096469
}