{
  "avg_rmse": 8.226133319520873,
  "avg_mae": 5.962421041523433,
  "avg_r2": 0.917856460118245
}