{
  "avg_rmse": 7.4836013187644195,
  "avg_mae": 4.787325593232955,
  "avg_r2": 0.92772899685254
}