{
  "avg_rmse": 8.659760563931986,
  "avg_mae": 6.060766455029528,
  "avg_r2": 0.8981691742289695
}