{
  "avg_rmse": 12.129159668520318,
  "avg_mae": 9.144509845701835,
  "avg_r2": 0.8093843399476848
}