{
  "avg_rmse": 11.386221301824008,
  "avg_mae": 8.425817576062265,
  "avg_r2": 0.8404502761059165
}