{
  "avg_rmse": 8.220217157658166,
  "avg_mae": 5.149042958443182,
  "avg_r2": 0.9077732840952433
}