{
  "avg_rmse": 8.515909967780091,
  "avg_mae": 5.798604567501185,
  "avg_r2": 0.8980566445439608
}