{
  "avg_rmse": 8.939309866868404,
  "avg_mae": 6.165321485445303,
  "avg_r2": 0.8933113729903942
}