{
  "avg_rmse": 8.490264253704975,
  "avg_mae": 5.390809902420457,
  "avg_r2": 0.8922119584821075
}