{
  "avg_rmse": 15.802715877681937,
  "avg_mae": 12.53666406213168,
  "avg_r2": 0.652848510778988
}