{
  "avg_rmse": 8.62731429703339,
  "avg_mae": 6.15150757587604,
  "avg_r2": 0.8998905938643602
}