{
  "avg_rmse": 11.926271815554774,
  "avg_mae": 8.845463589749002,
  "avg_r2": 0.8365830764777756
}