{
  "avg_rmse": 7.862264724555319,
  "avg_mae": 5.242069680142045,
  "avg_r2": 0.9243208228181666
}