{
  "avg_rmse": 13.586049244664025,
  "avg_mae": 10.084172329360184,
  "avg_r2": 0.7657785789714755
}