{
  "avg_rmse": 7.963718925283379,
  "avg_mae": 5.060976633022729,
  "avg_r2": 0.9131808244905744
}