{
  "avg_rmse": 7.930474437902674,
  "avg_mae": 5.484747359776181,
  "avg_r2": 0.924047030762005
}