{
  "avg_rmse": 7.681382916445735,
  "avg_mae": 5.318996235596688,
  "avg_r2": 0.37257488182990384
}