{
  "avg_rmse": 3.189543145278138,
  "avg_mae": 2.33249274320265,
  "avg_r2": 0.8376291713439651
}