{
  "avg_rmse": 3.0290204029066183,
  "avg_mae": 2.2710462248963057,
  "avg_r2": 0.8582917450371325
}