{
  "avg_rmse": 2.8675320826423314,
  "avg_mae": 2.1506511508409094,
  "avg_r2": 0.8855194009890722
}