{
  "avg_rmse": 1.4122802484121881,
  "avg_mae": 1.057639772496232,
  "avg_r2": 0.9766217592721042
}