{
  "avg_rmse": 5.173507586848116,
  "avg_mae": 4.177936139417896,
  "avg_r2": 0.6065649835226612
}