{
  "avg_rmse": 1.574436848560541,
  "avg_mae": 1.1454415780783502,
  "avg_r2": 0.9694659297804401
}