{
  "avg_rmse": 3.705649998974357,
  "avg_mae": 2.912542102215908,
  "avg_r2": 0.847604264377081
}