{
  "avg_rmse": 1.4063413155651387,
  "avg_mae": 1.0402745748387878,
  "avg_r2": 0.9735447711832255
}