{
  "avg_rmse": 1.3966060210864675,
  "avg_mae": 1.0299616235367348,
  "avg_r2": 0.9748051594642945
}