{
  "avg_rmse": 1.3745564895367781,
  "avg_mae": 1.0723881744606694,
  "avg_r2": 0.9727118093734697
}