{
  "avg_rmse": 3.7952133031407222,
  "avg_mae": 2.933901341386362,
  "avg_r2": 0.8478148854095948
}