{
  "avg_rmse": 3.2045982579225574,
  "avg_mae": 2.405323698335228,
  "avg_r2": 0.8785803406799488
}