{
  "avg_rmse": 1.508048436888421,
  "avg_mae": 1.1020784431724593,
  "avg_r2": 0.9756715042987303
}