{
  "avg_rmse": 5.517477725534496,
  "avg_mae": 4.020607227681342,
  "avg_r2": 0.5746907246461816
}