{
  "avg_rmse": 5.47041190120005,
  "avg_mae": 4.596323910575691,
  "avg_r2": 0.4949055807291874
}