{
  "avg_rmse": 3.974097539859227,
  "avg_mae": 3.1495698450284078,
  "avg_r2": 0.832835778505131
}