{
  "avg_rmse": 4.54641645181226,
  "avg_mae": 3.1654005722727296,
  "avg_r2": 0.7851686636110876
}