{
  "avg_rmse": 1.443567633094573,
  "avg_mae": 1.0451435245812266,
  "avg_r2": 0.9772157415670728
}