{
  "avg_rmse": 1.5784452687014956,
  "avg_mae": 1.0603983171932447,
  "avg_r2": 0.9768527534380269
}