{
  "avg_rmse": 1.3829396210573865,
  "avg_mae": 1.024384194675107,
  "avg_r2": 0.9777439034105395
}