{
  "avg_rmse": 2.97488861003455,
  "avg_mae": 2.1735927241685595,
  "avg_r2": 0.8931328093541625
}