{
  "avg_rmse": 6.00736205413813,
  "avg_mae": 4.36762865973495,
  "avg_r2": 0.3386527621240364
}