{
  "avg_rmse": 5.73556589275165,
  "avg_mae": 4.321557948707836,
  "avg_r2": 0.5874201884460374
}