{
  "avg_rmse": 5.787598621952678,
  "avg_mae": 4.917391762281521,
  "avg_r2": 0.24711439229581264
}