{
  "avg_rmse": 5.557213976389813,
  "avg_mae": 4.03327097636314,
  "avg_r2": 0.5447031712547001
}