{
  "avg_rmse": 2.7221709154660068,
  "avg_mae": 2.0773317645340916,
  "avg_r2": 0.9003817797387835
}