{
  "avg_rmse": 5.272182918308903,
  "avg_mae": 4.077083824936371,
  "avg_r2": 0.6613710368129286
}