{
  "avg_rmse": 5.400622163664104,
  "avg_mae": 4.051735624985214,
  "avg_r2": 0.642429133968287
}