{
  "avg_rmse": 1.4734654365917623,
  "avg_mae": 1.0542693282627418,
  "avg_r2": 0.9765857708083375
}