{
  "avg_rmse": 20.435209852324654,
  "avg_mae": 12.70848317609445,
  "avg_r2": 0.5398264013456757
}