{
  "avg_rmse": 14.687613375655065,
  "avg_mae": 7.971408194727275,
  "avg_r2": 0.784973925480734
}