{
  "avg_rmse": 15.673470940422893,
  "avg_mae": 7.956985113323858,
  "avg_r2": 0.7768761753065835
}