{
  "avg_rmse": 12.443760360836052,
  "avg_mae": 8.491840230518154,
  "avg_r2": 0.8340472875421951
}