{
  "avg_rmse": 18.164993896283242,
  "avg_mae": 12.618553890090281,
  "avg_r2": 0.6016747290496891
}