{
  "avg_rmse": 14.176574070963756,
  "avg_mae": 7.649413303499188,
  "avg_r2": 0.8192665890143127
}