{
  "avg_rmse": 14.95711516386848,
  "avg_mae": 10.486237673927398,
  "avg_r2": 0.732058874126764
}