{
  "avg_rmse": 14.646098890346332,
  "avg_mae": 11.00596221075161,
  "avg_r2": 0.7393200376125301
}