{
  "avg_rmse": 17.83928522993599,
  "avg_mae": 10.360518288343087,
  "avg_r2": 0.694335464433483
}