{
  "avg_rmse": 19.027555633195938,
  "avg_mae": 11.416263007395166,
  "avg_r2": 0.6578850788594881
}