{
  "avg_rmse": 14.440625308447196,
  "avg_mae": 11.06526792101857,
  "avg_r2": 0.7316592952853983
}