{
  "avg_rmse": 12.963829555649145,
  "avg_mae": 8.921771105612972,
  "avg_r2": 0.8161575408671846
}