{
  "avg_rmse": 14.20268819212085,
  "avg_mae": 7.676817543676135,
  "avg_r2": 0.819909062223954
}