{
  "avg_rmse": 17.314765548311637,
  "avg_mae": 11.896864545159294,
  "avg_r2": 0.6449037034685434
}