{
  "avg_rmse": 19.938691054542204,
  "avg_mae": 12.256193925491889,
  "avg_r2": 0.599900976008239
}