{
  "avg_rmse": 14.518998493240726,
  "avg_mae": 7.925064657369317,
  "avg_r2": 0.8016756387272954
}