{
  "avg_rmse": 17.371556127522254,
  "avg_mae": 11.89066119902775,
  "avg_r2": 0.6754208670239603
}