{
  "avg_rmse": 15.250972139974659,
  "avg_mae": 7.730278442715909,
  "avg_r2": 0.7876905544366456
}