{
  "avg_rmse": 14.883428941981819,
  "avg_mae": 11.392070497692789,
  "avg_r2": 0.7276327933904059
}