{
  "avg_rmse": 22.792723654921936,
  "avg_mae": 14.415899672896145,
  "avg_r2": 0.39294184288799283
}