{
  "avg_rmse": 12.705344181985256,
  "avg_mae": 8.819835596530094,
  "avg_r2": 0.8227941786045561
}