{
  "avg_rmse": 15.399109395245583,
  "avg_mae": 8.965169391386366,
  "avg_r2": 0.7610155807267441
}