{
  "avg_rmse": 12.220986745474876,
  "avg_mae": 8.506436795478752,
  "avg_r2": 0.835250938524428
}