{
  "avg_rmse": 22.415442071823627,
  "avg_mae": 16.003961379962426,
  "avg_r2": 0.3749998598351601
}