{
  "avg_rmse": 16.677984813766976,
  "avg_mae": 8.45174660252841,
  "avg_r2": 0.7320316086897719
}