{
  "avg_rmse": 14.829565313189534,
  "avg_mae": 11.345809111280703,
  "avg_r2": 0.7058525431024079
}