{
  "avg_rmse": 15.01048462127568,
  "avg_mae": 8.200072185403405,
  "avg_r2": 0.7986548992461714
}