{
  "avg_rmse": 17.44772089391345,
  "avg_mae": 12.064224623962806,
  "avg_r2": 0.6445654544279573
}