{
  "avg_rmse": 11.217091534176584,
  "avg_mae": 6.616489547454542,
  "avg_r2": 0.8749266443796563
}