{
  "avg_rmse": 15.564946887165286,
  "avg_mae": 12.089922050522329,
  "avg_r2": 0.7213883734767241
}